/*
 * cat: 44 frames, 68x140 portrait, stored rotated as 140x68 LV_IMG_CF_INDEXED_1BIT.
 * Generated by tools/animations - edit the generator, not this file.
 */

#include <lvgl.h>
#include "cat.h"

#ifndef LV_ATTRIBUTE_MEM_ALIGN
#define LV_ATTRIBUTE_MEM_ALIGN
#endif
#ifndef LV_ATTRIBUTE_LARGE_CONST
#define LV_ATTRIBUTE_LARGE_CONST
#endif

static const LV_ATTRIBUTE_MEM_ALIGN LV_ATTRIBUTE_LARGE_CONST uint8_t cat1_map[] = {
#if CONFIG_NICE_VIEW_WIDGET_INVERTED
    0xff, 0xff, 0xff, 0xff, /*Color of index 0*/
    0x00, 0x00, 0x00, 0xff, /*Color of index 1*/
#else
    0x00, 0x00, 0x00, 0xff, /*Color of index 0*/
    0xff, 0xff, 0xff, 0xff, /*Color of index 1*/
#endif
    0x00, 0x00, 0x00, 0x00, 0x00, 0x00, 0x00, 0x00, 0x00, 0x00, 0x00, 0x00, 0x00, 0x00, 0x00, 0x00, 0x00, 0x00,
    0x7d, 0xff, 0xff, 0xff, 0xff, 0xff, 0xff, 0xff, 0xff, 0xff, 0xff, 0xff, 0xff, 0xff, 0xff, 0xff, 0xff, 0xe0,
    0x3d, 0xff, 0xff, 0xff, 0xff, 0xff, 0xff, 0xff, 0xff, 0xff, 0x9f, 0xff, 0xff, 0xff, 0xff, 0xff, 0xff, 0xe0,
    0x7d, 0xff, 0xff, 0xff, 0xff, 0xff, 0xff, 0xff, 0xff, 0xff, 0x9f, 0xff, 0xff, 0xff, 0xff, 0xff, 0xff, 0xe0,
    0x6d, 0xff, 0xff, 0xff, 0xff, 0xff, 0xff, 0xff, 0xff, 0x80, 0x00, 0x79, 0xff, 0xff, 0xff, 0xff, 0xff, 0xe0,
    0x7d, 0xff, 0xff, 0xff, 0xff, 0xff, 0xff, 0xff, 0xff, 0x80, 0x0f, 0x43, 0xff, 0xff, 0xff, 0xff, 0xff, 0xe0,
    0x3d, 0xff, 0xff, 0xff, 0xff, 0xff, 0xff, 0xff, 0xff, 0xff, 0x0f, 0x00, 0xff, 0xff, 0xff, 0xff, 0xff, 0xe0,
    0x7d, 0xff, 0xff, 0xff, 0xff, 0xff, 0xff, 0xff, 0xff, 0xfe, 0x8f, 0x00, 0xff, 0xff, 0xff, 0xff, 0xff, 0xe0,
    0x6d, 0xff, 0xff, 0xff, 0xff, 0xff, 0xff, 0xff, 0xff, 0xfd, 0x8f, 0x47, 0xff, 0xff, 0xff, 0xff, 0xff, 0xe0,
    0x7d, 0xff, 0xff, 0xff, 0xff, 0xff, 0xff, 0xff, 0xff, 0xfb, 0x80, 0x73, 0xff, 0xff, 0xff, 0xff, 0xff, 0xe0,
    0x3d, 0xff, 0xff, 0xff, 0xff, 0xff, 0xff, 0xff, 0xff, 0xf7, 0x9f, 0xff, 0xff, 0xff, 0xff, 0xff, 0xff, 0xe0,
    0x7d, 0xff, 0xff, 0xff, 0xff, 0xff, 0xff, 0xff, 0xff, 0xef, 0x9f, 0xff, 0xff, 0xff, 0xff, 0xff, 0xff, 0xe0,
    0x6d, 0xff, 0xff, 0xff, 0xff, 0xff, 0xff, 0xff, 0xff, 0xdf, 0x9f, 0xff, 0xff, 0xff, 0xff, 0xff, 0xff, 0xe0,
    0x7d, 0xff, 0xff, 0xff, 0xff, 0xff, 0xff, 0xff, 0xff, 0xff, 0x9f, 0xff, 0xff, 0xff, 0xff, 0xff, 0xff, 0xe0,
    0x3d, 0xff, 0xff, 0xff, 0xff, 0xff, 0xff, 0xff, 0xff, 0xff, 0x9f, 0xff, 0xff, 0xff, 0xff, 0xff, 0xff, 0xe0,
    0x7d, 0xff, 0xff, 0xff, 0xff, 0xff, 0xff, 0xff, 0xff, 0xff, 0x9f, 0xff, 0xff, 0xff, 0xff, 0xff, 0xff, 0xe0,
    0x6d, 0xff, 0xff, 0xff, 0xff, 0xff, 0xff, 0xff, 0xff, 0xff, 0x9f, 0xff, 0xff, 0xff, 0xff, 0xff, 0xff, 0xe0,
    0x7d, 0xff, 0xff, 0xff, 0xff, 0xff, 0xff, 0xff, 0xff, 0xff, 0x9f, 0xff, 0xff, 0xff, 0xff, 0xff, 0xff, 0xe0,
    0x3d, 0xf0, 0x7f, 0xff, 0xff, 0xff, 0xff, 0xff, 0xff, 0xff, 0x9f, 0xff, 0xff, 0xff, 0xff, 0xff, 0xff, 0xe0,
    0x7d, 0xf0, 0x7f, 0xff, 0xff, 0xff, 0xff, 0xff, 0xff, 0xff, 0x9f, 0xff, 0xff, 0xff, 0xff, 0xff, 0xff, 0xe0,
    0x6d, 0xef, 0xbf, 0xff, 0xff, 0xff, 0xff, 0xff, 0xff, 0xff, 0x9f, 0xff, 0xff, 0xff, 0xff, 0xff, 0xff, 0xe0,
    0x7d, 0x9e, 0x7f, 0xff, 0xff, 0xff, 0xff, 0xff, 0xff, 0xff, 0x9f, 0xff, 0xff, 0xff, 0xff, 0xff, 0xff, 0xe0,
    0x3d, 0x9e, 0x7f, 0xff, 0xff, 0xff, 0xff, 0xff, 0xff, 0xff, 0x9f, 0xff, 0xff, 0xff, 0xff, 0xff, 0xff, 0xe0,
    0x7d, 0x9d, 0xff, 0xff, 0xff, 0xff, 0xff, 0xff, 0xff, 0xff, 0x9f, 0xff, 0xff, 0xff, 0xff, 0xff, 0xff, 0xe0,
    0x6d, 0x03, 0xff, 0xff, 0xff, 0xff, 0xff, 0xff, 0xff, 0xdf, 0x9f, 0xff, 0xff, 0xff, 0xff, 0xff, 0xff, 0xe0,
    0x7d, 0x03, 0xff, 0xff, 0xff, 0xff, 0xff, 0xff, 0xff, 0xef, 0x9f, 0xff, 0xff, 0xff, 0xff, 0xff, 0xff, 0xe0,
    0x3d, 0x03, 0xff, 0xff, 0xff, 0xff, 0xff, 0xff, 0xff, 0xf7, 0x9f, 0xff, 0xff, 0xff, 0xff, 0xff, 0xff, 0xe0,
    0x7d, 0x00, 0x3f, 0xff, 0xff, 0xff, 0xff, 0xff, 0xff, 0xfb, 0x9f, 0xff, 0xff, 0xff, 0xff, 0xff, 0xff, 0xe0,
    0x6d, 0x00, 0x3f, 0xff, 0xff, 0xff, 0xff, 0xff, 0xff, 0xfd, 0x9f, 0xff, 0xff, 0xff, 0xff, 0xff, 0xff, 0xe0,
    0x7d, 0x00, 0x07, 0xff, 0xff, 0xff, 0xff, 0xff, 0xff, 0xfe, 0x9f, 0xff, 0xff, 0xff, 0xff, 0xff, 0xff, 0xe0,
    0x3d, 0x00, 0x01, 0xff, 0xff, 0xff, 0xff, 0xff, 0xff, 0xff, 0x1f, 0xff, 0xff, 0xff, 0xff, 0xff, 0xff, 0xe0,
    0x7d, 0x00, 0x01, 0xff, 0xff, 0xff, 0xff, 0xff, 0xff, 0x80, 0x1f, 0xff, 0xff, 0xff, 0xff, 0xff, 0xff, 0xe0,
    0x6d, 0x00, 0x00, 0xff, 0xff, 0xe7, 0xff, 0xff, 0xff, 0x80, 0x1f, 0xff, 0xff, 0xff, 0xff, 0xff, 0xff, 0xe0,
    0x7d, 0x00, 0x00, 0x20, 0xff, 0xe7, 0xff, 0xff, 0xff, 0xff, 0x9f, 0xff, 0xff, 0xff, 0xff, 0xff, 0xff, 0xe0,
    0x3d, 0x00, 0x00, 0x20, 0xff, 0xe7, 0xff, 0xff, 0xff, 0xff, 0x9f, 0xff, 0xff, 0xff, 0xff, 0xff, 0xff, 0xe0,
    0x7d, 0x7c, 0x00, 0x04, 0x10, 0x07, 0xff, 0xff, 0xff, 0xff, 0x9f, 0xff, 0xff, 0xff, 0xff, 0xff, 0xff, 0xe0,
    0x6d, 0x00, 0x00, 0x00, 0x60, 0x07, 0xff, 0xff, 0xff, 0xff, 0x9f, 0xff, 0x9f, 0xff, 0xff, 0xff, 0xff, 0xe0,
    0x7d, 0x00, 0x00, 0x00, 0x7f, 0xc7, 0xff, 0xff, 0xff, 0xff, 0xff, 0xff, 0x9f, 0xff, 0xff, 0xff, 0xff, 0xe0,
    0x3d, 0x00, 0x00, 0x00, 0x7f, 0xa7, 0xff, 0xff, 0xff, 0xff, 0xff, 0xff, 0x80, 0x00, 0x00, 0x00, 0x0f, 0xe0,
    0x7d, 0x01, 0xff, 0xc4, 0x1f, 0x67, 0xff, 0xff, 0xff, 0xff, 0xff, 0xff, 0x80, 0x00, 0x00, 0x00, 0x0f, 0xe0,
    0x6d, 0x01, 0xff, 0xc4, 0x1e, 0xe7, 0xff, 0xff, 0xff, 0xff, 0xff, 0xff, 0x87, 0xff, 0xef, 0xff, 0xcf, 0xe0,
    0x7d, 0x7f, 0xff, 0xe0, 0xfd, 0xe7, 0xff, 0xff, 0xff, 0xff, 0xff, 0xff, 0x87, 0xff, 0xef, 0xff, 0xcf, 0xe0,
    0x3d, 0xff, 0xff, 0xff, 0xfb, 0xe7, 0xff, 0xff, 0xff, 0xff, 0xff, 0xff, 0x87, 0xff, 0xef, 0xff, 0xcf, 0xe0,
    0x7d, 0xff, 0xff, 0xff, 0xf7, 0xe7, 0xff, 0xff, 0xff, 0xff, 0xff, 0xff, 0x87, 0xff, 0xed, 0xff, 0xcf, 0xe0,
    0x6d, 0xff, 0xff, 0xff, 0xff, 0xe7, 0xff, 0xff, 0xff, 0xff, 0xff, 0xff, 0x87, 0xff, 0xef, 0xfb, 0xcf, 0xe0,
    0x7d, 0xff, 0xff, 0xff, 0xff, 0xe7, 0xff, 0xff, 0xff, 0xff, 0xff, 0xff, 0x87, 0xf7, 0xef, 0xff, 0xcf, 0xe0,
    0x3d, 0xff, 0xff, 0xff, 0xff, 0xe7, 0xff, 0xff, 0xff, 0xff, 0xff, 0xff, 0x87, 0xff, 0xef, 0xff, 0xcf, 0xe0,
    0x7d, 0xff, 0xff, 0xff, 0xff, 0xe7, 0xff, 0xff, 0xff, 0xff, 0xff, 0xff, 0x87, 0xff, 0xef, 0xff, 0xcf, 0xe0,
    0x6d, 0xff, 0xff, 0xff, 0xff, 0xe7, 0xff, 0xff, 0xff, 0xff, 0xff, 0xff, 0x87, 0xff, 0xef, 0xff, 0xcf, 0xe0,
    0x7d, 0xff, 0xff, 0xff, 0xff, 0xe7, 0xff, 0xff, 0xff, 0xff, 0xff, 0xff, 0x87, 0xff, 0xef, 0xff, 0xcf, 0xe0,
    0x3d, 0x87, 0xff, 0xff, 0xff, 0xe7, 0xff, 0xff, 0xff, 0xff, 0xff, 0xff, 0x80, 0x00, 0x00, 0x00, 0x0f, 0xe0,
    0x7d, 0x23, 0xff, 0xff, 0xff, 0xe7, 0xff, 0xff, 0xff, 0xff, 0xff, 0xff, 0x87, 0xff, 0xef, 0xff, 0xcf, 0xe0,
    0x6d, 0x93, 0xff, 0xff, 0xff, 0xe7, 0xff, 0xff, 0xff, 0xff, 0xff, 0xff, 0x87, 0xff, 0xef, 0xff, 0xcf, 0xe0,
    0x7d, 0x4b, 0xff, 0xff, 0xff, 0xe7, 0xff, 0xff, 0xff, 0xff, 0xff, 0xff, 0x87, 0xff, 0xef, 0xc7, 0xcf, 0xe0,
    0x3c, 0x25, 0xff, 0xff, 0xff, 0xe7, 0xff, 0xff, 0xff, 0xff, 0xff, 0xff, 0x87, 0xff, 0xef, 0x83, 0xcf, 0xe0,
    0x7d, 0x93, 0xff, 0xff, 0xf7, 0xe7, 0xff, 0xff, 0xff, 0xff, 0xff, 0xff, 0x87, 0xff, 0xef, 0x1d, 0xcf, 0xe0,
    0x6d, 0x4b, 0xff, 0xff, 0xfb, 0xe7, 0xff, 0xff, 0xff, 0xff, 0xff, 0xff, 0x87, 0xff, 0xef, 0x3f, 0xcf, 0xe0,
    0x7d, 0x23, 0xff, 0xff, 0xfd, 0xe7, 0xff, 0xff, 0xff, 0xff, 0xff, 0xff, 0x87, 0xff, 0xef, 0x3f, 0xcf, 0xe0,
    0x3d, 0x07, 0xff, 0xff, 0xfe, 0xe7, 0xff, 0xff, 0xff, 0xff, 0xff, 0xff, 0x87, 0xff, 0xef, 0xbf, 0xcf, 0xe0,
    0x7d, 0x7f, 0xff, 0xff, 0xff, 0x67, 0xff, 0xff, 0xff, 0xff, 0xff, 0xff, 0x87, 0xff, 0xef, 0xff, 0xcf, 0xe0,
    0x6d, 0x7f, 0xff, 0xff, 0xff, 0xa7, 0xff, 0xff, 0xff, 0xff, 0xff, 0xff, 0x87, 0xff, 0xef, 0xff, 0xcf, 0xe0,
    0x7c, 0x7f, 0xff, 0xff, 0xff, 0xc7, 0xff, 0xff, 0xff, 0xff, 0xff, 0xff, 0x87, 0xff, 0xef, 0xff, 0xcf, 0xe0,
    0x3c, 0xff, 0xff, 0xff, 0xe0, 0x07, 0xff, 0xff, 0xff, 0xff, 0xff, 0xff, 0x80, 0x00, 0x00, 0x00, 0x0f, 0xe0,
    0x7c, 0xff, 0xff, 0xff, 0xe0, 0x07, 0xff, 0xff, 0xff, 0xff, 0xff, 0xff, 0x80, 0x00, 0x00, 0x00, 0x0f, 0xe0,
    0x6c, 0xff, 0xff, 0xff, 0xff, 0xe7, 0xff, 0xff, 0xff, 0xff, 0xff, 0xff, 0x9f, 0xff, 0xff, 0xff, 0xff, 0xe0,
    0x7d, 0xff, 0xff, 0xff, 0xff, 0xe7, 0xff, 0xff, 0xff, 0xff, 0xff, 0xff, 0x9f, 0xff, 0xff, 0xff, 0xff, 0xe0,
    0x3d, 0xff, 0xff, 0xff, 0xff, 0xff, 0xff, 0xff, 0xff, 0xff, 0xff, 0xff, 0xff, 0xff, 0xff, 0xff, 0xff, 0xe0,
    0x00, 0x00, 0x00, 0x00, 0x00, 0x00, 0x00, 0x00, 0x00, 0x00, 0x00, 0x00, 0x00, 0x00, 0x00, 0x00, 0x00, 0x00,
};

static const lv_img_dsc_t cat1 = {
    .header.cf = LV_IMG_CF_INDEXED_1BIT,
    .header.always_zero = 0,
    .header.reserved = 0,
    .header.w = 140,
    .header.h = 68,
    .data_size = 1232,
    .data = cat1_map,
};

static const LV_ATTRIBUTE_MEM_ALIGN LV_ATTRIBUTE_LARGE_CONST uint8_t cat2_map[] = {
#if CONFIG_NICE_VIEW_WIDGET_INVERTED
    0xff, 0xff, 0xff, 0xff, /*Color of index 0*/
    0x00, 0x00, 0x00, 0xff, /*Color of index 1*/
#else
    0x00, 0x00, 0x00, 0xff, /*Color of index 0*/
    0xff, 0xff, 0xff, 0xff, /*Color of index 1*/
#endif
    0x00, 0x00, 0x00, 0x00, 0x00, 0x00, 0x00, 0x00, 0x00, 0x00, 0x00, 0x00, 0x00, 0x00, 0x00, 0x00, 0x00, 0x00,
    0x7d, 0xff, 0xff, 0xff, 0xff, 0xff, 0xff, 0xff, 0xff, 0xff, 0xff, 0xff, 0xff, 0xff, 0xff, 0xff, 0xff, 0xe0,
    0x3d, 0xff, 0xff, 0xff, 0xff, 0xff, 0xff, 0xff, 0xff, 0xff, 0x9f, 0xff, 0xff, 0xff, 0xff, 0xff, 0xff, 0xe0,
    0x7d, 0xff, 0xff, 0xff, 0xff, 0xff, 0xff, 0xff, 0xff, 0xff, 0x9f, 0xff, 0xff, 0xff, 0xff, 0xff, 0xff, 0xe0,
    0x6d, 0xff, 0xff, 0xff, 0xff, 0xff, 0xff, 0xff, 0xff, 0x80, 0x00, 0x79, 0xff, 0xff, 0xff, 0xff, 0xff, 0xe0,
    0x7d, 0xff, 0xff, 0xff, 0xff, 0xff, 0xff, 0xff, 0xff, 0x80, 0x0f, 0x43, 0xff, 0xff, 0xff, 0xff, 0xff, 0xe0,
    0x3d, 0xff, 0xff, 0xff, 0xff, 0xff, 0xff, 0xff, 0xff, 0xff, 0x0f, 0x00, 0xff, 0xff, 0xff, 0xff, 0xff, 0xe0,
    0x7d, 0xff, 0xff, 0xff, 0xff, 0xff, 0xff, 0xff, 0xff, 0xfe, 0x8f, 0x00, 0xff, 0xff, 0xff, 0xff, 0xff, 0xe0,
    0x6d, 0xff, 0xff, 0xff, 0xff, 0xff, 0xff, 0xff, 0xff, 0xfd, 0x8f, 0x47, 0xff, 0xff, 0xff, 0xff, 0xff, 0xe0,
    0x7d, 0xff, 0xff, 0xff, 0xff, 0xff, 0xff, 0xff, 0xff, 0xfb, 0x80, 0x73, 0xff, 0xff, 0xff, 0xff, 0xff, 0xe0,
    0x3d, 0xff, 0xff, 0xff, 0xff, 0xff, 0xff, 0xff, 0xff, 0xf7, 0x9f, 0xff, 0xff, 0xff, 0xff, 0xff, 0xff, 0xe0,
    0x7d, 0xff, 0xff, 0xff, 0xff, 0xff, 0xff, 0xff, 0xff, 0xef, 0x9f, 0xff, 0xff, 0xff, 0xff, 0xff, 0xff, 0xe0,
    0x6d, 0xff, 0xff, 0xff, 0xff, 0xff, 0xff, 0xff, 0xff, 0xdf, 0x9f, 0xff, 0xff, 0xff, 0xff, 0xff, 0xff, 0xe0,
    0x7d, 0xff, 0xff, 0xff, 0xff, 0xff, 0xff, 0xff, 0xff, 0xff, 0x9f, 0xff, 0xff, 0xff, 0xff, 0xff, 0xff, 0xe0,
    0x3d, 0xff, 0xff, 0xff, 0xff, 0xff, 0xff, 0xff, 0xff, 0xff, 0x9f, 0xff, 0xff, 0xff, 0xff, 0xff, 0xff, 0xe0,
    0x7d, 0xff, 0xff, 0xff, 0xff, 0xff, 0xff, 0xff, 0xff, 0xff, 0x9f, 0xff, 0xff, 0xff, 0xff, 0xff, 0xff, 0xe0,
    0x6d, 0xff, 0xff, 0xff, 0xff, 0xff, 0xff, 0xff, 0xff, 0xff, 0x9f, 0xff, 0xff, 0xff, 0xff, 0xff, 0xff, 0xe0,
    0x7d, 0xff, 0xff, 0xff, 0xff, 0xff, 0xff, 0xff, 0xff, 0xff, 0x9f, 0xff, 0xff, 0xff, 0xff, 0xff, 0xff, 0xe0,
    0x3d, 0xf0, 0x7f, 0xff, 0xff, 0xff, 0xff, 0xff, 0xff, 0xff, 0x9f, 0xff, 0xff, 0xff, 0xff, 0xff, 0xff, 0xe0,
    0x7d, 0xf0, 0x7f, 0xff, 0xff, 0xff, 0xff, 0xff, 0xff, 0xff, 0x9f, 0xff, 0xff, 0xff, 0xff, 0xff, 0xff, 0xe0,
    0x6d, 0xef, 0xbf, 0xff, 0xff, 0xff, 0xff, 0xff, 0xff, 0xff, 0x9f, 0xff, 0xff, 0xff, 0xff, 0xff, 0xff, 0xe0,
    0x7d, 0x9e, 0x7f, 0xff, 0xff, 0xff, 0xff, 0xff, 0xff, 0xff, 0x9f, 0xff, 0xff, 0xff, 0xff, 0xff, 0xff, 0xe0,
    0x3d, 0x9e, 0x7f, 0xff, 0xff, 0xff, 0xff, 0xff, 0xff, 0xff, 0x9f, 0xff, 0xff, 0xff, 0xff, 0xff, 0xff, 0xe0,
    0x7d, 0x9d, 0xff, 0xff, 0xff, 0xff, 0xff, 0xff, 0xff, 0xff, 0x9f, 0xff, 0xff, 0xff, 0xff, 0xff, 0xff, 0xe0,
    0x6d, 0x03, 0xff, 0xff, 0xff, 0xff, 0xff, 0xff, 0xff, 0xdf, 0x9f, 0xff, 0xff, 0xff, 0xff, 0xff, 0xff, 0xe0,
    0x7d, 0x03, 0xff, 0xff, 0xff, 0xff, 0xff, 0xff, 0xff, 0xef, 0x9f, 0xff, 0xff, 0xff, 0xff, 0xff, 0xff, 0xe0,
    0x3d, 0x03, 0xff, 0xff, 0xff, 0xff, 0xff, 0xff, 0xff, 0xf7, 0x9f, 0xff, 0xff, 0xff, 0xff, 0xff, 0xff, 0xe0,
    0x7d, 0x00, 0x3f, 0xff, 0xff, 0xff, 0xff, 0xff, 0xff, 0xfb, 0x9f, 0xff, 0xff, 0xff, 0xff, 0xff, 0xff, 0xe0,
    0x6d, 0x00, 0x3f, 0xff, 0xff, 0xff, 0xff, 0xff, 0xff, 0xfd, 0x9f, 0xff, 0xff, 0xff, 0xff, 0xff, 0xff, 0xe0,
    0x7d, 0x00, 0x07, 0xff, 0xff, 0xff, 0xff, 0xff, 0xff, 0xfe, 0x9f, 0xff, 0xff, 0xff, 0xff, 0xff, 0xff, 0xe0,
    0x3d, 0x00, 0x01, 0xff, 0xff, 0xff, 0xff, 0xff, 0xff, 0xff, 0x1f, 0xff, 0xff, 0xff, 0xff, 0xff, 0xff, 0xe0,
    0x7d, 0x00, 0x01, 0xff, 0xff, 0xff, 0xff, 0xff, 0xff, 0x80, 0x1f, 0xff, 0xff, 0xff, 0xff, 0xff, 0xff, 0xe0,
    0x6d, 0x00, 0x00, 0xff, 0xff, 0xe7, 0xff, 0xff, 0xff, 0x80, 0x1f, 0xff, 0xff, 0xff, 0xff, 0xff, 0xff, 0xe0,
    0x7d, 0x00, 0x00, 0x20, 0xff, 0xe7, 0xff, 0xff, 0xff, 0xff, 0x9f, 0xff, 0xff, 0xff, 0xff, 0xff, 0xff, 0xe0,
    0x3d, 0x00, 0x00, 0x20, 0xff, 0xe7, 0xff, 0xff, 0xff, 0xff, 0x9f, 0xff, 0xff, 0xff, 0xff, 0xff, 0xff, 0xe0,
    0x7d, 0x7c, 0x00, 0x04, 0x10, 0x07, 0xff, 0xff, 0xff, 0xff, 0x9f, 0xff, 0xff, 0xff, 0xff, 0xff, 0xff, 0xe0,
    0x6d, 0x00, 0x00, 0x00, 0x60, 0x07, 0xff, 0xff, 0xff, 0xff, 0x9f, 0xff, 0x9f, 0xff, 0xff, 0xff, 0xff, 0xe0,
    0x7d, 0x00, 0x00, 0x00, 0x7f, 0xc7, 0xff, 0xff, 0xff, 0xff, 0xff, 0xff, 0x9f, 0xff, 0xff, 0xff, 0xff, 0xe0,
    0x3d, 0x00, 0x00, 0x00, 0x7f, 0xa7, 0xff, 0xff, 0xff, 0xff, 0xff, 0xff, 0x80, 0x00, 0x00, 0x00, 0x0f, 0xe0,
    0x7d, 0x01, 0xff, 0xc4, 0x1f, 0x67, 0xff, 0xff, 0xff, 0xff, 0xff, 0xff, 0x80, 0x00, 0x00, 0x00, 0x0f, 0xe0,
    0x6d, 0x01, 0xff, 0xc4, 0x1e, 0xe7, 0xff, 0xff, 0xff, 0xff, 0xff, 0xff, 0x87, 0xff, 0xef, 0xff, 0xcf, 0xe0,
    0x7d, 0x7f, 0xff, 0xe0, 0xfd, 0xe7, 0xff, 0xff, 0xff, 0xff, 0xff, 0xff, 0x87, 0xff, 0xef, 0xff, 0xcf, 0xe0,
    0x3d, 0xff, 0xff, 0xff, 0xfb, 0xe7, 0xff, 0xff, 0xff, 0xff, 0xff, 0xff, 0x87, 0xff, 0xef, 0xff, 0xcf, 0xe0,
    0x7d, 0xff, 0xff, 0xff, 0xf7, 0xe7, 0xff, 0xff, 0xff, 0xff, 0xff, 0xff, 0x87, 0xff, 0xed, 0xff, 0xcf, 0xe0,
    0x6d, 0xff, 0xff, 0xff, 0xff, 0xe7, 0xff, 0xff, 0xff, 0xff, 0xff, 0xff, 0x87, 0xff, 0xef, 0xfb, 0xcf, 0xe0,
    0x7d, 0xff, 0xff, 0xff, 0xff, 0xe7, 0xff, 0xff, 0xff, 0xff, 0xff, 0xff, 0x87, 0xf7, 0xef, 0xff, 0xcf, 0xe0,
    0x3d, 0xff, 0xff, 0xff, 0xff, 0xe7, 0xff, 0xff, 0xff, 0xff, 0xff, 0xff, 0x87, 0xff, 0xef, 0xff, 0xcf, 0xe0,
    0x7d, 0xff, 0xff, 0xff, 0xff, 0xe7, 0xff, 0xff, 0xff, 0xff, 0xff, 0xff, 0x87, 0xff, 0xef, 0xff, 0xcf, 0xe0,
    0x6d, 0xff, 0xff, 0xff, 0xff, 0xe7, 0xff, 0xff, 0xff, 0xff, 0xff, 0xff, 0x87, 0xff, 0xef, 0xff, 0xcf, 0xe0,
    0x7d, 0xff, 0xff, 0xff, 0xff, 0xe7, 0xff, 0xff, 0xff, 0xff, 0xff, 0xff, 0x87, 0xff, 0xef, 0xff, 0xcf, 0xe0,
    0x3d, 0x87, 0xff, 0xff, 0xff, 0xe7, 0xff, 0xff, 0xff, 0xff, 0xff, 0xff, 0x80, 0x00, 0x00, 0x00, 0x0f, 0xe0,
    0x7d, 0x23, 0xff, 0xff, 0xff, 0xe7, 0xff, 0xff, 0xff, 0xff, 0xff, 0xff, 0x87, 0xff, 0xef, 0xff, 0xcf, 0xe0,
    0x6d, 0x93, 0xff, 0xff, 0xff, 0xe7, 0xff, 0xff, 0xff, 0xff, 0xff, 0xff, 0x87, 0xff, 0xef, 0xff, 0xcf, 0xe0,
    0x7d, 0x4b, 0xff, 0xff, 0xff, 0xe7, 0xff, 0xff, 0xff, 0xff, 0xff, 0xff, 0x87, 0xff, 0xef, 0xc7, 0xcf, 0xe0,
    0x3c, 0x25, 0xff, 0xff, 0xff, 0xe7, 0xff, 0xff, 0xff, 0xff, 0xff, 0xff, 0x87, 0xff, 0xef, 0x83, 0xcf, 0xe0,
    0x7d, 0x93, 0xff, 0xff, 0xf7, 0xe7, 0xff, 0xff, 0xff, 0xff, 0xff, 0xff, 0x87, 0xff, 0xef, 0x1d, 0xcf, 0xe0,
    0x6d, 0x4b, 0xff, 0xff, 0xfb, 0xe7, 0xff, 0xff, 0xff, 0xff, 0xff, 0xff, 0x87, 0xff, 0xef, 0x3f, 0xcf, 0xe0,
    0x7d, 0x23, 0xff, 0xff, 0xfd, 0xe7, 0xff, 0xff, 0xff, 0xff, 0xff, 0xff, 0x87, 0xff, 0xef, 0x3f, 0xcf, 0xe0,
    0x3d, 0x07, 0xff, 0xff, 0xfe, 0xe7, 0xff, 0xff, 0xff, 0xff, 0xff, 0xff, 0x87, 0xff, 0xef, 0xbf, 0xcf, 0xe0,
    0x7d, 0x7f, 0xff, 0xff, 0xff, 0x67, 0xff, 0xff, 0xff, 0xff, 0xff, 0xff, 0x87, 0xff, 0xef, 0xff, 0xcf, 0xe0,
    0x6d, 0x7f, 0xff, 0xff, 0xff, 0xa7, 0xff, 0xff, 0xff, 0xff, 0xff, 0xff, 0x87, 0xff, 0xef, 0xff, 0xcf, 0xe0,
    0x7c, 0x7f, 0xff, 0xff, 0xff, 0xc7, 0xff, 0xff, 0xff, 0xff, 0xff, 0xff, 0x87, 0xff, 0xef, 0xff, 0xcf, 0xe0,
    0x3c, 0xff, 0xff, 0xff, 0xe0, 0x07, 0xff, 0xff, 0xff, 0xff, 0xff, 0xff, 0x80, 0x00, 0x00, 0x00, 0x0f, 0xe0,
    0x7c, 0xff, 0xff, 0xff, 0xe0, 0x07, 0xff, 0xff, 0xff, 0xff, 0xff, 0xff, 0x80, 0x00, 0x00, 0x00, 0x0f, 0xe0,
    0x6c, 0xff, 0xff, 0xff, 0xff, 0xe7, 0xff, 0xff, 0xff, 0xff, 0xff, 0xff, 0x9f, 0xff, 0xff, 0xff, 0xff, 0xe0,
    0x7d, 0xff, 0xff, 0xff, 0xff, 0xe7, 0xff, 0xff, 0xff, 0xff, 0xff, 0xff, 0x9f, 0xff, 0xff, 0xff, 0xff, 0xe0,
    0x3d, 0xff, 0xff, 0xff, 0xff, 0xff, 0xff, 0xff, 0xff, 0xff, 0xff, 0xff, 0xff, 0xff, 0xff, 0xff, 0xff, 0xe0,
    0x00, 0x00, 0x00, 0x00, 0x00, 0x00, 0x00, 0x00, 0x00, 0x00, 0x00, 0x00, 0x00, 0x00, 0x00, 0x00, 0x00, 0x00,
};

static const lv_img_dsc_t cat2 = {
    .header.cf = LV_IMG_CF_INDEXED_1BIT,
    .header.always_zero = 0,
    .header.reserved = 0,
    .header.w = 140,
    .header.h = 68,
    .data_size = 1232,
    .data = cat2_map,
};

static const LV_ATTRIBUTE_MEM_ALIGN LV_ATTRIBUTE_LARGE_CONST uint8_t cat3_map[] = {
#if CONFIG_NICE_VIEW_WIDGET_INVERTED
    0xff, 0xff, 0xff, 0xff, /*Color of index 0*/
    0x00, 0x00, 0x00, 0xff, /*Color of index 1*/
#else
    0x00, 0x00, 0x00, 0xff, /*Color of index 0*/
    0xff, 0xff, 0xff, 0xff, /*Color of index 1*/
#endif
    0x00, 0x00, 0x00, 0x00, 0x00, 0x00, 0x00, 0x00, 0x00, 0x00, 0x00, 0x00, 0x00, 0x00, 0x00, 0x00, 0x00, 0x00,
    0x7d, 0xff, 0xff, 0xff, 0xff, 0xff, 0xff, 0xff, 0xff, 0xff, 0xff, 0xff, 0xff, 0xff, 0xff, 0xff, 0xff, 0xe0,
    0x3d, 0xff, 0xff, 0xff, 0xff, 0xff, 0xff, 0xff, 0xff, 0xff, 0x9f, 0xff, 0xff, 0xff, 0xff, 0xff, 0xff, 0xe0,
    0x7d, 0xff, 0xff, 0xff, 0xff, 0xff, 0xff, 0xff, 0xff, 0xff, 0x9f, 0xff, 0xff, 0xff, 0xff, 0xff, 0xff, 0xe0,
    0x6d, 0xff, 0xff, 0xff, 0xff, 0xff, 0xff, 0xff, 0xff, 0x80, 0x00, 0x79, 0xff, 0xff, 0xff, 0xff, 0xff, 0xe0,
    0x7d, 0xff, 0xff, 0xff, 0xff, 0xff, 0xff, 0xff, 0xff, 0x80, 0x0f, 0x43, 0xff, 0xff, 0xff, 0xff, 0xff, 0xe0,
    0x3d, 0xff, 0xff, 0xff, 0xff, 0xff, 0xff, 0xff, 0xff, 0xff, 0x0f, 0x00, 0xff, 0xff, 0xff, 0xff, 0xff, 0xe0,
    0x7d, 0xff, 0xff, 0xff, 0xff, 0xff, 0xff, 0xff, 0xff, 0xfe, 0x8f, 0x00, 0xff, 0xff, 0xff, 0xff, 0xff, 0xe0,
    0x6d, 0xff, 0xff, 0xff, 0xff, 0xff, 0xff, 0xff, 0xff, 0xfd, 0x8f, 0x47, 0xff, 0xff, 0xff, 0xff, 0xff, 0xe0,
    0x7d, 0xff, 0xff, 0xff, 0xff, 0xff, 0xff, 0xff, 0xff, 0xfb, 0x80, 0x73, 0xff, 0xff, 0xff, 0xff, 0xff, 0xe0,
    0x3d, 0xff, 0xff, 0xff, 0xff, 0xff, 0xff, 0xff, 0xff, 0xf7, 0x9f, 0xff, 0xff, 0xff, 0xff, 0xff, 0xff, 0xe0,
    0x7d, 0xff, 0xff, 0xff, 0xff, 0xff, 0xff, 0xff, 0xff, 0xef, 0x9f, 0xff, 0xff, 0xff, 0xff, 0xff, 0xff, 0xe0,
    0x6d, 0xff, 0xff, 0xff, 0xff, 0xff, 0xff, 0xff, 0xff, 0xdf, 0x9f, 0xff, 0xff, 0xff, 0xff, 0xff, 0xff, 0xe0,
    0x7d, 0xff, 0xff, 0xff, 0xff, 0xff, 0xff, 0xff, 0xff, 0xff, 0x9f, 0xff, 0xff, 0xff, 0xff, 0xff, 0xff, 0xe0,
    0x3d, 0xff, 0xff, 0xff, 0xff, 0xff, 0xff, 0xff, 0xff, 0xff, 0x9f, 0xff, 0xff, 0xff, 0xff, 0xff, 0xff, 0xe0,
    0x7d, 0xff, 0xff, 0xff, 0xff, 0xff, 0xff, 0xff, 0xff, 0xff, 0x9f, 0xff, 0xff, 0xff, 0xff, 0xff, 0xff, 0xe0,
    0x6d, 0xff, 0xff, 0xff, 0xff, 0xff, 0xff, 0xff, 0xff, 0xff, 0x9f, 0xff, 0xff, 0xff, 0xff, 0xff, 0xff, 0xe0,
    0x7d, 0x7f, 0xff, 0xff, 0xff, 0xff, 0xff, 0xff, 0xff, 0xff, 0x9f, 0xff, 0xff, 0xff, 0xff, 0xff, 0xff, 0xe0,
    0x3d, 0x9f, 0xff, 0xff, 0xff, 0xff, 0xff, 0xff, 0xff, 0xff, 0x9f, 0xff, 0xff, 0xff, 0xff, 0xff, 0xff, 0xe0,
    0x7d, 0x9f, 0xff, 0xff, 0xff, 0xff, 0xff, 0xff, 0xff, 0xff, 0x9f, 0xff, 0xff, 0xff, 0xff, 0xff, 0xff, 0xe0,
    0x6d, 0x9f, 0xff, 0xff, 0xff, 0xff, 0xff, 0xff, 0xff, 0xff, 0x9f, 0xff, 0xff, 0xff, 0xff, 0xff, 0xff, 0xe0,
    0x7d, 0x8f, 0xff, 0xff, 0xff, 0xff, 0xff, 0xff, 0xff, 0xff, 0x9f, 0xff, 0xff, 0xff, 0xff, 0xff, 0xff, 0xe0,
    0x3d, 0x8f, 0xff, 0xff, 0xff, 0xff, 0xff, 0xff, 0xff, 0xff, 0x9f, 0xff, 0xff, 0xff, 0xff, 0xff, 0xff, 0xe0,
    0x7d, 0xef, 0xff, 0xff, 0xff, 0xff, 0xff, 0xff, 0xff, 0xff, 0x9f, 0xff, 0xff, 0xff, 0xff, 0xff, 0xff, 0xe0,
    0x6d, 0x03, 0xff, 0xff, 0xff, 0xff, 0xff, 0xff, 0xff, 0xdf, 0x9f, 0xff, 0xff, 0xff, 0xff, 0xff, 0xff, 0xe0,
    0x7d, 0x03, 0xff, 0xff, 0xff, 0xff, 0xff, 0xff, 0xff, 0xef, 0x9f, 0xff, 0xff, 0xff, 0xff, 0xff, 0xff, 0xe0,
    0x3d, 0x03, 0xff, 0xff, 0xff, 0xff, 0xff, 0xff, 0xff, 0xf7, 0x9f, 0xff, 0xff, 0xff, 0xff, 0xff, 0xff, 0xe0,
    0x7d, 0x00, 0x7f, 0xff, 0xff, 0xff, 0xff, 0xff, 0xff, 0xfb, 0x9f, 0xff, 0xff, 0xff, 0xff, 0xff, 0xff, 0xe0,
    0x6d, 0x00, 0x7f, 0xff, 0xff, 0xff, 0xff, 0xff, 0xff, 0xfd, 0x9f, 0xff, 0xff, 0xff, 0xff, 0xff, 0xff, 0xe0,
    0x7d, 0x00, 0x07, 0xff, 0xff, 0xff, 0xff, 0xff, 0xff, 0xfe, 0x9f, 0xff, 0xff, 0xff, 0xff, 0xff, 0xff, 0xe0,
    0x3d, 0x00, 0x01, 0xff, 0xff, 0xff, 0xff, 0xff, 0xff, 0xff, 0x1f, 0xff, 0xff, 0xff, 0xff, 0xff, 0xff, 0xe0,
    0x7d, 0x00, 0x01, 0xff, 0xff, 0xff, 0xff, 0xff, 0xff, 0x80, 0x1f, 0xff, 0xff, 0xff, 0xff, 0xff, 0xff, 0xe0,
    0x6d, 0x00, 0x00, 0xff, 0xff, 0xe7, 0xff, 0xff, 0xff, 0x80, 0x1f, 0xff, 0xff, 0xff, 0xff, 0xff, 0xff, 0xe0,
    0x7d, 0x00, 0x00, 0x20, 0xff, 0xe7, 0xff, 0xff, 0xff, 0xff, 0x9f, 0xff, 0xff, 0xff, 0xff, 0xff, 0xff, 0xe0,
    0x3d, 0x00, 0x00, 0x20, 0xff, 0xe7, 0xff, 0xff, 0xff, 0xff, 0x9f, 0xff, 0xff, 0xff, 0xff, 0xff, 0xff, 0xe0,
    0x7d, 0x7c, 0x00, 0x04, 0x10, 0x07, 0xff, 0xff, 0xff, 0xff, 0x9f, 0xff, 0xff, 0xff, 0xff, 0xff, 0xff, 0xe0,
    0x6d, 0x00, 0x00, 0x00, 0x60, 0x07, 0xff, 0xff, 0xff, 0xff, 0x9f, 0xff, 0x9f, 0xff, 0xff, 0xff, 0xff, 0xe0,
    0x7d, 0x00, 0x00, 0x00, 0x7f, 0xc7, 0xff, 0xff, 0xff, 0xff, 0xff, 0xff, 0x9f, 0xff, 0xff, 0xff, 0xff, 0xe0,
    0x3d, 0x00, 0x00, 0x00, 0x7f, 0xa7, 0xff, 0xff, 0xff, 0xff, 0xff, 0xff, 0x80, 0x00, 0x00, 0x00, 0x0f, 0xe0,
    0x7d, 0x01, 0xff, 0xc4, 0x1f, 0x67, 0xff, 0xff, 0xff, 0xff, 0xff, 0xff, 0x80, 0x00, 0x00, 0x00, 0x0f, 0xe0,
    0x6d, 0x01, 0xff, 0xc4, 0x1e, 0xe7, 0xff, 0xff, 0xff, 0xff, 0xff, 0xff, 0x87, 0xff, 0xef, 0xff, 0xcf, 0xe0,
    0x7d, 0x7f, 0xff, 0xe0, 0xfd, 0xe7, 0xff, 0xff, 0xff, 0xff, 0xff, 0xff, 0x87, 0xff, 0xef, 0xff, 0xcf, 0xe0,
    0x3d, 0xff, 0xff, 0xff, 0xfb, 0xe7, 0xff, 0xff, 0xff, 0xff, 0xff, 0xff, 0x87, 0xff, 0xef, 0xff, 0xcf, 0xe0,
    0x7d, 0xff, 0xff, 0xff, 0xf7, 0xe7, 0xff, 0xff, 0xff, 0xff, 0xff, 0xff, 0x87, 0xff, 0xed, 0xff, 0xcf, 0xe0,
    0x6d, 0xff, 0xff, 0xff, 0xff, 0xe7, 0xff, 0xff, 0xff, 0xff, 0xff, 0xff, 0x87, 0xff, 0xef, 0xfb, 0xcf, 0xe0,
    0x7d, 0xff, 0xff, 0xff, 0xff, 0xe7, 0xff, 0xff, 0xff, 0xff, 0xff, 0xff, 0x87, 0xf7, 0xef, 0xff, 0xcf, 0xe0,
    0x3d, 0xff, 0xff, 0xff, 0xff, 0xe7, 0xff, 0xff, 0xff, 0xff, 0xff, 0xff, 0x87, 0xff, 0xef, 0xff, 0xcf, 0xe0,
    0x7d, 0xff, 0xff, 0xff, 0xff, 0xe7, 0xff, 0xff, 0xff, 0xff, 0xff, 0xff, 0x87, 0xff, 0xef, 0xff, 0xcf, 0xe0,
    0x6d, 0xff, 0xff, 0xff, 0xff, 0xe7, 0xff, 0xff, 0xff, 0xff, 0xff, 0xff, 0x87, 0xff, 0xef, 0xff, 0xcf, 0xe0,
    0x7d, 0xff, 0xff, 0xff, 0xff, 0xe7, 0xff, 0xff, 0xff, 0xff, 0xff, 0xff, 0x87, 0xff, 0xef, 0xff, 0xcf, 0xe0,
    0x3d, 0x87, 0xff, 0xff, 0xff, 0xe7, 0xff, 0xff, 0xff, 0xff, 0xff, 0xff, 0x80, 0x00, 0x00, 0x00, 0x0f, 0xe0,
    0x7d, 0x23, 0xff, 0xff, 0xff, 0xe7, 0xff, 0xff, 0xff, 0xff, 0xff, 0xff, 0x87, 0xff, 0xef, 0xff, 0xcf, 0xe0,
    0x6d, 0x93, 0xff, 0xff, 0xff, 0xe7, 0xff, 0xff, 0xff, 0xff, 0xff, 0xff, 0x87, 0xff, 0xef, 0xff, 0xcf, 0xe0,
    0x7d, 0x4b, 0xff, 0xff, 0xff, 0xe7, 0xff, 0xff, 0xff, 0xff, 0xff, 0xff, 0x87, 0xff, 0xef, 0xc7, 0xcf, 0xe0,
    0x3c, 0x25, 0xff, 0xff, 0xff, 0xe7, 0xff, 0xff, 0xff, 0xff, 0xff, 0xff, 0x87, 0xff, 0xef, 0x83, 0xcf, 0xe0,
    0x7d, 0x93, 0xff, 0xff, 0xf7, 0xe7, 0xff, 0xff, 0xff, 0xff, 0xff, 0xff, 0x87, 0xff, 0xef, 0x1d, 0xcf, 0xe0,
    0x6d, 0x4b, 0xff, 0xff, 0xfb, 0xe7, 0xff, 0xff, 0xff, 0xff, 0xff, 0xff, 0x87, 0xff, 0xef, 0x3f, 0xcf, 0xe0,
    0x7d, 0x23, 0xff, 0xff, 0xfd, 0xe7, 0xff, 0xff, 0xff, 0xff, 0xff, 0xff, 0x87, 0xff, 0xef, 0x3f, 0xcf, 0xe0,
    0x3d, 0x07, 0xff, 0xff, 0xfe, 0xe7, 0xff, 0xff, 0xff, 0xff, 0xff, 0xff, 0x87, 0xff, 0xef, 0xbf, 0xcf, 0xe0,
    0x7d, 0x7f, 0xff, 0xff, 0xff, 0x67, 0xff, 0xff, 0xff, 0xff, 0xff, 0xff, 0x87, 0xff, 0xef, 0xff, 0xcf, 0xe0,
    0x6d, 0x7f, 0xff, 0xff, 0xff, 0xa7, 0xff, 0xff, 0xff, 0xff, 0xff, 0xff, 0x87, 0xff, 0xef, 0xff, 0xcf, 0xe0,
    0x7c, 0x7f, 0xff, 0xff, 0xff, 0xc7, 0xff, 0xff, 0xff, 0xff, 0xff, 0xff, 0x87, 0xff, 0xef, 0xff, 0xcf, 0xe0,
    0x3c, 0xff, 0xff, 0xff, 0xe0, 0x07, 0xff, 0xff, 0xff, 0xff, 0xff, 0xff, 0x80, 0x00, 0x00, 0x00, 0x0f, 0xe0,
    0x7c, 0xff, 0xff, 0xff, 0xe0, 0x07, 0xff, 0xff, 0xff, 0xff, 0xff, 0xff, 0x80, 0x00, 0x00, 0x00, 0x0f, 0xe0,
    0x6c, 0xff, 0xff, 0xff, 0xff, 0xe7, 0xff, 0xff, 0xff, 0xff, 0xff, 0xff, 0x9f, 0xff, 0xff, 0xff, 0xff, 0xe0,
    0x7d, 0xff, 0xff, 0xff, 0xff, 0xe7, 0xff, 0xff, 0xff, 0xff, 0xff, 0xff, 0x9f, 0xff, 0xff, 0xff, 0xff, 0xe0,
    0x3d, 0xff, 0xff, 0xff, 0xff, 0xff, 0xff, 0xff, 0xff, 0xff, 0xff, 0xff, 0xff, 0xff, 0xff, 0xff, 0xff, 0xe0,
    0x00, 0x00, 0x00, 0x00, 0x00, 0x00, 0x00, 0x00, 0x00, 0x00, 0x00, 0x00, 0x00, 0x00, 0x00, 0x00, 0x00, 0x00,
};

static const lv_img_dsc_t cat3 = {
    .header.cf = LV_IMG_CF_INDEXED_1BIT,
    .header.always_zero = 0,
    .header.reserved = 0,
    .header.w = 140,
    .header.h = 68,
    .data_size = 1232,
    .data = cat3_map,
};

static const LV_ATTRIBUTE_MEM_ALIGN LV_ATTRIBUTE_LARGE_CONST uint8_t cat4_map[] = {
#if CONFIG_NICE_VIEW_WIDGET_INVERTED
    0xff, 0xff, 0xff, 0xff, /*Color of index 0*/
    0x00, 0x00, 0x00, 0xff, /*Color of index 1*/
#else
    0x00, 0x00, 0x00, 0xff, /*Color of index 0*/
    0xff, 0xff, 0xff, 0xff, /*Color of index 1*/
#endif
    0x00, 0x00, 0x00, 0x00, 0x00, 0x00, 0x00, 0x00, 0x00, 0x00, 0x00, 0x00, 0x00, 0x00, 0x00, 0x00, 0x00, 0x00,
    0x7d, 0xff, 0xff, 0xff, 0xff, 0xff, 0xff, 0xff, 0xff, 0xff, 0xff, 0xff, 0xff, 0xff, 0xff, 0xff, 0xff, 0xe0,
    0x3d, 0xff, 0xff, 0xff, 0xff, 0xff, 0xff, 0xff, 0xff, 0xff, 0x9f, 0xff, 0xff, 0xff, 0xff, 0xff, 0xff, 0xe0,
    0x7d, 0xff, 0xff, 0xff, 0xff, 0xff, 0xff, 0xff, 0xff, 0xff, 0x9f, 0xff, 0xff, 0xff, 0xff, 0xff, 0xff, 0xe0,
    0x6d, 0xff, 0xff, 0xff, 0xff, 0xff, 0xff, 0xff, 0xff, 0x80, 0x00, 0x79, 0xff, 0xff, 0xff, 0xff, 0xff, 0xe0,
    0x7d, 0xff, 0xff, 0xff, 0xff, 0xff, 0xff, 0xff, 0xff, 0x80, 0x0f, 0x43, 0xff, 0xff, 0xff, 0xff, 0xff, 0xe0,
    0x3d, 0xff, 0xff, 0xff, 0xff, 0xff, 0xff, 0xff, 0xff, 0xff, 0x0f, 0x00, 0xff, 0xff, 0xff, 0xff, 0xff, 0xe0,
    0x7d, 0xff, 0xff, 0xff, 0xff, 0xff, 0xff, 0xff, 0xff, 0xfe, 0x8f, 0x00, 0xff, 0xff, 0xff, 0xff, 0xff, 0xe0,
    0x6d, 0xff, 0xff, 0xff, 0xff, 0xff, 0xff, 0xff, 0xff, 0xfd, 0x8f, 0x47, 0xff, 0xff, 0xff, 0xff, 0xff, 0xe0,
    0x7d, 0xff, 0xff, 0xff, 0xff, 0xff, 0xff, 0xff, 0xff, 0xfb, 0x80, 0x73, 0xff, 0xff, 0xff, 0xff, 0xff, 0xe0,
    0x3d, 0xff, 0xff, 0xff, 0xff, 0xff, 0xff, 0xff, 0xff, 0xf7, 0x9f, 0xff, 0xff, 0xff, 0xff, 0xff, 0xff, 0xe0,
    0x7d, 0xff, 0xff, 0xff, 0xff, 0xff, 0xff, 0xff, 0xff, 0xef, 0x9f, 0xff, 0xff, 0xff, 0xff, 0xff, 0xff, 0xe0,
    0x6d, 0xff, 0xff, 0xff, 0xff, 0xff, 0xff, 0xff, 0xff, 0xdf, 0x9f, 0xff, 0xff, 0xff, 0xff, 0xff, 0xff, 0xe0,
    0x7d, 0xff, 0xff, 0xff, 0xff, 0xff, 0xff, 0xff, 0xff, 0xff, 0x9f, 0xff, 0xff, 0xff, 0xff, 0xff, 0xff, 0xe0,
    0x3d, 0xff, 0xff, 0xff, 0xff, 0xff, 0xff, 0xff, 0xff, 0xff, 0x9f, 0xff, 0xff, 0xff, 0xff, 0xff, 0xff, 0xe0,
    0x7d, 0xff, 0xff, 0xff, 0xff, 0xff, 0xff, 0xff, 0xff, 0xff, 0x9f, 0xff, 0xff, 0xff, 0xff, 0xff, 0xff, 0xe0,
    0x6d, 0xff, 0xff, 0xff, 0xff, 0xff, 0xff, 0xff, 0xff, 0xff, 0x9f, 0xff, 0xff, 0xff, 0xff, 0xff, 0xff, 0xe0,
    0x7d, 0xff, 0xff, 0xff, 0xff, 0xff, 0xff, 0xff, 0xff, 0xff, 0x9f, 0xff, 0xff, 0xff, 0xff, 0xff, 0xff, 0xe0,
    0x3d, 0xf0, 0x7f, 0xff, 0xff, 0xff, 0xff, 0xff, 0xff, 0xff, 0x9f, 0xff, 0xff, 0xff, 0xff, 0xff, 0xff, 0xe0,
    0x7d, 0xf0, 0x7f, 0xff, 0xff, 0xff, 0xff, 0xff, 0xff, 0xff, 0x9f, 0xff, 0xff, 0xff, 0xff, 0xff, 0xff, 0xe0,
    0x6d, 0xef, 0xbf, 0xff, 0xff, 0xff, 0xff, 0xff, 0xff, 0xff, 0x9f, 0xff, 0xff, 0xff, 0xff, 0xff, 0xff, 0xe0,
    0x7d, 0x9e, 0x7f, 0xff, 0xff, 0xff, 0xff, 0xff, 0xff, 0xff, 0x9f, 0xff, 0xff, 0xff, 0xff, 0xff, 0xff, 0xe0,
    0x3d, 0x9e, 0x7f, 0xff, 0xff, 0xff, 0xff, 0xff, 0xff, 0xff, 0x9f, 0xff, 0xff, 0xff, 0xff, 0xff, 0xff, 0xe0,
    0x7d, 0x9d, 0xff, 0xff, 0xff, 0xff, 0xff, 0xff, 0xff, 0xff, 0x9f, 0xff, 0xff, 0xff, 0xff, 0xff, 0xff, 0xe0,
    0x6d, 0x03, 0xff, 0xff, 0xff, 0xff, 0xff, 0xff, 0xff, 0xdf, 0x9f, 0xff, 0xff, 0xff, 0xff, 0xff, 0xff, 0xe0,
    0x7d, 0x03, 0xff, 0xff, 0xff, 0xff, 0xff, 0xff, 0xff, 0xef, 0x9f, 0xff, 0xff, 0xff, 0xff, 0xff, 0xff, 0xe0,
    0x3d, 0x03, 0xff, 0xff, 0xff, 0xff, 0xff, 0xff, 0xff, 0xf7, 0x9f, 0xff, 0xff, 0xff, 0xff, 0xff, 0xff, 0xe0,
    0x7d, 0x00, 0x3f, 0xff, 0xff, 0xff, 0xff, 0xff, 0xff, 0xfb, 0x9f, 0xff, 0xff, 0xff, 0xff, 0xff, 0xff, 0xe0,
    0x6d, 0x00, 0x3f, 0xff, 0xff, 0xff, 0xff, 0xff, 0xff, 0xfd, 0x9f, 0xff, 0xff, 0xff, 0xff, 0xff, 0xff, 0xe0,
    0x7d, 0x00, 0x07, 0xff, 0xff, 0xff, 0xff, 0xff, 0xff, 0xfe, 0x9f, 0xff, 0xff, 0xff, 0xff, 0xff, 0xff, 0xe0,
    0x3d, 0x00, 0x01, 0xff, 0xff, 0xff, 0xff, 0xff, 0xff, 0xff, 0x1f, 0xff, 0xff, 0xff, 0xff, 0xff, 0xff, 0xe0,
    0x7d, 0x00, 0x01, 0xff, 0xff, 0xff, 0xff, 0xff, 0xff, 0x80, 0x1f, 0xff, 0xff, 0xff, 0xff, 0xff, 0xff, 0xe0,
    0x6d, 0x00, 0x00, 0xff, 0xff, 0xe7, 0xff, 0xff, 0xff, 0x80, 0x1f, 0xff, 0xff, 0xff, 0xff, 0xff, 0xff, 0xe0,
    0x7d, 0x00, 0x00, 0x20, 0xff, 0xe7, 0xff, 0xff, 0xff, 0xff, 0x9f, 0xff, 0xff, 0xff, 0xff, 0xff, 0xff, 0xe0,
    0x3d, 0x00, 0x00, 0x20, 0xff, 0xe7, 0xff, 0xff, 0xff, 0xff, 0x9f, 0xff, 0xff, 0xff, 0xff, 0xff, 0xff, 0xe0,
    0x7d, 0x7c, 0x00, 0x00, 0x10, 0x07, 0xff, 0xff, 0xff, 0xff, 0x9f, 0xff, 0xff, 0xff, 0xff, 0xff, 0xff, 0xe0,
    0x6d, 0x00, 0x00, 0x00, 0x60, 0x07, 0xff, 0xff, 0xff, 0xff, 0x9f, 0xff, 0x9f, 0xff, 0xff, 0xff, 0xff, 0xe0,
    0x7d, 0x00, 0x00, 0x00, 0x7f, 0xc7, 0xff, 0xff, 0xff, 0xff, 0xff, 0xff, 0x9f, 0xff, 0xff, 0xff, 0xff, 0xe0,
    0x3d, 0x00, 0x00, 0x00, 0x7f, 0xa7, 0xff, 0xff, 0xff, 0xff, 0xff, 0xff, 0x80, 0x00, 0x00, 0x00, 0x0f, 0xe0,
    0x7d, 0x01, 0xff, 0xc0, 0x1f, 0x67, 0xff, 0xff, 0xff, 0xff, 0xff, 0xff, 0x80, 0x00, 0x00, 0x00, 0x0f, 0xe0,
    0x6d, 0x01, 0xff, 0xc0, 0x1e, 0xe7, 0xff, 0xff, 0xff, 0xff, 0xff, 0xff, 0x87, 0xff, 0xef, 0xff, 0xcf, 0xe0,
    0x7d, 0x7f, 0xff, 0xe0, 0xfd, 0xe7, 0xff, 0xff, 0xff, 0xff, 0xff, 0xff, 0x87, 0xff, 0xef, 0xff, 0xcf, 0xe0,
    0x3d, 0xff, 0xff, 0xff, 0xfb, 0xe7, 0xff, 0xff, 0xff, 0xff, 0xff, 0xff, 0x87, 0xff, 0xef, 0xff, 0xcf, 0xe0,
    0x7d, 0xff, 0xff, 0xff, 0xf7, 0xe7, 0xff, 0xff, 0xff, 0xff, 0xff, 0xff, 0x87, 0xff, 0xed, 0xff, 0xcf, 0xe0,
    0x6d, 0xff, 0xff, 0xff, 0xff, 0xe7, 0xff, 0xff, 0xff, 0xff, 0xff, 0xff, 0x87, 0xff, 0xef, 0xfb, 0xcf, 0xe0,
    0x7d, 0xff, 0xff, 0xff, 0xff, 0xe7, 0xff, 0xff, 0xff, 0xff, 0xff, 0xff, 0x87, 0xf7, 0xef, 0xff, 0xcf, 0xe0,
    0x3d, 0xff, 0xff, 0xff, 0xff, 0xe7, 0xff, 0xff, 0xff, 0xff, 0xff, 0xff, 0x87, 0xff, 0xef, 0xff, 0xcf, 0xe0,
    0x7d, 0xff, 0xff, 0xff, 0xff, 0xe7, 0xff, 0xff, 0xff, 0xff, 0xff, 0xff, 0x87, 0xff, 0xef, 0xff, 0xcf, 0xe0,
    0x6d, 0xff, 0xff, 0xff, 0xff, 0xe7, 0xff, 0xff, 0xff, 0xff, 0xff, 0xff, 0x87, 0xff, 0xef, 0xff, 0xcf, 0xe0,
    0x7d, 0xff, 0xff, 0xff, 0xff, 0xe7, 0xff, 0xff, 0xff, 0xff, 0xff, 0xff, 0x87, 0xff, 0xef, 0xff, 0xcf, 0xe0,
    0x3d, 0x87, 0xff, 0xff, 0xff, 0xe7, 0xff, 0xff, 0xff, 0xff, 0xff, 0xff, 0x80, 0x00, 0x00, 0x00, 0x0f, 0xe0,
    0x7d, 0x23, 0xff, 0xff, 0xff, 0xe7, 0xff, 0xff, 0xff, 0xff, 0xff, 0xff, 0x87, 0xff, 0xef, 0xff, 0xcf, 0xe0,
    0x6d, 0x93, 0xff, 0xff, 0xff, 0xe7, 0xff, 0xff, 0xff, 0xff, 0xff, 0xff, 0x87, 0xff, 0xef, 0xff, 0xcf, 0xe0,
    0x7d, 0x4b, 0xff, 0xff, 0xff, 0xe7, 0xff, 0xff, 0xff, 0xff, 0xff, 0xff, 0x87, 0xff, 0xef, 0xc7, 0xcf, 0xe0,
    0x3c, 0x25, 0xff, 0xff, 0xff, 0xe7, 0xff, 0xff, 0xff, 0xff, 0xff, 0xff, 0x87, 0xff, 0xef, 0x83, 0xcf, 0xe0,
    0x7d, 0x93, 0xff, 0xff, 0xf7, 0xe7, 0xff, 0xff, 0xff, 0xff, 0xff, 0xff, 0x87, 0xff, 0xef, 0x1d, 0xcf, 0xe0,
    0x6d, 0x4b, 0xff, 0xff, 0xfb, 0xe7, 0xff, 0xff, 0xff, 0xff, 0xff, 0xff, 0x87, 0xff, 0xef, 0x3f, 0xcf, 0xe0,
    0x7d, 0x23, 0xff, 0xff, 0xfd, 0xe7, 0xff, 0xff, 0xff, 0xff, 0xff, 0xff, 0x87, 0xff, 0xef, 0x3f, 0xcf, 0xe0,
    0x3d, 0x07, 0xff, 0xff, 0xfe, 0xe7, 0xff, 0xff, 0xff, 0xff, 0xff, 0xff, 0x87, 0xff, 0xef, 0xbf, 0xcf, 0xe0,
    0x7d, 0x7f, 0xff, 0xff, 0xff, 0x67, 0xff, 0xff, 0xff, 0xff, 0xff, 0xff, 0x87, 0xff, 0xef, 0xff, 0xcf, 0xe0,
    0x6d, 0x7f, 0xff, 0xff, 0xff, 0xa7, 0xff, 0xff, 0xff, 0xff, 0xff, 0xff, 0x87, 0xff, 0xef, 0xff, 0xcf, 0xe0,
    0x7c, 0x7f, 0xff, 0xff, 0xff, 0xc7, 0xff, 0xff, 0xff, 0xff, 0xff, 0xff, 0x87, 0xff, 0xef, 0xff, 0xcf, 0xe0,
    0x3c, 0xff, 0xff, 0xff, 0xe0, 0x07, 0xff, 0xff, 0xff, 0xff, 0xff, 0xff, 0x80, 0x00, 0x00, 0x00, 0x0f, 0xe0,
    0x7c, 0xff, 0xff, 0xff, 0xe0, 0x07, 0xff, 0xff, 0xff, 0xff, 0xff, 0xff, 0x80, 0x00, 0x00, 0x00, 0x0f, 0xe0,
    0x6c, 0xff, 0xff, 0xff, 0xff, 0xe7, 0xff, 0xff, 0xff, 0xff, 0xff, 0xff, 0x9f, 0xff, 0xff, 0xff, 0xff, 0xe0,
    0x7d, 0xff, 0xff, 0xff, 0xff, 0xe7, 0xff, 0xff, 0xff, 0xff, 0xff, 0xff, 0x9f, 0xff, 0xff, 0xff, 0xff, 0xe0,
    0x3d, 0xff, 0xff, 0xff, 0xff, 0xff, 0xff, 0xff, 0xff, 0xff, 0xff, 0xff, 0xff, 0xff, 0xff, 0xff, 0xff, 0xe0,
    0x00, 0x00, 0x00, 0x00, 0x00, 0x00, 0x00, 0x00, 0x00, 0x00, 0x00, 0x00, 0x00, 0x00, 0x00, 0x00, 0x00, 0x00,
};

static const lv_img_dsc_t cat4 = {
    .header.cf = LV_IMG_CF_INDEXED_1BIT,
    .header.always_zero = 0,
    .header.reserved = 0,
    .header.w = 140,
    .header.h = 68,
    .data_size = 1232,
    .data = cat4_map,
};

static const LV_ATTRIBUTE_MEM_ALIGN LV_ATTRIBUTE_LARGE_CONST uint8_t cat5_map[] = {
#if CONFIG_NICE_VIEW_WIDGET_INVERTED
    0xff, 0xff, 0xff, 0xff, /*Color of index 0*/
    0x00, 0x00, 0x00, 0xff, /*Color of index 1*/
#else
    0x00, 0x00, 0x00, 0xff, /*Color of index 0*/
    0xff, 0xff, 0xff, 0xff, /*Color of index 1*/
#endif
    0x00, 0x00, 0x00, 0x00, 0x00, 0x00, 0x00, 0x00, 0x00, 0x00, 0x00, 0x00, 0x00, 0x00, 0x00, 0x00, 0x00, 0x00,
    0x7d, 0xff, 0xff, 0xff, 0xff, 0xff, 0xff, 0xff, 0xff, 0xff, 0xff, 0xff, 0xff, 0xff, 0xff, 0xff, 0xff, 0xe0,
    0x3d, 0xff, 0xff, 0xff, 0xff, 0xff, 0xff, 0xff, 0xff, 0xff, 0x9f, 0xff, 0xff, 0xff, 0xff, 0xff, 0xff, 0xe0,
    0x7d, 0xff, 0xff, 0xff, 0xff, 0xff, 0xff, 0xff, 0xff, 0xff, 0x9f, 0xff, 0xff, 0xff, 0xff, 0xff, 0xff, 0xe0,
    0x6d, 0xff, 0xff, 0xff, 0xff, 0xff, 0xff, 0xff, 0xff, 0x80, 0x00, 0x79, 0xff, 0xff, 0xff, 0xff, 0xff, 0xe0,
    0x7d, 0xff, 0xff, 0xff, 0xff, 0xff, 0xff, 0xff, 0xff, 0x80, 0x0f, 0x43, 0xff, 0xff, 0xff, 0xff, 0xff, 0xe0,
    0x3d, 0xff, 0xff, 0xff, 0xff, 0xff, 0xff, 0xff, 0xff, 0xff, 0x0f, 0x00, 0xff, 0xff, 0xff, 0xff, 0xff, 0xe0,
    0x7d, 0xff, 0xff, 0xff, 0xff, 0xff, 0xff, 0xff, 0xff, 0xfe, 0x8f, 0x00, 0xff, 0xff, 0xff, 0xff, 0xff, 0xe0,
    0x6d, 0xff, 0xff, 0xff, 0xff, 0xff, 0xff, 0xff, 0xff, 0xfd, 0x8f, 0x47, 0xff, 0xff, 0xff, 0xff, 0xff, 0xe0,
    0x7d, 0xff, 0xff, 0xff, 0xff, 0xff, 0xff, 0xff, 0xff, 0xfb, 0x80, 0x73, 0xff, 0xff, 0xff, 0xff, 0xff, 0xe0,
    0x3d, 0xff, 0xff, 0xff, 0xff, 0xff, 0xff, 0xff, 0xff, 0xf7, 0x9f, 0xff, 0xff, 0xff, 0xff, 0xff, 0xff, 0xe0,
    0x7d, 0xff, 0xff, 0xff, 0xff, 0xff, 0xff, 0xff, 0xff, 0xef, 0x9f, 0xff, 0xff, 0xff, 0xff, 0xff, 0xff, 0xe0,
    0x6d, 0xff, 0xff, 0xff, 0xff, 0xff, 0xff, 0xff, 0xff, 0xdf, 0x9f, 0xff, 0xff, 0xff, 0xff, 0xff, 0xff, 0xe0,
    0x7d, 0xff, 0xff, 0xff, 0xff, 0xff, 0xff, 0xff, 0xff, 0xff, 0x9f, 0xff, 0xff, 0xff, 0xff, 0xff, 0xff, 0xe0,
    0x3d, 0xff, 0xff, 0xff, 0xff, 0xff, 0xff, 0xff, 0xff, 0xff, 0x9f, 0xff, 0xff, 0xff, 0xff, 0xff, 0xff, 0xe0,
    0x7d, 0xff, 0xff, 0xff, 0xff, 0xff, 0xff, 0xff, 0xff, 0xff, 0x9f, 0xff, 0xff, 0xff, 0xff, 0xff, 0xff, 0xe0,
    0x6d, 0xff, 0xff, 0xff, 0xff, 0xff, 0xff, 0xff, 0xff, 0xff, 0x9f, 0xff, 0xff, 0xff, 0xff, 0xff, 0xff, 0xe0,
    0x7d, 0xff, 0xff, 0xff, 0xff, 0xff, 0xff, 0xff, 0xff, 0xff, 0x9f, 0xff, 0xff, 0xff, 0xff, 0xff, 0xff, 0xe0,
    0x3d, 0xf0, 0x7f, 0xff, 0xff, 0xff, 0xff, 0xff, 0xff, 0xff, 0x9f, 0xff, 0xff, 0xff, 0xff, 0xff, 0xff, 0xe0,
    0x7d, 0xf0, 0x7f, 0xff, 0xff, 0xff, 0xff, 0xff, 0xff, 0xff, 0x9f, 0xff, 0xff, 0xff, 0xff, 0xff, 0xff, 0xe0,
    0x6d, 0xef, 0xbf, 0xff, 0xff, 0xff, 0xff, 0xff, 0xff, 0xff, 0x9f, 0xff, 0xff, 0xff, 0xff, 0xff, 0xff, 0xe0,
    0x7d, 0x9e, 0x7f, 0xff, 0xff, 0xff, 0xff, 0xff, 0xff, 0xff, 0x9f, 0xff, 0xff, 0xff, 0xff, 0xff, 0xff, 0xe0,
    0x3d, 0x9e, 0x7f, 0xff, 0xff, 0xff, 0xff, 0xff, 0xff, 0xff, 0x9f, 0xff, 0xff, 0xff, 0xff, 0xff, 0xff, 0xe0,
    0x7d, 0x9d, 0xff, 0xff, 0xff, 0xff, 0xff, 0xff, 0xff, 0xff, 0x9f, 0xff, 0xff, 0xff, 0xff, 0xff, 0xff, 0xe0,
    0x6d, 0x03, 0xff, 0xff, 0xff, 0xff, 0xff, 0xff, 0xff, 0xdf, 0x9f, 0xff, 0xff, 0xff, 0xff, 0xff, 0xff, 0xe0,
    0x7d, 0x03, 0xff, 0xff, 0xff, 0xff, 0xff, 0xff, 0xff, 0xef, 0x9f, 0xff, 0xff, 0xff, 0xff, 0xff, 0xff, 0xe0,
    0x3d, 0x03, 0xff, 0xff, 0xff, 0xff, 0xff, 0xff, 0xff, 0xf7, 0x9f, 0xff, 0xff, 0xff, 0xff, 0xff, 0xff, 0xe0,
    0x7d, 0x00, 0x3f, 0xff, 0xff, 0xff, 0xff, 0xff, 0xff, 0xfb, 0x9f, 0xff, 0xff, 0xff, 0xff, 0xff, 0xff, 0xe0,
    0x6d, 0x00, 0x3f, 0xff, 0xff, 0xff, 0xff, 0xff, 0xff, 0xfd, 0x9f, 0xff, 0xff, 0xff, 0xff, 0xff, 0xff, 0xe0,
    0x7d, 0x00, 0x07, 0xff, 0xff, 0xff, 0xff, 0xff, 0xff, 0xfe, 0x9f, 0xff, 0xff, 0xff, 0xff, 0xff, 0xff, 0xe0,
    0x3d, 0x00, 0x01, 0xff, 0xff, 0xff, 0xff, 0xff, 0xff, 0xff, 0x1f, 0xff, 0xff, 0xff, 0xff, 0xff, 0xff, 0xe0,
    0x7d, 0x00, 0x01, 0xff, 0xff, 0xff, 0xff, 0xff, 0xff, 0x80, 0x1f, 0xff, 0xff, 0xff, 0xff, 0xff, 0xff, 0xe0,
    0x6d, 0x00, 0x00, 0xff, 0xff, 0xe7, 0xff, 0xff, 0xff, 0x80, 0x1f, 0xff, 0xff, 0xff, 0xff, 0xff, 0xff, 0xe0,
    0x7d, 0x00, 0x00, 0x20, 0xff, 0xe7, 0xff, 0xff, 0xff, 0xff, 0x9f, 0xff, 0xff, 0xff, 0xff, 0xff, 0xff, 0xe0,
    0x3d, 0x00, 0x00, 0x20, 0xff, 0xe7, 0xff, 0xff, 0xff, 0xff, 0x9f, 0xff, 0xff, 0xff, 0xff, 0xff, 0xff, 0xe0,
    0x7d, 0x7c, 0x00, 0x04, 0x10, 0x07, 0xff, 0xff, 0xff, 0xff, 0x9f, 0xff, 0xff, 0xff, 0xff, 0xff, 0xff, 0xe0,
    0x6d, 0x00, 0x00, 0x00, 0x60, 0x07, 0xff, 0xff, 0xff, 0xff, 0x9f, 0xff, 0x9f, 0xff, 0xff, 0xff, 0xff, 0xe0,
    0x7d, 0x00, 0x00, 0x00, 0x7f, 0xc7, 0xff, 0xff, 0xff, 0xff, 0xff, 0xff, 0x9f, 0xff, 0xff, 0xff, 0xff, 0xe0,
    0x3d, 0x00, 0x00, 0x00, 0x7f, 0xa7, 0xff, 0xff, 0xff, 0xff, 0xff, 0xff, 0x80, 0x00, 0x00, 0x00, 0x0f, 0xe0,
    0x7d, 0x01, 0xff, 0xc4, 0x1f, 0x67, 0xff, 0xff, 0xff, 0xff, 0xff, 0xff, 0x80, 0x00, 0x00, 0x00, 0x0f, 0xe0,
    0x6d, 0x01, 0xff, 0xc4, 0x1e, 0xe7, 0xff, 0xff, 0xff, 0xff, 0xff, 0xff, 0x87, 0xff, 0xef, 0xff, 0xcf, 0xe0,
    0x7d, 0x7f, 0xff, 0xe0, 0xfd, 0xe7, 0xff, 0xff, 0xff, 0xff, 0xff, 0xff, 0x87, 0xff, 0xef, 0xff, 0xcf, 0xe0,
    0x3d, 0xff, 0xff, 0xff, 0xfb, 0xe7, 0xff, 0xff, 0xff, 0xff, 0xff, 0xff, 0x87, 0xff, 0xef, 0xff, 0xcf, 0xe0,
    0x7d, 0xff, 0xff, 0xff, 0xf7, 0xe7, 0xff, 0xff, 0xff, 0xff, 0xff, 0xff, 0x87, 0xff, 0xed, 0xff, 0xcf, 0xe0,
    0x6d, 0xff, 0xff, 0xff, 0xff, 0xe7, 0xff, 0xff, 0xff, 0xff, 0xff, 0xff, 0x87, 0xff, 0xef, 0xfb, 0xcf, 0xe0,
    0x7d, 0xff, 0xff, 0xff, 0xff, 0xe7, 0xff, 0xff, 0xff, 0xff, 0xff, 0xff, 0x87, 0xff, 0xef, 0xff, 0xcf, 0xe0,
    0x3d, 0xff, 0xff, 0xff, 0xff, 0xe7, 0xff, 0xff, 0xff, 0xff, 0xff, 0xff, 0x87, 0xff, 0xef, 0xff, 0xcf, 0xe0,
    0x7d, 0xff, 0xff, 0xff, 0xff, 0xe7, 0xff, 0xff, 0xff, 0xff, 0xff, 0xff, 0x87, 0xff, 0xef, 0xff, 0xcf, 0xe0,
    0x6d, 0xff, 0xff, 0xff, 0xff, 0xe7, 0xff, 0xff, 0xff, 0xff, 0xff, 0xff, 0x87, 0xff, 0xef, 0xff, 0xcf, 0xe0,
    0x7d, 0xff, 0xff, 0xff, 0xff, 0xe7, 0xff, 0xff, 0xff, 0xff, 0xff, 0xff, 0x87, 0xff, 0xef, 0xff, 0xcf, 0xe0,
    0x3d, 0x87, 0xff, 0xff, 0xff, 0xe7, 0xff, 0xff, 0xff, 0xff, 0xff, 0xff, 0x80, 0x00, 0x00, 0x00, 0x0f, 0xe0,
    0x7d, 0x23, 0xff, 0xff, 0xff, 0xe7, 0xff, 0xff, 0xff, 0xff, 0xff, 0xff, 0x87, 0xff, 0xef, 0xff, 0xcf, 0xe0,
    0x6d, 0x93, 0xff, 0xff, 0xff, 0xe7, 0xff, 0xff, 0xff, 0xff, 0xff, 0xff, 0x87, 0xff, 0xef, 0xff, 0xcf, 0xe0,
    0x7d, 0x4b, 0xff, 0xff, 0xff, 0xe7, 0xff, 0xff, 0xff, 0xff, 0xff, 0xff, 0x87, 0xff, 0xef, 0xc7, 0xcf, 0xe0,
    0x3c, 0x25, 0xff, 0xff, 0xff, 0xe7, 0xff, 0xff, 0xff, 0xff, 0xff, 0xff, 0x87, 0xff, 0xef, 0x83, 0xcf, 0xe0,
    0x7d, 0x93, 0xff, 0xff, 0xf7, 0xe7, 0xff, 0xff, 0xff, 0xff, 0xff, 0xff, 0x87, 0xff, 0xef, 0x1d, 0xcf, 0xe0,
    0x6d, 0x4b, 0xff, 0xff, 0xfb, 0xe7, 0xff, 0xff, 0xff, 0xff, 0xff, 0xff, 0x87, 0xff, 0xef, 0x3f, 0xcf, 0xe0,
    0x7d, 0x23, 0xff, 0xff, 0xfd, 0xe7, 0xff, 0xff, 0xff, 0xff, 0xff, 0xff, 0x87, 0xff, 0xef, 0x3f, 0xcf, 0xe0,
    0x3d, 0x07, 0xff, 0xff, 0xfe, 0xe7, 0xff, 0xff, 0xff, 0xff, 0xff, 0xff, 0x87, 0xff, 0xef, 0xbf, 0xcf, 0xe0,
    0x7d, 0x7f, 0xff, 0xff, 0xff, 0x67, 0xff, 0xff, 0xff, 0xff, 0xff, 0xff, 0x87, 0xff, 0xef, 0xff, 0xcf, 0xe0,
    0x6d, 0x7f, 0xff, 0xff, 0xff, 0xa7, 0xff, 0xff, 0xff, 0xff, 0xff, 0xff, 0x87, 0xff, 0xef, 0xff, 0xcf, 0xe0,
    0x7c, 0x7f, 0xff, 0xff, 0xff, 0xc7, 0xff, 0xff, 0xff, 0xff, 0xff, 0xff, 0x87, 0xff, 0xef, 0xff, 0xcf, 0xe0,
    0x3c, 0xff, 0xff, 0xff, 0xe0, 0x07, 0xff, 0xff, 0xff, 0xff, 0xff, 0xff, 0x80, 0x00, 0x00, 0x00, 0x0f, 0xe0,
    0x7c, 0xff, 0xff, 0xff, 0xe0, 0x07, 0xff, 0xff, 0xff, 0xff, 0xff, 0xff, 0x80, 0x00, 0x00, 0x00, 0x0f, 0xe0,
    0x6c, 0xff, 0xff, 0xff, 0xff, 0xe7, 0xff, 0xff, 0xff, 0xff, 0xff, 0xff, 0x9f, 0xff, 0xff, 0xff, 0xff, 0xe0,
    0x7d, 0xff, 0xff, 0xff, 0xff, 0xe7, 0xff, 0xff, 0xff, 0xff, 0xff, 0xff, 0x9f, 0xff, 0xff, 0xff, 0xff, 0xe0,
    0x3d, 0xff, 0xff, 0xff, 0xff, 0xff, 0xff, 0xff, 0xff, 0xff, 0xff, 0xff, 0xff, 0xff, 0xff, 0xff, 0xff, 0xe0,
    0x00, 0x00, 0x00, 0x00, 0x00, 0x00, 0x00, 0x00, 0x00, 0x00, 0x00, 0x00, 0x00, 0x00, 0x00, 0x00, 0x00, 0x00,
};

static const lv_img_dsc_t cat5 = {
    .header.cf = LV_IMG_CF_INDEXED_1BIT,
    .header.always_zero = 0,
    .header.reserved = 0,
    .header.w = 140,
    .header.h = 68,
    .data_size = 1232,
    .data = cat5_map,
};

static const LV_ATTRIBUTE_MEM_ALIGN LV_ATTRIBUTE_LARGE_CONST uint8_t cat6_map[] = {
#if CONFIG_NICE_VIEW_WIDGET_INVERTED
    0xff, 0xff, 0xff, 0xff, /*Color of index 0*/
    0x00, 0x00, 0x00, 0xff, /*Color of index 1*/
#else
    0x00, 0x00, 0x00, 0xff, /*Color of index 0*/
    0xff, 0xff, 0xff, 0xff, /*Color of index 1*/
#endif
    0x00, 0x00, 0x00, 0x00, 0x00, 0x00, 0x00, 0x00, 0x00, 0x00, 0x00, 0x00, 0x00, 0x00, 0x00, 0x00, 0x00, 0x00,
    0x7d, 0xff, 0xff, 0xff, 0xff, 0xff, 0xff, 0xff, 0xff, 0xff, 0xff, 0xff, 0xff, 0xff, 0xff, 0xff, 0xff, 0xe0,
    0x3d, 0xff, 0xff, 0xff, 0xff, 0xff, 0xff, 0xff, 0xff, 0xff, 0x9f, 0xff, 0xff, 0xff, 0xff, 0xff, 0xff, 0xe0,
    0x7d, 0xff, 0xff, 0xff, 0xff, 0xff, 0xff, 0xff, 0xff, 0xff, 0x9f, 0xff, 0xff, 0xff, 0xff, 0xff, 0xff, 0xe0,
    0x6d, 0xff, 0xff, 0xff, 0xff, 0xff, 0xff, 0xff, 0xff, 0x80, 0x00, 0x79, 0xff, 0xff, 0xff, 0xff, 0xff, 0xe0,
    0x7d, 0xff, 0xff, 0xff, 0xff, 0xff, 0xff, 0xff, 0xff, 0x80, 0x0f, 0x43, 0xff, 0xff, 0xff, 0xff, 0xff, 0xe0,
    0x3d, 0xff, 0xff, 0xff, 0xff, 0xff, 0xff, 0xff, 0xff, 0xff, 0x0f, 0x00, 0xff, 0xff, 0xff, 0xff, 0xff, 0xe0,
    0x7d, 0xff, 0xff, 0xff, 0xff, 0xff, 0xff, 0xff, 0xff, 0xfe, 0x8f, 0x00, 0xff, 0xff, 0xff, 0xff, 0xff, 0xe0,
    0x6d, 0xff, 0xff, 0xff, 0xff, 0xff, 0xff, 0xff, 0xff, 0xfd, 0x8f, 0x47, 0xff, 0xff, 0xff, 0xff, 0xff, 0xe0,
    0x7d, 0xff, 0xff, 0xff, 0xff, 0xff, 0xff, 0xff, 0xff, 0xfb, 0x80, 0x73, 0xff, 0xff, 0xff, 0xff, 0xff, 0xe0,
    0x3d, 0xff, 0xff, 0xff, 0xff, 0xff, 0xff, 0xff, 0xff, 0xf7, 0x9f, 0xff, 0xff, 0xff, 0xff, 0xff, 0xff, 0xe0,
    0x7d, 0xff, 0xff, 0xff, 0xff, 0xff, 0xff, 0xff, 0xff, 0xef, 0x9f, 0xff, 0xff, 0xff, 0xff, 0xff, 0xff, 0xe0,
    0x6d, 0xff, 0xff, 0xff, 0xff, 0xff, 0xff, 0xff, 0xff, 0xdf, 0x9f, 0xff, 0xff, 0xff, 0xff, 0xff, 0xff, 0xe0,
    0x7d, 0xff, 0xff, 0xff, 0xff, 0xff, 0xff, 0xff, 0xff, 0xff, 0x9f, 0xff, 0xff, 0xff, 0xff, 0xff, 0xff, 0xe0,
    0x3d, 0xff, 0xff, 0xff, 0xff, 0xff, 0xff, 0xff, 0xff, 0xff, 0x9f, 0xff, 0xff, 0xff, 0xff, 0xff, 0xff, 0xe0,
    0x7d, 0xff, 0xff, 0xff, 0xff, 0xff, 0xff, 0xff, 0xff, 0xff, 0x9f, 0xff, 0xff, 0xff, 0xff, 0xff, 0xff, 0xe0,
    0x6d, 0xff, 0xff, 0xff, 0xff, 0xff, 0xff, 0xff, 0xff, 0xff, 0x9f, 0xff, 0xff, 0xff, 0xff, 0xff, 0xff, 0xe0,
    0x7d, 0xff, 0xff, 0xff, 0xff, 0xff, 0xff, 0xff, 0xff, 0xff, 0x9f, 0xff, 0xff, 0xff, 0xff, 0xff, 0xff, 0xe0,
    0x3d, 0xf0, 0x7f, 0xff, 0xff, 0xff, 0xff, 0xff, 0xff, 0xff, 0x9f, 0xff, 0xff, 0xff, 0xff, 0xff, 0xff, 0xe0,
    0x7d, 0xf0, 0x7f, 0xff, 0xff, 0xff, 0xff, 0xff, 0xff, 0xff, 0x9f, 0xff, 0xff, 0xff, 0xff, 0xff, 0xff, 0xe0,
    0x6d, 0xef, 0xbf, 0xff, 0xff, 0xff, 0xff, 0xff, 0xff, 0xff, 0x9f, 0xff, 0xff, 0xff, 0xff, 0xff, 0xff, 0xe0,
    0x7d, 0x9e, 0x7f, 0xff, 0xff, 0xff, 0xff, 0xff, 0xff, 0xff, 0x9f, 0xff, 0xff, 0xff, 0xff, 0xff, 0xff, 0xe0,
    0x3d, 0x9e, 0x7f, 0xff, 0xff, 0xff, 0xff, 0xff, 0xff, 0xff, 0x9f, 0xff, 0xff, 0xff, 0xff, 0xff, 0xff, 0xe0,
    0x7d, 0x9d, 0xff, 0xff, 0xff, 0xff, 0xff, 0xff, 0xff, 0xff, 0x9f, 0xff, 0xff, 0xff, 0xff, 0xff, 0xff, 0xe0,
    0x6d, 0x03, 0xff, 0xff, 0xff, 0xff, 0xff, 0xff, 0xff, 0xdf, 0x9f, 0xff, 0xff, 0xff, 0xff, 0xff, 0xff, 0xe0,
    0x7d, 0x03, 0xff, 0xff, 0xff, 0xff, 0xff, 0xff, 0xff, 0xef, 0x9f, 0xff, 0xff, 0xff, 0xff, 0xff, 0xff, 0xe0,
    0x3d, 0x03, 0xff, 0xff, 0xff, 0xff, 0xff, 0xff, 0xff, 0xf7, 0x9f, 0xff, 0xff, 0xff, 0xff, 0xff, 0xff, 0xe0,
    0x7d, 0x00, 0x3f, 0xff, 0xff, 0xff, 0xff, 0xff, 0xff, 0xfb, 0x9f, 0xff, 0xff, 0xff, 0xff, 0xff, 0xff, 0xe0,
    0x6d, 0x00, 0x3f, 0xff, 0xff, 0xff, 0xff, 0xff, 0xff, 0xfd, 0x9f, 0xff, 0xff, 0xff, 0xff, 0xff, 0xff, 0xe0,
    0x7d, 0x00, 0x07, 0xff, 0xff, 0xff, 0xff, 0xff, 0xff, 0xfe, 0x9f, 0xff, 0xff, 0xff, 0xff, 0xff, 0xff, 0xe0,
    0x3d, 0x00, 0x01, 0xff, 0xff, 0xff, 0xff, 0xff, 0xff, 0xff, 0x1f, 0xff, 0xff, 0xff, 0xff, 0xff, 0xff, 0xe0,
    0x7d, 0x00, 0x01, 0xff, 0xff, 0xff, 0xff, 0xff, 0xff, 0x80, 0x1f, 0xff, 0xff, 0xff, 0xff, 0xff, 0xff, 0xe0,
    0x6d, 0x00, 0x00, 0xff, 0xff, 0xe7, 0xff, 0xff, 0xff, 0x80, 0x1f, 0xff, 0xff, 0xff, 0xff, 0xff, 0xff, 0xe0,
    0x7d, 0x00, 0x00, 0x20, 0xff, 0xe7, 0xff, 0xff, 0xff, 0xff, 0x9f, 0xff, 0xff, 0xff, 0xff, 0xff, 0xff, 0xe0,
    0x3d, 0x00, 0x00, 0x20, 0xff, 0xe7, 0xff, 0xff, 0xff, 0xff, 0x9f, 0xff, 0xff, 0xff, 0xff, 0xff, 0xff, 0xe0,
    0x7d, 0x7c, 0x00, 0x04, 0x10, 0x07, 0xff, 0xff, 0xff, 0xff, 0x9f, 0xff, 0xff, 0xff, 0xff, 0xff, 0xff, 0xe0,
    0x6d, 0x00, 0x00, 0x00, 0x60, 0x07, 0xff, 0xff, 0xff, 0xff, 0x9f, 0xff, 0x9f, 0xff, 0xff, 0xff, 0xff, 0xe0,
    0x7d, 0x00, 0x00, 0x00, 0x7f, 0xc7, 0xff, 0xff, 0xff, 0xff, 0xff, 0xff, 0x9f, 0xff, 0xff, 0xff, 0xff, 0xe0,
    0x3d, 0x00, 0x00, 0x00, 0x7f, 0xa7, 0xff, 0xff, 0xff, 0xff, 0xff, 0xff, 0x80, 0x00, 0x00, 0x00, 0x0f, 0xe0,
    0x7d, 0x01, 0xff, 0xc4, 0x1f, 0x67, 0xff, 0xff, 0xff, 0xff, 0xff, 0xff, 0x80, 0x00, 0x00, 0x00, 0x0f, 0xe0,
    0x6d, 0x01, 0xff, 0xc4, 0x1e, 0xe7, 0xff, 0xff, 0xff, 0xff, 0xff, 0xff, 0x87, 0xff, 0xef, 0xff, 0xcf, 0xe0,
    0x7d, 0x7f, 0xff, 0xe0, 0xfd, 0xe7, 0xff, 0xff, 0xff, 0xff, 0xff, 0xff, 0x87, 0xff, 0xef, 0xff, 0xcf, 0xe0,
    0x3d, 0xff, 0xff, 0xff, 0xfb, 0xe7, 0xff, 0xff, 0xff, 0xff, 0xff, 0xff, 0x87, 0xff, 0xef, 0xff, 0xcf, 0xe0,
    0x7d, 0xff, 0xff, 0xff, 0xf7, 0xe7, 0xff, 0xff, 0xff, 0xff, 0xff, 0xff, 0x87, 0xff, 0xed, 0xff, 0xcf, 0xe0,
    0x6d, 0xff, 0xff, 0xff, 0xff, 0xe7, 0xff, 0xff, 0xff, 0xff, 0xff, 0xff, 0x87, 0xff, 0xef, 0xfb, 0xcf, 0xe0,
    0x7d, 0xff, 0xff, 0xff, 0xff, 0xe7, 0xff, 0xff, 0xff, 0xff, 0xff, 0xff, 0x87, 0xff, 0xef, 0xff, 0xcf, 0xe0,
    0x3d, 0xff, 0xff, 0xff, 0xff, 0xe7, 0xff, 0xff, 0xff, 0xff, 0xff, 0xff, 0x87, 0xff, 0xef, 0xff, 0xcf, 0xe0,
    0x7d, 0xff, 0xff, 0xff, 0xff, 0xe7, 0xff, 0xff, 0xff, 0xff, 0xff, 0xff, 0x87, 0xff, 0xef, 0xff, 0xcf, 0xe0,
    0x6d, 0xff, 0xff, 0xff, 0xff, 0xe7, 0xff, 0xff, 0xff, 0xff, 0xff, 0xff, 0x87, 0xff, 0xef, 0xff, 0xcf, 0xe0,
    0x7d, 0xff, 0xff, 0xff, 0xff, 0xe7, 0xff, 0xff, 0xff, 0xff, 0xff, 0xff, 0x87, 0xff, 0xef, 0xff, 0xcf, 0xe0,
    0x3d, 0x87, 0xff, 0xff, 0xff, 0xe7, 0xff, 0xff, 0xff, 0xff, 0xff, 0xff, 0x80, 0x00, 0x00, 0x00, 0x0f, 0xe0,
    0x7d, 0x23, 0xff, 0xff, 0xff, 0xe7, 0xff, 0xff, 0xff, 0xff, 0xff, 0xff, 0x87, 0xff, 0xef, 0xff, 0xcf, 0xe0,
    0x6d, 0x93, 0xff, 0xff, 0xff, 0xe7, 0xff, 0xff, 0xff, 0xff, 0xff, 0xff, 0x87, 0xff, 0xef, 0xff, 0xcf, 0xe0,
    0x7d, 0x4b, 0xff, 0xff, 0xff, 0xe7, 0xff, 0xff, 0xff, 0xff, 0xff, 0xff, 0x87, 0xff, 0xef, 0xc7, 0xcf, 0xe0,
    0x3c, 0x25, 0xff, 0xff, 0xff, 0xe7, 0xff, 0xff, 0xff, 0xff, 0xff, 0xff, 0x87, 0xff, 0xef, 0x83, 0xcf, 0xe0,
    0x7d, 0x93, 0xff, 0xff, 0xf7, 0xe7, 0xff, 0xff, 0xff, 0xff, 0xff, 0xff, 0x87, 0xff, 0xef, 0x1d, 0xcf, 0xe0,
    0x6d, 0x4b, 0xff, 0xff, 0xfb, 0xe7, 0xff, 0xff, 0xff, 0xff, 0xff, 0xff, 0x87, 0xff, 0xef, 0x3f, 0xcf, 0xe0,
    0x7d, 0x23, 0xff, 0xff, 0xfd, 0xe7, 0xff, 0xff, 0xff, 0xff, 0xff, 0xff, 0x87, 0xff, 0xef, 0x3f, 0xcf, 0xe0,
    0x3d, 0x07, 0xff, 0xff, 0xfe, 0xe7, 0xff, 0xff, 0xff, 0xff, 0xff, 0xff, 0x87, 0xff, 0xef, 0xbf, 0xcf, 0xe0,
    0x7d, 0x7f, 0xff, 0xff, 0xff, 0x67, 0xff, 0xff, 0xff, 0xff, 0xff, 0xff, 0x87, 0xff, 0xef, 0xff, 0xcf, 0xe0,
    0x6d, 0x7f, 0xff, 0xff, 0xff, 0xa7, 0xff, 0xff, 0xff, 0xff, 0xff, 0xff, 0x87, 0xff, 0xef, 0xff, 0xcf, 0xe0,
    0x7c, 0x7f, 0xff, 0xff, 0xff, 0xc7, 0xff, 0xff, 0xff, 0xff, 0xff, 0xff, 0x87, 0xff, 0xef, 0xff, 0xcf, 0xe0,
    0x3c, 0xff, 0xff, 0xff, 0xe0, 0x07, 0xff, 0xff, 0xff, 0xff, 0xff, 0xff, 0x80, 0x00, 0x00, 0x00, 0x0f, 0xe0,
    0x7c, 0xff, 0xff, 0xff, 0xe0, 0x07, 0xff, 0xff, 0xff, 0xff, 0xff, 0xff, 0x80, 0x00, 0x00, 0x00, 0x0f, 0xe0,
    0x6c, 0xff, 0xff, 0xff, 0xff, 0xe7, 0xff, 0xff, 0xff, 0xff, 0xff, 0xff, 0x9f, 0xff, 0xff, 0xff, 0xff, 0xe0,
    0x7d, 0xff, 0xff, 0xff, 0xff, 0xe7, 0xff, 0xff, 0xff, 0xff, 0xff, 0xff, 0x9f, 0xff, 0xff, 0xff, 0xff, 0xe0,
    0x3d, 0xff, 0xff, 0xff, 0xff, 0xff, 0xff, 0xff, 0xff, 0xff, 0xff, 0xff, 0xff, 0xff, 0xff, 0xff, 0xff, 0xe0,
    0x00, 0x00, 0x00, 0x00, 0x00, 0x00, 0x00, 0x00, 0x00, 0x00, 0x00, 0x00, 0x00, 0x00, 0x00, 0x00, 0x00, 0x00,
};

static const lv_img_dsc_t cat6 = {
    .header.cf = LV_IMG_CF_INDEXED_1BIT,
    .header.always_zero = 0,
    .header.reserved = 0,
    .header.w = 140,
    .header.h = 68,
    .data_size = 1232,
    .data = cat6_map,
};

static const LV_ATTRIBUTE_MEM_ALIGN LV_ATTRIBUTE_LARGE_CONST uint8_t cat7_map[] = {
#if CONFIG_NICE_VIEW_WIDGET_INVERTED
    0xff, 0xff, 0xff, 0xff, /*Color of index 0*/
    0x00, 0x00, 0x00, 0xff, /*Color of index 1*/
#else
    0x00, 0x00, 0x00, 0xff, /*Color of index 0*/
    0xff, 0xff, 0xff, 0xff, /*Color of index 1*/
#endif
    0x00, 0x00, 0x00, 0x00, 0x00, 0x00, 0x00, 0x00, 0x00, 0x00, 0x00, 0x00, 0x00, 0x00, 0x00, 0x00, 0x00, 0x00,
    0x7d, 0xff, 0xff, 0xff, 0xff, 0xff, 0xff, 0xff, 0xff, 0xff, 0xff, 0xff, 0xff, 0xff, 0xff, 0xff, 0xff, 0xe0,
    0x3d, 0xff, 0xff, 0xff, 0xff, 0xff, 0xff, 0xff, 0xff, 0xff, 0x9f, 0xff, 0xff, 0xff, 0xff, 0xff, 0xff, 0xe0,
    0x7d, 0xff, 0xff, 0xff, 0xff, 0xff, 0xff, 0xff, 0xff, 0xff, 0x9f, 0xff, 0xff, 0xff, 0xff, 0xff, 0xff, 0xe0,
    0x6d, 0xff, 0xff, 0xff, 0xff, 0xff, 0xff, 0xff, 0xff, 0x80, 0x00, 0x79, 0xff, 0xff, 0xff, 0xff, 0xff, 0xe0,
    0x7d, 0xff, 0xff, 0xff, 0xff, 0xff, 0xff, 0xff, 0xff, 0x80, 0x0f, 0x43, 0xff, 0xff, 0xff, 0xff, 0xff, 0xe0,
    0x3d, 0xff, 0xff, 0xff, 0xff, 0xff, 0xff, 0xff, 0xff, 0xff, 0x0f, 0x00, 0xff, 0xff, 0xff, 0xff, 0xff, 0xe0,
    0x7d, 0xff, 0xff, 0xff, 0xff, 0xff, 0xff, 0xff, 0xff, 0xfe, 0x8f, 0x00, 0xff, 0xff, 0xff, 0xff, 0xff, 0xe0,
    0x6d, 0xff, 0xff, 0xff, 0xff, 0xff, 0xff, 0xff, 0xff, 0xfd, 0x8f, 0x47, 0xff, 0xff, 0xff, 0xff, 0xff, 0xe0,
    0x7d, 0xff, 0xff, 0xff, 0xff, 0xff, 0xff, 0xff, 0xff, 0xfb, 0x80, 0x73, 0xff, 0xff, 0xff, 0xff, 0xff, 0xe0,
    0x3d, 0xff, 0xff, 0xff, 0xff, 0xff, 0xff, 0xff, 0xff, 0xf7, 0x9f, 0xff, 0xff, 0xff, 0xff, 0xff, 0xff, 0xe0,
    0x7d, 0xff, 0xff, 0xff, 0xff, 0xff, 0xff, 0xff, 0xff, 0xef, 0x9f, 0xff, 0xff, 0xff, 0xff, 0xff, 0xff, 0xe0,
    0x6d, 0xff, 0xff, 0xff, 0xff, 0xff, 0xff, 0xff, 0xff, 0xdf, 0x9f, 0xff, 0xff, 0xff, 0xff, 0xff, 0xff, 0xe0,
    0x7d, 0xff, 0xff, 0xff, 0xff, 0xff, 0xff, 0xff, 0xff, 0xff, 0x9f, 0xff, 0xff, 0xff, 0xff, 0xff, 0xff, 0xe0,
    0x3d, 0xf3, 0xff, 0xff, 0xff, 0xff, 0xff, 0xff, 0xff, 0xff, 0x9f, 0xff, 0xff, 0xff, 0xff, 0xff, 0xff, 0xe0,
    0x7d, 0xf3, 0xff, 0xff, 0xff, 0xff, 0xff, 0xff, 0xff, 0xff, 0x9f, 0xff, 0xff, 0xff, 0xff, 0xff, 0xff, 0xe0,
    0x6d, 0xfd, 0xff, 0xff, 0xff, 0xff, 0xff, 0xff, 0xff, 0xff, 0x9f, 0xff, 0xff, 0xff, 0xff, 0xff, 0xff, 0xe0,
    0x7d, 0x7d, 0xff, 0xff, 0xff, 0xff, 0xff, 0xff, 0xff, 0xff, 0x9f, 0xff, 0xff, 0xff, 0xff, 0xff, 0xff, 0xe0,
    0x3d, 0x7d, 0xff, 0xff, 0xff, 0xff, 0xff, 0xff, 0xff, 0xff, 0x9f, 0xff, 0xff, 0xff, 0xff, 0xff, 0xff, 0xe0,
    0x7d, 0x01, 0xff, 0xff, 0xff, 0xff, 0xff, 0xff, 0xff, 0xff, 0x9f, 0xff, 0xff, 0xff, 0xff, 0xff, 0xff, 0xe0,
    0x6d, 0x80, 0x7f, 0xff, 0xff, 0xff, 0xff, 0xff, 0xff, 0xff, 0x9f, 0xff, 0xff, 0xff, 0xff, 0xff, 0xff, 0xe0,
    0x7d, 0x80, 0x7f, 0xff, 0xff, 0xff, 0xff, 0xff, 0xff, 0xff, 0x9f, 0xff, 0xff, 0xff, 0xff, 0xff, 0xff, 0xe0,
    0x3d, 0xe0, 0x7f, 0xff, 0xff, 0xff, 0xff, 0xff, 0xff, 0xff, 0x9f, 0xff, 0xff, 0xff, 0xff, 0xff, 0xff, 0xe0,
    0x7d, 0x00, 0x7f, 0xff, 0xff, 0xff, 0xff, 0xff, 0xff, 0xff, 0x9f, 0xff, 0xff, 0xff, 0xff, 0xff, 0xff, 0xe0,
    0x6d, 0x00, 0x7f, 0xff, 0xff, 0xff, 0xff, 0xff, 0xff, 0xdf, 0x9f, 0xff, 0xff, 0xff, 0xff, 0xff, 0xff, 0xe0,
    0x7d, 0x00, 0x7f, 0xff, 0xff, 0xff, 0xff, 0xff, 0xff, 0xef, 0x9f, 0xff, 0xff, 0xff, 0xff, 0xff, 0xff, 0xe0,
    0x3d, 0x80, 0x7f, 0xff, 0xff, 0xff, 0xff, 0xff, 0xff, 0xf7, 0x9f, 0xff, 0xff, 0xff, 0xff, 0xff, 0xff, 0xe0,
    0x7d, 0x80, 0x7f, 0xff, 0xff, 0xff, 0xff, 0xff, 0xff, 0xfb, 0x9f, 0xff, 0xff, 0xff, 0xff, 0xff, 0xff, 0xe0,
    0x6d, 0x80, 0x7f, 0xff, 0xff, 0xff, 0xff, 0xff, 0xff, 0xfd, 0x9f, 0xff, 0xff, 0xff, 0xff, 0xff, 0xff, 0xe0,
    0x7d, 0xe0, 0x7f, 0xff, 0xff, 0xff, 0xff, 0xff, 0xff, 0xfe, 0x9f, 0xff, 0xff, 0xff, 0xff, 0xff, 0xff, 0xe0,
    0x3d, 0xe0, 0x7f, 0xff, 0xff, 0xff, 0xff, 0xff, 0xff, 0xff, 0x1f, 0xff, 0xff, 0xff, 0xff, 0xff, 0xff, 0xe0,
    0x7d, 0xe0, 0x7f, 0xff, 0xff, 0xff, 0xff, 0xff, 0xff, 0x80, 0x1f, 0xff, 0xff, 0xff, 0xff, 0xff, 0xff, 0xe0,
    0x6d, 0xe0, 0x7f, 0xff, 0xff, 0xe7, 0xff, 0xff, 0xff, 0x80, 0x1f, 0xff, 0xff, 0xff, 0xff, 0xff, 0xff, 0xe0,
    0x7d, 0xe0, 0x7f, 0xff, 0xff, 0xe7, 0xff, 0xff, 0xff, 0xff, 0x9f, 0xff, 0xff, 0xff, 0xff, 0xff, 0xff, 0xe0,
    0x3d, 0x00, 0x7f, 0xff, 0xff, 0xe7, 0xff, 0xff, 0xff, 0xff, 0x9f, 0xff, 0xff, 0xff, 0xff, 0xff, 0xff, 0xe0,
    0x7d, 0x00, 0x7f, 0xff, 0xe0, 0x07, 0xff, 0xff, 0xff, 0xff, 0x9f, 0xff, 0xff, 0xff, 0xff, 0xff, 0xff, 0xe0,
    0x6d, 0x00, 0x7f, 0xff, 0xe0, 0x07, 0xff, 0xff, 0xff, 0xff, 0x9f, 0xff, 0x9f, 0xff, 0xff, 0xff, 0xff, 0xe0,
    0x7d, 0xe0, 0x0f, 0xff, 0xff, 0xc7, 0xff, 0xff, 0xff, 0xff, 0xff, 0xff, 0x9f, 0xff, 0xff, 0xff, 0xff, 0xe0,
    0x3d, 0x00, 0x41, 0xff, 0xff, 0xa7, 0xff, 0xff, 0xff, 0xff, 0xff, 0xff, 0x80, 0x00, 0x00, 0x00, 0x0f, 0xe0,
    0x7d, 0x00, 0x41, 0xff, 0xff, 0x67, 0xff, 0xff, 0xff, 0xff, 0xff, 0xff, 0x80, 0x00, 0x00, 0x00, 0x0f, 0xe0,
    0x6d, 0x00, 0x07, 0xff, 0xfe, 0xe7, 0xff, 0xff, 0xff, 0xff, 0xff, 0xff, 0x87, 0xff, 0xef, 0xff, 0xcf, 0xe0,
    0x7d, 0xf0, 0x07, 0xff, 0xfd, 0xe7, 0xff, 0xff, 0xff, 0xff, 0xff, 0xff, 0x87, 0xff, 0xef, 0xff, 0xcf, 0xe0,
    0x3d, 0xf0, 0x07, 0xff, 0xfb, 0xe7, 0xff, 0xff, 0xff, 0xff, 0xff, 0xff, 0x87, 0xff, 0xef, 0xff, 0xcf, 0xe0,
    0x7d, 0xfe, 0x41, 0xff, 0xf7, 0xe7, 0xff, 0xff, 0xff, 0xff, 0xff, 0xff, 0x87, 0xff, 0xed, 0xff, 0xcf, 0xe0,
    0x6d, 0xff, 0xff, 0xff, 0xff, 0xe7, 0xff, 0xff, 0xff, 0xff, 0xff, 0xff, 0x87, 0xff, 0xef, 0xfb, 0xcf, 0xe0,
    0x7d, 0xff, 0xff, 0xff, 0xff, 0xe7, 0xff, 0xff, 0xff, 0xff, 0xff, 0xff, 0x87, 0xff, 0xef, 0xff, 0xcf, 0xe0,
    0x3d, 0xff, 0xff, 0xff, 0xff, 0xe7, 0xff, 0xff, 0xff, 0xff, 0xff, 0xff, 0x87, 0xff, 0xef, 0xff, 0xcf, 0xe0,
    0x7d, 0xff, 0xff, 0xff, 0xff, 0xe7, 0xff, 0xff, 0xff, 0xff, 0xff, 0xff, 0x87, 0xff, 0xef, 0xff, 0xcf, 0xe0,
    0x6d, 0xff, 0xff, 0xff, 0xff, 0xe7, 0xff, 0xff, 0xff, 0xff, 0xff, 0xff, 0x87, 0xff, 0xef, 0xff, 0xcf, 0xe0,
    0x7d, 0xff, 0xff, 0xff, 0xff, 0xe7, 0xff, 0xff, 0xff, 0xff, 0xff, 0xff, 0x87, 0xff, 0xef, 0xff, 0xcf, 0xe0,
    0x3d, 0x87, 0xff, 0xff, 0xff, 0xe7, 0xff, 0xff, 0xff, 0xff, 0xff, 0xff, 0x80, 0x00, 0x00, 0x00, 0x0f, 0xe0,
    0x7d, 0x23, 0xff, 0xff, 0xff, 0xe7, 0xff, 0xff, 0xff, 0xff, 0xff, 0xff, 0x87, 0xff, 0xef, 0xff, 0xcf, 0xe0,
    0x6d, 0x93, 0xff, 0xff, 0xff, 0xe7, 0xff, 0xff, 0xff, 0xff, 0xff, 0xff, 0x87, 0xff, 0xef, 0xff, 0xcf, 0xe0,
    0x7d, 0x4b, 0xff, 0xff, 0xff, 0xe7, 0xff, 0xff, 0xff, 0xff, 0xff, 0xff, 0x87, 0xff, 0xef, 0xc7, 0xcf, 0xe0,
    0x3c, 0x25, 0xff, 0xff, 0xff, 0xe7, 0xff, 0xff, 0xff, 0xff, 0xff, 0xff, 0x87, 0xff, 0xef, 0x83, 0xcf, 0xe0,
    0x7d, 0x93, 0xff, 0xff, 0xf7, 0xe7, 0xff, 0xff, 0xff, 0xff, 0xff, 0xff, 0x87, 0xff, 0xef, 0x1d, 0xcf, 0xe0,
    0x6d, 0x4b, 0xff, 0xff, 0xfb, 0xe7, 0xff, 0xff, 0xff, 0xff, 0xff, 0xff, 0x87, 0xff, 0xef, 0x3f, 0xcf, 0xe0,
    0x7d, 0x23, 0xff, 0xff, 0xfd, 0xe7, 0xff, 0xff, 0xff, 0xff, 0xff, 0xff, 0x87, 0xef, 0xef, 0x3f, 0xcf, 0xe0,
    0x3d, 0x07, 0xff, 0xff, 0xfe, 0xe7, 0xff, 0xff, 0xff, 0xff, 0xff, 0xff, 0x87, 0xff, 0xef, 0xbf, 0xcf, 0xe0,
    0x7d, 0x7f, 0xff, 0xff, 0xff, 0x67, 0xff, 0xff, 0xff, 0xff, 0xff, 0xff, 0x87, 0xff, 0xef, 0xff, 0xcf, 0xe0,
    0x6d, 0x7f, 0xff, 0xff, 0xff, 0xa7, 0xff, 0xff, 0xff, 0xff, 0xff, 0xff, 0x87, 0xff, 0xef, 0xff, 0xcf, 0xe0,
    0x7c, 0x7f, 0xff, 0xff, 0xff, 0xc7, 0xff, 0xff, 0xff, 0xff, 0xff, 0xff, 0x87, 0xff, 0xef, 0xff, 0xcf, 0xe0,
    0x3c, 0xff, 0xff, 0xff, 0xe0, 0x07, 0xff, 0xff, 0xff, 0xff, 0xff, 0xff, 0x80, 0x00, 0x00, 0x00, 0x0f, 0xe0,
    0x7c, 0xff, 0xff, 0xff, 0xe0, 0x07, 0xff, 0xff, 0xff, 0xff, 0xff, 0xff, 0x80, 0x00, 0x00, 0x00, 0x0f, 0xe0,
    0x6c, 0xff, 0xff, 0xff, 0xff, 0xe7, 0xff, 0xff, 0xff, 0xff, 0xff, 0xff, 0x9f, 0xff, 0xff, 0xff, 0xff, 0xe0,
    0x7d, 0xff, 0xff, 0xff, 0xff, 0xe7, 0xff, 0xff, 0xff, 0xff, 0xff, 0xff, 0x9f, 0xff, 0xff, 0xff, 0xff, 0xe0,
    0x3d, 0xff, 0xff, 0xff, 0xff, 0xff, 0xff, 0xff, 0xff, 0xff, 0xff, 0xff, 0xff, 0xff, 0xff, 0xff, 0xff, 0xe0,
    0x00, 0x00, 0x00, 0x00, 0x00, 0x00, 0x00, 0x00, 0x00, 0x00, 0x00, 0x00, 0x00, 0x00, 0x00, 0x00, 0x00, 0x00,
};

static const lv_img_dsc_t cat7 = {
    .header.cf = LV_IMG_CF_INDEXED_1BIT,
    .header.always_zero = 0,
    .header.reserved = 0,
    .header.w = 140,
    .header.h = 68,
    .data_size = 1232,
    .data = cat7_map,
};

static const LV_ATTRIBUTE_MEM_ALIGN LV_ATTRIBUTE_LARGE_CONST uint8_t cat8_map[] = {
#if CONFIG_NICE_VIEW_WIDGET_INVERTED
    0xff, 0xff, 0xff, 0xff, /*Color of index 0*/
    0x00, 0x00, 0x00, 0xff, /*Color of index 1*/
#else
    0x00, 0x00, 0x00, 0xff, /*Color of index 0*/
    0xff, 0xff, 0xff, 0xff, /*Color of index 1*/
#endif
    0x00, 0x00, 0x00, 0x00, 0x00, 0x00, 0x00, 0x00, 0x00, 0x00, 0x00, 0x00, 0x00, 0x00, 0x00, 0x00, 0x00, 0x00,
    0x7d, 0xff, 0xff, 0xff, 0xff, 0xff, 0xff, 0xff, 0xff, 0xff, 0xff, 0xff, 0xff, 0xff, 0xff, 0xff, 0xff, 0xe0,
    0x3d, 0xff, 0xff, 0xff, 0xff, 0xff, 0xff, 0xff, 0xff, 0xff, 0x9f, 0xff, 0xff, 0xff, 0xff, 0xff, 0xff, 0xe0,
    0x7d, 0xff, 0xff, 0xff, 0xff, 0xff, 0xff, 0xff, 0xff, 0xff, 0x9f, 0xff, 0xff, 0xff, 0xff, 0xff, 0xff, 0xe0,
    0x6d, 0xff, 0xff, 0xff, 0xff, 0xff, 0xff, 0xff, 0xff, 0x80, 0x00, 0x79, 0xff, 0xff, 0xff, 0xff, 0xff, 0xe0,
    0x7d, 0xff, 0xff, 0xff, 0xff, 0xff, 0xff, 0xff, 0xff, 0x80, 0x0f, 0x43, 0xff, 0xff, 0xff, 0xff, 0xff, 0xe0,
    0x3d, 0xff, 0xff, 0xff, 0xff, 0xff, 0xff, 0xff, 0xff, 0xff, 0x0f, 0x00, 0xff, 0xff, 0xff, 0xff, 0xff, 0xe0,
    0x7d, 0xff, 0xff, 0xff, 0xff, 0xff, 0xff, 0xff, 0xff, 0xfe, 0x8f, 0x00, 0xff, 0xff, 0xff, 0xff, 0xff, 0xe0,
    0x6d, 0xff, 0xff, 0xff, 0xff, 0xff, 0xff, 0xff, 0xff, 0xfd, 0x8f, 0x47, 0xff, 0xff, 0xff, 0xff, 0xff, 0xe0,
    0x7d, 0xff, 0xff, 0xff, 0xff, 0xff, 0xff, 0xff, 0xff, 0xfb, 0x80, 0x73, 0xff, 0xff, 0xff, 0xff, 0xff, 0xe0,
    0x3d, 0xff, 0xff, 0xff, 0xff, 0xff, 0xff, 0xff, 0xff, 0xf7, 0x9f, 0xff, 0xff, 0xff, 0xff, 0xff, 0xff, 0xe0,
    0x7d, 0xff, 0xff, 0xff, 0xff, 0xff, 0xff, 0xff, 0xff, 0xef, 0x9f, 0xff, 0xff, 0xff, 0xff, 0xff, 0xff, 0xe0,
    0x6d, 0xff, 0xff, 0xff, 0xff, 0xff, 0xff, 0xff, 0xff, 0xdf, 0x9f, 0xff, 0xff, 0xff, 0xff, 0xff, 0xff, 0xe0,
    0x7d, 0xff, 0xff, 0xff, 0xff, 0xff, 0xff, 0xff, 0xff, 0xff, 0x9f, 0xff, 0xff, 0xff, 0xff, 0xff, 0xff, 0xe0,
    0x3d, 0xf3, 0xff, 0xff, 0xff, 0xff, 0xff, 0xff, 0xff, 0xff, 0x9f, 0xff, 0xff, 0xff, 0xff, 0xff, 0xff, 0xe0,
    0x7d, 0xf3, 0xff, 0xff, 0xff, 0xff, 0xff, 0xff, 0xff, 0xff, 0x9f, 0xff, 0xff, 0xff, 0xff, 0xff, 0xff, 0xe0,
    0x6d, 0xfd, 0xff, 0xff, 0xff, 0xff, 0xff, 0xff, 0xff, 0xff, 0x9f, 0xff, 0xff, 0xff, 0xff, 0xff, 0xff, 0xe0,
    0x7d, 0x7d, 0xff, 0xff, 0xff, 0xff, 0xff, 0xff, 0xff, 0xff, 0x9f, 0xff, 0xff, 0xff, 0xff, 0xff, 0xff, 0xe0,
    0x3d, 0x7d, 0xff, 0xff, 0xff, 0xff, 0xff, 0xff, 0xff, 0xff, 0x9f, 0xff, 0xff, 0xff, 0xff, 0xff, 0xff, 0xe0,
    0x7d, 0x01, 0xff, 0xff, 0xff, 0xff, 0xff, 0xff, 0xff, 0xff, 0x9f, 0xff, 0xff, 0xff, 0xff, 0xff, 0xff, 0xe0,
    0x6d, 0x80, 0x7f, 0xff, 0xff, 0xff, 0xff, 0xff, 0xff, 0xff, 0x9f, 0xff, 0xff, 0xff, 0xff, 0xff, 0xff, 0xe0,
    0x7d, 0x80, 0x7f, 0xff, 0xff, 0xff, 0xff, 0xff, 0xff, 0xff, 0x9f, 0xff, 0xff, 0xff, 0xff, 0xff, 0xff, 0xe0,
    0x3d, 0xe0, 0x7f, 0xff, 0xff, 0xff, 0xff, 0xff, 0xff, 0xff, 0x9f, 0xff, 0xff, 0xff, 0xff, 0xff, 0xff, 0xe0,
    0x7d, 0x00, 0x7f, 0xff, 0xff, 0xff, 0xff, 0xff, 0xff, 0xff, 0x9f, 0xff, 0xff, 0xff, 0xff, 0xff, 0xff, 0xe0,
    0x6d, 0x00, 0x7f, 0xff, 0xff, 0xff, 0xff, 0xff, 0xff, 0xdf, 0x9f, 0xff, 0xff, 0xff, 0xff, 0xff, 0xff, 0xe0,
    0x7d, 0x00, 0x7f, 0xff, 0xff, 0xff, 0xff, 0xff, 0xff, 0xef, 0x9f, 0xff, 0xff, 0xff, 0xff, 0xff, 0xff, 0xe0,
    0x3d, 0x80, 0x7f, 0xff, 0xff, 0xff, 0xff, 0xff, 0xff, 0xf7, 0x9f, 0xff, 0xff, 0xff, 0xff, 0xff, 0xff, 0xe0,
    0x7d, 0x80, 0x7f, 0xff, 0xff, 0xff, 0xff, 0xff, 0xff, 0xfb, 0x9f, 0xff, 0xff, 0xff, 0xff, 0xff, 0xff, 0xe0,
    0x6d, 0x80, 0x7f, 0xff, 0xff, 0xff, 0xff, 0xff, 0xff, 0xfd, 0x9f, 0xff, 0xff, 0xff, 0xff, 0xff, 0xff, 0xe0,
    0x7d, 0xe0, 0x7f, 0xff, 0xff, 0xff, 0xff, 0xff, 0xff, 0xfe, 0x9f, 0xff, 0xff, 0xff, 0xff, 0xff, 0xff, 0xe0,
    0x3d, 0xe0, 0x7f, 0xff, 0xff, 0xff, 0xff, 0xff, 0xff, 0xff, 0x1f, 0xff, 0xff, 0xff, 0xff, 0xff, 0xff, 0xe0,
    0x7d, 0xe0, 0x7f, 0xff, 0xff, 0xff, 0xff, 0xff, 0xff, 0x80, 0x1f, 0xff, 0xff, 0xff, 0xff, 0xff, 0xff, 0xe0,
    0x6d, 0xe0, 0x7f, 0xff, 0xff, 0xe7, 0xff, 0xff, 0xff, 0x80, 0x1f, 0xff, 0xff, 0xff, 0xff, 0xff, 0xff, 0xe0,
    0x7d, 0xe0, 0x7f, 0xff, 0xff, 0xe7, 0xff, 0xff, 0xff, 0xff, 0x9f, 0xff, 0xff, 0xff, 0xff, 0xff, 0xff, 0xe0,
    0x3d, 0x00, 0x7f, 0xff, 0xff, 0xe7, 0xff, 0xff, 0xff, 0xff, 0x9f, 0xff, 0xff, 0xff, 0xff, 0xff, 0xff, 0xe0,
    0x7d, 0x00, 0x7f, 0xff, 0xe0, 0x07, 0xff, 0xff, 0xff, 0xff, 0x9f, 0xff, 0xff, 0xff, 0xff, 0xff, 0xff, 0xe0,
    0x6d, 0x00, 0x7f, 0xff, 0xe0, 0x07, 0xff, 0xff, 0xff, 0xff, 0x9f, 0xff, 0x9f, 0xff, 0xff, 0xff, 0xff, 0xe0,
    0x7d, 0xe0, 0x0f, 0xff, 0xff, 0xc7, 0xff, 0xff, 0xff, 0xff, 0xff, 0xff, 0x9f, 0xff, 0xff, 0xff, 0xff, 0xe0,
    0x3d, 0x00, 0x41, 0xff, 0xff, 0xa7, 0xff, 0xff, 0xff, 0xff, 0xff, 0xff, 0x80, 0x00, 0x00, 0x00, 0x0f, 0xe0,
    0x7d, 0x00, 0x41, 0xff, 0xff, 0x67, 0xff, 0xff, 0xff, 0xff, 0xff, 0xff, 0x80, 0x00, 0x00, 0x00, 0x0f, 0xe0,
    0x6d, 0x00, 0x07, 0xff, 0xfe, 0xe7, 0xff, 0xff, 0xff, 0xff, 0xff, 0xff, 0x87, 0xff, 0xef, 0xff, 0xcf, 0xe0,
    0x7d, 0xf0, 0x07, 0xff, 0xfd, 0xe7, 0xff, 0xff, 0xff, 0xff, 0xff, 0xff, 0x87, 0xff, 0xef, 0xff, 0xcf, 0xe0,
    0x3d, 0xf0, 0x07, 0xff, 0xfb, 0xe7, 0xff, 0xff, 0xff, 0xff, 0xff, 0xff, 0x87, 0xff, 0xef, 0xff, 0xcf, 0xe0,
    0x7d, 0xfe, 0x41, 0xff, 0xf7, 0xe7, 0xff, 0xff, 0xff, 0xff, 0xff, 0xff, 0x87, 0xff, 0xed, 0xff, 0xcf, 0xe0,
    0x6d, 0xff, 0xff, 0xff, 0xff, 0xe7, 0xff, 0xff, 0xff, 0xff, 0xff, 0xff, 0x87, 0xff, 0xef, 0xfb, 0xcf, 0xe0,
    0x7d, 0xff, 0xff, 0xff, 0xff, 0xe7, 0xff, 0xff, 0xff, 0xff, 0xff, 0xff, 0x87, 0xff, 0xef, 0xff, 0xcf, 0xe0,
    0x3d, 0xff, 0xff, 0xff, 0xff, 0xe7, 0xff, 0xff, 0xff, 0xff, 0xff, 0xff, 0x87, 0xff, 0xef, 0xff, 0xcf, 0xe0,
    0x7d, 0xff, 0xff, 0xff, 0xff, 0xe7, 0xff, 0xff, 0xff, 0xff, 0xff, 0xff, 0x87, 0xff, 0xef, 0xff, 0xcf, 0xe0,
    0x6d, 0xff, 0xff, 0xff, 0xff, 0xe7, 0xff, 0xff, 0xff, 0xff, 0xff, 0xff, 0x87, 0xff, 0xef, 0xff, 0xcf, 0xe0,
    0x7d, 0xff, 0xff, 0xff, 0xff, 0xe7, 0xff, 0xff, 0xff, 0xff, 0xff, 0xff, 0x87, 0xff, 0xef, 0xff, 0xcf, 0xe0,
    0x3d, 0x87, 0xff, 0xff, 0xff, 0xe7, 0xff, 0xff, 0xff, 0xff, 0xff, 0xff, 0x80, 0x00, 0x00, 0x00, 0x0f, 0xe0,
    0x7d, 0x23, 0xff, 0xff, 0xff, 0xe7, 0xff, 0xff, 0xff, 0xff, 0xff, 0xff, 0x87, 0xff, 0xef, 0xff, 0xcf, 0xe0,
    0x6d, 0x93, 0xff, 0xff, 0xff, 0xe7, 0xff, 0xff, 0xff, 0xff, 0xff, 0xff, 0x87, 0xff, 0xef, 0xff, 0xcf, 0xe0,
    0x7d, 0x4b, 0xff, 0xff, 0xff, 0xe7, 0xff, 0xff, 0xff, 0xff, 0xff, 0xff, 0x87, 0xff, 0xef, 0xc7, 0xcf, 0xe0,
    0x3c, 0x25, 0xff, 0xff, 0xff, 0xe7, 0xff, 0xff, 0xff, 0xff, 0xff, 0xff, 0x87, 0xff, 0xef, 0x83, 0xcf, 0xe0,
    0x7d, 0x93, 0xff, 0xff, 0xf7, 0xe7, 0xff, 0xff, 0xff, 0xff, 0xff, 0xff, 0x87, 0xff, 0xef, 0x1d, 0xcf, 0xe0,
    0x6d, 0x4b, 0xff, 0xff, 0xfb, 0xe7, 0xff, 0xff, 0xff, 0xff, 0xff, 0xff, 0x87, 0xff, 0xef, 0x3f, 0xcf, 0xe0,
    0x7d, 0x23, 0xff, 0xff, 0xfd, 0xe7, 0xff, 0xff, 0xff, 0xff, 0xff, 0xff, 0x87, 0xef, 0xef, 0x3f, 0xcf, 0xe0,
    0x3d, 0x07, 0xff, 0xff, 0xfe, 0xe7, 0xff, 0xff, 0xff, 0xff, 0xff, 0xff, 0x87, 0xff, 0xef, 0xbf, 0xcf, 0xe0,
    0x7d, 0x7f, 0xff, 0xff, 0xff, 0x67, 0xff, 0xff, 0xff, 0xff, 0xff, 0xff, 0x87, 0xff, 0xef, 0xff, 0xcf, 0xe0,
    0x6d, 0x7f, 0xff, 0xff, 0xff, 0xa7, 0xff, 0xff, 0xff, 0xff, 0xff, 0xff, 0x87, 0xff, 0xef, 0xff, 0xcf, 0xe0,
    0x7c, 0x7f, 0xff, 0xff, 0xff, 0xc7, 0xff, 0xff, 0xff, 0xff, 0xff, 0xff, 0x87, 0xff, 0xef, 0xff, 0xcf, 0xe0,
    0x3c, 0xff, 0xff, 0xff, 0xe0, 0x07, 0xff, 0xff, 0xff, 0xff, 0xff, 0xff, 0x80, 0x00, 0x00, 0x00, 0x0f, 0xe0,
    0x7c, 0xff, 0xff, 0xff, 0xe0, 0x07, 0xff, 0xff, 0xff, 0xff, 0xff, 0xff, 0x80, 0x00, 0x00, 0x00, 0x0f, 0xe0,
    0x6c, 0xff, 0xff, 0xff, 0xff, 0xe7, 0xff, 0xff, 0xff, 0xff, 0xff, 0xff, 0x9f, 0xff, 0xff, 0xff, 0xff, 0xe0,
    0x7d, 0xff, 0xff, 0xff, 0xff, 0xe7, 0xff, 0xff, 0xff, 0xff, 0xff, 0xff, 0x9f, 0xff, 0xff, 0xff, 0xff, 0xe0,
    0x3d, 0xff, 0xff, 0xff, 0xff, 0xff, 0xff, 0xff, 0xff, 0xff, 0xff, 0xff, 0xff, 0xff, 0xff, 0xff, 0xff, 0xe0,
    0x00, 0x00, 0x00, 0x00, 0x00, 0x00, 0x00, 0x00, 0x00, 0x00, 0x00, 0x00, 0x00, 0x00, 0x00, 0x00, 0x00, 0x00,
};

static const lv_img_dsc_t cat8 = {
    .header.cf = LV_IMG_CF_INDEXED_1BIT,
    .header.always_zero = 0,
    .header.reserved = 0,
    .header.w = 140,
    .header.h = 68,
    .data_size = 1232,
    .data = cat8_map,
};

static const LV_ATTRIBUTE_MEM_ALIGN LV_ATTRIBUTE_LARGE_CONST uint8_t cat9_map[] = {
#if CONFIG_NICE_VIEW_WIDGET_INVERTED
    0xff, 0xff, 0xff, 0xff, /*Color of index 0*/
    0x00, 0x00, 0x00, 0xff, /*Color of index 1*/
#else
    0x00, 0x00, 0x00, 0xff, /*Color of index 0*/
    0xff, 0xff, 0xff, 0xff, /*Color of index 1*/
#endif
    0x00, 0x00, 0x00, 0x00, 0x00, 0x00, 0x00, 0x00, 0x00, 0x00, 0x00, 0x00, 0x00, 0x00, 0x00, 0x00, 0x00, 0x00,
    0x7d, 0xff, 0xff, 0xff, 0xff, 0xff, 0xff, 0xff, 0xff, 0xff, 0xff, 0xff, 0xff, 0xff, 0xff, 0xff, 0xff, 0xe0,
    0x3d, 0xff, 0xff, 0xff, 0xff, 0xff, 0xff, 0xff, 0xff, 0xff, 0x9f, 0xff, 0xff, 0xff, 0xff, 0xff, 0xff, 0xe0,
    0x7d, 0xff, 0xff, 0xff, 0xff, 0xff, 0xff, 0xff, 0xff, 0xff, 0x9f, 0xff, 0xff, 0xff, 0xff, 0xff, 0xff, 0xe0,
    0x6d, 0xff, 0xff, 0xff, 0xff, 0xff, 0xff, 0xff, 0xff, 0x80, 0x00, 0x79, 0xff, 0xff, 0xff, 0xff, 0xff, 0xe0,
    0x7d, 0xff, 0xff, 0xff, 0xff, 0xff, 0xff, 0xff, 0xff, 0x80, 0x0f, 0x43, 0xff, 0xff, 0xff, 0xff, 0xff, 0xe0,
    0x3d, 0xff, 0xff, 0xff, 0xff, 0xff, 0xff, 0xff, 0xff, 0xff, 0x0f, 0x00, 0xff, 0xff, 0xff, 0xff, 0xff, 0xe0,
    0x7d, 0xff, 0xff, 0xff, 0xff, 0xff, 0xff, 0xff, 0xff, 0xfe, 0x8f, 0x00, 0xff, 0xff, 0xff, 0xff, 0xff, 0xe0,
    0x6d, 0xff, 0xff, 0xff, 0xff, 0xff, 0xff, 0xff, 0xff, 0xfd, 0x8f, 0x47, 0xff, 0xff, 0xff, 0xff, 0xff, 0xe0,
    0x7d, 0xff, 0xff, 0xff, 0xff, 0xff, 0xff, 0xff, 0xff, 0xfb, 0x80, 0x73, 0xff, 0xff, 0xff, 0xff, 0xff, 0xe0,
    0x3d, 0xff, 0xff, 0xff, 0xff, 0xff, 0xff, 0xff, 0xff, 0xf7, 0x9f, 0xff, 0xff, 0xff, 0xff, 0xff, 0xff, 0xe0,
    0x7d, 0xff, 0xff, 0xff, 0xff, 0xff, 0xff, 0xff, 0xff, 0xef, 0x9f, 0xff, 0xff, 0xff, 0xff, 0xff, 0xff, 0xe0,
    0x6d, 0xff, 0x7f, 0xff, 0xff, 0xff, 0xff, 0xff, 0xff, 0xdf, 0x9f, 0xff, 0xff, 0xff, 0xff, 0xff, 0xff, 0xe0,
    0x7d, 0xfe, 0x3f, 0xff, 0xff, 0xff, 0xff, 0xff, 0xff, 0xff, 0x9f, 0xff, 0xff, 0xff, 0xff, 0xff, 0xff, 0xe0,
    0x3d, 0xfe, 0x8f, 0xff, 0xff, 0xff, 0xff, 0xff, 0xff, 0xff, 0x9f, 0xff, 0xff, 0xff, 0xff, 0xff, 0xff, 0xe0,
    0x7d, 0xff, 0xe7, 0xff, 0xff, 0xff, 0xff, 0xff, 0xff, 0xff, 0x9f, 0xff, 0xff, 0xff, 0xff, 0xff, 0xff, 0xe0,
    0x6d, 0xf7, 0xc7, 0xff, 0xff, 0xff, 0xff, 0xff, 0xff, 0xff, 0x9f, 0xff, 0xff, 0xff, 0xff, 0xff, 0xff, 0xe0,
    0x7d, 0xf1, 0xc3, 0xff, 0xff, 0xff, 0xff, 0xff, 0xff, 0xff, 0x9f, 0xff, 0xff, 0xff, 0xff, 0xff, 0xff, 0xe0,
    0x3d, 0xf0, 0x43, 0xff, 0xff, 0xff, 0xff, 0xff, 0xff, 0xff, 0x9f, 0xff, 0xff, 0xff, 0xff, 0xff, 0xff, 0xe0,
    0x7d, 0xfc, 0x01, 0xff, 0xff, 0xff, 0xff, 0xff, 0xff, 0xff, 0x9f, 0xff, 0xff, 0xff, 0xff, 0xff, 0xff, 0xe0,
    0x6d, 0xff, 0x80, 0xff, 0xff, 0xff, 0xff, 0xff, 0xff, 0xff, 0x9f, 0xff, 0xff, 0xff, 0xff, 0xff, 0xff, 0xe0,
    0x7d, 0xff, 0x80, 0xff, 0xff, 0xff, 0xff, 0xff, 0xff, 0xff, 0x9f, 0xff, 0xff, 0xff, 0xff, 0xff, 0xff, 0xe0,
    0x3d, 0xff, 0xc0, 0x7f, 0xff, 0xff, 0xff, 0xff, 0xff, 0xff, 0x9f, 0xff, 0xff, 0xff, 0xff, 0xff, 0xff, 0xe0,
    0x7d, 0xff, 0xf0, 0x7f, 0xff, 0xff, 0xff, 0xff, 0xff, 0xff, 0x9f, 0xff, 0xff, 0xff, 0xff, 0xff, 0xff, 0xe0,
    0x6d, 0xff, 0xf8, 0x3f, 0xff, 0xff, 0xff, 0xff, 0xff, 0xdf, 0x9f, 0xff, 0xff, 0xff, 0xff, 0xff, 0xff, 0xe0,
    0x7d, 0xff, 0xf8, 0x3f, 0xff, 0xff, 0xff, 0xff, 0xff, 0xef, 0x9f, 0xff, 0xff, 0xff, 0xff, 0xff, 0xff, 0xe0,
    0x3d, 0xff, 0xfc, 0x1f, 0xff, 0xff, 0xff, 0xff, 0xff, 0xf7, 0x9f, 0xff, 0xff, 0xff, 0xff, 0xff, 0xff, 0xe0,
    0x7d, 0xff, 0xfc, 0x1f, 0xff, 0xff, 0xff, 0xff, 0xff, 0xfb, 0x9f, 0xff, 0xff, 0xff, 0xff, 0xff, 0xff, 0xe0,
    0x6d, 0xff, 0xfe, 0x0f, 0xff, 0xff, 0xff, 0xff, 0xff, 0xfd, 0x9f, 0xff, 0xff, 0xff, 0xff, 0xff, 0xff, 0xe0,
    0x7d, 0xff, 0xfe, 0x0f, 0xff, 0xff, 0xff, 0xff, 0xff, 0xfe, 0x9f, 0xff, 0xff, 0xff, 0xff, 0xff, 0xff, 0xe0,
    0x3d, 0xff, 0xff, 0x07, 0xff, 0xff, 0xff, 0xff, 0xff, 0xff, 0x1f, 0xff, 0xff, 0xff, 0xff, 0xff, 0xff, 0xe0,
    0x7d, 0xff, 0xff, 0x03, 0xff, 0xff, 0xff, 0xff, 0xff, 0x80, 0x1f, 0xff, 0xff, 0xff, 0xff, 0xff, 0xff, 0xe0,
    0x6d, 0xff, 0xff, 0x83, 0xff, 0xe7, 0xff, 0xff, 0xff, 0x80, 0x1f, 0xff, 0xff, 0xff, 0xff, 0xff, 0xff, 0xe0,
    0x7d, 0xff, 0xff, 0x81, 0xff, 0xe7, 0xff, 0xff, 0xff, 0xff, 0x9f, 0xff, 0xff, 0xff, 0xff, 0xff, 0xff, 0xe0,
    0x3d, 0xff, 0xff, 0xc1, 0xff, 0xe7, 0xff, 0xff, 0xff, 0xff, 0x9f, 0xff, 0xff, 0xff, 0xff, 0xff, 0xff, 0xe0,
    0x7d, 0xff, 0xff, 0x80, 0xd8, 0x07, 0xff, 0xff, 0xff, 0xff, 0x9f, 0xff, 0xff, 0xff, 0xff, 0xff, 0xff, 0xe0,
    0x6d, 0xff, 0xff, 0x80, 0x04, 0x07, 0xff, 0xff, 0xff, 0xff, 0x9f, 0xff, 0x9f, 0xff, 0xff, 0xff, 0xff, 0xe0,
    0x7d, 0xff, 0xff, 0xc0, 0x0f, 0xc7, 0xff, 0xff, 0xff, 0xff, 0xff, 0xff, 0x9f, 0xff, 0xff, 0xff, 0xff, 0xe0,
    0x3d, 0xff, 0xff, 0xe0, 0x07, 0xa7, 0xff, 0xff, 0xff, 0xff, 0xff, 0xff, 0x80, 0x00, 0x00, 0x00, 0x0f, 0xe0,
    0x7d, 0xff, 0xff, 0xc0, 0x47, 0x67, 0xff, 0xff, 0xff, 0xff, 0xff, 0xff, 0x80, 0x00, 0x00, 0x00, 0x0f, 0xe0,
    0x6d, 0xff, 0xff, 0xc8, 0x44, 0xe7, 0xff, 0xff, 0xff, 0xff, 0xff, 0xff, 0x87, 0xff, 0xef, 0xff, 0xcf, 0xe0,
    0x7d, 0xff, 0xff, 0xcc, 0x07, 0xe7, 0xff, 0xff, 0xff, 0xff, 0xff, 0xff, 0x87, 0xff, 0xef, 0xff, 0xcf, 0xe0,
    0x3d, 0xff, 0xff, 0x9f, 0x4b, 0xe7, 0xff, 0xff, 0xff, 0xff, 0xff, 0xff, 0x87, 0xff, 0xef, 0xff, 0xcf, 0xe0,
    0x7d, 0xff, 0xff, 0xcf, 0xd7, 0xe7, 0xff, 0xff, 0xff, 0xff, 0xff, 0xff, 0x87, 0xff, 0xef, 0xff, 0xcf, 0xe0,
    0x6d, 0xff, 0xff, 0xdf, 0xff, 0xe7, 0xff, 0xff, 0xff, 0xff, 0xff, 0xff, 0x87, 0xff, 0xef, 0xfb, 0xcf, 0xe0,
    0x7d, 0xff, 0xff, 0xff, 0xff, 0xe7, 0xff, 0xff, 0xff, 0xff, 0xff, 0xff, 0x87, 0xff, 0xef, 0xff, 0xcf, 0xe0,
    0x3d, 0xff, 0xff, 0xff, 0xff, 0xe7, 0xff, 0xff, 0xff, 0xff, 0xff, 0xff, 0x87, 0xff, 0xef, 0xff, 0xcf, 0xe0,
    0x7d, 0xff, 0xff, 0xff, 0xff, 0xe7, 0xff, 0xff, 0xff, 0xff, 0xff, 0xff, 0x87, 0xff, 0xef, 0xff, 0xcf, 0xe0,
    0x6d, 0xff, 0xff, 0xff, 0xff, 0xe7, 0xff, 0xff, 0xff, 0xff, 0xff, 0xff, 0x87, 0xff, 0xef, 0xff, 0xcf, 0xe0,
    0x7d, 0xff, 0xff, 0xff, 0xff, 0xe7, 0xff, 0xff, 0xff, 0xff, 0xff, 0xff, 0x87, 0xff, 0xef, 0xff, 0xcf, 0xe0,
    0x3d, 0x87, 0xff, 0xff, 0xff, 0xe7, 0xff, 0xff, 0xff, 0xff, 0xff, 0xff, 0x80, 0x00, 0x00, 0x00, 0x0f, 0xe0,
    0x7d, 0x23, 0xff, 0xff, 0xff, 0xe7, 0xff, 0xff, 0xff, 0xff, 0xff, 0xff, 0x87, 0xff, 0xef, 0xff, 0xcf, 0xe0,
    0x6d, 0x93, 0xff, 0xff, 0xff, 0xe7, 0xff, 0xff, 0xff, 0xff, 0xff, 0xff, 0x87, 0xff, 0xef, 0xff, 0xcf, 0xe0,
    0x7d, 0x4b, 0xff, 0xff, 0xff, 0xe7, 0xff, 0xff, 0xff, 0xff, 0xff, 0xff, 0x87, 0xff, 0xef, 0xc7, 0xcf, 0xe0,
    0x3c, 0x25, 0xff, 0xff, 0xff, 0xe7, 0xff, 0xff, 0xff, 0xff, 0xff, 0xff, 0x87, 0xff, 0xef, 0x83, 0xcf, 0xe0,
    0x7d, 0x93, 0xff, 0xff, 0xf7, 0xe7, 0xff, 0xff, 0xff, 0xff, 0xff, 0xff, 0x87, 0xff, 0xef, 0x1d, 0xcf, 0xe0,
    0x6d, 0x4b, 0xff, 0xff, 0xfb, 0xe7, 0xff, 0xff, 0xff, 0xff, 0xff, 0xff, 0x87, 0xff, 0xef, 0x3f, 0xcf, 0xe0,
    0x7d, 0x23, 0xff, 0xff, 0xfd, 0xe7, 0xff, 0xff, 0xff, 0xff, 0xff, 0xff, 0x87, 0xef, 0xef, 0x3f, 0xcf, 0xe0,
    0x3d, 0x07, 0xff, 0xff, 0xfe, 0xe7, 0xff, 0xff, 0xff, 0xff, 0xff, 0xff, 0x87, 0xff, 0xef, 0xbf, 0xcf, 0xe0,
    0x7d, 0x7f, 0xff, 0xff, 0xff, 0x67, 0xff, 0xff, 0xff, 0xff, 0xff, 0xff, 0x87, 0xff, 0xef, 0xff, 0xcf, 0xe0,
    0x6d, 0x7f, 0xff, 0xff, 0xff, 0xa7, 0xff, 0xff, 0xff, 0xff, 0xff, 0xff, 0x87, 0xff, 0xef, 0xff, 0xcf, 0xe0,
    0x7c, 0x7f, 0xff, 0xff, 0xff, 0xc7, 0xff, 0xff, 0xff, 0xff, 0xff, 0xff, 0x87, 0xff, 0xef, 0xff, 0xcf, 0xe0,
    0x3c, 0xff, 0xff, 0xff, 0xe0, 0x07, 0xff, 0xff, 0xff, 0xff, 0xff, 0xff, 0x80, 0x00, 0x00, 0x00, 0x0f, 0xe0,
    0x7c, 0xff, 0xff, 0xff, 0xe0, 0x07, 0xff, 0xff, 0xff, 0xff, 0xff, 0xff, 0x80, 0x00, 0x00, 0x00, 0x0f, 0xe0,
    0x6c, 0xff, 0xff, 0xff, 0xff, 0xe7, 0xff, 0xff, 0xff, 0xff, 0xff, 0xff, 0x9f, 0xff, 0xff, 0xff, 0xff, 0xe0,
    0x7d, 0xff, 0xff, 0xff, 0xff, 0xe7, 0xff, 0xff, 0xff, 0xff, 0xff, 0xff, 0x9f, 0xff, 0xff, 0xff, 0xff, 0xe0,
    0x3d, 0xff, 0xff, 0xff, 0xff, 0xff, 0xff, 0xff, 0xff, 0xff, 0xff, 0xff, 0xff, 0xff, 0xff, 0xff, 0xff, 0xe0,
    0x00, 0x00, 0x00, 0x00, 0x00, 0x00, 0x00, 0x00, 0x00, 0x00, 0x00, 0x00, 0x00, 0x00, 0x00, 0x00, 0x00, 0x00,
};

static const lv_img_dsc_t cat9 = {
    .header.cf = LV_IMG_CF_INDEXED_1BIT,
    .header.always_zero = 0,
    .header.reserved = 0,
    .header.w = 140,
    .header.h = 68,
    .data_size = 1232,
    .data = cat9_map,
};

static const LV_ATTRIBUTE_MEM_ALIGN LV_ATTRIBUTE_LARGE_CONST uint8_t cat10_map[] = {
#if CONFIG_NICE_VIEW_WIDGET_INVERTED
    0xff, 0xff, 0xff, 0xff, /*Color of index 0*/
    0x00, 0x00, 0x00, 0xff, /*Color of index 1*/
#else
    0x00, 0x00, 0x00, 0xff, /*Color of index 0*/
    0xff, 0xff, 0xff, 0xff, /*Color of index 1*/
#endif
    0x00, 0x00, 0x00, 0x00, 0x00, 0x00, 0x00, 0x00, 0x00, 0x00, 0x00, 0x00, 0x00, 0x00, 0x00, 0x00, 0x00, 0x00,
    0x7d, 0xff, 0xff, 0xff, 0xff, 0xff, 0xff, 0xff, 0xff, 0xff, 0xff, 0xff, 0xff, 0xff, 0xff, 0xff, 0xff, 0xe0,
    0x3d, 0xff, 0xff, 0xff, 0xff, 0xff, 0xff, 0xff, 0xff, 0xff, 0x9f, 0xff, 0xff, 0xff, 0xff, 0xff, 0xff, 0xe0,
    0x7d, 0xff, 0xff, 0xff, 0xff, 0xff, 0xff, 0xff, 0xff, 0xff, 0x9f, 0xff, 0xff, 0xff, 0xff, 0xff, 0xff, 0xe0,
    0x6d, 0xff, 0xff, 0xff, 0xff, 0xff, 0xff, 0xff, 0xff, 0x80, 0x00, 0x79, 0xff, 0xff, 0xff, 0xff, 0xff, 0xe0,
    0x7d, 0xff, 0xff, 0xff, 0xff, 0xff, 0xff, 0xff, 0xff, 0x80, 0x0f, 0x43, 0xff, 0xff, 0xff, 0xff, 0xff, 0xe0,
    0x3d, 0xff, 0xff, 0xff, 0xff, 0xff, 0xff, 0xff, 0xff, 0xff, 0x0f, 0x00, 0xff, 0xff, 0xff, 0xff, 0xff, 0xe0,
    0x7d, 0xff, 0xff, 0xff, 0xff, 0xff, 0xff, 0xff, 0xff, 0xfe, 0x8f, 0x00, 0xff, 0xff, 0xff, 0xff, 0xff, 0xe0,
    0x6d, 0xff, 0xff, 0xff, 0xff, 0xff, 0xff, 0xff, 0xff, 0xfd, 0x8f, 0x47, 0xff, 0xff, 0xff, 0xff, 0xff, 0xe0,
    0x7d, 0xff, 0xff, 0xff, 0xff, 0xff, 0xff, 0xff, 0xff, 0xfb, 0x80, 0x73, 0xff, 0xff, 0xff, 0xff, 0xff, 0xe0,
    0x3d, 0xff, 0xff, 0xff, 0xff, 0xff, 0xff, 0xff, 0xff, 0xf7, 0x9f, 0xff, 0xff, 0xff, 0xff, 0xff, 0xff, 0xe0,
    0x7d, 0xff, 0xff, 0xff, 0xff, 0xff, 0xff, 0xff, 0xff, 0xef, 0x9f, 0xff, 0xff, 0xff, 0xff, 0xff, 0xff, 0xe0,
    0x6d, 0xff, 0xff, 0xff, 0xff, 0xff, 0xff, 0xff, 0xff, 0xdf, 0x9f, 0xff, 0xff, 0xff, 0xff, 0xff, 0xff, 0xe0,
    0x7d, 0xff, 0xff, 0xff, 0xff, 0xff, 0xff, 0xff, 0xff, 0xff, 0x9f, 0xff, 0xff, 0xff, 0xff, 0xff, 0xff, 0xe0,
    0x3d, 0xff, 0xff, 0xff, 0xff, 0xff, 0xff, 0xff, 0xff, 0xff, 0x9f, 0xff, 0xff, 0xff, 0xff, 0xff, 0xff, 0xe0,
    0x7d, 0xff, 0xff, 0xff, 0xff, 0xff, 0xff, 0xff, 0xff, 0xff, 0x9f, 0xff, 0xff, 0xff, 0xff, 0xff, 0xff, 0xe0,
    0x6d, 0xff, 0xff, 0xff, 0xcf, 0xff, 0xff, 0xff, 0xff, 0xff, 0x9f, 0xff, 0xff, 0xff, 0xff, 0xff, 0xff, 0xe0,
    0x7d, 0xff, 0xff, 0xff, 0x8f, 0xff, 0xff, 0xff, 0xff, 0xff, 0x9f, 0xff, 0xff, 0xff, 0xff, 0xff, 0xff, 0xe0,
    0x3d, 0xff, 0xff, 0xff, 0xa1, 0xff, 0xff, 0xff, 0xff, 0xff, 0x9f, 0xff, 0xff, 0xff, 0xff, 0xff, 0xff, 0xe0,
    0x7d, 0xff, 0xff, 0xff, 0xf9, 0xff, 0xff, 0xff, 0xff, 0xff, 0x9f, 0xff, 0xff, 0xff, 0xff, 0xff, 0xff, 0xe0,
    0x6d, 0xff, 0xff, 0xfd, 0xf0, 0xff, 0xff, 0xff, 0xff, 0xff, 0x9f, 0xff, 0xff, 0xff, 0xff, 0xff, 0xff, 0xe0,
    0x7d, 0xff, 0xff, 0xfc, 0x58, 0xff, 0xff, 0xff, 0xff, 0xff, 0x9f, 0xff, 0xff, 0xff, 0xff, 0xff, 0xff, 0xe0,
    0x3d, 0xff, 0xff, 0xfc, 0x00, 0x7f, 0xff, 0xff, 0xff, 0xff, 0x9f, 0xff, 0xff, 0xff, 0xff, 0xff, 0xff, 0xe0,
    0x7d, 0xff, 0xff, 0xff, 0x80, 0x7f, 0xff, 0xff, 0xff, 0xff, 0x9f, 0xff, 0xff, 0xff, 0xff, 0xff, 0xff, 0xe0,
    0x6d, 0xff, 0xff, 0xff, 0xe0, 0x3f, 0xff, 0xff, 0xff, 0xdf, 0x9f, 0xff, 0xff, 0xff, 0xff, 0xff, 0xff, 0xe0,
    0x7d, 0xff, 0xff, 0xff, 0xe0, 0x3f, 0xff, 0xff, 0xff, 0xef, 0x9f, 0xff, 0xff, 0xff, 0xff, 0xff, 0xff, 0xe0,
    0x3d, 0xff, 0xff, 0xff, 0xf0, 0x1f, 0xff, 0xff, 0xff, 0xf7, 0x9f, 0xff, 0xff, 0xff, 0xff, 0xff, 0xff, 0xe0,
    0x7d, 0xff, 0xff, 0xff, 0xfc, 0x1f, 0xff, 0xff, 0xff, 0xfb, 0x9f, 0xff, 0xff, 0xff, 0xff, 0xff, 0xff, 0xe0,
    0x6d, 0xff, 0xff, 0xff, 0xfe, 0x0f, 0xff, 0xff, 0xff, 0xfd, 0x9f, 0xff, 0xff, 0xff, 0xff, 0xff, 0xff, 0xe0,
    0x7d, 0xff, 0xff, 0xff, 0xfe, 0x07, 0xff, 0xff, 0xff, 0xfe, 0x9f, 0xff, 0xff, 0xff, 0xff, 0xff, 0xff, 0xe0,
    0x3d, 0xff, 0xff, 0xff, 0xff, 0x07, 0xff, 0xff, 0xff, 0xff, 0x1f, 0xff, 0xff, 0xff, 0xff, 0xff, 0xff, 0xe0,
    0x7d, 0xff, 0xff, 0xff, 0xff, 0x03, 0xff, 0xff, 0xff, 0x80, 0x1f, 0xff, 0xff, 0xff, 0xff, 0xff, 0xff, 0xe0,
    0x6d, 0xff, 0xff, 0xff, 0xff, 0x83, 0xff, 0xff, 0xff, 0x80, 0x1f, 0xff, 0xff, 0xff, 0xff, 0xff, 0xff, 0xe0,
    0x7d, 0xff, 0xff, 0xff, 0xff, 0xc1, 0xff, 0xff, 0xff, 0xff, 0x9f, 0xff, 0xff, 0xff, 0xff, 0xff, 0xff, 0xe0,
    0x3d, 0xff, 0xff, 0xff, 0xff, 0xc1, 0xff, 0xff, 0xff, 0xff, 0x9f, 0xff, 0xff, 0xff, 0xff, 0xff, 0xff, 0xe0,
    0x7d, 0xff, 0xff, 0xff, 0xe0, 0x20, 0xff, 0xff, 0xff, 0xff, 0x9f, 0xff, 0xff, 0xff, 0xff, 0xff, 0xff, 0xe0,
    0x6d, 0xff, 0xff, 0xff, 0xe0, 0x20, 0xff, 0xff, 0xff, 0xff, 0x9f, 0xff, 0x9f, 0xff, 0xff, 0xff, 0xff, 0xe0,
    0x7d, 0xff, 0xff, 0xff, 0xff, 0xd0, 0x7f, 0xff, 0xff, 0xff, 0xff, 0xff, 0x9f, 0xff, 0xff, 0xff, 0xff, 0xe0,
    0x3d, 0xff, 0xff, 0xff, 0xff, 0xb0, 0x7f, 0xff, 0xff, 0xff, 0xff, 0xff, 0x80, 0x00, 0x00, 0x00, 0x0f, 0xe0,
    0x7d, 0xff, 0xff, 0xff, 0xff, 0x60, 0x27, 0xff, 0xff, 0xff, 0xff, 0xff, 0x80, 0x00, 0x00, 0x00, 0x0f, 0xe0,
    0x6d, 0xff, 0xff, 0xff, 0xfe, 0xf0, 0x00, 0xff, 0xff, 0xff, 0xff, 0xff, 0x87, 0xff, 0xef, 0xff, 0xcf, 0xe0,
    0x7d, 0xff, 0xff, 0xff, 0xfd, 0xf0, 0x03, 0xff, 0xff, 0xff, 0xff, 0xff, 0x87, 0xff, 0xef, 0xff, 0xcf, 0xe0,
    0x3d, 0xff, 0xff, 0xff, 0xfb, 0xe8, 0x01, 0xff, 0xff, 0xff, 0xff, 0xff, 0x87, 0xff, 0xef, 0xff, 0xcf, 0xe0,
    0x7d, 0xff, 0xff, 0xff, 0xf7, 0xf0, 0x30, 0xff, 0xff, 0xff, 0xff, 0xff, 0x87, 0xff, 0xef, 0xff, 0xcf, 0xe0,
    0x6d, 0xff, 0xff, 0xff, 0xff, 0xf3, 0x11, 0x3f, 0xff, 0xff, 0xff, 0xff, 0x87, 0xff, 0xef, 0xfb, 0xcf, 0xe0,
    0x7d, 0xff, 0xff, 0xff, 0xff, 0xf3, 0x01, 0xff, 0xff, 0xff, 0xff, 0xff, 0x87, 0xff, 0xef, 0xff, 0xcf, 0xe0,
    0x3d, 0xff, 0xff, 0xff, 0xff, 0xf7, 0xd3, 0xff, 0xff, 0xff, 0xff, 0xff, 0x87, 0xff, 0xef, 0xff, 0xcf, 0xe0,
    0x7d, 0xff, 0xff, 0xff, 0xff, 0xf3, 0xff, 0xff, 0xff, 0xff, 0xff, 0xff, 0x87, 0xff, 0xef, 0xff, 0xcf, 0xe0,
    0x6d, 0xff, 0xff, 0xff, 0xff, 0xef, 0xff, 0xff, 0xff, 0xff, 0xff, 0xff, 0x87, 0xff, 0xef, 0xff, 0xcf, 0xe0,
    0x7d, 0xff, 0xff, 0xff, 0xff, 0xe7, 0xff, 0xff, 0xff, 0xff, 0xff, 0xff, 0x87, 0xff, 0xef, 0xff, 0xcf, 0xe0,
    0x3d, 0x87, 0xff, 0xff, 0xff, 0xe7, 0xff, 0xff, 0xff, 0xff, 0xff, 0xff, 0x80, 0x00, 0x00, 0x00, 0x0f, 0xe0,
    0x7d, 0x23, 0xff, 0xff, 0xff, 0xe7, 0xff, 0xff, 0xff, 0xff, 0xff, 0xff, 0x87, 0xff, 0xef, 0xff, 0xcf, 0xe0,
    0x6d, 0x93, 0xff, 0xff, 0xff, 0xe7, 0xff, 0xff, 0xff, 0xff, 0xff, 0xff, 0x87, 0xff, 0xef, 0xff, 0xcf, 0xe0,
    0x7d, 0x4b, 0xff, 0xff, 0xff, 0xe7, 0xff, 0xff, 0xff, 0xff, 0xff, 0xff, 0x87, 0xff, 0xef, 0xc7, 0xcf, 0xe0,
    0x3c, 0x25, 0xff, 0xff, 0xff, 0xe7, 0xff, 0xff, 0xff, 0xff, 0xff, 0xff, 0x87, 0xff, 0xef, 0x83, 0xcf, 0xe0,
    0x7d, 0x93, 0xff, 0xff, 0xf7, 0xe7, 0xff, 0xff, 0xff, 0xff, 0xff, 0xff, 0x87, 0xff, 0xef, 0x1d, 0xcf, 0xe0,
    0x6d, 0x4b, 0xff, 0xff, 0xfb, 0xe7, 0xff, 0xff, 0xff, 0xff, 0xff, 0xff, 0x87, 0xff, 0xef, 0x3f, 0xcf, 0xe0,
    0x7d, 0x23, 0xff, 0xff, 0xfd, 0xe7, 0xff, 0xff, 0xff, 0xff, 0xff, 0xff, 0x87, 0xef, 0xef, 0x3f, 0xcf, 0xe0,
    0x3d, 0x07, 0xff, 0xff, 0xfe, 0xe7, 0xff, 0xff, 0xff, 0xff, 0xff, 0xff, 0x87, 0xff, 0xef, 0xbf, 0xcf, 0xe0,
    0x7d, 0x7f, 0xff, 0xff, 0xff, 0x67, 0xff, 0xff, 0xff, 0xff, 0xff, 0xff, 0x87, 0xff, 0xef, 0xff, 0xcf, 0xe0,
    0x6d, 0x7f, 0xff, 0xff, 0xff, 0xa7, 0xff, 0xff, 0xff, 0xff, 0xff, 0xff, 0x87, 0xff, 0xef, 0xff, 0xcf, 0xe0,
    0x7c, 0x7f, 0xff, 0xff, 0xff, 0xc7, 0xff, 0xff, 0xff, 0xff, 0xff, 0xff, 0x87, 0xff, 0xef, 0xff, 0xcf, 0xe0,
    0x3c, 0xff, 0xff, 0xff, 0xe0, 0x07, 0xff, 0xff, 0xff, 0xff, 0xff, 0xff, 0x80, 0x00, 0x00, 0x00, 0x0f, 0xe0,
    0x7c, 0xff, 0xff, 0xff, 0xe0, 0x07, 0xff, 0xff, 0xff, 0xff, 0xff, 0xff, 0x80, 0x00, 0x00, 0x00, 0x0f, 0xe0,
    0x6c, 0xff, 0xff, 0xff, 0xff, 0xe7, 0xff, 0xff, 0xff, 0xff, 0xff, 0xff, 0x9f, 0xff, 0xff, 0xff, 0xff, 0xe0,
    0x7d, 0xff, 0xff, 0xff, 0xff, 0xe7, 0xff, 0xff, 0xff, 0xff, 0xff, 0xff, 0x9f, 0xff, 0xff, 0xff, 0xff, 0xe0,
    0x3d, 0xff, 0xff, 0xff, 0xff, 0xff, 0xff, 0xff, 0xff, 0xff, 0xff, 0xff, 0xff, 0xff, 0xff, 0xff, 0xff, 0xe0,
    0x00, 0x00, 0x00, 0x00, 0x00, 0x00, 0x00, 0x00, 0x00, 0x00, 0x00, 0x00, 0x00, 0x00, 0x00, 0x00, 0x00, 0x00,
};

static const lv_img_dsc_t cat10 = {
    .header.cf = LV_IMG_CF_INDEXED_1BIT,
    .header.always_zero = 0,
    .header.reserved = 0,
    .header.w = 140,
    .header.h = 68,
    .data_size = 1232,
    .data = cat10_map,
};

static const LV_ATTRIBUTE_MEM_ALIGN LV_ATTRIBUTE_LARGE_CONST uint8_t cat11_map[] = {
#if CONFIG_NICE_VIEW_WIDGET_INVERTED
    0xff, 0xff, 0xff, 0xff, /*Color of index 0*/
    0x00, 0x00, 0x00, 0xff, /*Color of index 1*/
#else
    0x00, 0x00, 0x00, 0xff, /*Color of index 0*/
    0xff, 0xff, 0xff, 0xff, /*Color of index 1*/
#endif
    0x00, 0x00, 0x00, 0x00, 0x00, 0x00, 0x00, 0x00, 0x00, 0x00, 0x00, 0x00, 0x00, 0x00, 0x00, 0x00, 0x00, 0x00,
    0x7d, 0xff, 0xff, 0xff, 0xff, 0xff, 0xff, 0xff, 0xff, 0xff, 0xff, 0xff, 0xff, 0xff, 0xff, 0xff, 0xff, 0xe0,
    0x3d, 0xff, 0xff, 0xff, 0xff, 0xff, 0xff, 0xff, 0xff, 0xff, 0x9f, 0xff, 0xff, 0xff, 0xff, 0xff, 0xff, 0xe0,
    0x7d, 0xff, 0xff, 0xff, 0xff, 0xff, 0xff, 0xff, 0xff, 0xff, 0x9f, 0xff, 0xff, 0xff, 0xff, 0xff, 0xff, 0xe0,
    0x6d, 0xff, 0xff, 0xff, 0xff, 0xff, 0xff, 0xff, 0xff, 0x80, 0x00, 0x79, 0xff, 0xff, 0xff, 0xff, 0xff, 0xe0,
    0x7d, 0xff, 0xff, 0xff, 0xff, 0xff, 0xff, 0xff, 0xff, 0x80, 0x0f, 0x43, 0xff, 0xff, 0xff, 0xff, 0xff, 0xe0,
    0x3d, 0xff, 0xff, 0xff, 0xff, 0xff, 0xff, 0xff, 0xff, 0xff, 0x0f, 0x00, 0xff, 0xff, 0xff, 0xff, 0xff, 0xe0,
    0x7d, 0xff, 0xff, 0xff, 0xff, 0xff, 0xff, 0xff, 0xff, 0xfe, 0x8f, 0x00, 0xff, 0xff, 0xff, 0xff, 0xff, 0xe0,
    0x6d, 0xff, 0xff, 0xff, 0xff, 0xff, 0xff, 0xff, 0xff, 0xfd, 0x8f, 0x47, 0xff, 0xff, 0xff, 0xff, 0xff, 0xe0,
    0x7d, 0xff, 0xff, 0xff, 0xff, 0xff, 0xff, 0xff, 0xff, 0xfb, 0x80, 0x73, 0xff, 0xff, 0xff, 0xff, 0xff, 0xe0,
    0x3d, 0xff, 0xff, 0xff, 0xff, 0xff, 0xff, 0xff, 0xff, 0xf7, 0x9f, 0xff, 0xff, 0xff, 0xff, 0xff, 0xff, 0xe0,
    0x7d, 0xff, 0xff, 0xff, 0xff, 0xff, 0xff, 0xff, 0xff, 0xef, 0x9f, 0xff, 0xff, 0xff, 0xff, 0xff, 0xff, 0xe0,
    0x6d, 0xff, 0xff, 0xff, 0xff, 0xff, 0xff, 0xff, 0xff, 0xdf, 0x9f, 0xff, 0xff, 0xff, 0xff, 0xff, 0xff, 0xe0,
    0x7d, 0xff, 0xff, 0xff, 0xff, 0xff, 0xff, 0xff, 0xff, 0xff, 0x9f, 0xff, 0xff, 0xff, 0xff, 0xff, 0xff, 0xe0,
    0x3d, 0xff, 0xff, 0xff, 0xff, 0xff, 0xff, 0xff, 0xff, 0xff, 0x9f, 0xff, 0xff, 0xff, 0xff, 0xff, 0xff, 0xe0,
    0x7d, 0xff, 0xff, 0xff, 0xff, 0xff, 0xff, 0xff, 0xff, 0xff, 0x9f, 0xff, 0xff, 0xff, 0xff, 0xff, 0xff, 0xe0,
    0x6d, 0xff, 0xff, 0xff, 0xff, 0xff, 0xff, 0xff, 0xff, 0xff, 0x9f, 0xff, 0xff, 0xff, 0xff, 0xff, 0xff, 0xe0,
    0x7d, 0xff, 0xff, 0xff, 0xff, 0xff, 0xff, 0xff, 0xff, 0xff, 0x9f, 0xff, 0xff, 0xff, 0xff, 0xff, 0xff, 0xe0,
    0x3d, 0xff, 0xff, 0xff, 0xff, 0xff, 0xff, 0xff, 0xff, 0xff, 0x9f, 0xff, 0xff, 0xff, 0xff, 0xff, 0xff, 0xe0,
    0x7d, 0xff, 0xff, 0xff, 0xff, 0xff, 0xff, 0xff, 0xff, 0xff, 0x9f, 0xff, 0xff, 0xff, 0xff, 0xff, 0xff, 0xe0,
    0x6d, 0xff, 0xff, 0xff, 0xff, 0xf9, 0xff, 0xff, 0xff, 0xff, 0x9f, 0xff, 0xff, 0xff, 0xff, 0xff, 0xff, 0xe0,
    0x7d, 0xff, 0xff, 0xff, 0xff, 0xf1, 0xff, 0xff, 0xff, 0xff, 0x9f, 0xff, 0xff, 0xff, 0xff, 0xff, 0xff, 0xe0,
    0x3d, 0xff, 0xff, 0xff, 0xff, 0xfd, 0x3f, 0xff, 0xff, 0xff, 0x9f, 0xff, 0xff, 0xff, 0xff, 0xff, 0xff, 0xe0,
    0x7d, 0xff, 0xff, 0xff, 0xff, 0xff, 0xbf, 0xff, 0xff, 0xff, 0x9f, 0xff, 0xff, 0xff, 0xff, 0xff, 0xff, 0xe0,
    0x6d, 0xff, 0xff, 0xff, 0xff, 0xbe, 0x1f, 0xff, 0xff, 0xdf, 0x9f, 0xff, 0xff, 0xff, 0xff, 0xff, 0xff, 0xe0,
    0x7d, 0xff, 0xff, 0xff, 0xff, 0x83, 0x1f, 0xff, 0xff, 0xef, 0x9f, 0xff, 0xff, 0xff, 0xff, 0xff, 0xff, 0xe0,
    0x3d, 0xff, 0xff, 0xff, 0xff, 0xc0, 0x0f, 0xff, 0xff, 0xf7, 0x9f, 0xff, 0xff, 0xff, 0xff, 0xff, 0xff, 0xe0,
    0x7d, 0xff, 0xff, 0xff, 0xff, 0xf4, 0x0f, 0xff, 0xff, 0xfb, 0x9f, 0xff, 0xff, 0xff, 0xff, 0xff, 0xff, 0xe0,
    0x6d, 0xff, 0xff, 0xff, 0xff, 0xfc, 0x07, 0xff, 0xff, 0xfd, 0x9f, 0xff, 0xff, 0xff, 0xff, 0xff, 0xff, 0xe0,
    0x7d, 0xff, 0xff, 0xff, 0xff, 0xfe, 0x03, 0xff, 0xff, 0xfe, 0x9f, 0xff, 0xff, 0xff, 0xff, 0xff, 0xff, 0xe0,
    0x3d, 0xff, 0xff, 0xff, 0xff, 0xfe, 0x83, 0xff, 0xff, 0xff, 0x1f, 0xff, 0xff, 0xff, 0xff, 0xff, 0xff, 0xe0,
    0x7d, 0xff, 0xff, 0xff, 0xff, 0xff, 0xc1, 0xff, 0xff, 0x80, 0x1f, 0xff, 0xff, 0xff, 0xff, 0xff, 0xff, 0xe0,
    0x6d, 0xff, 0xff, 0xff, 0xff, 0xe7, 0xc1, 0xff, 0xff, 0x80, 0x1f, 0xff, 0xff, 0xff, 0xff, 0xff, 0xff, 0xe0,
    0x7d, 0xff, 0xff, 0xff, 0xff, 0xe7, 0xe0, 0xff, 0xff, 0xff, 0x9f, 0xff, 0xff, 0xff, 0xff, 0xff, 0xff, 0xe0,
    0x3d, 0xff, 0xff, 0xff, 0xff, 0xe7, 0xe0, 0xff, 0xff, 0xff, 0x9f, 0xff, 0xff, 0xff, 0xff, 0xff, 0xff, 0xe0,
    0x7d, 0xff, 0xff, 0xff, 0xe0, 0x07, 0xf0, 0x7f, 0xff, 0xff, 0x9f, 0xff, 0xff, 0xff, 0xff, 0xff, 0xff, 0xe0,
    0x6d, 0xff, 0xff, 0xff, 0xe0, 0x07, 0xf0, 0x7f, 0xff, 0xff, 0x9f, 0xff, 0x9f, 0xff, 0xff, 0xff, 0xff, 0xe0,
    0x7d, 0xff, 0xff, 0xff, 0xff, 0xc7, 0xf8, 0x3f, 0xff, 0xff, 0xff, 0xff, 0x9f, 0xff, 0xff, 0xff, 0xff, 0xe0,
    0x3d, 0xff, 0xff, 0xff, 0xff, 0xa7, 0xf8, 0x3f, 0xff, 0xff, 0xff, 0xff, 0x80, 0x00, 0x00, 0x00, 0x0f, 0xe0,
    0x7d, 0xff, 0xff, 0xff, 0xff, 0x67, 0xfc, 0x1f, 0xff, 0xff, 0xff, 0xff, 0x80, 0x00, 0x00, 0x00, 0x0f, 0xe0,
    0x6d, 0xff, 0xff, 0xff, 0xfe, 0xe7, 0xfc, 0x0f, 0xff, 0xff, 0xff, 0xff, 0x87, 0xff, 0xef, 0xff, 0xcf, 0xe0,
    0x7d, 0xff, 0xff, 0xff, 0xfd, 0xe7, 0xfe, 0x0f, 0xff, 0xff, 0xff, 0xff, 0x87, 0xff, 0xef, 0xff, 0xcf, 0xe0,
    0x3d, 0xff, 0xff, 0xff, 0xfb, 0xe7, 0xfe, 0x07, 0xff, 0xff, 0xff, 0xff, 0x87, 0xff, 0xef, 0xff, 0xcf, 0xe0,
    0x7d, 0xff, 0xff, 0xff, 0xf7, 0xe7, 0xfc, 0x04, 0x3f, 0xff, 0xff, 0xff, 0x87, 0xff, 0xef, 0xff, 0xcf, 0xe0,
    0x6d, 0xff, 0xff, 0xff, 0xff, 0xe7, 0xfe, 0x00, 0x1f, 0xff, 0xff, 0xff, 0x87, 0xff, 0xef, 0xfb, 0xcf, 0xe0,
    0x7d, 0xff, 0xff, 0xff, 0xff, 0xe7, 0xfe, 0x00, 0x3f, 0xff, 0xff, 0xff, 0x87, 0xff, 0xef, 0xff, 0xcf, 0xe0,
    0x3d, 0xff, 0xff, 0xff, 0xff, 0xe7, 0xff, 0x00, 0x3f, 0xff, 0xff, 0xff, 0x87, 0xff, 0xef, 0xff, 0xcf, 0xe0,
    0x7d, 0xff, 0xff, 0xff, 0xff, 0xe7, 0xfe, 0x02, 0x07, 0xff, 0xff, 0xff, 0x87, 0xff, 0xef, 0xff, 0xcf, 0xe0,
    0x6d, 0xff, 0xff, 0xff, 0xff, 0xe7, 0xfe, 0x60, 0x27, 0xff, 0xff, 0xff, 0x87, 0xff, 0xef, 0xff, 0xcf, 0xe0,
    0x7d, 0xff, 0xff, 0xff, 0xff, 0xe7, 0xfc, 0x60, 0x3f, 0xff, 0xff, 0xff, 0x87, 0xff, 0xef, 0xff, 0xcf, 0xe0,
    0x3d, 0x87, 0xff, 0xff, 0xff, 0xe7, 0xfe, 0xfe, 0x7f, 0xff, 0xff, 0xff, 0x80, 0x00, 0x00, 0x00, 0x0f, 0xe0,
    0x7d, 0x23, 0xff, 0xff, 0xff, 0xe7, 0xfe, 0x7f, 0xff, 0xff, 0xff, 0xff, 0x87, 0xff, 0xef, 0xff, 0xcf, 0xe0,
    0x6d, 0x93, 0xff, 0xff, 0xff, 0xe7, 0xff, 0xff, 0xff, 0xff, 0xff, 0xff, 0x87, 0xff, 0xef, 0xff, 0xcf, 0xe0,
    0x7d, 0x4b, 0xff, 0xff, 0xff, 0xe7, 0xff, 0xff, 0xff, 0xff, 0xff, 0xff, 0x87, 0xff, 0xef, 0xc7, 0xcf, 0xe0,
    0x3c, 0x25, 0xff, 0xff, 0xff, 0xe7, 0xff, 0xff, 0xff, 0xff, 0xff, 0xff, 0x87, 0xff, 0xef, 0x83, 0xcf, 0xe0,
    0x7d, 0x93, 0xff, 0xff, 0xf7, 0xe7, 0xff, 0xff, 0xff, 0xff, 0xff, 0xff, 0x87, 0xff, 0xef, 0x1d, 0xcf, 0xe0,
    0x6d, 0x4b, 0xff, 0xff, 0xfb, 0xe7, 0xff, 0xff, 0xff, 0xff, 0xff, 0xff, 0x87, 0xff, 0xef, 0x3f, 0xcf, 0xe0,
    0x7d, 0x23, 0xff, 0xff, 0xfd, 0xe7, 0xff, 0xff, 0xff, 0xff, 0xff, 0xff, 0x87, 0xef, 0xef, 0x3f, 0xcf, 0xe0,
    0x3d, 0x07, 0xff, 0xff, 0xfe, 0xe7, 0xff, 0xff, 0xff, 0xff, 0xff, 0xff, 0x87, 0xff, 0xef, 0xbf, 0xcf, 0xe0,
    0x7d, 0x7f, 0xff, 0xff, 0xff, 0x67, 0xff, 0xff, 0xff, 0xff, 0xff, 0xff, 0x87, 0xff, 0xef, 0xff, 0xcf, 0xe0,
    0x6d, 0x7f, 0xff, 0xff, 0xff, 0xa7, 0xff, 0xff, 0xff, 0xff, 0xff, 0xff, 0x87, 0xff, 0xef, 0xff, 0xcf, 0xe0,
    0x7c, 0x7f, 0xff, 0xff, 0xff, 0xc7, 0xff, 0xff, 0xff, 0xff, 0xff, 0xff, 0x87, 0xff, 0xef, 0xff, 0xcf, 0xe0,
    0x3c, 0xff, 0xff, 0xff, 0xe0, 0x07, 0xff, 0xff, 0xff, 0xff, 0xff, 0xff, 0x80, 0x00, 0x00, 0x00, 0x0f, 0xe0,
    0x7c, 0xff, 0xff, 0xff, 0xe0, 0x07, 0xff, 0xff, 0xff, 0xff, 0xff, 0xff, 0x80, 0x00, 0x00, 0x00, 0x0f, 0xe0,
    0x6c, 0xff, 0xff, 0xff, 0xff, 0xe7, 0xff, 0xff, 0xff, 0xff, 0xff, 0xff, 0x9f, 0xff, 0xff, 0xff, 0xff, 0xe0,
    0x7d, 0xff, 0xff, 0xff, 0xff, 0xe7, 0xff, 0xff, 0xff, 0xff, 0xff, 0xff, 0x9f, 0xff, 0xff, 0xff, 0xff, 0xe0,
    0x3d, 0xff, 0xff, 0xff, 0xff, 0xff, 0xff, 0xff, 0xff, 0xff, 0xff, 0xff, 0xff, 0xff, 0xff, 0xff, 0xff, 0xe0,
    0x00, 0x00, 0x00, 0x00, 0x00, 0x00, 0x00, 0x00, 0x00, 0x00, 0x00, 0x00, 0x00, 0x00, 0x00, 0x00, 0x00, 0x00,
};

static const lv_img_dsc_t cat11 = {
    .header.cf = LV_IMG_CF_INDEXED_1BIT,
    .header.always_zero = 0,
    .header.reserved = 0,
    .header.w = 140,
    .header.h = 68,
    .data_size = 1232,
    .data = cat11_map,
};

static const LV_ATTRIBUTE_MEM_ALIGN LV_ATTRIBUTE_LARGE_CONST uint8_t cat12_map[] = {
#if CONFIG_NICE_VIEW_WIDGET_INVERTED
    0xff, 0xff, 0xff, 0xff, /*Color of index 0*/
    0x00, 0x00, 0x00, 0xff, /*Color of index 1*/
#else
    0x00, 0x00, 0x00, 0xff, /*Color of index 0*/
    0xff, 0xff, 0xff, 0xff, /*Color of index 1*/
#endif
    0x00, 0x00, 0x00, 0x00, 0x00, 0x00, 0x00, 0x00, 0x00, 0x00, 0x00, 0x00, 0x00, 0x00, 0x00, 0x00, 0x00, 0x00,
    0x7d, 0xff, 0xff, 0xff, 0xff, 0xff, 0xff, 0xff, 0xff, 0xff, 0xff, 0xff, 0xff, 0xff, 0xff, 0xff, 0xff, 0xe0,
    0x3d, 0xff, 0xff, 0xff, 0xff, 0xff, 0xff, 0xff, 0xff, 0xff, 0x9f, 0xff, 0xff, 0xff, 0xff, 0xff, 0xff, 0xe0,
    0x7d, 0xff, 0xff, 0xff, 0xff, 0xff, 0xff, 0xff, 0xff, 0xff, 0x9f, 0xff, 0xff, 0xff, 0xff, 0xff, 0xff, 0xe0,
    0x6d, 0xff, 0xff, 0xff, 0xff, 0xff, 0xff, 0xff, 0xff, 0x80, 0x00, 0x79, 0xff, 0xff, 0xff, 0xff, 0xff, 0xe0,
    0x7d, 0xff, 0xff, 0xff, 0xff, 0xff, 0xff, 0xff, 0xff, 0x80, 0x0f, 0x43, 0xff, 0xff, 0xff, 0xff, 0xff, 0xe0,
    0x3d, 0xff, 0xff, 0xff, 0xff, 0xff, 0xff, 0xff, 0xff, 0xff, 0x0f, 0x00, 0xff, 0xff, 0xff, 0xff, 0xff, 0xe0,
    0x7d, 0xff, 0xff, 0xff, 0xff, 0xff, 0xff, 0xff, 0xff, 0xfe, 0x8f, 0x00, 0xff, 0xff, 0xff, 0xff, 0xff, 0xe0,
    0x6d, 0xff, 0xff, 0xff, 0xff, 0xff, 0xff, 0xff, 0xff, 0xfd, 0x8f, 0x47, 0xff, 0xff, 0xff, 0xff, 0xff, 0xe0,
    0x7d, 0xff, 0xff, 0xff, 0xff, 0xff, 0xff, 0xff, 0xff, 0xfb, 0x80, 0x73, 0xff, 0xff, 0xff, 0xff, 0xff, 0xe0,
    0x3d, 0xff, 0xff, 0xff, 0xff, 0xff, 0xff, 0xff, 0xff, 0xf7, 0x9f, 0xff, 0xff, 0xff, 0xff, 0xff, 0xff, 0xe0,
    0x7d, 0xff, 0xff, 0xff, 0xff, 0xff, 0xff, 0xff, 0xff, 0xef, 0x9f, 0xff, 0xff, 0xff, 0xff, 0xff, 0xff, 0xe0,
    0x6d, 0xff, 0xff, 0xff, 0xff, 0xff, 0xff, 0xff, 0xff, 0xdf, 0x9f, 0xff, 0xff, 0xff, 0xff, 0xff, 0xff, 0xe0,
    0x7d, 0xff, 0xff, 0xff, 0xff, 0xff, 0xff, 0xff, 0xff, 0xff, 0x9f, 0xff, 0xff, 0xff, 0xff, 0xff, 0xff, 0xe0,
    0x3d, 0xff, 0xff, 0xff, 0xff, 0xff, 0xff, 0xff, 0xff, 0xff, 0x9f, 0xff, 0xff, 0xff, 0xff, 0xff, 0xff, 0xe0,
    0x7d, 0xff, 0xff, 0xff, 0xff, 0xff, 0xff, 0xff, 0xff, 0xff, 0x9f, 0xff, 0xff, 0xff, 0xff, 0xff, 0xff, 0xe0,
    0x6d, 0xff, 0xff, 0xff, 0xff, 0xff, 0xff, 0xff, 0xff, 0xff, 0x9f, 0xff, 0xff, 0xff, 0xff, 0xff, 0xff, 0xe0,
    0x7d, 0xff, 0xff, 0xff, 0xff, 0xff, 0xff, 0xff, 0xff, 0xff, 0x9f, 0xff, 0xff, 0xff, 0xff, 0xff, 0xff, 0xe0,
    0x3d, 0xff, 0xff, 0xff, 0xff, 0xff, 0xff, 0xff, 0xff, 0xff, 0x9f, 0xff, 0xff, 0xff, 0xff, 0xff, 0xff, 0xe0,
    0x7d, 0xff, 0xff, 0xff, 0xff, 0xff, 0xff, 0xff, 0xff, 0xff, 0x9f, 0xff, 0xff, 0xff, 0xff, 0xff, 0xff, 0xe0,
    0x6d, 0xff, 0xff, 0xff, 0xff, 0xff, 0xff, 0xff, 0xff, 0xff, 0x9f, 0xff, 0xff, 0xff, 0xff, 0xff, 0xff, 0xe0,
    0x7d, 0xff, 0xff, 0xff, 0xff, 0xff, 0xff, 0xff, 0xff, 0xff, 0x9f, 0xff, 0xff, 0xff, 0xff, 0xff, 0xff, 0xe0,
    0x3d, 0xff, 0xff, 0xff, 0xff, 0xff, 0xff, 0xff, 0xff, 0xff, 0x9f, 0xff, 0xff, 0xff, 0xff, 0xff, 0xff, 0xe0,
    0x7d, 0xff, 0xff, 0xff, 0xff, 0xff, 0xff, 0xff, 0xff, 0xff, 0x9f, 0xff, 0xff, 0xff, 0xff, 0xff, 0xff, 0xe0,
    0x6d, 0xff, 0xff, 0xff, 0xff, 0xff, 0xfe, 0x3f, 0xff, 0xdf, 0x9f, 0xff, 0xff, 0xff, 0xff, 0xff, 0xff, 0xe0,
    0x7d, 0xff, 0xff, 0xff, 0xff, 0xff, 0xfe, 0x3f, 0xff, 0xef, 0x9f, 0xff, 0xff, 0xff, 0xff, 0xff, 0xff, 0xe0,
    0x3d, 0xff, 0xff, 0xff, 0xff, 0xff, 0xef, 0xbf, 0xff, 0xf7, 0x9f, 0xff, 0xff, 0xff, 0xff, 0xff, 0xff, 0xe0,
    0x7d, 0xff, 0xff, 0xff, 0xff, 0xff, 0xe7, 0xef, 0xff, 0xfb, 0x9f, 0xff, 0xff, 0xff, 0xff, 0xff, 0xff, 0xe0,
    0x6d, 0xff, 0xff, 0xff, 0xff, 0xff, 0xe3, 0xef, 0xff, 0xfd, 0x9f, 0xff, 0xff, 0xff, 0xff, 0xff, 0xff, 0xe0,
    0x7d, 0xff, 0xff, 0xff, 0xff, 0xff, 0xf8, 0x8f, 0xff, 0xfe, 0x9f, 0xff, 0xff, 0xff, 0xff, 0xff, 0xff, 0xe0,
    0x3d, 0xff, 0xff, 0xff, 0xff, 0xff, 0xf8, 0x0f, 0xff, 0xff, 0x1f, 0xff, 0xff, 0xff, 0xff, 0xff, 0xff, 0xe0,
    0x7d, 0xff, 0xff, 0xff, 0xff, 0xff, 0xfc, 0x0f, 0xff, 0x80, 0x1f, 0xff, 0xff, 0xff, 0xff, 0xff, 0xff, 0xe0,
    0x6d, 0xff, 0xff, 0xff, 0xff, 0xe7, 0xfe, 0x07, 0xff, 0x80, 0x1f, 0xff, 0xff, 0xff, 0xff, 0xff, 0xff, 0xe0,
    0x7d, 0xff, 0xff, 0xff, 0xff, 0xe7, 0xfe, 0x07, 0xff, 0xff, 0x9f, 0xff, 0xff, 0xff, 0xff, 0xff, 0xff, 0xe0,
    0x3d, 0xff, 0xff, 0xff, 0xff, 0xe7, 0xfe, 0x07, 0xff, 0xff, 0x9f, 0xff, 0xff, 0xff, 0xff, 0xff, 0xff, 0xe0,
    0x7d, 0xff, 0xff, 0xff, 0xe0, 0x07, 0xff, 0x07, 0xff, 0xff, 0x9f, 0xff, 0xff, 0xff, 0xff, 0xff, 0xff, 0xe0,
    0x6d, 0xff, 0xff, 0xff, 0xe0, 0x07, 0xff, 0x07, 0xff, 0xff, 0x9f, 0xff, 0x9f, 0xff, 0xff, 0xff, 0xff, 0xe0,
    0x7d, 0xff, 0xff, 0xff, 0xff, 0xc7, 0xff, 0x87, 0xff, 0xff, 0xff, 0xff, 0x9f, 0xff, 0xff, 0xff, 0xff, 0xe0,
    0x3d, 0xff, 0xff, 0xff, 0xff, 0xa7, 0xff, 0x87, 0xff, 0xff, 0xff, 0xff, 0x80, 0x00, 0x00, 0x00, 0x0f, 0xe0,
    0x7d, 0xff, 0xff, 0xff, 0xff, 0x67, 0xff, 0x87, 0xff, 0xff, 0xff, 0xff, 0x80, 0x00, 0x00, 0x00, 0x0f, 0xe0,
    0x6d, 0xff, 0xff, 0xff, 0xfe, 0xe7, 0xff, 0x87, 0xff, 0xff, 0xff, 0xff, 0x87, 0xff, 0xef, 0xff, 0xcf, 0xe0,
    0x7d, 0xff, 0xff, 0xff, 0xfd, 0xe7, 0xff, 0x87, 0xff, 0xff, 0xff, 0xff, 0x87, 0xff, 0xef, 0xff, 0xcf, 0xe0,
    0x3d, 0xff, 0xff, 0xff, 0xfb, 0xe7, 0xff, 0x83, 0xff, 0xff, 0xff, 0xff, 0x87, 0xff, 0xef, 0xff, 0xcf, 0xe0,
    0x7d, 0xff, 0xff, 0xff, 0xf7, 0xe7, 0xff, 0x83, 0xff, 0xff, 0xff, 0xff, 0x87, 0xff, 0xef, 0xff, 0xcf, 0xe0,
    0x6d, 0xff, 0xff, 0xff, 0xff, 0xe7, 0xff, 0x83, 0xff, 0xff, 0xff, 0xff, 0x87, 0xff, 0xef, 0xfb, 0xcf, 0xe0,
    0x7d, 0xff, 0xff, 0xff, 0xff, 0xe7, 0xff, 0x83, 0xff, 0xff, 0xff, 0xff, 0x87, 0xff, 0xef, 0xff, 0xcf, 0xe0,
    0x3d, 0xff, 0xff, 0xff, 0xff, 0xe7, 0xff, 0x83, 0xff, 0xff, 0xff, 0xff, 0x87, 0xff, 0xef, 0xff, 0xcf, 0xe0,
    0x7d, 0xff, 0xff, 0xff, 0xff, 0xe7, 0xff, 0xc3, 0xff, 0xff, 0xff, 0xff, 0x87, 0xff, 0xef, 0xff, 0xcf, 0xe0,
    0x6d, 0xff, 0xff, 0xff, 0xff, 0xe7, 0xff, 0x03, 0xff, 0xff, 0xff, 0xff, 0x87, 0xff, 0xef, 0xff, 0xcf, 0xe0,
    0x7d, 0xff, 0xff, 0xff, 0xff, 0xe7, 0xff, 0x03, 0xff, 0xff, 0xff, 0xff, 0x87, 0xff, 0xef, 0xff, 0xcf, 0xe0,
    0x3d, 0x87, 0xff, 0xff, 0xff, 0xe7, 0xff, 0x03, 0xff, 0xff, 0xff, 0xff, 0x80, 0x00, 0x00, 0x00, 0x0f, 0xe0,
    0x7d, 0x23, 0xff, 0xff, 0xff, 0xe7, 0xff, 0x01, 0xff, 0xff, 0xff, 0xff, 0x87, 0xff, 0xef, 0xff, 0xcf, 0xe0,
    0x6d, 0x93, 0xff, 0xff, 0xff, 0xe7, 0xff, 0x80, 0x3f, 0xff, 0xff, 0xff, 0x87, 0xff, 0xef, 0xff, 0xcf, 0xe0,
    0x7d, 0x4b, 0xff, 0xff, 0xff, 0xe7, 0xfe, 0x00, 0x1f, 0xff, 0xff, 0xff, 0x87, 0xff, 0xef, 0xc7, 0xcf, 0xe0,
    0x3c, 0x25, 0xff, 0xff, 0xff, 0xe7, 0xfe, 0x40, 0x1f, 0xff, 0xff, 0xff, 0x87, 0xff, 0xef, 0x83, 0xcf, 0xe0,
    0x7d, 0x93, 0xff, 0xff, 0xf7, 0xe7, 0xfc, 0x46, 0x3f, 0xff, 0xff, 0xff, 0x87, 0xff, 0xef, 0x1d, 0xcf, 0xe0,
    0x6d, 0x4b, 0xff, 0xff, 0xfb, 0xe7, 0xfd, 0xe2, 0x3f, 0xff, 0xff, 0xff, 0x87, 0xff, 0xef, 0x3f, 0xcf, 0xe0,
    0x7d, 0x23, 0xff, 0xff, 0xfd, 0xe7, 0xfc, 0xf0, 0x3f, 0xff, 0xff, 0xff, 0x87, 0xef, 0xef, 0x3f, 0xcf, 0xe0,
    0x3d, 0x07, 0xff, 0xff, 0xfe, 0xe7, 0xff, 0xf4, 0x4f, 0xff, 0xff, 0xff, 0x87, 0xff, 0xef, 0xbf, 0xcf, 0xe0,
    0x7d, 0x7f, 0xff, 0xff, 0xff, 0x67, 0xff, 0xfc, 0x7f, 0xff, 0xff, 0xff, 0x87, 0xff, 0xef, 0xff, 0xcf, 0xe0,
    0x6d, 0x7f, 0xff, 0xff, 0xff, 0xa7, 0xff, 0xff, 0xff, 0xff, 0xff, 0xff, 0x87, 0xff, 0xef, 0xff, 0xcf, 0xe0,
    0x7c, 0x7f, 0xff, 0xff, 0xff, 0xc7, 0xff, 0xff, 0xff, 0xff, 0xff, 0xff, 0x87, 0xff, 0xef, 0xff, 0xcf, 0xe0,
    0x3c, 0xff, 0xff, 0xff, 0xe0, 0x07, 0xff, 0xff, 0xff, 0xff, 0xff, 0xff, 0x80, 0x00, 0x00, 0x00, 0x0f, 0xe0,
    0x7c, 0xff, 0xff, 0xff, 0xe0, 0x07, 0xff, 0xff, 0xff, 0xff, 0xff, 0xff, 0x80, 0x00, 0x00, 0x00, 0x0f, 0xe0,
    0x6c, 0xff, 0xff, 0xff, 0xff, 0xe7, 0xff, 0xff, 0xff, 0xff, 0xff, 0xff, 0x9f, 0xff, 0xff, 0xff, 0xff, 0xe0,
    0x7d, 0xff, 0xff, 0xff, 0xff, 0xe7, 0xff, 0xff, 0xff, 0xff, 0xff, 0xff, 0x9f, 0xff, 0xff, 0xff, 0xff, 0xe0,
    0x3d, 0xff, 0xff, 0xff, 0xff, 0xff, 0xff, 0xff, 0xff, 0xff, 0xff, 0xff, 0xff, 0xff, 0xff, 0xff, 0xff, 0xe0,
    0x00, 0x00, 0x00, 0x00, 0x00, 0x00, 0x00, 0x00, 0x00, 0x00, 0x00, 0x00, 0x00, 0x00, 0x00, 0x00, 0x00, 0x00,
};

static const lv_img_dsc_t cat12 = {
    .header.cf = LV_IMG_CF_INDEXED_1BIT,
    .header.always_zero = 0,
    .header.reserved = 0,
    .header.w = 140,
    .header.h = 68,
    .data_size = 1232,
    .data = cat12_map,
};

static const LV_ATTRIBUTE_MEM_ALIGN LV_ATTRIBUTE_LARGE_CONST uint8_t cat13_map[] = {
#if CONFIG_NICE_VIEW_WIDGET_INVERTED
    0xff, 0xff, 0xff, 0xff, /*Color of index 0*/
    0x00, 0x00, 0x00, 0xff, /*Color of index 1*/
#else
    0x00, 0x00, 0x00, 0xff, /*Color of index 0*/
    0xff, 0xff, 0xff, 0xff, /*Color of index 1*/
#endif
    0x00, 0x00, 0x00, 0x00, 0x00, 0x00, 0x00, 0x00, 0x00, 0x00, 0x00, 0x00, 0x00, 0x00, 0x00, 0x00, 0x00, 0x00,
    0x7d, 0xff, 0xff, 0xff, 0xff, 0xff, 0xff, 0xff, 0xff, 0xff, 0xff, 0xff, 0xff, 0xff, 0xff, 0xff, 0xff, 0xe0,
    0x3d, 0xff, 0xff, 0xff, 0xff, 0xff, 0xff, 0xff, 0xff, 0xff, 0x9f, 0xff, 0xff, 0xff, 0xff, 0xff, 0xff, 0xe0,
    0x7d, 0xff, 0xff, 0xff, 0xff, 0xff, 0xff, 0xff, 0xff, 0xff, 0x9f, 0xff, 0xff, 0xff, 0xff, 0xff, 0xff, 0xe0,
    0x6d, 0xff, 0xff, 0xff, 0xff, 0xff, 0xff, 0xff, 0xff, 0x80, 0x00, 0x79, 0xff, 0xff, 0xff, 0xff, 0xff, 0xe0,
    0x7d, 0xff, 0xff, 0xff, 0xff, 0xff, 0xff, 0xff, 0xff, 0x80, 0x0f, 0x43, 0xff, 0xff, 0xff, 0xff, 0xff, 0xe0,
    0x3d, 0xff, 0xff, 0xff, 0xff, 0xff, 0xff, 0xff, 0xff, 0xff, 0x0f, 0x00, 0xff, 0xff, 0xff, 0xff, 0xff, 0xe0,
    0x7d, 0xff, 0xff, 0xff, 0xff, 0xff, 0xff, 0xff, 0xff, 0xfe, 0x8f, 0x00, 0xff, 0xff, 0xff, 0xff, 0xff, 0xe0,
    0x6d, 0xff, 0xff, 0xff, 0xff, 0xff, 0xff, 0xff, 0xff, 0xfd, 0x8f, 0x47, 0xff, 0xff, 0xff, 0xff, 0xff, 0xe0,
    0x7d, 0xff, 0xff, 0xff, 0xff, 0xff, 0xff, 0xff, 0xff, 0xfb, 0x80, 0x73, 0xff, 0xff, 0xff, 0xff, 0xff, 0xe0,
    0x3d, 0xff, 0xff, 0xff, 0xff, 0xff, 0xff, 0xff, 0xff, 0xf7, 0x9f, 0xff, 0xff, 0xff, 0xff, 0xff, 0xff, 0xe0,
    0x7d, 0xff, 0xff, 0xff, 0xff, 0xff, 0xff, 0xff, 0xff, 0xef, 0x9f, 0xff, 0xff, 0xff, 0xff, 0xff, 0xff, 0xe0,
    0x6d, 0xff, 0xff, 0xff, 0xff, 0xff, 0xff, 0xff, 0xff, 0xdf, 0x9f, 0xff, 0xff, 0xff, 0xff, 0xff, 0xff, 0xe0,
    0x7d, 0xff, 0xff, 0xff, 0xff, 0xff, 0xff, 0xff, 0xff, 0xff, 0x9f, 0xff, 0xff, 0xff, 0xff, 0xff, 0xff, 0xe0,
    0x3d, 0xff, 0xff, 0xff, 0xff, 0xff, 0xff, 0xff, 0xff, 0xff, 0x9f, 0xff, 0xff, 0xff, 0xff, 0xff, 0xff, 0xe0,
    0x7d, 0xff, 0xff, 0xff, 0xff, 0xff, 0xff, 0xff, 0xff, 0xff, 0x9f, 0xff, 0xff, 0xff, 0xff, 0xff, 0xff, 0xe0,
    0x6d, 0xff, 0xff, 0xff, 0xff, 0xff, 0xff, 0xff, 0xff, 0xff, 0x9f, 0xff, 0xff, 0xff, 0xff, 0xff, 0xff, 0xe0,
    0x7d, 0xff, 0xff, 0xff, 0xff, 0xff, 0xff, 0xff, 0xff, 0xff, 0x9f, 0xff, 0xff, 0xff, 0xff, 0xff, 0xff, 0xe0,
    0x3d, 0xff, 0xff, 0xff, 0xff, 0xff, 0xff, 0xff, 0xff, 0xff, 0x9f, 0xff, 0xff, 0xff, 0xff, 0xff, 0xff, 0xe0,
    0x7d, 0xff, 0xff, 0xff, 0xff, 0xff, 0xff, 0xff, 0xff, 0xff, 0x9f, 0xff, 0xff, 0xff, 0xff, 0xff, 0xff, 0xe0,
    0x6d, 0xff, 0xff, 0xff, 0xff, 0xff, 0xff, 0xff, 0xff, 0xff, 0x9f, 0xff, 0xff, 0xff, 0xff, 0xff, 0xff, 0xe0,
    0x7d, 0xff, 0xff, 0xff, 0xff, 0xff, 0xff, 0xff, 0xff, 0xff, 0x9f, 0xff, 0xff, 0xff, 0xff, 0xff, 0xff, 0xe0,
    0x3d, 0xff, 0xff, 0xff, 0xff, 0xff, 0xff, 0xff, 0xff, 0xff, 0x9f, 0xff, 0xff, 0xff, 0xff, 0xff, 0xff, 0xe0,
    0x7d, 0xff, 0xff, 0xff, 0xff, 0xff, 0xff, 0xff, 0xff, 0xff, 0x9f, 0xff, 0xff, 0xff, 0xff, 0xff, 0xff, 0xe0,
    0x6d, 0xff, 0xff, 0xff, 0xff, 0xff, 0xff, 0xff, 0xff, 0xdf, 0x9f, 0xff, 0xff, 0xff, 0xff, 0xff, 0xff, 0xe0,
    0x7d, 0xff, 0xff, 0xff, 0xff, 0xff, 0xff, 0xff, 0xff, 0xef, 0x9f, 0xff, 0xff, 0xff, 0xff, 0xff, 0xff, 0xe0,
    0x3d, 0xff, 0xff, 0xff, 0xff, 0xff, 0xff, 0xff, 0xff, 0xf7, 0x9f, 0xff, 0xff, 0xff, 0xff, 0xff, 0xff, 0xe0,
    0x7d, 0xff, 0xff, 0xff, 0xff, 0xff, 0xff, 0xff, 0xff, 0xfb, 0x9f, 0xff, 0xff, 0xff, 0xff, 0xff, 0xff, 0xe0,
    0x6d, 0xff, 0xff, 0xff, 0xff, 0xff, 0xff, 0xff, 0xff, 0xfd, 0x9f, 0xff, 0xff, 0xff, 0xff, 0xff, 0xff, 0xe0,
    0x7d, 0xff, 0xff, 0xff, 0xff, 0xff, 0xff, 0xff, 0xff, 0xfe, 0x9f, 0xff, 0xff, 0xff, 0xff, 0xff, 0xff, 0xe0,
    0x3d, 0xff, 0xff, 0xff, 0xff, 0xff, 0xff, 0xff, 0xff, 0xff, 0x1f, 0xff, 0xff, 0xff, 0xff, 0xff, 0xff, 0xe0,
    0x7d, 0xff, 0xff, 0xff, 0xff, 0xff, 0xff, 0xff, 0xff, 0x80, 0x1f, 0xff, 0xff, 0xff, 0xff, 0xff, 0xff, 0xe0,
    0x6d, 0xff, 0xff, 0xff, 0xff, 0xe7, 0xff, 0xbf, 0xff, 0x80, 0x1f, 0xff, 0xff, 0xff, 0xff, 0xff, 0xff, 0xe0,
    0x7d, 0xff, 0xff, 0xff, 0xff, 0xe7, 0xff, 0xbd, 0xff, 0xff, 0x9f, 0xff, 0xff, 0xff, 0xff, 0xff, 0xff, 0xe0,
    0x3d, 0xff, 0xff, 0xff, 0xff, 0xe7, 0xff, 0x1c, 0x7f, 0xff, 0x9f, 0xff, 0xff, 0xff, 0xff, 0xff, 0xff, 0xe0,
    0x7d, 0xff, 0xff, 0xff, 0xe0, 0x07, 0xff, 0x9e, 0xff, 0xff, 0x9f, 0xff, 0xff, 0xff, 0xff, 0xff, 0xff, 0xe0,
    0x6d, 0xff, 0xff, 0xff, 0xe0, 0x07, 0xff, 0x9c, 0xff, 0xff, 0x9f, 0xff, 0x9f, 0xff, 0xff, 0xff, 0xff, 0xe0,
    0x7d, 0xff, 0xff, 0xff, 0xff, 0xc7, 0xff, 0xce, 0xff, 0xff, 0xff, 0xff, 0x9f, 0xff, 0xff, 0xff, 0xff, 0xe0,
    0x3d, 0xff, 0xff, 0xff, 0xff, 0xa7, 0xff, 0x88, 0xff, 0xff, 0xff, 0xff, 0x80, 0x00, 0x00, 0x00, 0x0f, 0xe0,
    0x7d, 0xff, 0xff, 0xff, 0xff, 0x67, 0xff, 0x80, 0xff, 0xff, 0xff, 0xff, 0x80, 0x00, 0x00, 0x00, 0x0f, 0xe0,
    0x6d, 0xff, 0xff, 0xff, 0xfe, 0xe7, 0xff, 0x01, 0xff, 0xff, 0xff, 0xff, 0x87, 0xff, 0xef, 0xff, 0xcf, 0xe0,
    0x7d, 0xff, 0xff, 0xff, 0xfd, 0xe7, 0xff, 0x01, 0xff, 0xff, 0xff, 0xff, 0x87, 0xff, 0xef, 0xff, 0xcf, 0xe0,
    0x3d, 0xff, 0xff, 0xff, 0xfb, 0xe7, 0xff, 0x83, 0xff, 0xff, 0xff, 0xff, 0x87, 0xff, 0xef, 0xff, 0xcf, 0xe0,
    0x7d, 0xff, 0xff, 0xff, 0xf7, 0xe7, 0xff, 0x03, 0xff, 0xff, 0xff, 0xff, 0x87, 0xff, 0xef, 0xff, 0xcf, 0xe0,
    0x6d, 0xff, 0xff, 0xff, 0xff, 0xe7, 0xff, 0x07, 0xff, 0xff, 0xff, 0xff, 0x87, 0xff, 0xef, 0xfb, 0xcf, 0xe0,
    0x7d, 0xff, 0xff, 0xff, 0xff, 0xe7, 0xfe, 0x0f, 0xff, 0xff, 0xff, 0xff, 0x87, 0xff, 0xef, 0xff, 0xcf, 0xe0,
    0x3d, 0xff, 0xff, 0xff, 0xff, 0xe7, 0xfe, 0x0f, 0xff, 0xff, 0xff, 0xff, 0x87, 0xff, 0xef, 0xff, 0xcf, 0xe0,
    0x7d, 0xff, 0xff, 0xff, 0xff, 0xe7, 0xfc, 0x1f, 0xff, 0xff, 0xff, 0xff, 0x87, 0xff, 0xef, 0xff, 0xcf, 0xe0,
    0x6d, 0xff, 0xff, 0xff, 0xff, 0xe7, 0xfc, 0x1f, 0xff, 0xff, 0xff, 0xff, 0x87, 0xff, 0xef, 0xff, 0xcf, 0xe0,
    0x7d, 0xff, 0xff, 0xff, 0xff, 0xe7, 0xf8, 0x3f, 0xff, 0xff, 0xff, 0xff, 0x87, 0xff, 0xef, 0xff, 0xcf, 0xe0,
    0x3d, 0x87, 0xff, 0xff, 0xff, 0xe7, 0xf8, 0x3f, 0xff, 0xff, 0xff, 0xff, 0x80, 0x00, 0x00, 0x00, 0x0f, 0xe0,
    0x7d, 0x23, 0xff, 0xff, 0xff, 0xe7, 0xf0, 0x7f, 0xff, 0xff, 0xff, 0xff, 0x87, 0xff, 0xef, 0xff, 0xcf, 0xe0,
    0x6d, 0x93, 0xff, 0xff, 0xff, 0xe7, 0xf0, 0x7f, 0xff, 0xff, 0xff, 0xff, 0x87, 0xff, 0xef, 0xff, 0xcf, 0xe0,
    0x7d, 0x4b, 0xff, 0xff, 0xff, 0xe7, 0xa0, 0xff, 0xff, 0xff, 0xff, 0xff, 0x87, 0xff, 0xef, 0xc7, 0xcf, 0xe0,
    0x3c, 0x25, 0xff, 0xff, 0xff, 0xe7, 0x80, 0xff, 0xff, 0xff, 0xff, 0xff, 0x87, 0xff, 0xef, 0x83, 0xcf, 0xe0,
    0x7d, 0x93, 0xff, 0xff, 0xf7, 0xe7, 0x01, 0xff, 0xff, 0xff, 0xff, 0xff, 0x87, 0xff, 0xef, 0x1d, 0xcf, 0xe0,
    0x6d, 0x4b, 0xff, 0xff, 0xfb, 0xef, 0x03, 0xff, 0xff, 0xff, 0xff, 0xff, 0x87, 0xff, 0xef, 0x3f, 0xcf, 0xe0,
    0x7d, 0x23, 0xff, 0xff, 0xfd, 0xf0, 0x03, 0xff, 0xff, 0xff, 0xff, 0xff, 0x87, 0xef, 0xef, 0x3f, 0xcf, 0xe0,
    0x3d, 0x07, 0xff, 0xff, 0xfe, 0xe0, 0x07, 0xff, 0xff, 0xff, 0xff, 0xff, 0x87, 0xff, 0xef, 0xbf, 0xcf, 0xe0,
    0x7d, 0x7f, 0xff, 0xff, 0xff, 0x6b, 0x07, 0xff, 0xff, 0xff, 0xff, 0xff, 0x87, 0xff, 0xef, 0xff, 0xcf, 0xe0,
    0x6d, 0x7f, 0xff, 0xff, 0xff, 0xb6, 0x07, 0xff, 0xff, 0xff, 0xff, 0xff, 0x87, 0xff, 0xef, 0xff, 0xcf, 0xe0,
    0x7c, 0x7f, 0xff, 0xff, 0xff, 0xc6, 0x01, 0xff, 0xff, 0xff, 0xff, 0xff, 0x87, 0xff, 0xef, 0xff, 0xcf, 0xe0,
    0x3c, 0xff, 0xff, 0xff, 0xe0, 0x06, 0x61, 0xff, 0xff, 0xff, 0xff, 0xff, 0x80, 0x00, 0x00, 0x00, 0x0f, 0xe0,
    0x7c, 0xff, 0xff, 0xff, 0xe0, 0x06, 0x60, 0xff, 0xff, 0xff, 0xff, 0xff, 0x80, 0x00, 0x00, 0x00, 0x0f, 0xe0,
    0x6c, 0xff, 0xff, 0xff, 0xff, 0xe7, 0x01, 0xff, 0xff, 0xff, 0xff, 0xff, 0x9f, 0xff, 0xff, 0xff, 0xff, 0xe0,
    0x7d, 0xff, 0xff, 0xff, 0xff, 0xe7, 0x07, 0xff, 0xff, 0xff, 0xff, 0xff, 0x9f, 0xff, 0xff, 0xff, 0xff, 0xe0,
    0x3d, 0xff, 0xff, 0xff, 0xff, 0xff, 0x9f, 0xff, 0xff, 0xff, 0xff, 0xff, 0xff, 0xff, 0xff, 0xff, 0xff, 0xe0,
    0x00, 0x00, 0x00, 0x00, 0x00, 0x00, 0x00, 0x00, 0x00, 0x00, 0x00, 0x00, 0x00, 0x00, 0x00, 0x00, 0x00, 0x00,
};

static const lv_img_dsc_t cat13 = {
    .header.cf = LV_IMG_CF_INDEXED_1BIT,
    .header.always_zero = 0,
    .header.reserved = 0,
    .header.w = 140,
    .header.h = 68,
    .data_size = 1232,
    .data = cat13_map,
};

static const LV_ATTRIBUTE_MEM_ALIGN LV_ATTRIBUTE_LARGE_CONST uint8_t cat14_map[] = {
#if CONFIG_NICE_VIEW_WIDGET_INVERTED
    0xff, 0xff, 0xff, 0xff, /*Color of index 0*/
    0x00, 0x00, 0x00, 0xff, /*Color of index 1*/
#else
    0x00, 0x00, 0x00, 0xff, /*Color of index 0*/
    0xff, 0xff, 0xff, 0xff, /*Color of index 1*/
#endif
    0x00, 0x00, 0x00, 0x00, 0x00, 0x00, 0x00, 0x00, 0x00, 0x00, 0x00, 0x00, 0x00, 0x00, 0x00, 0x00, 0x00, 0x00,
    0x7d, 0xff, 0xff, 0xff, 0xff, 0xff, 0xff, 0xff, 0xff, 0xff, 0xff, 0xff, 0xff, 0xff, 0xff, 0xff, 0xff, 0xe0,
    0x3d, 0xff, 0xff, 0xff, 0xff, 0xff, 0xff, 0xff, 0xff, 0xff, 0x9f, 0xff, 0xff, 0xff, 0xff, 0xff, 0xff, 0xe0,
    0x7d, 0xff, 0xff, 0xff, 0xff, 0xff, 0xff, 0xff, 0xff, 0xff, 0x9f, 0xff, 0xff, 0xff, 0xff, 0xff, 0xff, 0xe0,
    0x6d, 0xff, 0xff, 0xff, 0xff, 0xff, 0xff, 0xff, 0xff, 0x80, 0x00, 0x79, 0xff, 0xff, 0xff, 0xff, 0xff, 0xe0,
    0x7d, 0xff, 0xff, 0xff, 0xff, 0xff, 0xff, 0xff, 0xff, 0x80, 0x0f, 0x43, 0xff, 0xff, 0xff, 0xff, 0xff, 0xe0,
    0x3d, 0xff, 0xff, 0xff, 0xff, 0xff, 0xff, 0xff, 0xff, 0xff, 0x0f, 0x00, 0xff, 0xff, 0xff, 0xff, 0xff, 0xe0,
    0x7d, 0xff, 0xff, 0xff, 0xff, 0xff, 0xff, 0xff, 0xff, 0xfe, 0x8f, 0x00, 0xff, 0xff, 0xff, 0xff, 0xff, 0xe0,
    0x6d, 0xff, 0xff, 0xff, 0xff, 0xff, 0xff, 0xff, 0xff, 0xfd, 0x8f, 0x47, 0xff, 0xff, 0xff, 0xff, 0xff, 0xe0,
    0x7d, 0xff, 0xff, 0xff, 0xff, 0xff, 0xff, 0xff, 0xff, 0xfb, 0x80, 0x73, 0xff, 0xff, 0xff, 0xff, 0xff, 0xe0,
    0x3d, 0xff, 0xff, 0xff, 0xff, 0xff, 0xff, 0xff, 0xff, 0xf7, 0x9f, 0xff, 0xff, 0xff, 0xff, 0xff, 0xff, 0xe0,
    0x7d, 0xff, 0xff, 0xff, 0xff, 0xff, 0xff, 0xff, 0xff, 0xef, 0x9f, 0xff, 0xff, 0xff, 0xff, 0xff, 0xff, 0xe0,
    0x6d, 0xff, 0xff, 0xff, 0xff, 0xff, 0xff, 0xff, 0xff, 0xdf, 0x9f, 0xff, 0xff, 0xff, 0xff, 0xff, 0xff, 0xe0,
    0x7d, 0xff, 0xff, 0xff, 0xff, 0xff, 0xff, 0xff, 0xff, 0xff, 0x9f, 0xff, 0xff, 0xff, 0xff, 0xff, 0xff, 0xe0,
    0x3d, 0xff, 0xff, 0xff, 0xff, 0xff, 0xff, 0xff, 0xff, 0xff, 0x9f, 0xff, 0xff, 0xff, 0xff, 0xff, 0xff, 0xe0,
    0x7d, 0xff, 0xff, 0xff, 0xff, 0xff, 0xff, 0xff, 0xff, 0xff, 0x9f, 0xff, 0xff, 0xff, 0xff, 0xff, 0xff, 0xe0,
    0x6d, 0xff, 0xff, 0xff, 0xff, 0xff, 0xff, 0xff, 0xff, 0xff, 0x9f, 0xff, 0xff, 0xff, 0xff, 0xff, 0xff, 0xe0,
    0x7d, 0xff, 0xff, 0xff, 0xff, 0xff, 0xff, 0xff, 0xff, 0xff, 0x9f, 0xff, 0xff, 0xff, 0xff, 0xff, 0xff, 0xe0,
    0x3d, 0xff, 0xff, 0xff, 0xff, 0xff, 0xff, 0xff, 0xff, 0xff, 0x9f, 0xff, 0xff, 0xff, 0xff, 0xff, 0xff, 0xe0,
    0x7d, 0xff, 0xff, 0xff, 0xff, 0xff, 0xff, 0xff, 0xff, 0xff, 0x9f, 0xff, 0xff, 0xff, 0xff, 0xff, 0xff, 0xe0,
    0x6d, 0xff, 0xff, 0xff, 0xff, 0xff, 0xff, 0xff, 0xff, 0xff, 0x9f, 0xff, 0xff, 0xff, 0xff, 0xff, 0xff, 0xe0,
    0x7d, 0xff, 0xff, 0xff, 0xff, 0xff, 0xff, 0xff, 0xff, 0xff, 0x9f, 0xff, 0xff, 0xff, 0xff, 0xff, 0xff, 0xe0,
    0x3d, 0xff, 0xff, 0xff, 0xff, 0xff, 0xff, 0xff, 0xff, 0xff, 0x9f, 0xff, 0xff, 0xff, 0xff, 0xff, 0xff, 0xe0,
    0x7d, 0xff, 0xff, 0xff, 0xff, 0xff, 0xff, 0xff, 0xff, 0xff, 0x9f, 0xff, 0xff, 0xff, 0xff, 0xff, 0xff, 0xe0,
    0x6d, 0xff, 0xff, 0xff, 0xff, 0xff, 0xff, 0xff, 0xff, 0xdf, 0x9f, 0xff, 0xff, 0xff, 0xff, 0xff, 0xff, 0xe0,
    0x7d, 0xff, 0xff, 0xff, 0xff, 0xff, 0xff, 0xff, 0xff, 0xef, 0x9f, 0xff, 0xff, 0xff, 0xff, 0xff, 0xff, 0xe0,
    0x3d, 0xff, 0xff, 0xff, 0xff, 0xff, 0xff, 0xff, 0xff, 0xf7, 0x9f, 0xff, 0xff, 0xff, 0xff, 0xff, 0xff, 0xe0,
    0x7d, 0xff, 0xff, 0xff, 0xff, 0xff, 0xff, 0xff, 0xff, 0xfb, 0x9f, 0xff, 0xff, 0xff, 0xff, 0xff, 0xff, 0xe0,
    0x6d, 0xff, 0xff, 0xff, 0xff, 0xff, 0xff, 0xff, 0xff, 0xfd, 0x9f, 0xff, 0xff, 0xff, 0xff, 0xff, 0xff, 0xe0,
    0x7d, 0xff, 0xff, 0xff, 0xff, 0xff, 0xff, 0xff, 0xff, 0xfe, 0x9f, 0xff, 0xff, 0xff, 0xff, 0xff, 0xff, 0xe0,
    0x3d, 0xff, 0xff, 0xff, 0xff, 0xff, 0xff, 0xff, 0xff, 0xff, 0x1f, 0xff, 0xff, 0xff, 0xff, 0xff, 0xff, 0xe0,
    0x7d, 0xff, 0xff, 0xff, 0xff, 0xff, 0xff, 0xff, 0xff, 0x80, 0x1f, 0xff, 0xff, 0xff, 0xff, 0xff, 0xff, 0xe0,
    0x6d, 0xff, 0xff, 0xff, 0xff, 0xe7, 0xff, 0xff, 0xff, 0x80, 0x1f, 0xff, 0xff, 0xff, 0xff, 0xff, 0xff, 0xe0,
    0x7d, 0xff, 0xff, 0xff, 0xff, 0xe7, 0xcf, 0xff, 0xff, 0xff, 0x9f, 0xff, 0xff, 0xff, 0xff, 0xff, 0xff, 0xe0,
    0x3d, 0xff, 0xff, 0xff, 0xff, 0xe7, 0xcf, 0xff, 0xff, 0xff, 0x9f, 0xff, 0xff, 0xff, 0xff, 0xff, 0xff, 0xe0,
    0x7d, 0xff, 0xff, 0xff, 0xe0, 0x07, 0xf7, 0xff, 0xff, 0xff, 0x9f, 0xff, 0xff, 0xff, 0xff, 0xff, 0xff, 0xe0,
    0x6d, 0xff, 0xff, 0xff, 0xe0, 0x05, 0xf7, 0xff, 0xff, 0xff, 0x9f, 0xff, 0x9f, 0xff, 0xff, 0xff, 0xff, 0xe0,
    0x7d, 0xff, 0xff, 0xff, 0xff, 0xc5, 0xf7, 0xff, 0xff, 0xff, 0xff, 0xff, 0x9f, 0xff, 0xff, 0xff, 0xff, 0xe0,
    0x3d, 0xff, 0xff, 0xff, 0xff, 0xa4, 0x07, 0xff, 0xff, 0xff, 0xff, 0xff, 0x80, 0x00, 0x00, 0x00, 0x0f, 0xe0,
    0x7d, 0xff, 0xff, 0xff, 0xff, 0x66, 0x01, 0xff, 0xff, 0xff, 0xff, 0xff, 0x80, 0x00, 0x00, 0x00, 0x0f, 0xe0,
    0x6d, 0xff, 0xff, 0xff, 0xfe, 0xe6, 0x01, 0xff, 0xff, 0xff, 0xff, 0xff, 0x87, 0xff, 0xef, 0xff, 0xcf, 0xe0,
    0x7d, 0xff, 0xff, 0xff, 0xfd, 0xe7, 0x81, 0xff, 0xff, 0xff, 0xff, 0xff, 0x87, 0xff, 0xef, 0xff, 0xcf, 0xe0,
    0x3d, 0xff, 0xff, 0xff, 0xfb, 0xe4, 0x01, 0xff, 0xff, 0xff, 0xff, 0xff, 0x87, 0xff, 0xef, 0xff, 0xcf, 0xe0,
    0x7d, 0xff, 0xff, 0xff, 0xf7, 0xe4, 0x01, 0xff, 0xff, 0xff, 0xff, 0xff, 0x87, 0xff, 0xef, 0xff, 0xcf, 0xe0,
    0x6d, 0xff, 0xff, 0xff, 0xff, 0xe4, 0x01, 0xff, 0xff, 0xff, 0xff, 0xff, 0x87, 0xff, 0xef, 0xff, 0xcf, 0xe0,
    0x7d, 0xff, 0xff, 0xff, 0xff, 0xe6, 0x01, 0xff, 0xff, 0xff, 0xff, 0xff, 0x87, 0xf7, 0xef, 0xff, 0xcf, 0xe0,
    0x3d, 0xff, 0xff, 0xff, 0xff, 0xe6, 0x01, 0xff, 0xff, 0xff, 0xff, 0xff, 0x87, 0xff, 0xef, 0xff, 0xcf, 0xe0,
    0x7d, 0xff, 0xff, 0xff, 0xff, 0xe6, 0x01, 0xff, 0xff, 0xff, 0xff, 0xff, 0x87, 0xff, 0xef, 0xff, 0xcf, 0xe0,
    0x6d, 0xff, 0xff, 0xff, 0xff, 0xe7, 0x81, 0xff, 0xff, 0xff, 0xff, 0xff, 0x87, 0xff, 0xef, 0xff, 0xcf, 0xe0,
    0x7d, 0xff, 0xff, 0xff, 0xff, 0xe7, 0x81, 0xff, 0xff, 0xff, 0xff, 0xff, 0x87, 0xff, 0xef, 0xff, 0xcf, 0xe0,
    0x3d, 0x87, 0xff, 0xff, 0xff, 0xe7, 0x81, 0xff, 0xff, 0xff, 0xff, 0xff, 0x80, 0x00, 0x00, 0x00, 0x0f, 0xe0,
    0x7d, 0x23, 0xff, 0xff, 0xff, 0xe7, 0x81, 0xff, 0xff, 0xff, 0xff, 0xff, 0x87, 0xff, 0xef, 0xff, 0xcf, 0xe0,
    0x6d, 0x93, 0xff, 0xff, 0xff, 0xe7, 0x81, 0xff, 0xff, 0xff, 0xff, 0xff, 0x87, 0xff, 0xef, 0xff, 0xcf, 0xe0,
    0x7d, 0x4b, 0xff, 0xff, 0xff, 0xe4, 0x01, 0xff, 0xff, 0xff, 0xff, 0xff, 0x87, 0xff, 0xef, 0xc7, 0xcf, 0xe0,
    0x3c, 0x25, 0xff, 0xff, 0xff, 0xe4, 0x01, 0xff, 0xff, 0xff, 0xff, 0xff, 0x87, 0xff, 0xef, 0x83, 0xcf, 0xe0,
    0x7d, 0x93, 0xff, 0xff, 0xf7, 0xe4, 0x01, 0xff, 0xff, 0xff, 0xff, 0xff, 0x87, 0xff, 0xef, 0x1d, 0xcf, 0xe0,
    0x6d, 0x4b, 0xff, 0xff, 0xfb, 0xe7, 0x80, 0x3f, 0xff, 0xff, 0xff, 0xff, 0x87, 0xff, 0xef, 0x3f, 0xcf, 0xe0,
    0x7d, 0x23, 0xff, 0xff, 0xfd, 0xe4, 0x01, 0x07, 0xff, 0xff, 0xff, 0xff, 0x87, 0xef, 0xef, 0x3f, 0xcf, 0xe0,
    0x3d, 0x07, 0xff, 0xff, 0xfe, 0xe4, 0x01, 0x07, 0xff, 0xff, 0xff, 0xff, 0x87, 0xff, 0xef, 0xbf, 0xcf, 0xe0,
    0x7d, 0x7f, 0xff, 0xff, 0xff, 0x64, 0x00, 0x1f, 0xff, 0xff, 0xff, 0xff, 0x87, 0xff, 0xef, 0xff, 0xcf, 0xe0,
    0x6d, 0x7f, 0xff, 0xff, 0xff, 0xa7, 0xc0, 0x1f, 0xff, 0xff, 0xff, 0xff, 0x87, 0xff, 0xef, 0xff, 0xcf, 0xe0,
    0x7c, 0x7f, 0xff, 0xff, 0xff, 0xc7, 0xc0, 0x1f, 0xff, 0xff, 0xff, 0xff, 0x87, 0xff, 0xef, 0xff, 0xcf, 0xe0,
    0x3c, 0xff, 0xff, 0xff, 0xe0, 0x07, 0xf9, 0x07, 0xff, 0xff, 0xff, 0xff, 0x80, 0x00, 0x00, 0x00, 0x0f, 0xe0,
    0x7c, 0xff, 0xff, 0xff, 0xe0, 0x07, 0xff, 0xff, 0xff, 0xff, 0xff, 0xff, 0x80, 0x00, 0x00, 0x00, 0x0f, 0xe0,
    0x6c, 0xff, 0xff, 0xff, 0xff, 0xe7, 0xff, 0xff, 0xff, 0xff, 0xff, 0xff, 0x9f, 0xff, 0xff, 0xff, 0xff, 0xe0,
    0x7d, 0xff, 0xff, 0xff, 0xff, 0xe7, 0xff, 0xff, 0xff, 0xff, 0xff, 0xff, 0x9f, 0xff, 0xff, 0xff, 0xff, 0xe0,
    0x3d, 0xff, 0xff, 0xff, 0xff, 0xff, 0xff, 0xff, 0xff, 0xff, 0xff, 0xff, 0xff, 0xff, 0xff, 0xff, 0xff, 0xe0,
    0x00, 0x00, 0x00, 0x00, 0x00, 0x00, 0x00, 0x00, 0x00, 0x00, 0x00, 0x00, 0x00, 0x00, 0x00, 0x00, 0x00, 0x00,
};

static const lv_img_dsc_t cat14 = {
    .header.cf = LV_IMG_CF_INDEXED_1BIT,
    .header.always_zero = 0,
    .header.reserved = 0,
    .header.w = 140,
    .header.h = 68,
    .data_size = 1232,
    .data = cat14_map,
};

static const LV_ATTRIBUTE_MEM_ALIGN LV_ATTRIBUTE_LARGE_CONST uint8_t cat15_map[] = {
#if CONFIG_NICE_VIEW_WIDGET_INVERTED
    0xff, 0xff, 0xff, 0xff, /*Color of index 0*/
    0x00, 0x00, 0x00, 0xff, /*Color of index 1*/
#else
    0x00, 0x00, 0x00, 0xff, /*Color of index 0*/
    0xff, 0xff, 0xff, 0xff, /*Color of index 1*/
#endif
    0x00, 0x00, 0x00, 0x00, 0x00, 0x00, 0x00, 0x00, 0x00, 0x00, 0x00, 0x00, 0x00, 0x00, 0x00, 0x00, 0x00, 0x00,
    0x7d, 0xff, 0xff, 0xff, 0xff, 0xff, 0xff, 0xff, 0xff, 0xff, 0xff, 0xff, 0xff, 0xff, 0xff, 0xff, 0xff, 0xe0,
    0x3d, 0xff, 0xff, 0xff, 0xff, 0xff, 0xff, 0xff, 0xff, 0xff, 0x9f, 0xff, 0xff, 0xff, 0xff, 0xff, 0xff, 0xe0,
    0x7d, 0xff, 0xff, 0xff, 0xff, 0xff, 0xff, 0xff, 0xff, 0xff, 0x9f, 0xff, 0xff, 0xff, 0xff, 0xff, 0xff, 0xe0,
    0x6d, 0xff, 0xff, 0xff, 0xff, 0xff, 0xff, 0xff, 0xff, 0x80, 0x00, 0x79, 0xff, 0xff, 0xff, 0xff, 0xff, 0xe0,
    0x7d, 0xff, 0xff, 0xff, 0xff, 0xff, 0xff, 0xff, 0xff, 0x80, 0x0f, 0x43, 0xff, 0xff, 0xff, 0xff, 0xff, 0xe0,
    0x3d, 0xff, 0xff, 0xff, 0xff, 0xff, 0xff, 0xff, 0xff, 0xff, 0x0f, 0x00, 0xff, 0xff, 0xff, 0xff, 0xff, 0xe0,
    0x7d, 0xff, 0xff, 0xff, 0xff, 0xff, 0xff, 0xff, 0xff, 0xfe, 0x8f, 0x00, 0xff, 0xff, 0xff, 0xff, 0xff, 0xe0,
    0x6d, 0xff, 0xff, 0xff, 0xff, 0xff, 0xff, 0xff, 0xff, 0xfd, 0x8f, 0x47, 0xff, 0xff, 0xff, 0xff, 0xff, 0xe0,
    0x7d, 0xff, 0xff, 0xff, 0xff, 0xff, 0xff, 0xff, 0xff, 0xfb, 0x80, 0x73, 0xff, 0xff, 0xff, 0xff, 0xff, 0xe0,
    0x3d, 0xff, 0xff, 0xff, 0xff, 0xff, 0xff, 0xff, 0xff, 0xf7, 0x9f, 0xff, 0xff, 0xff, 0xff, 0xff, 0xff, 0xe0,
    0x7d, 0xff, 0xff, 0xff, 0xff, 0xff, 0xff, 0xff, 0xff, 0xef, 0x9f, 0xff, 0xff, 0xff, 0xff, 0xff, 0xff, 0xe0,
    0x6d, 0xff, 0xff, 0xff, 0xff, 0xff, 0xff, 0xff, 0xff, 0xdf, 0x9f, 0xff, 0xff, 0xff, 0xff, 0xff, 0xff, 0xe0,
    0x7d, 0xff, 0xff, 0xff, 0xff, 0xff, 0xff, 0xff, 0xff, 0xff, 0x9f, 0xff, 0xff, 0xff, 0xff, 0xff, 0xff, 0xe0,
    0x3d, 0xff, 0xff, 0xff, 0xff, 0xff, 0xff, 0xff, 0xff, 0xff, 0x9f, 0xff, 0xff, 0xff, 0xff, 0xff, 0xff, 0xe0,
    0x7d, 0xff, 0xff, 0xff, 0xff, 0xff, 0xff, 0xff, 0xff, 0xff, 0x9f, 0xff, 0xff, 0xff, 0xff, 0xff, 0xff, 0xe0,
    0x6d, 0xff, 0xff, 0xff, 0xff, 0xff, 0xff, 0xff, 0xff, 0xff, 0x9f, 0xff, 0xff, 0xff, 0xff, 0xff, 0xff, 0xe0,
    0x7d, 0xff, 0xff, 0xff, 0xff, 0xff, 0xff, 0xff, 0xff, 0xff, 0x9f, 0xff, 0xff, 0xff, 0xff, 0xff, 0xff, 0xe0,
    0x3d, 0xff, 0xff, 0xff, 0xff, 0xff, 0xff, 0xff, 0xff, 0xff, 0x9f, 0xff, 0xff, 0xff, 0xff, 0xff, 0xff, 0xe0,
    0x7d, 0xff, 0xff, 0xff, 0xff, 0xff, 0xff, 0xff, 0xff, 0xff, 0x9f, 0xff, 0xff, 0xff, 0xff, 0xff, 0xff, 0xe0,
    0x6d, 0xff, 0xff, 0xff, 0xff, 0xff, 0xff, 0xff, 0xff, 0xff, 0x9f, 0xff, 0xff, 0xff, 0xff, 0xff, 0xff, 0xe0,
    0x7d, 0xff, 0xff, 0xff, 0xff, 0xff, 0xff, 0xff, 0xff, 0xff, 0x9f, 0xff, 0xff, 0xff, 0xff, 0xff, 0xff, 0xe0,
    0x3d, 0xff, 0xff, 0xff, 0xff, 0xff, 0xff, 0xff, 0xff, 0xff, 0x9f, 0xff, 0xff, 0xff, 0xff, 0xff, 0xff, 0xe0,
    0x7d, 0xff, 0xff, 0xff, 0xff, 0xff, 0xff, 0xff, 0xff, 0xff, 0x9f, 0xff, 0xff, 0xff, 0xff, 0xff, 0xff, 0xe0,
    0x6d, 0xff, 0xff, 0xff, 0xff, 0xff, 0xff, 0xff, 0xff, 0xdf, 0x9f, 0xff, 0xff, 0xff, 0xff, 0xff, 0xff, 0xe0,
    0x7d, 0xff, 0xff, 0xff, 0xff, 0xff, 0xff, 0xff, 0xff, 0xef, 0x9f, 0xff, 0xff, 0xff, 0xff, 0xff, 0xff, 0xe0,
    0x3d, 0xff, 0xff, 0xff, 0xff, 0xff, 0xff, 0xff, 0xff, 0xf7, 0x9f, 0xff, 0xff, 0xff, 0xff, 0xff, 0xff, 0xe0,
    0x7d, 0xff, 0xff, 0xff, 0xff, 0xff, 0xff, 0xff, 0xff, 0xfb, 0x9f, 0xff, 0xff, 0xff, 0xff, 0xff, 0xff, 0xe0,
    0x6d, 0xff, 0xff, 0xff, 0xff, 0xff, 0xff, 0xff, 0xff, 0xfd, 0x9f, 0xff, 0xff, 0xff, 0xff, 0xff, 0xff, 0xe0,
    0x7d, 0xff, 0xff, 0xff, 0xff, 0xff, 0xff, 0xff, 0xff, 0xfe, 0x9f, 0xff, 0xff, 0xff, 0xff, 0xff, 0xff, 0xe0,
    0x3d, 0xff, 0xff, 0xff, 0xff, 0xff, 0xff, 0xff, 0xff, 0xff, 0x1f, 0xff, 0xff, 0xff, 0xff, 0xff, 0xff, 0xe0,
    0x7d, 0xff, 0xff, 0xff, 0xff, 0xff, 0xff, 0xff, 0xff, 0x80, 0x1f, 0xff, 0xff, 0xff, 0xff, 0xff, 0xff, 0xe0,
    0x6d, 0xff, 0xff, 0xff, 0xff, 0xe7, 0xff, 0xff, 0xff, 0x80, 0x1f, 0xff, 0xff, 0xff, 0xff, 0xff, 0xff, 0xe0,
    0x7d, 0xff, 0xff, 0xff, 0xff, 0xe7, 0xff, 0xff, 0xff, 0xff, 0x9f, 0xff, 0xff, 0xff, 0xff, 0xff, 0xff, 0xe0,
    0x3d, 0xff, 0xff, 0xff, 0xff, 0xe7, 0xff, 0xff, 0xff, 0xff, 0x9f, 0xff, 0xff, 0xff, 0xff, 0xff, 0xff, 0xe0,
    0x7d, 0xff, 0xff, 0xff, 0xe0, 0x07, 0xff, 0xff, 0xff, 0xff, 0x9f, 0xff, 0xff, 0xff, 0xff, 0xff, 0xff, 0xe0,
    0x6d, 0xff, 0xff, 0xff, 0xe0, 0x05, 0xff, 0xff, 0x83, 0xff, 0x9f, 0xff, 0x9f, 0xff, 0xff, 0xff, 0xff, 0xe0,
    0x7d, 0xff, 0xff, 0xff, 0xff, 0xc4, 0x07, 0xff, 0x10, 0x7f, 0xff, 0xff, 0x9f, 0xff, 0xff, 0xff, 0xff, 0xe0,
    0x3d, 0xff, 0xff, 0xff, 0xff, 0xa4, 0x07, 0xff, 0x10, 0x7f, 0xff, 0xff, 0x80, 0x00, 0x00, 0x00, 0x0f, 0xe0,
    0x7d, 0xff, 0xff, 0xff, 0xff, 0x64, 0x00, 0x00, 0x01, 0xff, 0xff, 0xff, 0x80, 0x00, 0x00, 0x00, 0x0f, 0xe0,
    0x6d, 0xff, 0xff, 0xff, 0xfe, 0xe4, 0x00, 0x00, 0x01, 0xff, 0xff, 0xff, 0x87, 0xff, 0xef, 0xff, 0xcf, 0xe0,
    0x7d, 0xff, 0xff, 0xff, 0xfd, 0xe4, 0x00, 0x00, 0x01, 0xff, 0xff, 0xff, 0x87, 0xff, 0xef, 0xff, 0xcf, 0xe0,
    0x3d, 0xff, 0xff, 0xff, 0xfb, 0xe5, 0xf0, 0x00, 0x10, 0x7f, 0xff, 0xff, 0x87, 0xff, 0xef, 0xff, 0xcf, 0xe0,
    0x7d, 0xff, 0xff, 0xff, 0xf7, 0xe4, 0x00, 0x00, 0x83, 0xff, 0xff, 0xff, 0x87, 0xff, 0xef, 0xff, 0xcf, 0xe0,
    0x6d, 0xff, 0xff, 0xff, 0xff, 0xe4, 0x00, 0x00, 0x83, 0xff, 0xff, 0xff, 0x87, 0xff, 0xef, 0xff, 0xcf, 0xe0,
    0x7d, 0xff, 0xff, 0xff, 0xff, 0xe4, 0x00, 0x03, 0xff, 0xff, 0xff, 0xff, 0x87, 0xf7, 0xef, 0xff, 0xcf, 0xe0,
    0x3d, 0xff, 0xff, 0xff, 0xff, 0xe4, 0x00, 0x07, 0xff, 0xff, 0xff, 0xff, 0x87, 0xff, 0xef, 0xff, 0xcf, 0xe0,
    0x7d, 0xff, 0xff, 0xff, 0xff, 0xe4, 0x00, 0x07, 0xff, 0xff, 0xff, 0xff, 0x87, 0xff, 0xef, 0xff, 0xcf, 0xe0,
    0x6d, 0xff, 0xff, 0xff, 0xff, 0xe4, 0x00, 0x1f, 0xff, 0xff, 0xff, 0xff, 0x87, 0xff, 0xef, 0xff, 0xcf, 0xe0,
    0x7d, 0xff, 0xff, 0xff, 0xff, 0xe4, 0x01, 0xff, 0xff, 0xff, 0xff, 0xff, 0x87, 0xff, 0xef, 0xff, 0xcf, 0xe0,
    0x3d, 0x87, 0xff, 0xff, 0xff, 0xe4, 0x01, 0xff, 0xff, 0xff, 0xff, 0xff, 0x80, 0x00, 0x00, 0x00, 0x0f, 0xe0,
    0x7d, 0x23, 0xff, 0xff, 0xff, 0xe4, 0x0f, 0xff, 0xff, 0xff, 0xff, 0xff, 0x87, 0xff, 0xef, 0xff, 0xcf, 0xe0,
    0x6d, 0x93, 0xff, 0xff, 0xff, 0xe4, 0x0f, 0xff, 0xff, 0xff, 0xff, 0xff, 0x87, 0xff, 0xef, 0xff, 0xcf, 0xe0,
    0x7d, 0x4b, 0xff, 0xff, 0xff, 0xe4, 0x0f, 0xff, 0xff, 0xff, 0xff, 0xff, 0x87, 0xff, 0xef, 0xc7, 0xcf, 0xe0,
    0x3c, 0x25, 0xff, 0xff, 0xff, 0xe7, 0xbf, 0xff, 0xff, 0xff, 0xff, 0xff, 0x87, 0xff, 0xef, 0x83, 0xcf, 0xe0,
    0x7d, 0x93, 0xff, 0xff, 0xf7, 0xe6, 0x3f, 0xff, 0xff, 0xff, 0xff, 0xff, 0x87, 0xff, 0xef, 0x1d, 0xcf, 0xe0,
    0x6d, 0x4b, 0xff, 0xff, 0xfb, 0xe6, 0x3f, 0xff, 0xff, 0xff, 0xff, 0xff, 0x87, 0xff, 0xef, 0x3f, 0xcf, 0xe0,
    0x7d, 0x23, 0xff, 0xff, 0xfd, 0xe6, 0x7f, 0xff, 0xff, 0xff, 0xff, 0xff, 0x87, 0xef, 0xef, 0x3f, 0xcf, 0xe0,
    0x3d, 0x07, 0xff, 0xff, 0xfe, 0xe6, 0x7f, 0xff, 0xff, 0xff, 0xff, 0xff, 0x87, 0xff, 0xef, 0xbf, 0xcf, 0xe0,
    0x7d, 0x7f, 0xff, 0xff, 0xff, 0x66, 0x7f, 0xff, 0xff, 0xff, 0xff, 0xff, 0x87, 0xff, 0xef, 0xff, 0xcf, 0xe0,
    0x6d, 0x7f, 0xff, 0xff, 0xff, 0xa5, 0xff, 0xff, 0xff, 0xff, 0xff, 0xff, 0x87, 0xff, 0xef, 0xff, 0xcf, 0xe0,
    0x7c, 0x7f, 0xff, 0xff, 0xff, 0xc7, 0xff, 0xff, 0xff, 0xff, 0xff, 0xff, 0x87, 0xff, 0xef, 0xff, 0xcf, 0xe0,
    0x3c, 0xff, 0xff, 0xff, 0xe0, 0x07, 0xff, 0xff, 0xff, 0xff, 0xff, 0xff, 0x80, 0x00, 0x00, 0x00, 0x0f, 0xe0,
    0x7c, 0xff, 0xff, 0xff, 0xe0, 0x07, 0xff, 0xff, 0xff, 0xff, 0xff, 0xff, 0x80, 0x00, 0x00, 0x00, 0x0f, 0xe0,
    0x6c, 0xff, 0xff, 0xff, 0xff, 0xe7, 0xff, 0xff, 0xff, 0xff, 0xff, 0xff, 0x9f, 0xff, 0xff, 0xff, 0xff, 0xe0,
    0x7d, 0xff, 0xff, 0xff, 0xff, 0xe7, 0xff, 0xff, 0xff, 0xff, 0xff, 0xff, 0x9f, 0xff, 0xff, 0xff, 0xff, 0xe0,
    0x3d, 0xff, 0xff, 0xff, 0xff, 0xff, 0xff, 0xff, 0xff, 0xff, 0xff, 0xff, 0xff, 0xff, 0xff, 0xff, 0xff, 0xe0,
    0x00, 0x00, 0x00, 0x00, 0x00, 0x00, 0x00, 0x00, 0x00, 0x00, 0x00, 0x00, 0x00, 0x00, 0x00, 0x00, 0x00, 0x00,
};

static const lv_img_dsc_t cat15 = {
    .header.cf = LV_IMG_CF_INDEXED_1BIT,
    .header.always_zero = 0,
    .header.reserved = 0,
    .header.w = 140,
    .header.h = 68,
    .data_size = 1232,
    .data = cat15_map,
};

static const LV_ATTRIBUTE_MEM_ALIGN LV_ATTRIBUTE_LARGE_CONST uint8_t cat16_map[] = {
#if CONFIG_NICE_VIEW_WIDGET_INVERTED
    0xff, 0xff, 0xff, 0xff, /*Color of index 0*/
    0x00, 0x00, 0x00, 0xff, /*Color of index 1*/
#else
    0x00, 0x00, 0x00, 0xff, /*Color of index 0*/
    0xff, 0xff, 0xff, 0xff, /*Color of index 1*/
#endif
    0x00, 0x00, 0x00, 0x00, 0x00, 0x00, 0x00, 0x00, 0x00, 0x00, 0x00, 0x00, 0x00, 0x00, 0x00, 0x00, 0x00, 0x00,
    0x7d, 0xff, 0xff, 0xff, 0xff, 0xff, 0xff, 0xff, 0xff, 0xff, 0xff, 0xff, 0xff, 0xff, 0xff, 0xff, 0xff, 0xe0,
    0x3d, 0xff, 0xff, 0xff, 0xff, 0xff, 0xff, 0xff, 0xff, 0xff, 0x9f, 0xff, 0xff, 0xff, 0xff, 0xff, 0xff, 0xe0,
    0x7d, 0xff, 0xff, 0xff, 0xff, 0xff, 0xff, 0xff, 0xff, 0xff, 0x9f, 0xff, 0xff, 0xff, 0xff, 0xff, 0xff, 0xe0,
    0x6d, 0xff, 0xff, 0xff, 0xff, 0xff, 0xff, 0xff, 0xff, 0x80, 0x00, 0x79, 0xff, 0xff, 0xff, 0xff, 0xff, 0xe0,
    0x7d, 0xff, 0xff, 0xff, 0xff, 0xff, 0xff, 0xff, 0xff, 0x80, 0x0f, 0x43, 0xff, 0xff, 0xff, 0xff, 0xff, 0xe0,
    0x3d, 0xff, 0xff, 0xff, 0xff, 0xff, 0xff, 0xff, 0xff, 0xff, 0x0f, 0x00, 0xff, 0xff, 0xff, 0xff, 0xff, 0xe0,
    0x7d, 0xff, 0xff, 0xff, 0xff, 0xff, 0xff, 0xff, 0xff, 0xfe, 0x8f, 0x00, 0xff, 0xff, 0xff, 0xff, 0xff, 0xe0,
    0x6d, 0xff, 0xff, 0xff, 0xff, 0xff, 0xff, 0xff, 0xff, 0xfd, 0x8f, 0x47, 0xff, 0xff, 0xff, 0xff, 0xff, 0xe0,
    0x7d, 0xff, 0xff, 0xff, 0xff, 0xff, 0xff, 0xff, 0xff, 0xfb, 0x80, 0x73, 0xff, 0xff, 0xff, 0xff, 0xff, 0xe0,
    0x3d, 0xff, 0xff, 0xff, 0xff, 0xff, 0xff, 0xff, 0xff, 0xf7, 0x9f, 0xff, 0xff, 0xff, 0xff, 0xff, 0xff, 0xe0,
    0x7d, 0xff, 0xff, 0xff, 0xff, 0xff, 0xff, 0xff, 0xff, 0xef, 0x9f, 0xff, 0xff, 0xff, 0xff, 0xff, 0xff, 0xe0,
    0x6d, 0xff, 0xff, 0xff, 0xff, 0xff, 0xff, 0xff, 0xff, 0xdf, 0x9f, 0xff, 0xff, 0xff, 0xff, 0xff, 0xff, 0xe0,
    0x7d, 0xff, 0xff, 0xff, 0xff, 0xff, 0xff, 0xff, 0xff, 0xff, 0x9f, 0xff, 0xff, 0xff, 0xff, 0xff, 0xff, 0xe0,
    0x3d, 0xff, 0xff, 0xff, 0xff, 0xff, 0xff, 0xff, 0xff, 0xff, 0x9f, 0xff, 0xff, 0xff, 0xff, 0xff, 0xff, 0xe0,
    0x7d, 0xff, 0xff, 0xff, 0xff, 0xff, 0xff, 0xff, 0xff, 0xff, 0x9f, 0xff, 0xff, 0xff, 0xff, 0xff, 0xff, 0xe0,
    0x6d, 0xff, 0xff, 0xff, 0xff, 0xff, 0xff, 0xff, 0xff, 0xff, 0x9f, 0xff, 0xff, 0xff, 0xff, 0xff, 0xff, 0xe0,
    0x7d, 0xff, 0xff, 0xff, 0xff, 0xff, 0xff, 0xff, 0xff, 0xff, 0x9f, 0xff, 0xff, 0xff, 0xff, 0xff, 0xff, 0xe0,
    0x3d, 0xff, 0xff, 0xff, 0xff, 0xff, 0xff, 0xff, 0xff, 0xff, 0x9f, 0xff, 0xff, 0xff, 0xff, 0xff, 0xff, 0xe0,
    0x7d, 0xff, 0xff, 0xff, 0xff, 0xff, 0xff, 0xff, 0xff, 0xff, 0x9f, 0xff, 0xff, 0xff, 0xff, 0xff, 0xff, 0xe0,
    0x6d, 0xff, 0xff, 0xff, 0xff, 0xff, 0xff, 0xff, 0xff, 0xff, 0x9f, 0xff, 0xff, 0xff, 0xff, 0xff, 0xff, 0xe0,
    0x7d, 0xff, 0xff, 0xff, 0xff, 0xff, 0xff, 0xff, 0xff, 0xff, 0x9f, 0xff, 0xff, 0xff, 0xff, 0xff, 0xff, 0xe0,
    0x3d, 0xff, 0xff, 0xff, 0xff, 0xff, 0xff, 0xff, 0xff, 0xff, 0x9f, 0xff, 0xff, 0xff, 0xff, 0xff, 0xff, 0xe0,
    0x7d, 0xff, 0xff, 0xff, 0xff, 0xff, 0xff, 0xff, 0xff, 0xff, 0x9f, 0xff, 0xff, 0xff, 0xff, 0xff, 0xff, 0xe0,
    0x6d, 0xff, 0xff, 0xff, 0xff, 0xff, 0xff, 0xff, 0xff, 0xdf, 0x9f, 0xff, 0xff, 0xff, 0xff, 0xff, 0xff, 0xe0,
    0x7d, 0xff, 0xff, 0xff, 0xff, 0xff, 0xff, 0xff, 0xff, 0xef, 0x9f, 0xff, 0xff, 0xff, 0xff, 0xff, 0xff, 0xe0,
    0x3d, 0xff, 0xff, 0xff, 0xff, 0xff, 0xff, 0xff, 0xff, 0xf7, 0x9f, 0xff, 0xff, 0xff, 0xff, 0xff, 0xff, 0xe0,
    0x7d, 0xff, 0xff, 0xff, 0xff, 0xff, 0xff, 0xff, 0xff, 0xfb, 0x9f, 0xff, 0xff, 0xff, 0xff, 0xff, 0xff, 0xe0,
    0x6d, 0xff, 0xff, 0xff, 0xff, 0xff, 0xff, 0xff, 0xff, 0xfd, 0x9f, 0xff, 0xff, 0xff, 0xff, 0xff, 0xff, 0xe0,
    0x7d, 0xff, 0xff, 0xff, 0xff, 0xff, 0xff, 0xff, 0xff, 0xfe, 0x9f, 0xff, 0xff, 0xff, 0xff, 0xff, 0xff, 0xe0,
    0x3d, 0xff, 0xff, 0xff, 0xff, 0xff, 0xff, 0xff, 0xff, 0xff, 0x1f, 0xff, 0xff, 0xff, 0xff, 0xff, 0xff, 0xe0,
    0x7d, 0xff, 0xff, 0xff, 0xff, 0xff, 0xff, 0xff, 0xff, 0x80, 0x1f, 0xff, 0xff, 0xff, 0xff, 0xff, 0xff, 0xe0,
    0x6d, 0xff, 0xff, 0xff, 0xff, 0xe7, 0xff, 0xff, 0xff, 0x80, 0x1f, 0xff, 0xff, 0xff, 0xff, 0xff, 0xff, 0xe0,
    0x7d, 0xff, 0xff, 0xff, 0xff, 0xe7, 0xff, 0xff, 0xff, 0xff, 0x9f, 0xff, 0xff, 0xff, 0xff, 0xff, 0xff, 0xe0,
    0x3d, 0xff, 0xff, 0xff, 0xff, 0xe7, 0xff, 0xff, 0xff, 0xff, 0x9f, 0xff, 0xff, 0xff, 0xff, 0xff, 0xff, 0xe0,
    0x7d, 0xff, 0xff, 0xff, 0xe0, 0x07, 0xff, 0xff, 0xff, 0xff, 0x9f, 0xff, 0xff, 0xff, 0xff, 0xff, 0xff, 0xe0,
    0x6d, 0xff, 0xff, 0xff, 0xe0, 0x05, 0xff, 0xff, 0x83, 0xff, 0x9f, 0xff, 0x9f, 0xff, 0xff, 0xff, 0xff, 0xe0,
    0x7d, 0xff, 0xff, 0xff, 0xff, 0xc4, 0x07, 0xff, 0x10, 0x7f, 0xff, 0xff, 0x9f, 0xff, 0xff, 0xff, 0xff, 0xe0,
    0x3d, 0xff, 0xff, 0xff, 0xff, 0xa4, 0x07, 0xff, 0x10, 0x7f, 0xff, 0xff, 0x80, 0x00, 0x00, 0x00, 0x0f, 0xe0,
    0x7d, 0xff, 0xff, 0xff, 0xff, 0x64, 0x00, 0x00, 0x01, 0xff, 0xff, 0xff, 0x80, 0x00, 0x00, 0x00, 0x0f, 0xe0,
    0x6d, 0xff, 0xff, 0xff, 0xfe, 0xe4, 0x00, 0x00, 0x01, 0xff, 0xff, 0xff, 0x87, 0xff, 0xef, 0xff, 0xcf, 0xe0,
    0x7d, 0xff, 0xff, 0xff, 0xfd, 0xe4, 0x00, 0x00, 0x01, 0xff, 0xff, 0xff, 0x87, 0xff, 0xef, 0xff, 0xcf, 0xe0,
    0x3d, 0xff, 0xff, 0xff, 0xfb, 0xe5, 0xf0, 0x00, 0x10, 0x7f, 0xff, 0xff, 0x87, 0xff, 0xef, 0xff, 0xcf, 0xe0,
    0x7d, 0xff, 0xff, 0xff, 0xf7, 0xe4, 0x00, 0x00, 0x83, 0xff, 0xff, 0xff, 0x87, 0xff, 0xef, 0xff, 0xcf, 0xe0,
    0x6d, 0xff, 0xff, 0xff, 0xff, 0xe4, 0x00, 0x00, 0x83, 0xff, 0xff, 0xff, 0x87, 0xff, 0xef, 0xff, 0xcf, 0xe0,
    0x7d, 0xff, 0xff, 0xff, 0xff, 0xe4, 0x00, 0x03, 0xff, 0xff, 0xff, 0xff, 0x87, 0xf7, 0xef, 0xff, 0xcf, 0xe0,
    0x3d, 0xff, 0xff, 0xff, 0xff, 0xe4, 0x00, 0x07, 0xff, 0xff, 0xff, 0xff, 0x87, 0xff, 0xef, 0xff, 0xcf, 0xe0,
    0x7d, 0xff, 0xff, 0xff, 0xff, 0xe4, 0x00, 0x07, 0xff, 0xff, 0xff, 0xff, 0x87, 0xff, 0xef, 0xff, 0xcf, 0xe0,
    0x6d, 0xff, 0xff, 0xff, 0xff, 0xe4, 0x00, 0x1f, 0xff, 0xff, 0xff, 0xff, 0x87, 0xff, 0xef, 0xff, 0xcf, 0xe0,
    0x7d, 0xff, 0xff, 0xff, 0xff, 0xe4, 0x01, 0xff, 0xff, 0xff, 0xff, 0xff, 0x87, 0xff, 0xef, 0xff, 0xcf, 0xe0,
    0x3d, 0x87, 0xff, 0xff, 0xff, 0xe4, 0x01, 0xff, 0xff, 0xff, 0xff, 0xff, 0x80, 0x00, 0x00, 0x00, 0x0f, 0xe0,
    0x7d, 0x23, 0xff, 0xff, 0xff, 0xe4, 0x0f, 0xff, 0xff, 0xff, 0xff, 0xff, 0x87, 0xff, 0xef, 0xff, 0xcf, 0xe0,
    0x6d, 0x93, 0xff, 0xff, 0xff, 0xe4, 0x0f, 0xff, 0xff, 0xff, 0xff, 0xff, 0x87, 0xff, 0xef, 0xff, 0xcf, 0xe0,
    0x7d, 0x4b, 0xff, 0xff, 0xff, 0xe4, 0x0f, 0xff, 0xff, 0xff, 0xff, 0xff, 0x87, 0xff, 0xef, 0xc7, 0xcf, 0xe0,
    0x3c, 0x25, 0xff, 0xff, 0xff, 0xe7, 0xbf, 0xff, 0xff, 0xff, 0xff, 0xff, 0x87, 0xff, 0xef, 0x83, 0xcf, 0xe0,
    0x7d, 0x93, 0xff, 0xff, 0xf7, 0xe6, 0x3f, 0xff, 0xff, 0xff, 0xff, 0xff, 0x87, 0xff, 0xef, 0x1d, 0xcf, 0xe0,
    0x6d, 0x4b, 0xff, 0xff, 0xfb, 0xe6, 0x3f, 0xff, 0xff, 0xff, 0xff, 0xff, 0x87, 0xff, 0xef, 0x3f, 0xcf, 0xe0,
    0x7d, 0x23, 0xff, 0xff, 0xfd, 0xe6, 0x7f, 0xff, 0xff, 0xff, 0xff, 0xff, 0x87, 0xef, 0xef, 0x3f, 0xcf, 0xe0,
    0x3d, 0x07, 0xff, 0xff, 0xfe, 0xe6, 0x7f, 0xff, 0xff, 0xff, 0xff, 0xff, 0x87, 0xff, 0xef, 0xbf, 0xcf, 0xe0,
    0x7d, 0x7f, 0xff, 0xff, 0xff, 0x66, 0x7f, 0xff, 0xff, 0xff, 0xff, 0xff, 0x87, 0xff, 0xef, 0xff, 0xcf, 0xe0,
    0x6d, 0x7f, 0xff, 0xff, 0xff, 0xa5, 0xff, 0xff, 0xff, 0xff, 0xff, 0xff, 0x87, 0xff, 0xef, 0xff, 0xcf, 0xe0,
    0x7c, 0x7f, 0xff, 0xff, 0xff, 0xc7, 0xff, 0xff, 0xff, 0xff, 0xff, 0xff, 0x87, 0xff, 0xef, 0xff, 0xcf, 0xe0,
    0x3c, 0xff, 0xff, 0xff, 0xe0, 0x07, 0xff, 0xff, 0xff, 0xff, 0xff, 0xff, 0x80, 0x00, 0x00, 0x00, 0x0f, 0xe0,
    0x7c, 0xff, 0xff, 0xff, 0xe0, 0x07, 0xff, 0xff, 0xff, 0xff, 0xff, 0xff, 0x80, 0x00, 0x00, 0x00, 0x0f, 0xe0,
    0x6c, 0xff, 0xff, 0xff, 0xff, 0xe7, 0xff, 0xff, 0xff, 0xff, 0xff, 0xff, 0x9f, 0xff, 0xff, 0xff, 0xff, 0xe0,
    0x7d, 0xff, 0xff, 0xff, 0xff, 0xe7, 0xff, 0xff, 0xff, 0xff, 0xff, 0xff, 0x9f, 0xff, 0xff, 0xff, 0xff, 0xe0,
    0x3d, 0xff, 0xff, 0xff, 0xff, 0xff, 0xff, 0xff, 0xff, 0xff, 0xff, 0xff, 0xff, 0xff, 0xff, 0xff, 0xff, 0xe0,
    0x00, 0x00, 0x00, 0x00, 0x00, 0x00, 0x00, 0x00, 0x00, 0x00, 0x00, 0x00, 0x00, 0x00, 0x00, 0x00, 0x00, 0x00,
};

static const lv_img_dsc_t cat16 = {
    .header.cf = LV_IMG_CF_INDEXED_1BIT,
    .header.always_zero = 0,
    .header.reserved = 0,
    .header.w = 140,
    .header.h = 68,
    .data_size = 1232,
    .data = cat16_map,
};

static const LV_ATTRIBUTE_MEM_ALIGN LV_ATTRIBUTE_LARGE_CONST uint8_t cat17_map[] = {
#if CONFIG_NICE_VIEW_WIDGET_INVERTED
    0xff, 0xff, 0xff, 0xff, /*Color of index 0*/
    0x00, 0x00, 0x00, 0xff, /*Color of index 1*/
#else
    0x00, 0x00, 0x00, 0xff, /*Color of index 0*/
    0xff, 0xff, 0xff, 0xff, /*Color of index 1*/
#endif
    0x00, 0x00, 0x00, 0x00, 0x00, 0x00, 0x00, 0x00, 0x00, 0x00, 0x00, 0x00, 0x00, 0x00, 0x00, 0x00, 0x00, 0x00,
    0x7d, 0xff, 0xff, 0xff, 0xff, 0xff, 0xff, 0xff, 0xff, 0xff, 0xff, 0xff, 0xff, 0xff, 0xff, 0xff, 0xff, 0xe0,
    0x3d, 0xff, 0xff, 0xff, 0xff, 0xff, 0xff, 0xff, 0xff, 0xff, 0x9f, 0xff, 0xff, 0xff, 0xff, 0xff, 0xff, 0xe0,
    0x7d, 0xff, 0xff, 0xff, 0xff, 0xff, 0xff, 0xff, 0xff, 0xff, 0x9f, 0xff, 0xff, 0xff, 0xff, 0xff, 0xff, 0xe0,
    0x6d, 0xff, 0xff, 0xff, 0xff, 0xff, 0xff, 0xff, 0xff, 0x80, 0x00, 0x79, 0xff, 0xff, 0xff, 0xff, 0xff, 0xe0,
    0x7d, 0xff, 0xff, 0xff, 0xff, 0xff, 0xff, 0xff, 0xff, 0x80, 0x0f, 0x43, 0xff, 0xff, 0xff, 0xff, 0xff, 0xe0,
    0x3d, 0xff, 0xff, 0xff, 0xff, 0xff, 0xff, 0xff, 0xff, 0xff, 0x0f, 0x00, 0xff, 0xff, 0xff, 0xff, 0xff, 0xe0,
    0x7d, 0xff, 0xff, 0xff, 0xff, 0xff, 0xff, 0xff, 0xff, 0xfe, 0x8f, 0x00, 0xff, 0xff, 0xff, 0xff, 0xff, 0xe0,
    0x6d, 0xff, 0xff, 0xff, 0xff, 0xff, 0xff, 0xff, 0xff, 0xfd, 0x8f, 0x47, 0xff, 0xff, 0xff, 0xff, 0xff, 0xe0,
    0x7d, 0xff, 0xff, 0xff, 0xff, 0xff, 0xff, 0xff, 0xff, 0xfb, 0x80, 0x73, 0xff, 0xff, 0xff, 0xff, 0xff, 0xe0,
    0x3d, 0xff, 0xff, 0xff, 0xff, 0xff, 0xff, 0xff, 0xff, 0xf7, 0x9f, 0xff, 0xff, 0xff, 0xff, 0xff, 0xff, 0xe0,
    0x7d, 0xff, 0xff, 0xff, 0xff, 0xff, 0xff, 0xff, 0xff, 0xef, 0x9f, 0xff, 0xff, 0xff, 0xff, 0xff, 0xff, 0xe0,
    0x6d, 0xff, 0xff, 0xff, 0xff, 0xff, 0xff, 0xff, 0xff, 0xdf, 0x9f, 0xff, 0xff, 0xff, 0xff, 0xff, 0xff, 0xe0,
    0x7d, 0xff, 0xff, 0xff, 0xff, 0xff, 0xff, 0xff, 0xff, 0xff, 0x9f, 0xff, 0xff, 0xff, 0xff, 0xff, 0xff, 0xe0,
    0x3d, 0xff, 0xff, 0xff, 0xff, 0xff, 0xff, 0xff, 0xff, 0xff, 0x9f, 0xff, 0xff, 0xff, 0xff, 0xff, 0xff, 0xe0,
    0x7d, 0xff, 0xff, 0xff, 0xff, 0xff, 0xff, 0xff, 0xff, 0xff, 0x9f, 0xff, 0xff, 0xff, 0xff, 0xff, 0xff, 0xe0,
    0x6d, 0xff, 0xff, 0xff, 0xff, 0xff, 0xff, 0xff, 0xff, 0xff, 0x9f, 0xff, 0xff, 0xff, 0xff, 0xff, 0xff, 0xe0,
    0x7d, 0xff, 0xff, 0xff, 0xff, 0xff, 0xff, 0xff, 0xff, 0xff, 0x9f, 0xff, 0xff, 0xff, 0xff, 0xff, 0xff, 0xe0,
    0x3d, 0xff, 0xff, 0xff, 0xff, 0xff, 0xff, 0xff, 0xff, 0xff, 0x9f, 0xff, 0xff, 0xff, 0xff, 0xff, 0xff, 0xe0,
    0x7d, 0xff, 0xff, 0xff, 0xff, 0xff, 0xff, 0xff, 0xff, 0xff, 0x9f, 0xff, 0xff, 0xff, 0xff, 0xff, 0xff, 0xe0,
    0x6d, 0xff, 0xff, 0xff, 0xff, 0xff, 0xff, 0xff, 0xff, 0xff, 0x9f, 0xff, 0xff, 0xff, 0xff, 0xff, 0xff, 0xe0,
    0x7d, 0xff, 0xff, 0xff, 0xff, 0xff, 0xff, 0xff, 0xff, 0xff, 0x9f, 0xff, 0xff, 0xff, 0xff, 0xff, 0xff, 0xe0,
    0x3d, 0xff, 0xff, 0xff, 0xff, 0xff, 0xff, 0xff, 0xff, 0xff, 0x9f, 0xff, 0xff, 0xff, 0xff, 0xff, 0xff, 0xe0,
    0x7d, 0xff, 0xff, 0xff, 0xff, 0xff, 0xff, 0xff, 0xff, 0xff, 0x9f, 0xff, 0xff, 0xff, 0xff, 0xff, 0xff, 0xe0,
    0x6d, 0xff, 0xff, 0xff, 0xff, 0xff, 0xff, 0xff, 0xff, 0xdf, 0x9f, 0xff, 0xff, 0xff, 0xff, 0xff, 0xff, 0xe0,
    0x7d, 0xff, 0xff, 0xff, 0xff, 0xff, 0xff, 0xff, 0xff, 0xef, 0x9f, 0xff, 0xff, 0xff, 0xff, 0xff, 0xff, 0xe0,
    0x3d, 0xff, 0xff, 0xff, 0xff, 0xff, 0xff, 0xff, 0xff, 0xf7, 0x9f, 0xff, 0xff, 0xff, 0xff, 0xff, 0xff, 0xe0,
    0x7d, 0xff, 0xff, 0xff, 0xff, 0xff, 0xff, 0xff, 0xff, 0xfb, 0x9f, 0xff, 0xff, 0xff, 0xff, 0xff, 0xff, 0xe0,
    0x6d, 0xff, 0xff, 0xff, 0xff, 0xff, 0xff, 0xff, 0xff, 0xfd, 0x9f, 0xff, 0xff, 0xff, 0xff, 0xff, 0xff, 0xe0,
    0x7d, 0xff, 0xff, 0xff, 0xff, 0xff, 0xff, 0xff, 0xff, 0xfe, 0x9f, 0xff, 0xff, 0xff, 0xff, 0xff, 0xff, 0xe0,
    0x3d, 0xff, 0xff, 0xff, 0xff, 0xff, 0xff, 0xff, 0xff, 0xff, 0x1f, 0xff, 0xff, 0xff, 0xff, 0xff, 0xff, 0xe0,
    0x7d, 0xff, 0xff, 0xff, 0xff, 0xff, 0xff, 0xff, 0xff, 0x80, 0x1f, 0xff, 0xff, 0xff, 0xff, 0xff, 0xff, 0xe0,
    0x6d, 0xff, 0xff, 0xff, 0xff, 0xe7, 0xff, 0xff, 0xff, 0x80, 0x1f, 0xff, 0xff, 0xff, 0xff, 0xff, 0xff, 0xe0,
    0x7d, 0xff, 0xff, 0xff, 0xff, 0xe7, 0xff, 0xff, 0xff, 0xff, 0x9f, 0xff, 0xff, 0xff, 0xff, 0xff, 0xff, 0xe0,
    0x3d, 0xff, 0xff, 0xff, 0xff, 0xe7, 0xff, 0xff, 0xff, 0xff, 0x9f, 0xff, 0xff, 0xff, 0xff, 0xff, 0xff, 0xe0,
    0x7d, 0xff, 0xff, 0xff, 0xe0, 0x07, 0xff, 0xff, 0xff, 0xff, 0x9f, 0xff, 0xff, 0xff, 0xff, 0xff, 0xff, 0xe0,
    0x6d, 0xff, 0xff, 0xff, 0xe0, 0x05, 0xff, 0xff, 0x83, 0xff, 0x9f, 0xff, 0x9f, 0xff, 0xff, 0xff, 0xff, 0xe0,
    0x7d, 0xff, 0xff, 0xff, 0xff, 0xc4, 0x07, 0xff, 0x10, 0x7f, 0xff, 0xff, 0x9f, 0xff, 0xff, 0xff, 0xff, 0xe0,
    0x3d, 0xff, 0xff, 0xff, 0xff, 0xa4, 0x07, 0xff, 0x10, 0x7f, 0xff, 0xff, 0x80, 0x00, 0x00, 0x00, 0x0f, 0xe0,
    0x7d, 0xff, 0xff, 0xff, 0xff, 0x64, 0x00, 0x00, 0x01, 0xff, 0xff, 0xff, 0x80, 0x00, 0x00, 0x00, 0x0f, 0xe0,
    0x6d, 0xff, 0xff, 0xff, 0xfe, 0xe4, 0x00, 0x00, 0x01, 0xff, 0xff, 0xff, 0x87, 0xff, 0xef, 0xff, 0xcf, 0xe0,
    0x7d, 0xff, 0xff, 0xff, 0xfd, 0xe4, 0x00, 0x00, 0x01, 0xff, 0xff, 0xff, 0x87, 0xff, 0xef, 0xff, 0xcf, 0xe0,
    0x3d, 0xff, 0xff, 0xff, 0xfb, 0xe5, 0xf0, 0x00, 0x10, 0x7f, 0xff, 0xff, 0x87, 0xff, 0xef, 0xff, 0xcf, 0xe0,
    0x7d, 0xff, 0xff, 0xff, 0xf7, 0xe4, 0x00, 0x00, 0x83, 0xff, 0xff, 0xff, 0x87, 0xff, 0xef, 0xff, 0xcf, 0xe0,
    0x6d, 0xff, 0xff, 0xff, 0xff, 0xe4, 0x00, 0x00, 0x83, 0xff, 0xff, 0xff, 0x87, 0xff, 0xef, 0xff, 0xcf, 0xe0,
    0x7d, 0xff, 0xff, 0xff, 0xff, 0xe4, 0x00, 0x03, 0xff, 0xff, 0xff, 0xff, 0x87, 0xf7, 0xef, 0xff, 0xcf, 0xe0,
    0x3d, 0xff, 0xff, 0xff, 0xff, 0xe4, 0x00, 0x07, 0xff, 0xff, 0xff, 0xff, 0x87, 0xff, 0xef, 0xff, 0xcf, 0xe0,
    0x7d, 0xff, 0xff, 0xff, 0xff, 0xe4, 0x00, 0x07, 0xff, 0xff, 0xff, 0xff, 0x87, 0xff, 0xef, 0xff, 0xcf, 0xe0,
    0x6d, 0xff, 0xff, 0xff, 0xff, 0xe4, 0x00, 0x1f, 0xff, 0xff, 0xff, 0xff, 0x87, 0xff, 0xef, 0xff, 0xcf, 0xe0,
    0x7d, 0xff, 0xff, 0xff, 0xff, 0xe4, 0x00, 0xff, 0xff, 0xff, 0xff, 0xff, 0x87, 0xff, 0xef, 0xff, 0xcf, 0xe0,
    0x3d, 0x87, 0xff, 0xff, 0xff, 0xe4, 0x00, 0xff, 0xff, 0xff, 0xff, 0xff, 0x80, 0x00, 0x00, 0x00, 0x0f, 0xe0,
    0x7d, 0x23, 0xff, 0xff, 0xff, 0xe4, 0x0f, 0xff, 0xff, 0xff, 0xff, 0xff, 0x87, 0xff, 0xef, 0xff, 0xcf, 0xe0,
    0x6d, 0x93, 0xff, 0xff, 0xff, 0xe4, 0x0f, 0xff, 0xff, 0xff, 0xff, 0xff, 0x87, 0xff, 0xef, 0xff, 0xcf, 0xe0,
    0x7d, 0x4b, 0xff, 0xff, 0xff, 0xe4, 0x0f, 0xff, 0xff, 0xff, 0xff, 0xff, 0x87, 0xff, 0xef, 0xc7, 0xcf, 0xe0,
    0x3c, 0x25, 0xff, 0xff, 0xff, 0xe6, 0x77, 0xff, 0xff, 0xff, 0xff, 0xff, 0x87, 0xff, 0xef, 0x83, 0xcf, 0xe0,
    0x7d, 0x93, 0xff, 0xff, 0xf7, 0xe6, 0x79, 0xff, 0xff, 0xff, 0xff, 0xff, 0x87, 0xff, 0xef, 0x1d, 0xcf, 0xe0,
    0x6d, 0x4b, 0xff, 0xff, 0xfb, 0xe6, 0x79, 0xff, 0xff, 0xff, 0xff, 0xff, 0x87, 0xff, 0xef, 0x3f, 0xcf, 0xe0,
    0x7d, 0x23, 0xff, 0xff, 0xfd, 0xe7, 0xbe, 0xff, 0xff, 0xff, 0xff, 0xff, 0x87, 0xef, 0xef, 0x3f, 0xcf, 0xe0,
    0x3d, 0x07, 0xff, 0xff, 0xfe, 0xe7, 0xc1, 0xff, 0xff, 0xff, 0xff, 0xff, 0x87, 0xff, 0xef, 0xbf, 0xcf, 0xe0,
    0x7d, 0x7f, 0xff, 0xff, 0xff, 0x67, 0xc1, 0xff, 0xff, 0xff, 0xff, 0xff, 0x87, 0xff, 0xef, 0xff, 0xcf, 0xe0,
    0x6d, 0x7f, 0xff, 0xff, 0xff, 0xa7, 0xff, 0xff, 0xff, 0xff, 0xff, 0xff, 0x87, 0xff, 0xef, 0xff, 0xcf, 0xe0,
    0x7c, 0x7f, 0xff, 0xff, 0xff, 0xc7, 0xff, 0xff, 0xff, 0xff, 0xff, 0xff, 0x87, 0xff, 0xef, 0xff, 0xcf, 0xe0,
    0x3c, 0xff, 0xff, 0xff, 0xe0, 0x07, 0xff, 0xff, 0xff, 0xff, 0xff, 0xff, 0x80, 0x00, 0x00, 0x00, 0x0f, 0xe0,
    0x7c, 0xff, 0xff, 0xff, 0xe0, 0x07, 0xff, 0xff, 0xff, 0xff, 0xff, 0xff, 0x80, 0x00, 0x00, 0x00, 0x0f, 0xe0,
    0x6c, 0xff, 0xff, 0xff, 0xff, 0xe7, 0xff, 0xff, 0xff, 0xff, 0xff, 0xff, 0x9f, 0xff, 0xff, 0xff, 0xff, 0xe0,
    0x7d, 0xff, 0xff, 0xff, 0xff, 0xe7, 0xff, 0xff, 0xff, 0xff, 0xff, 0xff, 0x9f, 0xff, 0xff, 0xff, 0xff, 0xe0,
    0x3d, 0xff, 0xff, 0xff, 0xff, 0xff, 0xff, 0xff, 0xff, 0xff, 0xff, 0xff, 0xff, 0xff, 0xff, 0xff, 0xff, 0xe0,
    0x00, 0x00, 0x00, 0x00, 0x00, 0x00, 0x00, 0x00, 0x00, 0x00, 0x00, 0x00, 0x00, 0x00, 0x00, 0x00, 0x00, 0x00,
};

static const lv_img_dsc_t cat17 = {
    .header.cf = LV_IMG_CF_INDEXED_1BIT,
    .header.always_zero = 0,
    .header.reserved = 0,
    .header.w = 140,
    .header.h = 68,
    .data_size = 1232,
    .data = cat17_map,
};

static const LV_ATTRIBUTE_MEM_ALIGN LV_ATTRIBUTE_LARGE_CONST uint8_t cat18_map[] = {
#if CONFIG_NICE_VIEW_WIDGET_INVERTED
    0xff, 0xff, 0xff, 0xff, /*Color of index 0*/
    0x00, 0x00, 0x00, 0xff, /*Color of index 1*/
#else
    0x00, 0x00, 0x00, 0xff, /*Color of index 0*/
    0xff, 0xff, 0xff, 0xff, /*Color of index 1*/
#endif
    0x00, 0x00, 0x00, 0x00, 0x00, 0x00, 0x00, 0x00, 0x00, 0x00, 0x00, 0x00, 0x00, 0x00, 0x00, 0x00, 0x00, 0x00,
    0x7d, 0xff, 0xff, 0xff, 0xff, 0xff, 0xff, 0xff, 0xff, 0xff, 0xff, 0xff, 0xff, 0xff, 0xff, 0xff, 0xff, 0xe0,
    0x3d, 0xff, 0xff, 0xff, 0xff, 0xff, 0xff, 0xff, 0xff, 0xff, 0x9f, 0xff, 0xff, 0xff, 0xff, 0xff, 0xff, 0xe0,
    0x7d, 0xff, 0xff, 0xff, 0xff, 0xff, 0xff, 0xff, 0xff, 0xff, 0x9f, 0xff, 0xff, 0xff, 0xff, 0xff, 0xff, 0xe0,
    0x6d, 0xff, 0xff, 0xff, 0xff, 0xff, 0xff, 0xff, 0xff, 0x80, 0x00, 0x79, 0xff, 0xff, 0xff, 0xff, 0xff, 0xe0,
    0x7d, 0xff, 0xff, 0xff, 0xff, 0xff, 0xff, 0xff, 0xff, 0x80, 0x0f, 0x43, 0xff, 0xff, 0xff, 0xff, 0xff, 0xe0,
    0x3d, 0xff, 0xff, 0xff, 0xff, 0xff, 0xff, 0xff, 0xff, 0xff, 0x0f, 0x00, 0xff, 0xff, 0xff, 0xff, 0xff, 0xe0,
    0x7d, 0xff, 0xff, 0xff, 0xff, 0xff, 0xff, 0xff, 0xff, 0xfe, 0x8f, 0x00, 0xff, 0xff, 0xff, 0xff, 0xff, 0xe0,
    0x6d, 0xff, 0xff, 0xff, 0xff, 0xff, 0xff, 0xff, 0xff, 0xfd, 0x8f, 0x47, 0xff, 0xff, 0xff, 0xff, 0xff, 0xe0,
    0x7d, 0xff, 0xff, 0xff, 0xff, 0xff, 0xff, 0xff, 0xff, 0xfb, 0x80, 0x73, 0xff, 0xff, 0xff, 0xff, 0xff, 0xe0,
    0x3d, 0xff, 0xff, 0xff, 0xff, 0xff, 0xff, 0xff, 0xff, 0xf7, 0x9f, 0xff, 0xff, 0xff, 0xff, 0xff, 0xff, 0xe0,
    0x7d, 0xff, 0xff, 0xff, 0xff, 0xff, 0xff, 0xff, 0xff, 0xef, 0x9f, 0xff, 0xff, 0xff, 0xff, 0xff, 0xff, 0xe0,
    0x6d, 0xff, 0xff, 0xff, 0xff, 0xff, 0xff, 0xff, 0xff, 0xdf, 0x9f, 0xff, 0xff, 0xff, 0xff, 0xff, 0xff, 0xe0,
    0x7d, 0xff, 0xff, 0xff, 0xff, 0xff, 0xff, 0xff, 0xff, 0xff, 0x9f, 0xff, 0xff, 0xff, 0xff, 0xff, 0xff, 0xe0,
    0x3d, 0xff, 0xff, 0xff, 0xff, 0xff, 0xff, 0xff, 0xff, 0xff, 0x9f, 0xff, 0xff, 0xff, 0xff, 0xff, 0xff, 0xe0,
    0x7d, 0xff, 0xff, 0xff, 0xff, 0xff, 0xff, 0xff, 0xff, 0xff, 0x9f, 0xff, 0xff, 0xff, 0xff, 0xff, 0xff, 0xe0,
    0x6d, 0xff, 0xff, 0xff, 0xff, 0xff, 0xff, 0xff, 0xff, 0xff, 0x9f, 0xff, 0xff, 0xff, 0xff, 0xff, 0xff, 0xe0,
    0x7d, 0xff, 0xff, 0xff, 0xff, 0xff, 0xff, 0xff, 0xff, 0xff, 0x9f, 0xff, 0xff, 0xff, 0xff, 0xff, 0xff, 0xe0,
    0x3d, 0xff, 0xff, 0xff, 0xff, 0xff, 0xff, 0xff, 0xff, 0xff, 0x9f, 0xff, 0xff, 0xff, 0xff, 0xff, 0xff, 0xe0,
    0x7d, 0xff, 0xff, 0xff, 0xff, 0xff, 0xff, 0xff, 0xff, 0xff, 0x9f, 0xff, 0xff, 0xff, 0xff, 0xff, 0xff, 0xe0,
    0x6d, 0xff, 0xff, 0xff, 0xff, 0xff, 0xff, 0xff, 0xff, 0xff, 0x9f, 0xff, 0xff, 0xff, 0xff, 0xff, 0xff, 0xe0,
    0x7d, 0xff, 0xff, 0xff, 0xff, 0xff, 0xff, 0xff, 0xff, 0xff, 0x9f, 0xff, 0xff, 0xff, 0xff, 0xff, 0xff, 0xe0,
    0x3d, 0xff, 0xff, 0xff, 0xff, 0xff, 0xff, 0xff, 0xff, 0xff, 0x9f, 0xff, 0xff, 0xff, 0xff, 0xff, 0xff, 0xe0,
    0x7d, 0xff, 0xff, 0xff, 0xff, 0xff, 0xff, 0xff, 0xff, 0xff, 0x9f, 0xff, 0xff, 0xff, 0xff, 0xff, 0xff, 0xe0,
    0x6d, 0xff, 0xff, 0xff, 0xff, 0xff, 0xff, 0xff, 0xff, 0xdf, 0x9f, 0xff, 0xff, 0xff, 0xff, 0xff, 0xff, 0xe0,
    0x7d, 0xff, 0xff, 0xff, 0xff, 0xff, 0xff, 0xff, 0xff, 0xef, 0x9f, 0xff, 0xff, 0xff, 0xff, 0xff, 0xff, 0xe0,
    0x3d, 0xff, 0xff, 0xff, 0xff, 0xff, 0xff, 0xff, 0xff, 0xf7, 0x9f, 0xff, 0xff, 0xff, 0xff, 0xff, 0xff, 0xe0,
    0x7d, 0xff, 0xff, 0xff, 0xff, 0xff, 0xff, 0xff, 0xff, 0xfb, 0x9f, 0xff, 0xff, 0xff, 0xff, 0xff, 0xff, 0xe0,
    0x6d, 0xff, 0xff, 0xff, 0xff, 0xff, 0xff, 0xff, 0xff, 0xfd, 0x9f, 0xff, 0xff, 0xff, 0xff, 0xff, 0xff, 0xe0,
    0x7d, 0xff, 0xff, 0xff, 0xff, 0xff, 0xff, 0xff, 0xff, 0xfe, 0x9f, 0xff, 0xff, 0xff, 0xff, 0xff, 0xff, 0xe0,
    0x3d, 0xff, 0xff, 0xff, 0xff, 0xff, 0xff, 0xff, 0xff, 0xff, 0x1f, 0xff, 0xff, 0xff, 0xff, 0xff, 0xff, 0xe0,
    0x7d, 0xff, 0xff, 0xff, 0xff, 0xff, 0xff, 0xff, 0xff, 0x80, 0x1f, 0xff, 0xff, 0xff, 0xff, 0xff, 0xff, 0xe0,
    0x6d, 0xff, 0xff, 0xff, 0xff, 0xe7, 0xff, 0xff, 0xff, 0x80, 0x1f, 0xff, 0xff, 0xff, 0xff, 0xff, 0xff, 0xe0,
    0x7d, 0xff, 0xff, 0xff, 0xff, 0xe7, 0xff, 0xff, 0xff, 0xff, 0x9f, 0xff, 0xff, 0xff, 0xff, 0xff, 0xff, 0xe0,
    0x3d, 0xff, 0xff, 0xff, 0xff, 0xe7, 0xff, 0xff, 0xff, 0xff, 0x9f, 0xff, 0xff, 0xff, 0xff, 0xff, 0xff, 0xe0,
    0x7d, 0xff, 0xff, 0xff, 0xe0, 0x07, 0xff, 0xff, 0xff, 0xff, 0x9f, 0xff, 0xff, 0xff, 0xff, 0xff, 0xff, 0xe0,
    0x6d, 0xff, 0xff, 0xff, 0xe0, 0x05, 0xff, 0xff, 0x83, 0xff, 0x9f, 0xff, 0x9f, 0xff, 0xff, 0xff, 0xff, 0xe0,
    0x7d, 0xff, 0xff, 0xff, 0xff, 0xc4, 0x07, 0xff, 0x10, 0x7f, 0xff, 0xff, 0x9f, 0xff, 0xff, 0xff, 0xff, 0xe0,
    0x3d, 0xff, 0xff, 0xff, 0xff, 0xa4, 0x07, 0xff, 0x10, 0x7f, 0xff, 0xff, 0x80, 0x00, 0x00, 0x00, 0x0f, 0xe0,
    0x7d, 0xff, 0xff, 0xff, 0xff, 0x64, 0x00, 0x00, 0x01, 0xff, 0xff, 0xff, 0x80, 0x00, 0x00, 0x00, 0x0f, 0xe0,
    0x6d, 0xff, 0xff, 0xff, 0xfe, 0xe4, 0x00, 0x00, 0x01, 0xff, 0xff, 0xff, 0x87, 0xff, 0xef, 0xff, 0xcf, 0xe0,
    0x7d, 0xff, 0xff, 0xff, 0xfd, 0xe4, 0x00, 0x00, 0x01, 0xff, 0xff, 0xff, 0x87, 0xff, 0xef, 0xff, 0xcf, 0xe0,
    0x3d, 0xff, 0xff, 0xff, 0xfb, 0xe5, 0xf0, 0x00, 0x10, 0x7f, 0xff, 0xff, 0x87, 0xff, 0xef, 0xff, 0xcf, 0xe0,
    0x7d, 0xff, 0xff, 0xff, 0xf7, 0xe4, 0x00, 0x00, 0x83, 0xff, 0xff, 0xff, 0x87, 0xff, 0xed, 0xff, 0xcf, 0xe0,
    0x6d, 0xff, 0xff, 0xff, 0xff, 0xe4, 0x00, 0x00, 0x83, 0xff, 0xff, 0xff, 0x87, 0xff, 0xef, 0xff, 0xcf, 0xe0,
    0x7d, 0xff, 0xff, 0xff, 0xff, 0xe4, 0x00, 0x03, 0xff, 0xff, 0xff, 0xff, 0x87, 0xf7, 0xef, 0xff, 0xcf, 0xe0,
    0x3d, 0xff, 0xff, 0xff, 0xff, 0xe4, 0x00, 0x07, 0xff, 0xff, 0xff, 0xff, 0x87, 0xff, 0xef, 0xff, 0xcf, 0xe0,
    0x7d, 0xff, 0xff, 0xff, 0xff, 0xe4, 0x00, 0x07, 0xff, 0xff, 0xff, 0xff, 0x87, 0xff, 0xef, 0xff, 0xcf, 0xe0,
    0x6d, 0xff, 0xff, 0xff, 0xff, 0xe4, 0x00, 0x1f, 0xff, 0xff, 0xff, 0xff, 0x87, 0xff, 0xef, 0xff, 0xcf, 0xe0,
    0x7d, 0xff, 0xff, 0xff, 0xff, 0xe4, 0x00, 0xff, 0xff, 0xff, 0xff, 0xff, 0x87, 0xff, 0xef, 0xff, 0xcf, 0xe0,
    0x3d, 0x87, 0xff, 0xff, 0xff, 0xe4, 0x00, 0xff, 0xff, 0xff, 0xff, 0xff, 0x80, 0x00, 0x00, 0x00, 0x0f, 0xe0,
    0x7d, 0x23, 0xff, 0xff, 0xff, 0xe4, 0x0f, 0xff, 0xff, 0xff, 0xff, 0xff, 0x87, 0xff, 0xef, 0xff, 0xcf, 0xe0,
    0x6d, 0x93, 0xff, 0xff, 0xff, 0xe4, 0x0f, 0xff, 0xff, 0xff, 0xff, 0xff, 0x87, 0xff, 0xef, 0xff, 0xcf, 0xe0,
    0x7d, 0x4b, 0xff, 0xff, 0xff, 0xe4, 0x0f, 0xff, 0xff, 0xff, 0xff, 0xff, 0x87, 0xff, 0xef, 0xc7, 0xcf, 0xe0,
    0x3c, 0x25, 0xff, 0xff, 0xff, 0xe6, 0x77, 0xff, 0xff, 0xff, 0xff, 0xff, 0x87, 0xff, 0xef, 0x83, 0xcf, 0xe0,
    0x7d, 0x93, 0xff, 0xff, 0xf7, 0xe6, 0x79, 0xff, 0xff, 0xff, 0xff, 0xff, 0x87, 0xff, 0xef, 0x1d, 0xcf, 0xe0,
    0x6d, 0x4b, 0xff, 0xff, 0xfb, 0xe6, 0x79, 0xff, 0xff, 0xff, 0xff, 0xff, 0x87, 0xff, 0xef, 0x3f, 0xcf, 0xe0,
    0x7d, 0x23, 0xff, 0xff, 0xfd, 0xe7, 0xbe, 0xff, 0xff, 0xff, 0xff, 0xff, 0x87, 0xef, 0xef, 0x3f, 0xcf, 0xe0,
    0x3d, 0x07, 0xff, 0xff, 0xfe, 0xe7, 0xc1, 0xff, 0xff, 0xff, 0xff, 0xff, 0x87, 0xff, 0xef, 0xbf, 0xcf, 0xe0,
    0x7d, 0x7f, 0xff, 0xff, 0xff, 0x67, 0xc1, 0xff, 0xff, 0xff, 0xff, 0xff, 0x87, 0xff, 0xef, 0xff, 0xcf, 0xe0,
    0x6d, 0x7f, 0xff, 0xff, 0xff, 0xa7, 0xff, 0xff, 0xff, 0xff, 0xff, 0xff, 0x87, 0xff, 0xef, 0xff, 0xcf, 0xe0,
    0x7c, 0x7f, 0xff, 0xff, 0xff, 0xc7, 0xff, 0xff, 0xff, 0xff, 0xff, 0xff, 0x87, 0xff, 0xef, 0xff, 0xcf, 0xe0,
    0x3c, 0xff, 0xff, 0xff, 0xe0, 0x07, 0xff, 0xff, 0xff, 0xff, 0xff, 0xff, 0x80, 0x00, 0x00, 0x00, 0x0f, 0xe0,
    0x7c, 0xff, 0xff, 0xff, 0xe0, 0x07, 0xff, 0xff, 0xff, 0xff, 0xff, 0xff, 0x80, 0x00, 0x00, 0x00, 0x0f, 0xe0,
    0x6c, 0xff, 0xff, 0xff, 0xff, 0xe7, 0xff, 0xff, 0xff, 0xff, 0xff, 0xff, 0x9f, 0xff, 0xff, 0xff, 0xff, 0xe0,
    0x7d, 0xff, 0xff, 0xff, 0xff, 0xe7, 0xff, 0xff, 0xff, 0xff, 0xff, 0xff, 0x9f, 0xff, 0xff, 0xff, 0xff, 0xe0,
    0x3d, 0xff, 0xff, 0xff, 0xff, 0xff, 0xff, 0xff, 0xff, 0xff, 0xff, 0xff, 0xff, 0xff, 0xff, 0xff, 0xff, 0xe0,
    0x00, 0x00, 0x00, 0x00, 0x00, 0x00, 0x00, 0x00, 0x00, 0x00, 0x00, 0x00, 0x00, 0x00, 0x00, 0x00, 0x00, 0x00,
};

static const lv_img_dsc_t cat18 = {
    .header.cf = LV_IMG_CF_INDEXED_1BIT,
    .header.always_zero = 0,
    .header.reserved = 0,
    .header.w = 140,
    .header.h = 68,
    .data_size = 1232,
    .data = cat18_map,
};

static const LV_ATTRIBUTE_MEM_ALIGN LV_ATTRIBUTE_LARGE_CONST uint8_t cat19_map[] = {
#if CONFIG_NICE_VIEW_WIDGET_INVERTED
    0xff, 0xff, 0xff, 0xff, /*Color of index 0*/
    0x00, 0x00, 0x00, 0xff, /*Color of index 1*/
#else
    0x00, 0x00, 0x00, 0xff, /*Color of index 0*/
    0xff, 0xff, 0xff, 0xff, /*Color of index 1*/
#endif
    0x00, 0x00, 0x00, 0x00, 0x00, 0x00, 0x00, 0x00, 0x00, 0x00, 0x00, 0x00, 0x00, 0x00, 0x00, 0x00, 0x00, 0x00,
    0x7d, 0xff, 0xff, 0xff, 0xff, 0xff, 0xff, 0xff, 0xff, 0xff, 0xff, 0xff, 0xff, 0xff, 0xff, 0xff, 0xff, 0xe0,
    0x3d, 0xff, 0xff, 0xff, 0xff, 0xff, 0xff, 0xff, 0xff, 0xff, 0x9f, 0xff, 0xff, 0xff, 0xff, 0xff, 0xff, 0xe0,
    0x7d, 0xff, 0xff, 0xff, 0xff, 0xff, 0xff, 0xff, 0xff, 0xff, 0x9f, 0xff, 0xff, 0xff, 0xff, 0xff, 0xff, 0xe0,
    0x6d, 0xff, 0xff, 0xff, 0xff, 0xff, 0xff, 0xff, 0xff, 0x80, 0x00, 0x79, 0xff, 0xff, 0xff, 0xff, 0xff, 0xe0,
    0x7d, 0xff, 0xff, 0xff, 0xff, 0xff, 0xff, 0xff, 0xff, 0x80, 0x0f, 0x43, 0xff, 0xff, 0xff, 0xff, 0xff, 0xe0,
    0x3d, 0xff, 0xff, 0xff, 0xff, 0xff, 0xff, 0xff, 0xff, 0xff, 0x0f, 0x00, 0xff, 0xff, 0xff, 0xff, 0xff, 0xe0,
    0x7d, 0xff, 0xff, 0xff, 0xff, 0xff, 0xff, 0xff, 0xff, 0xfe, 0x8f, 0x00, 0xff, 0xff, 0xff, 0xff, 0xff, 0xe0,
    0x6d, 0xff, 0xff, 0xff, 0xff, 0xff, 0xff, 0xff, 0xff, 0xfd, 0x8f, 0x47, 0xff, 0xff, 0xff, 0xff, 0xff, 0xe0,
    0x7d, 0xff, 0xff, 0xff, 0xff, 0xff, 0xff, 0xff, 0xff, 0xfb, 0x80, 0x73, 0xff, 0xff, 0xff, 0xff, 0xff, 0xe0,
    0x3d, 0xff, 0xff, 0xff, 0xff, 0xff, 0xff, 0xff, 0xff, 0xf7, 0x9f, 0xff, 0xff, 0xff, 0xff, 0xff, 0xff, 0xe0,
    0x7d, 0xff, 0xff, 0xff, 0xff, 0xff, 0xff, 0xff, 0xff, 0xef, 0x9f, 0xff, 0xff, 0xff, 0xff, 0xff, 0xff, 0xe0,
    0x6d, 0xff, 0xff, 0xff, 0xff, 0xff, 0xff, 0xff, 0xff, 0xdf, 0x9f, 0xff, 0xff, 0xff, 0xff, 0xff, 0xff, 0xe0,
    0x7d, 0xff, 0xff, 0xff, 0xff, 0xff, 0xff, 0xff, 0xff, 0xff, 0x9f, 0xff, 0xff, 0xff, 0xff, 0xff, 0xff, 0xe0,
    0x3d, 0xff, 0xff, 0xff, 0xff, 0xff, 0xff, 0xff, 0xff, 0xff, 0x9f, 0xff, 0xff, 0xff, 0xff, 0xff, 0xff, 0xe0,
    0x7d, 0xff, 0xff, 0xff, 0xff, 0xff, 0xff, 0xff, 0xff, 0xff, 0x9f, 0xff, 0xff, 0xff, 0xff, 0xff, 0xff, 0xe0,
    0x6d, 0xff, 0xff, 0xff, 0xff, 0xff, 0xff, 0xff, 0xff, 0xff, 0x9f, 0xff, 0xff, 0xff, 0xff, 0xff, 0xff, 0xe0,
    0x7d, 0xff, 0xff, 0xff, 0xff, 0xff, 0xff, 0xff, 0xff, 0xff, 0x9f, 0xff, 0xff, 0xff, 0xff, 0xff, 0xff, 0xe0,
    0x3d, 0xff, 0xff, 0xff, 0xff, 0xff, 0xff, 0xff, 0xff, 0xff, 0x9f, 0xff, 0xff, 0xff, 0xff, 0xff, 0xff, 0xe0,
    0x7d, 0xff, 0xff, 0xff, 0xff, 0xff, 0xff, 0xff, 0xff, 0xff, 0x9f, 0xff, 0xff, 0xff, 0xff, 0xff, 0xff, 0xe0,
    0x6d, 0xff, 0xff, 0xff, 0xff, 0xff, 0xff, 0xff, 0xff, 0xff, 0x9f, 0xff, 0xff, 0xff, 0xff, 0xff, 0xff, 0xe0,
    0x7d, 0xff, 0xff, 0xff, 0xff, 0xff, 0xff, 0xff, 0xff, 0xff, 0x9f, 0xff, 0xff, 0xff, 0xff, 0xff, 0xff, 0xe0,
    0x3d, 0xff, 0xff, 0xff, 0xff, 0xff, 0xff, 0xff, 0xff, 0xff, 0x9f, 0xff, 0xff, 0xff, 0xff, 0xff, 0xff, 0xe0,
    0x7d, 0xff, 0xff, 0xff, 0xff, 0xff, 0xff, 0xff, 0xff, 0xff, 0x9f, 0xff, 0xff, 0xff, 0xff, 0xff, 0xff, 0xe0,
    0x6d, 0xff, 0xff, 0xff, 0xff, 0xff, 0xff, 0xff, 0xff, 0xdf, 0x9f, 0xff, 0xff, 0xff, 0xff, 0xff, 0xff, 0xe0,
    0x7d, 0xff, 0xff, 0xff, 0xff, 0xff, 0xff, 0xff, 0xff, 0xef, 0x9f, 0xff, 0xff, 0xff, 0xff, 0xff, 0xff, 0xe0,
    0x3d, 0xff, 0xff, 0xff, 0xff, 0xff, 0xff, 0xff, 0xff, 0xf7, 0x9f, 0xff, 0xff, 0xff, 0xff, 0xff, 0xff, 0xe0,
    0x7d, 0xff, 0xff, 0xff, 0xff, 0xff, 0xff, 0xff, 0xff, 0xfb, 0x9f, 0xff, 0xff, 0xff, 0xff, 0xff, 0xff, 0xe0,
    0x6d, 0xff, 0xff, 0xff, 0xff, 0xff, 0xff, 0xff, 0xff, 0xfd, 0x9f, 0xff, 0xff, 0xff, 0xff, 0xff, 0xff, 0xe0,
    0x7d, 0xff, 0xff, 0xff, 0xff, 0xff, 0xff, 0xff, 0xff, 0xfe, 0x9f, 0xff, 0xff, 0xff, 0xff, 0xff, 0xff, 0xe0,
    0x3d, 0xff, 0xff, 0xff, 0xff, 0xff, 0xff, 0xff, 0xff, 0xff, 0x1f, 0xff, 0xff, 0xff, 0xff, 0xff, 0xff, 0xe0,
    0x7d, 0xff, 0xff, 0xff, 0xff, 0xff, 0xff, 0xff, 0xff, 0x80, 0x1f, 0xff, 0xff, 0xff, 0xff, 0xff, 0xff, 0xe0,
    0x6d, 0xff, 0xff, 0xff, 0xff, 0xe7, 0xff, 0xff, 0xff, 0x80, 0x1f, 0xff, 0xff, 0xff, 0xff, 0xff, 0xff, 0xe0,
    0x7d, 0xff, 0xff, 0xff, 0xff, 0xe7, 0xff, 0xff, 0xff, 0xff, 0x9f, 0xff, 0xff, 0xff, 0xff, 0xff, 0xff, 0xe0,
    0x3d, 0xff, 0xff, 0xff, 0xff, 0xe7, 0xff, 0xff, 0xff, 0xff, 0x9f, 0xff, 0xff, 0xff, 0xff, 0xff, 0xff, 0xe0,
    0x7d, 0xff, 0xff, 0xff, 0xe0, 0x07, 0xff, 0xff, 0xff, 0xff, 0x9f, 0xff, 0xff, 0xff, 0xff, 0xff, 0xff, 0xe0,
    0x6d, 0xff, 0xff, 0xff, 0xe0, 0x05, 0xff, 0xff, 0x83, 0xff, 0x9f, 0xff, 0x9f, 0xff, 0xff, 0xff, 0xff, 0xe0,
    0x7d, 0xff, 0xff, 0xff, 0xff, 0xc4, 0x07, 0xff, 0x10, 0x7f, 0xff, 0xff, 0x9f, 0xff, 0xff, 0xff, 0xff, 0xe0,
    0x3d, 0xff, 0xff, 0xff, 0xff, 0xa4, 0x07, 0xff, 0x10, 0x7f, 0xff, 0xff, 0x80, 0x00, 0x00, 0x00, 0x0f, 0xe0,
    0x7d, 0xff, 0xff, 0xff, 0xff, 0x64, 0x00, 0x00, 0x01, 0xff, 0xff, 0xff, 0x80, 0x00, 0x00, 0x00, 0x0f, 0xe0,
    0x6d, 0xff, 0xff, 0xff, 0xfe, 0xe4, 0x00, 0x00, 0x01, 0xff, 0xff, 0xff, 0x87, 0xff, 0xef, 0xff, 0xcf, 0xe0,
    0x7d, 0xff, 0xff, 0xff, 0xfd, 0xe4, 0x00, 0x00, 0x01, 0xff, 0xff, 0xff, 0x87, 0xff, 0xef, 0xff, 0xcf, 0xe0,
    0x3d, 0xff, 0xff, 0xff, 0xfb, 0xe5, 0xf0, 0x00, 0x10, 0x7f, 0xff, 0xff, 0x87, 0xff, 0xef, 0xff, 0xcf, 0xe0,
    0x7d, 0xff, 0xff, 0xff, 0xf7, 0xe4, 0x00, 0x00, 0x83, 0xff, 0xff, 0xff, 0x87, 0xff, 0xed, 0xff, 0xcf, 0xe0,
    0x6d, 0xff, 0xff, 0xff, 0xff, 0xe4, 0x00, 0x00, 0x83, 0xff, 0xff, 0xff, 0x87, 0xff, 0xef, 0xff, 0xcf, 0xe0,
    0x7d, 0xff, 0xff, 0xff, 0xff, 0xe4, 0x00, 0x03, 0xff, 0xff, 0xff, 0xff, 0x87, 0xf7, 0xef, 0xff, 0xcf, 0xe0,
    0x3d, 0xff, 0xff, 0xff, 0xff, 0xe4, 0x00, 0x07, 0xff, 0xff, 0xff, 0xff, 0x87, 0xff, 0xef, 0xff, 0xcf, 0xe0,
    0x7d, 0xff, 0xff, 0xff, 0xff, 0xe4, 0x00, 0x07, 0xff, 0xff, 0xff, 0xff, 0x87, 0xff, 0xef, 0xff, 0xcf, 0xe0,
    0x6d, 0xff, 0xff, 0xff, 0xff, 0xe4, 0x00, 0x1f, 0xff, 0xff, 0xff, 0xff, 0x87, 0xff, 0xef, 0xff, 0xcf, 0xe0,
    0x7d, 0xff, 0xff, 0xff, 0xff, 0xe4, 0x01, 0xff, 0xff, 0xff, 0xff, 0xff, 0x87, 0xff, 0xef, 0xff, 0xcf, 0xe0,
    0x3d, 0x87, 0xff, 0xff, 0xff, 0xe4, 0x01, 0xff, 0xff, 0xff, 0xff, 0xff, 0x80, 0x00, 0x00, 0x00, 0x0f, 0xe0,
    0x7d, 0x23, 0xff, 0xff, 0xff, 0xe4, 0x0f, 0xff, 0xff, 0xff, 0xff, 0xff, 0x87, 0xff, 0xef, 0xff, 0xcf, 0xe0,
    0x6d, 0x93, 0xff, 0xff, 0xff, 0xe4, 0x0f, 0xff, 0xff, 0xff, 0xff, 0xff, 0x87, 0xff, 0xef, 0xff, 0xcf, 0xe0,
    0x7d, 0x4b, 0xff, 0xff, 0xff, 0xe4, 0x0f, 0xff, 0xff, 0xff, 0xff, 0xff, 0x87, 0xff, 0xef, 0xc7, 0xcf, 0xe0,
    0x3c, 0x25, 0xff, 0xff, 0xff, 0xe7, 0xbf, 0xff, 0xff, 0xff, 0xff, 0xff, 0x87, 0xff, 0xef, 0x83, 0xcf, 0xe0,
    0x7d, 0x93, 0xff, 0xff, 0xf7, 0xe6, 0x3f, 0xff, 0xff, 0xff, 0xff, 0xff, 0x87, 0xff, 0xef, 0x1d, 0xcf, 0xe0,
    0x6d, 0x4b, 0xff, 0xff, 0xfb, 0xe6, 0x3f, 0xff, 0xff, 0xff, 0xff, 0xff, 0x87, 0xff, 0xef, 0x3f, 0xcf, 0xe0,
    0x7d, 0x23, 0xff, 0xff, 0xfd, 0xe6, 0x7f, 0xff, 0xff, 0xff, 0xff, 0xff, 0x87, 0xef, 0xef, 0x3f, 0xcf, 0xe0,
    0x3d, 0x07, 0xff, 0xff, 0xfe, 0xe6, 0x7f, 0xff, 0xff, 0xff, 0xff, 0xff, 0x87, 0xff, 0xef, 0xbf, 0xcf, 0xe0,
    0x7d, 0x7f, 0xff, 0xff, 0xff, 0x66, 0x7f, 0xff, 0xff, 0xff, 0xff, 0xff, 0x87, 0xff, 0xef, 0xff, 0xcf, 0xe0,
    0x6d, 0x7f, 0xff, 0xff, 0xff, 0xa5, 0xff, 0xff, 0xff, 0xff, 0xff, 0xff, 0x87, 0xff, 0xef, 0xff, 0xcf, 0xe0,
    0x7c, 0x7f, 0xff, 0xff, 0xff, 0xc7, 0xff, 0xff, 0xff, 0xff, 0xff, 0xff, 0x87, 0xff, 0xef, 0xff, 0xcf, 0xe0,
    0x3c, 0xff, 0xff, 0xff, 0xe0, 0x07, 0xff, 0xff, 0xff, 0xff, 0xff, 0xff, 0x80, 0x00, 0x00, 0x00, 0x0f, 0xe0,
    0x7c, 0xff, 0xff, 0xff, 0xe0, 0x07, 0xff, 0xff, 0xff, 0xff, 0xff, 0xff, 0x80, 0x00, 0x00, 0x00, 0x0f, 0xe0,
    0x6c, 0xff, 0xff, 0xff, 0xff, 0xe7, 0xff, 0xff, 0xff, 0xff, 0xff, 0xff, 0x9f, 0xff, 0xff, 0xff, 0xff, 0xe0,
    0x7d, 0xff, 0xff, 0xff, 0xff, 0xe7, 0xff, 0xff, 0xff, 0xff, 0xff, 0xff, 0x9f, 0xff, 0xff, 0xff, 0xff, 0xe0,
    0x3d, 0xff, 0xff, 0xff, 0xff, 0xff, 0xff, 0xff, 0xff, 0xff, 0xff, 0xff, 0xff, 0xff, 0xff, 0xff, 0xff, 0xe0,
    0x00, 0x00, 0x00, 0x00, 0x00, 0x00, 0x00, 0x00, 0x00, 0x00, 0x00, 0x00, 0x00, 0x00, 0x00, 0x00, 0x00, 0x00,
};

static const lv_img_dsc_t cat19 = {
    .header.cf = LV_IMG_CF_INDEXED_1BIT,
    .header.always_zero = 0,
    .header.reserved = 0,
    .header.w = 140,
    .header.h = 68,
    .data_size = 1232,
    .data = cat19_map,
};

static const LV_ATTRIBUTE_MEM_ALIGN LV_ATTRIBUTE_LARGE_CONST uint8_t cat20_map[] = {
#if CONFIG_NICE_VIEW_WIDGET_INVERTED
    0xff, 0xff, 0xff, 0xff, /*Color of index 0*/
    0x00, 0x00, 0x00, 0xff, /*Color of index 1*/
#else
    0x00, 0x00, 0x00, 0xff, /*Color of index 0*/
    0xff, 0xff, 0xff, 0xff, /*Color of index 1*/
#endif
    0x00, 0x00, 0x00, 0x00, 0x00, 0x00, 0x00, 0x00, 0x00, 0x00, 0x00, 0x00, 0x00, 0x00, 0x00, 0x00, 0x00, 0x00,
    0x7d, 0xff, 0xff, 0xff, 0xff, 0xff, 0xff, 0xff, 0xff, 0xff, 0xff, 0xff, 0xff, 0xff, 0xff, 0xff, 0xff, 0xe0,
    0x3d, 0xff, 0xff, 0xff, 0xff, 0xff, 0xff, 0xff, 0xff, 0xff, 0x9f, 0xff, 0xff, 0xff, 0xff, 0xff, 0xff, 0xe0,
    0x7d, 0xff, 0xff, 0xff, 0xff, 0xff, 0xff, 0xff, 0xff, 0xff, 0x9f, 0xff, 0xff, 0xff, 0xff, 0xff, 0xff, 0xe0,
    0x6d, 0xff, 0xff, 0xff, 0xff, 0xff, 0xff, 0xff, 0xff, 0x80, 0x00, 0x79, 0xff, 0xff, 0xff, 0xff, 0xff, 0xe0,
    0x7d, 0xff, 0xff, 0xff, 0xff, 0xff, 0xff, 0xff, 0xff, 0x80, 0x0f, 0x43, 0xff, 0xff, 0xff, 0xff, 0xff, 0xe0,
    0x3d, 0xff, 0xff, 0xff, 0xff, 0xff, 0xff, 0xff, 0xff, 0xff, 0x0f, 0x00, 0xff, 0xff, 0xff, 0xff, 0xff, 0xe0,
    0x7d, 0xff, 0xff, 0xff, 0xff, 0xff, 0xff, 0xff, 0xff, 0xfe, 0x8f, 0x00, 0xff, 0xff, 0xff, 0xff, 0xff, 0xe0,
    0x6d, 0xff, 0xff, 0xff, 0xff, 0xff, 0xff, 0xff, 0xff, 0xfd, 0x8f, 0x47, 0xff, 0xff, 0xff, 0xff, 0xff, 0xe0,
    0x7d, 0xff, 0xff, 0xff, 0xff, 0xff, 0xff, 0xff, 0xff, 0xfb, 0x80, 0x73, 0xff, 0xff, 0xff, 0xff, 0xff, 0xe0,
    0x3d, 0xff, 0xff, 0xff, 0xff, 0xff, 0xff, 0xff, 0xff, 0xf7, 0x9f, 0xff, 0xff, 0xff, 0xff, 0xff, 0xff, 0xe0,
    0x7d, 0xff, 0xff, 0xff, 0xff, 0xff, 0xff, 0xff, 0xff, 0xef, 0x9f, 0xff, 0xff, 0xff, 0xff, 0xff, 0xff, 0xe0,
    0x6d, 0xff, 0xff, 0xff, 0xff, 0xff, 0xff, 0xff, 0xff, 0xdf, 0x9f, 0xff, 0xff, 0xff, 0xff, 0xff, 0xff, 0xe0,
    0x7d, 0xff, 0xff, 0xff, 0xff, 0xff, 0xff, 0xff, 0xff, 0xff, 0x9f, 0xff, 0xff, 0xff, 0xff, 0xff, 0xff, 0xe0,
    0x3d, 0xff, 0xff, 0xff, 0xff, 0xff, 0xff, 0xff, 0xff, 0xff, 0x9f, 0xff, 0xff, 0xff, 0xff, 0xff, 0xff, 0xe0,
    0x7d, 0xff, 0xff, 0xff, 0xff, 0xff, 0xff, 0xff, 0xff, 0xff, 0x9f, 0xff, 0xff, 0xff, 0xff, 0xff, 0xff, 0xe0,
    0x6d, 0xff, 0xff, 0xff, 0xff, 0xff, 0xff, 0xff, 0xff, 0xff, 0x9f, 0xff, 0xff, 0xff, 0xff, 0xff, 0xff, 0xe0,
    0x7d, 0xff, 0xff, 0xff, 0xff, 0xff, 0xff, 0xff, 0xff, 0xff, 0x9f, 0xff, 0xff, 0xff, 0xff, 0xff, 0xff, 0xe0,
    0x3d, 0xff, 0xff, 0xff, 0xff, 0xff, 0xff, 0xff, 0xff, 0xff, 0x9f, 0xff, 0xff, 0xff, 0xff, 0xff, 0xff, 0xe0,
    0x7d, 0xff, 0xff, 0xff, 0xff, 0xff, 0xff, 0xff, 0xff, 0xff, 0x9f, 0xff, 0xff, 0xff, 0xff, 0xff, 0xff, 0xe0,
    0x6d, 0xff, 0xff, 0xff, 0xff, 0xff, 0xff, 0xff, 0xff, 0xff, 0x9f, 0xff, 0xff, 0xff, 0xff, 0xff, 0xff, 0xe0,
    0x7d, 0xff, 0xff, 0xff, 0xff, 0xff, 0xff, 0xff, 0xff, 0xff, 0x9f, 0xff, 0xff, 0xff, 0xff, 0xff, 0xff, 0xe0,
    0x3d, 0xff, 0xff, 0xff, 0xff, 0xff, 0xff, 0xff, 0xff, 0xff, 0x9f, 0xff, 0xff, 0xff, 0xff, 0xff, 0xff, 0xe0,
    0x7d, 0xff, 0xff, 0xff, 0xff, 0xff, 0xff, 0xff, 0xff, 0xff, 0x9f, 0xff, 0xff, 0xff, 0xff, 0xff, 0xff, 0xe0,
    0x6d, 0xff, 0xff, 0xff, 0xff, 0xff, 0xff, 0xff, 0xff, 0xdf, 0x9f, 0xff, 0xff, 0xff, 0xff, 0xff, 0xff, 0xe0,
    0x7d, 0xff, 0xff, 0xff, 0xff, 0xff, 0xff, 0xff, 0xff, 0xef, 0x9f, 0xff, 0xff, 0xff, 0xff, 0xff, 0xff, 0xe0,
    0x3d, 0xff, 0xff, 0xff, 0xff, 0xff, 0xff, 0xff, 0xff, 0xf7, 0x9f, 0xff, 0xff, 0xff, 0xff, 0xff, 0xff, 0xe0,
    0x7d, 0xff, 0xff, 0xff, 0xff, 0xff, 0xff, 0xff, 0xff, 0xfb, 0x9f, 0xff, 0xff, 0xff, 0xff, 0xff, 0xff, 0xe0,
    0x6d, 0xff, 0xff, 0xff, 0xff, 0xff, 0xff, 0xff, 0xff, 0xfd, 0x9f, 0xff, 0xff, 0xff, 0xff, 0xff, 0xff, 0xe0,
    0x7d, 0xff, 0xff, 0xff, 0xff, 0xff, 0xff, 0xff, 0xff, 0xfe, 0x9f, 0xff, 0xff, 0xff, 0xff, 0xff, 0xff, 0xe0,
    0x3d, 0xff, 0xff, 0xff, 0xff, 0xff, 0xff, 0xff, 0xff, 0xff, 0x1f, 0xff, 0xff, 0xff, 0xff, 0xff, 0xff, 0xe0,
    0x7d, 0xff, 0xff, 0xff, 0xff, 0xff, 0xff, 0xff, 0xff, 0x80, 0x1f, 0xff, 0xff, 0xff, 0xff, 0xff, 0xff, 0xe0,
    0x6d, 0xff, 0xff, 0xff, 0xff, 0xe7, 0xff, 0xff, 0xff, 0x80, 0x1f, 0xff, 0xff, 0xff, 0xff, 0xff, 0xff, 0xe0,
    0x7d, 0xff, 0xff, 0xff, 0xff, 0xe7, 0xff, 0xff, 0xff, 0xff, 0x9f, 0xff, 0xff, 0xff, 0xff, 0xff, 0xff, 0xe0,
    0x3d, 0xff, 0xff, 0xff, 0xff, 0xe7, 0xff, 0xff, 0xff, 0xff, 0x9f, 0xff, 0xff, 0xff, 0xff, 0xff, 0xff, 0xe0,
    0x7d, 0xff, 0xff, 0xff, 0xe0, 0x07, 0xff, 0xff, 0xff, 0xff, 0x9f, 0xff, 0xff, 0xff, 0xff, 0xff, 0xff, 0xe0,
    0x6d, 0xff, 0xff, 0xff, 0xe0, 0x05, 0xff, 0xff, 0x83, 0xff, 0x9f, 0xff, 0x9f, 0xff, 0xff, 0xff, 0xff, 0xe0,
    0x7d, 0xff, 0xff, 0xff, 0xff, 0xc4, 0x07, 0xff, 0x10, 0x7f, 0xff, 0xff, 0x9f, 0xff, 0xff, 0xff, 0xff, 0xe0,
    0x3d, 0xff, 0xff, 0xff, 0xff, 0xa4, 0x07, 0xff, 0x10, 0x7f, 0xff, 0xff, 0x80, 0x00, 0x00, 0x00, 0x0f, 0xe0,
    0x7d, 0xff, 0xff, 0xff, 0xff, 0x64, 0x00, 0x00, 0x01, 0xff, 0xff, 0xff, 0x80, 0x00, 0x00, 0x00, 0x0f, 0xe0,
    0x6d, 0xff, 0xff, 0xff, 0xfe, 0xe4, 0x00, 0x00, 0x01, 0xff, 0xff, 0xff, 0x87, 0xff, 0xef, 0xff, 0xcf, 0xe0,
    0x7d, 0xff, 0xff, 0xff, 0xfd, 0xe4, 0x00, 0x00, 0x01, 0xff, 0xff, 0xff, 0x87, 0xff, 0xef, 0xff, 0xcf, 0xe0,
    0x3d, 0xff, 0xff, 0xff, 0xfb, 0xe5, 0xf0, 0x00, 0x10, 0x7f, 0xff, 0xff, 0x87, 0xff, 0xef, 0xff, 0xcf, 0xe0,
    0x7d, 0xff, 0xff, 0xff, 0xf7, 0xe4, 0x00, 0x00, 0x83, 0xff, 0xff, 0xff, 0x87, 0xff, 0xed, 0xff, 0xcf, 0xe0,
    0x6d, 0xff, 0xff, 0xff, 0xff, 0xe4, 0x00, 0x00, 0x83, 0xff, 0xff, 0xff, 0x87, 0xff, 0xef, 0xff, 0xcf, 0xe0,
    0x7d, 0xff, 0xff, 0xff, 0xff, 0xe4, 0x00, 0x03, 0xff, 0xff, 0xff, 0xff, 0x87, 0xf7, 0xef, 0xff, 0xcf, 0xe0,
    0x3d, 0xff, 0xff, 0xff, 0xff, 0xe4, 0x00, 0x07, 0xff, 0xff, 0xff, 0xff, 0x87, 0xff, 0xef, 0xff, 0xcf, 0xe0,
    0x7d, 0xff, 0xff, 0xff, 0xff, 0xe4, 0x00, 0x07, 0xff, 0xff, 0xff, 0xff, 0x87, 0xff, 0xef, 0xff, 0xcf, 0xe0,
    0x6d, 0xff, 0xff, 0xff, 0xff, 0xe4, 0x00, 0x1f, 0xff, 0xff, 0xff, 0xff, 0x87, 0xff, 0xef, 0xff, 0xcf, 0xe0,
    0x7d, 0xff, 0xff, 0xff, 0xff, 0xe4, 0x01, 0xff, 0xff, 0xff, 0xff, 0xff, 0x87, 0xff, 0xef, 0xff, 0xcf, 0xe0,
    0x3d, 0x87, 0xff, 0xff, 0xff, 0xe4, 0x01, 0xff, 0xff, 0xff, 0xff, 0xff, 0x80, 0x00, 0x00, 0x00, 0x0f, 0xe0,
    0x7d, 0x23, 0xff, 0xff, 0xff, 0xe4, 0x0f, 0xff, 0xff, 0xff, 0xff, 0xff, 0x87, 0xff, 0xef, 0xff, 0xcf, 0xe0,
    0x6d, 0x93, 0xff, 0xff, 0xff, 0xe4, 0x0f, 0xff, 0xff, 0xff, 0xff, 0xff, 0x87, 0xff, 0xef, 0xff, 0xcf, 0xe0,
    0x7d, 0x4b, 0xff, 0xff, 0xff, 0xe4, 0x0f, 0xff, 0xff, 0xff, 0xff, 0xff, 0x87, 0xff, 0xef, 0xc7, 0xcf, 0xe0,
    0x3c, 0x25, 0xff, 0xff, 0xff, 0xe7, 0xbf, 0xff, 0xff, 0xff, 0xff, 0xff, 0x87, 0xff, 0xef, 0x83, 0xcf, 0xe0,
    0x7d, 0x93, 0xff, 0xff, 0xf7, 0xe6, 0x3f, 0xff, 0xff, 0xff, 0xff, 0xff, 0x87, 0xff, 0xef, 0x1d, 0xcf, 0xe0,
    0x6d, 0x4b, 0xff, 0xff, 0xfb, 0xe6, 0x3f, 0xff, 0xff, 0xff, 0xff, 0xff, 0x87, 0xff, 0xef, 0x3f, 0xcf, 0xe0,
    0x7d, 0x23, 0xff, 0xff, 0xfd, 0xe6, 0x7f, 0xff, 0xff, 0xff, 0xff, 0xff, 0x87, 0xff, 0xef, 0x3f, 0xcf, 0xe0,
    0x3d, 0x07, 0xff, 0xff, 0xfe, 0xe6, 0x7f, 0xff, 0xff, 0xff, 0xff, 0xff, 0x87, 0xff, 0xef, 0xbf, 0xcf, 0xe0,
    0x7d, 0x7f, 0xff, 0xff, 0xff, 0x66, 0x7f, 0xff, 0xff, 0xff, 0xff, 0xff, 0x87, 0xff, 0xef, 0xff, 0xcf, 0xe0,
    0x6d, 0x7f, 0xff, 0xff, 0xff, 0xa5, 0xff, 0xff, 0xff, 0xff, 0xff, 0xff, 0x87, 0xff, 0xef, 0xff, 0xcf, 0xe0,
    0x7c, 0x7f, 0xff, 0xff, 0xff, 0xc7, 0xff, 0xff, 0xff, 0xff, 0xff, 0xff, 0x87, 0xff, 0xef, 0xff, 0xcf, 0xe0,
    0x3c, 0xff, 0xff, 0xff, 0xe0, 0x07, 0xff, 0xff, 0xff, 0xff, 0xff, 0xff, 0x80, 0x00, 0x00, 0x00, 0x0f, 0xe0,
    0x7c, 0xff, 0xff, 0xff, 0xe0, 0x07, 0xff, 0xff, 0xff, 0xff, 0xff, 0xff, 0x80, 0x00, 0x00, 0x00, 0x0f, 0xe0,
    0x6c, 0xff, 0xff, 0xff, 0xff, 0xe7, 0xff, 0xff, 0xff, 0xff, 0xff, 0xff, 0x9f, 0xff, 0xff, 0xff, 0xff, 0xe0,
    0x7d, 0xff, 0xff, 0xff, 0xff, 0xe7, 0xff, 0xff, 0xff, 0xff, 0xff, 0xff, 0x9f, 0xff, 0xff, 0xff, 0xff, 0xe0,
    0x3d, 0xff, 0xff, 0xff, 0xff, 0xff, 0xff, 0xff, 0xff, 0xff, 0xff, 0xff, 0xff, 0xff, 0xff, 0xff, 0xff, 0xe0,
    0x00, 0x00, 0x00, 0x00, 0x00, 0x00, 0x00, 0x00, 0x00, 0x00, 0x00, 0x00, 0x00, 0x00, 0x00, 0x00, 0x00, 0x00,
};

static const lv_img_dsc_t cat20 = {
    .header.cf = LV_IMG_CF_INDEXED_1BIT,
    .header.always_zero = 0,
    .header.reserved = 0,
    .header.w = 140,
    .header.h = 68,
    .data_size = 1232,
    .data = cat20_map,
};

static const LV_ATTRIBUTE_MEM_ALIGN LV_ATTRIBUTE_LARGE_CONST uint8_t cat21_map[] = {
#if CONFIG_NICE_VIEW_WIDGET_INVERTED
    0xff, 0xff, 0xff, 0xff, /*Color of index 0*/
    0x00, 0x00, 0x00, 0xff, /*Color of index 1*/
#else
    0x00, 0x00, 0x00, 0xff, /*Color of index 0*/
    0xff, 0xff, 0xff, 0xff, /*Color of index 1*/
#endif
    0x00, 0x00, 0x00, 0x00, 0x00, 0x00, 0x00, 0x00, 0x00, 0x00, 0x00, 0x00, 0x00, 0x00, 0x00, 0x00, 0x00, 0x00,
    0x7d, 0xff, 0xff, 0xff, 0xff, 0xff, 0xff, 0xff, 0xff, 0xff, 0xff, 0xff, 0xff, 0xff, 0xff, 0xff, 0xff, 0xe0,
    0x3d, 0xff, 0xff, 0xff, 0xff, 0xff, 0xff, 0xff, 0xff, 0xff, 0x9f, 0xff, 0xff, 0xff, 0xff, 0xff, 0xff, 0xe0,
    0x7d, 0xff, 0xff, 0xff, 0xff, 0xff, 0xff, 0xff, 0xff, 0xff, 0x9f, 0xff, 0xff, 0xff, 0xff, 0xff, 0xff, 0xe0,
    0x6d, 0xff, 0xff, 0xff, 0xff, 0xff, 0xff, 0xff, 0xff, 0x80, 0x00, 0x79, 0xff, 0xff, 0xff, 0xff, 0xff, 0xe0,
    0x7d, 0xff, 0xff, 0xff, 0xff, 0xff, 0xff, 0xff, 0xff, 0x80, 0x0f, 0x43, 0xff, 0xff, 0xff, 0xff, 0xff, 0xe0,
    0x3d, 0xff, 0xff, 0xff, 0xff, 0xff, 0xff, 0xff, 0xff, 0xff, 0x0f, 0x00, 0xff, 0xff, 0xff, 0xff, 0xff, 0xe0,
    0x7d, 0xff, 0xff, 0xff, 0xff, 0xff, 0xff, 0xff, 0xff, 0xfe, 0x8f, 0x00, 0xff, 0xff, 0xff, 0xff, 0xff, 0xe0,
    0x6d, 0xff, 0xff, 0xff, 0xff, 0xff, 0xff, 0xff, 0xff, 0xfd, 0x8f, 0x47, 0xff, 0xff, 0xff, 0xff, 0xff, 0xe0,
    0x7d, 0xff, 0xff, 0xff, 0xff, 0xff, 0xff, 0xff, 0xff, 0xfb, 0x80, 0x73, 0xff, 0xff, 0xff, 0xff, 0xff, 0xe0,
    0x3d, 0xff, 0xff, 0xff, 0xff, 0xff, 0xff, 0xff, 0xff, 0xf7, 0x9f, 0xff, 0xff, 0xff, 0xff, 0xff, 0xff, 0xe0,
    0x7d, 0xff, 0xff, 0xff, 0xff, 0xff, 0xff, 0xff, 0xff, 0xef, 0x9f, 0xff, 0xff, 0xff, 0xff, 0xff, 0xff, 0xe0,
    0x6d, 0xff, 0xff, 0xff, 0xff, 0xff, 0xff, 0xff, 0xff, 0xdf, 0x9f, 0xff, 0xff, 0xff, 0xff, 0xff, 0xff, 0xe0,
    0x7d, 0xff, 0xff, 0xff, 0xff, 0xff, 0xff, 0xff, 0xff, 0xff, 0x9f, 0xff, 0xff, 0xff, 0xff, 0xff, 0xff, 0xe0,
    0x3d, 0xff, 0xff, 0xff, 0xff, 0xff, 0xff, 0xff, 0xff, 0xff, 0x9f, 0xff, 0xff, 0xff, 0xff, 0xff, 0xff, 0xe0,
    0x7d, 0xff, 0xff, 0xff, 0xff, 0xff, 0xff, 0xff, 0xff, 0xff, 0x9f, 0xff, 0xff, 0xff, 0xff, 0xff, 0xff, 0xe0,
    0x6d, 0xff, 0xff, 0xff, 0xff, 0xff, 0xff, 0xff, 0xff, 0xff, 0x9f, 0xff, 0xff, 0xff, 0xff, 0xff, 0xff, 0xe0,
    0x7d, 0xff, 0xff, 0xff, 0xff, 0xff, 0xff, 0xff, 0xff, 0xff, 0x9f, 0xff, 0xff, 0xff, 0xff, 0xff, 0xff, 0xe0,
    0x3d, 0xff, 0xff, 0xff, 0xff, 0xff, 0xff, 0xff, 0xff, 0xff, 0x9f, 0xff, 0xff, 0xff, 0xff, 0xff, 0xff, 0xe0,
    0x7d, 0xff, 0xff, 0xff, 0xff, 0xff, 0xff, 0xff, 0xff, 0xff, 0x9f, 0xff, 0xff, 0xff, 0xff, 0xff, 0xff, 0xe0,
    0x6d, 0xff, 0xff, 0xff, 0xff, 0xff, 0xff, 0xff, 0xff, 0xff, 0x9f, 0xff, 0xff, 0xff, 0xff, 0xff, 0xff, 0xe0,
    0x7d, 0xff, 0xff, 0xff, 0xff, 0xff, 0xff, 0xff, 0xff, 0xff, 0x9f, 0xff, 0xff, 0xff, 0xff, 0xff, 0xff, 0xe0,
    0x3d, 0xff, 0xff, 0xff, 0xff, 0xff, 0xff, 0xff, 0xff, 0xff, 0x9f, 0xff, 0xff, 0xff, 0xff, 0xff, 0xff, 0xe0,
    0x7d, 0xff, 0xff, 0xff, 0xff, 0xff, 0xff, 0xff, 0xff, 0xff, 0x9f, 0xff, 0xff, 0xff, 0xff, 0xff, 0xff, 0xe0,
    0x6d, 0xff, 0xff, 0xff, 0xff, 0xff, 0xff, 0xff, 0xff, 0xdf, 0x9f, 0xff, 0xff, 0xff, 0xff, 0xff, 0xff, 0xe0,
    0x7d, 0xff, 0xff, 0xff, 0xff, 0xff, 0xff, 0xff, 0xff, 0xef, 0x9f, 0xff, 0xff, 0xff, 0xff, 0xff, 0xff, 0xe0,
    0x3d, 0xff, 0xff, 0xff, 0xff, 0xff, 0xff, 0xff, 0xff, 0xf7, 0x9f, 0xff, 0xff, 0xff, 0xff, 0xff, 0xff, 0xe0,
    0x7d, 0xff, 0xff, 0xff, 0xff, 0xff, 0xff, 0xff, 0xff, 0xfb, 0x9f, 0xff, 0xff, 0xff, 0xff, 0xff, 0xff, 0xe0,
    0x6d, 0xff, 0xff, 0xff, 0xff, 0xff, 0xff, 0xff, 0xff, 0xfd, 0x9f, 0xff, 0xff, 0xff, 0xff, 0xff, 0xff, 0xe0,
    0x7d, 0xff, 0xff, 0xff, 0xff, 0xff, 0xff, 0xff, 0xff, 0xfe, 0x9f, 0xff, 0xff, 0xff, 0xff, 0xff, 0xff, 0xe0,
    0x3d, 0xff, 0xff, 0xff, 0xff, 0xff, 0xff, 0xff, 0xff, 0xff, 0x1f, 0xff, 0xff, 0xff, 0xff, 0xff, 0xff, 0xe0,
    0x7d, 0xff, 0xff, 0xff, 0xff, 0xff, 0xff, 0xff, 0xff, 0x80, 0x1f, 0xff, 0xff, 0xff, 0xff, 0xff, 0xff, 0xe0,
    0x6d, 0xff, 0xff, 0xff, 0xff, 0xe7, 0xff, 0xff, 0xff, 0x80, 0x1f, 0xff, 0xff, 0xff, 0xff, 0xff, 0xff, 0xe0,
    0x7d, 0xff, 0xff, 0xff, 0xff, 0xe7, 0xf9, 0x07, 0xff, 0xff, 0x9f, 0xff, 0xff, 0xff, 0xff, 0xff, 0xff, 0xe0,
    0x3d, 0xff, 0xff, 0xff, 0xff, 0xe7, 0xf9, 0x07, 0xff, 0xff, 0x9f, 0xff, 0xff, 0xff, 0xff, 0xff, 0xff, 0xe0,
    0x7d, 0xff, 0xff, 0xff, 0xe0, 0x07, 0xc0, 0x1f, 0xff, 0xff, 0x9f, 0xff, 0xff, 0xff, 0xff, 0xff, 0xff, 0xe0,
    0x6d, 0xff, 0xff, 0xff, 0xe0, 0x04, 0x00, 0x1f, 0xff, 0xff, 0x9f, 0xff, 0x9f, 0xff, 0xff, 0xff, 0xff, 0xe0,
    0x7d, 0xff, 0xff, 0xff, 0xff, 0xc4, 0x00, 0x1f, 0xff, 0xff, 0xff, 0xff, 0x9f, 0xff, 0xff, 0xff, 0xff, 0xe0,
    0x3d, 0xff, 0xff, 0xff, 0xff, 0xa4, 0x01, 0x07, 0xff, 0xff, 0xff, 0xff, 0x80, 0x00, 0x00, 0x00, 0x0f, 0xe0,
    0x7d, 0xff, 0xff, 0xff, 0xff, 0x67, 0x80, 0x3f, 0xff, 0xff, 0xff, 0xff, 0x80, 0x00, 0x00, 0x00, 0x0f, 0xe0,
    0x6d, 0xff, 0xff, 0xff, 0xfe, 0xe7, 0x80, 0x3f, 0xff, 0xff, 0xff, 0xff, 0x87, 0xff, 0xef, 0xff, 0xcf, 0xe0,
    0x7d, 0xff, 0xff, 0xff, 0xfd, 0xe4, 0x01, 0xff, 0xff, 0xff, 0xff, 0xff, 0x87, 0xff, 0xef, 0xff, 0xcf, 0xe0,
    0x3d, 0xff, 0xff, 0xff, 0xfb, 0xe4, 0x01, 0xff, 0xff, 0xff, 0xff, 0xff, 0x87, 0xff, 0xef, 0xff, 0xcf, 0xe0,
    0x7d, 0xff, 0xff, 0xff, 0xf7, 0xe4, 0x01, 0xff, 0xff, 0xff, 0xff, 0xff, 0x87, 0xff, 0xed, 0xff, 0xcf, 0xe0,
    0x6d, 0xff, 0xff, 0xff, 0xff, 0xe7, 0x81, 0xff, 0xff, 0xff, 0xff, 0xff, 0x87, 0xff, 0xef, 0xff, 0xcf, 0xe0,
    0x7d, 0xff, 0xff, 0xff, 0xff, 0xe7, 0x81, 0xff, 0xff, 0xff, 0xff, 0xff, 0x87, 0xf7, 0xef, 0xff, 0xcf, 0xe0,
    0x3d, 0xff, 0xff, 0xff, 0xff, 0xe7, 0x81, 0xff, 0xff, 0xff, 0xff, 0xff, 0x87, 0xff, 0xef, 0xff, 0xcf, 0xe0,
    0x7d, 0xff, 0xff, 0xff, 0xff, 0xe7, 0x81, 0xff, 0xff, 0xff, 0xff, 0xff, 0x87, 0xff, 0xef, 0xff, 0xcf, 0xe0,
    0x6d, 0xff, 0xff, 0xff, 0xff, 0xe6, 0x01, 0xff, 0xff, 0xff, 0xff, 0xff, 0x87, 0xff, 0xef, 0xff, 0xcf, 0xe0,
    0x7d, 0xff, 0xff, 0xff, 0xff, 0xe6, 0x01, 0xff, 0xff, 0xff, 0xff, 0xff, 0x87, 0xff, 0xef, 0xff, 0xcf, 0xe0,
    0x3d, 0x87, 0xff, 0xff, 0xff, 0xe6, 0x01, 0xff, 0xff, 0xff, 0xff, 0xff, 0x80, 0x00, 0x00, 0x00, 0x0f, 0xe0,
    0x7d, 0x23, 0xff, 0xff, 0xff, 0xe4, 0x01, 0xff, 0xff, 0xff, 0xff, 0xff, 0x87, 0xff, 0xef, 0xff, 0xcf, 0xe0,
    0x6d, 0x93, 0xff, 0xff, 0xff, 0xe4, 0x01, 0xff, 0xff, 0xff, 0xff, 0xff, 0x87, 0xff, 0xef, 0xff, 0xcf, 0xe0,
    0x7d, 0x4b, 0xff, 0xff, 0xff, 0xe4, 0x01, 0xff, 0xff, 0xff, 0xff, 0xff, 0x87, 0xff, 0xef, 0xc7, 0xcf, 0xe0,
    0x3c, 0x25, 0xff, 0xff, 0xff, 0xe7, 0x81, 0xff, 0xff, 0xff, 0xff, 0xff, 0x87, 0xff, 0xef, 0x83, 0xcf, 0xe0,
    0x7d, 0x93, 0xff, 0xff, 0xf7, 0xe7, 0x81, 0xff, 0xff, 0xff, 0xff, 0xff, 0x87, 0xff, 0xef, 0x1d, 0xcf, 0xe0,
    0x6d, 0x4b, 0xff, 0xff, 0xfb, 0xe6, 0x01, 0xff, 0xff, 0xff, 0xff, 0xff, 0x87, 0xff, 0xef, 0x3f, 0xcf, 0xe0,
    0x7d, 0x23, 0xff, 0xff, 0xfd, 0xe4, 0x07, 0xff, 0xff, 0xff, 0xff, 0xff, 0x87, 0xff, 0xef, 0x3f, 0xcf, 0xe0,
    0x3d, 0x07, 0xff, 0xff, 0xfe, 0xe4, 0x07, 0xff, 0xff, 0xff, 0xff, 0xff, 0x87, 0xff, 0xef, 0xbf, 0xcf, 0xe0,
    0x7d, 0x7f, 0xff, 0xff, 0xff, 0x65, 0xf7, 0xff, 0xff, 0xff, 0xff, 0xff, 0x87, 0xff, 0xef, 0xff, 0xcf, 0xe0,
    0x6d, 0x7f, 0xff, 0xff, 0xff, 0xa7, 0xf7, 0xff, 0xff, 0xff, 0xff, 0xff, 0x87, 0xff, 0xef, 0xff, 0xcf, 0xe0,
    0x7c, 0x7f, 0xff, 0xff, 0xff, 0xc7, 0xf7, 0xff, 0xff, 0xff, 0xff, 0xff, 0x87, 0xff, 0xef, 0xff, 0xcf, 0xe0,
    0x3c, 0xff, 0xff, 0xff, 0xe0, 0x07, 0xcf, 0xff, 0xff, 0xff, 0xff, 0xff, 0x80, 0x00, 0x00, 0x00, 0x0f, 0xe0,
    0x7c, 0xff, 0xff, 0xff, 0xe0, 0x07, 0xff, 0xff, 0xff, 0xff, 0xff, 0xff, 0x80, 0x00, 0x00, 0x00, 0x0f, 0xe0,
    0x6c, 0xff, 0xff, 0xff, 0xff, 0xe7, 0xff, 0xff, 0xff, 0xff, 0xff, 0xff, 0x9f, 0xff, 0xff, 0xff, 0xff, 0xe0,
    0x7d, 0xff, 0xff, 0xff, 0xff, 0xe7, 0xff, 0xff, 0xff, 0xff, 0xff, 0xff, 0x9f, 0xff, 0xff, 0xff, 0xff, 0xe0,
    0x3d, 0xff, 0xff, 0xff, 0xff, 0xff, 0xff, 0xff, 0xff, 0xff, 0xff, 0xff, 0xff, 0xff, 0xff, 0xff, 0xff, 0xe0,
    0x00, 0x00, 0x00, 0x00, 0x00, 0x00, 0x00, 0x00, 0x00, 0x00, 0x00, 0x00, 0x00, 0x00, 0x00, 0x00, 0x00, 0x00,
};

static const lv_img_dsc_t cat21 = {
    .header.cf = LV_IMG_CF_INDEXED_1BIT,
    .header.always_zero = 0,
    .header.reserved = 0,
    .header.w = 140,
    .header.h = 68,
    .data_size = 1232,
    .data = cat21_map,
};

static const LV_ATTRIBUTE_MEM_ALIGN LV_ATTRIBUTE_LARGE_CONST uint8_t cat22_map[] = {
#if CONFIG_NICE_VIEW_WIDGET_INVERTED
    0xff, 0xff, 0xff, 0xff, /*Color of index 0*/
    0x00, 0x00, 0x00, 0xff, /*Color of index 1*/
#else
    0x00, 0x00, 0x00, 0xff, /*Color of index 0*/
    0xff, 0xff, 0xff, 0xff, /*Color of index 1*/
#endif
    0x00, 0x00, 0x00, 0x00, 0x00, 0x00, 0x00, 0x00, 0x00, 0x00, 0x00, 0x00, 0x00, 0x00, 0x00, 0x00, 0x00, 0x00,
    0x7d, 0xff, 0xff, 0xff, 0xff, 0xff, 0xff, 0xff, 0xff, 0xff, 0xff, 0xff, 0xff, 0xff, 0xff, 0xff, 0xff, 0xe0,
    0x3d, 0xff, 0xff, 0xff, 0xff, 0xff, 0xff, 0xff, 0xff, 0xff, 0x9f, 0xff, 0xff, 0xff, 0xff, 0xff, 0xff, 0xe0,
    0x7d, 0xff, 0xff, 0xff, 0xff, 0xff, 0xff, 0xff, 0xff, 0xff, 0x9f, 0xff, 0xff, 0xff, 0xff, 0xff, 0xff, 0xe0,
    0x6d, 0xff, 0xff, 0xff, 0xff, 0xff, 0xff, 0xff, 0xff, 0x80, 0x00, 0x79, 0xff, 0xff, 0xff, 0xff, 0xff, 0xe0,
    0x7d, 0xff, 0xff, 0xff, 0xff, 0xff, 0xff, 0xff, 0xff, 0x80, 0x0f, 0x43, 0xff, 0xff, 0xff, 0xff, 0xff, 0xe0,
    0x3d, 0xff, 0xff, 0xff, 0xff, 0xff, 0xff, 0xff, 0xff, 0xff, 0x0f, 0x00, 0xff, 0xff, 0xff, 0xff, 0xff, 0xe0,
    0x7d, 0xff, 0xff, 0xff, 0xff, 0xff, 0xff, 0xff, 0xff, 0xfe, 0x8f, 0x00, 0xff, 0xff, 0xff, 0xff, 0xff, 0xe0,
    0x6d, 0xff, 0xff, 0xff, 0xff, 0xff, 0xff, 0xff, 0xff, 0xfd, 0x8f, 0x47, 0xff, 0xff, 0xff, 0xff, 0xff, 0xe0,
    0x7d, 0xff, 0xff, 0xff, 0xff, 0xff, 0xff, 0xff, 0xff, 0xfb, 0x80, 0x73, 0xff, 0xff, 0xff, 0xff, 0xff, 0xe0,
    0x3d, 0xff, 0xff, 0xff, 0xff, 0xff, 0xff, 0xff, 0xff, 0xf7, 0x9f, 0xff, 0xff, 0xff, 0xff, 0xff, 0xff, 0xe0,
    0x7d, 0xff, 0xff, 0xff, 0xff, 0xff, 0xff, 0xff, 0xff, 0xef, 0x9f, 0xff, 0xff, 0xff, 0xff, 0xff, 0xff, 0xe0,
    0x6d, 0xff, 0xff, 0xff, 0xff, 0xff, 0xff, 0xff, 0xff, 0xdf, 0x9f, 0xff, 0xff, 0xff, 0xff, 0xff, 0xff, 0xe0,
    0x7d, 0xff, 0xff, 0xff, 0xff, 0xff, 0xff, 0xff, 0xff, 0xff, 0x9f, 0xff, 0xff, 0xff, 0xff, 0xff, 0xff, 0xe0,
    0x3d, 0xff, 0xff, 0xff, 0xff, 0xff, 0xff, 0xff, 0xff, 0xff, 0x9f, 0xff, 0xff, 0xff, 0xff, 0xff, 0xff, 0xe0,
    0x7d, 0xff, 0xff, 0xff, 0xff, 0xff, 0xff, 0xff, 0xff, 0xff, 0x9f, 0xff, 0xff, 0xff, 0xff, 0xff, 0xff, 0xe0,
    0x6d, 0xff, 0xff, 0xff, 0xff, 0xff, 0xff, 0xff, 0xff, 0xff, 0x9f, 0xff, 0xff, 0xff, 0xff, 0xff, 0xff, 0xe0,
    0x7d, 0xff, 0xff, 0xff, 0xff, 0xff, 0xff, 0xff, 0xff, 0xff, 0x9f, 0xff, 0xff, 0xff, 0xff, 0xff, 0xff, 0xe0,
    0x3d, 0xff, 0xff, 0xff, 0xff, 0xff, 0xff, 0xff, 0xff, 0xff, 0x9f, 0xff, 0xff, 0xff, 0xff, 0xff, 0xff, 0xe0,
    0x7d, 0xff, 0xff, 0xff, 0xff, 0xff, 0xff, 0xff, 0xff, 0xff, 0x9f, 0xff, 0xff, 0xff, 0xff, 0xff, 0xff, 0xe0,
    0x6d, 0xff, 0xff, 0xff, 0xff, 0xff, 0xff, 0xff, 0xff, 0xff, 0x9f, 0xff, 0xff, 0xff, 0xff, 0xff, 0xff, 0xe0,
    0x7d, 0xff, 0xff, 0xff, 0xff, 0xff, 0xff, 0xff, 0xff, 0xff, 0x9f, 0xff, 0xff, 0xff, 0xff, 0xff, 0xff, 0xe0,
    0x3d, 0xff, 0xff, 0xff, 0xff, 0xff, 0xff, 0xff, 0xff, 0xff, 0x9f, 0xff, 0xff, 0xff, 0xff, 0xff, 0xff, 0xe0,
    0x7d, 0xff, 0xff, 0xff, 0xff, 0xff, 0xff, 0xff, 0xff, 0xff, 0x9f, 0xff, 0xff, 0xff, 0xff, 0xff, 0xff, 0xe0,
    0x6d, 0xff, 0xff, 0xff, 0xff, 0xff, 0xff, 0xff, 0xff, 0xdf, 0x9f, 0xff, 0xff, 0xff, 0xff, 0xff, 0xff, 0xe0,
    0x7d, 0xff, 0xff, 0xff, 0xff, 0xff, 0xff, 0xff, 0xff, 0xef, 0x9f, 0xff, 0xff, 0xff, 0xff, 0xff, 0xff, 0xe0,
    0x3d, 0xff, 0xff, 0xff, 0xff, 0xff, 0xff, 0xff, 0xff, 0xf7, 0x9f, 0xff, 0xff, 0xff, 0xff, 0xff, 0xff, 0xe0,
    0x7d, 0xff, 0xff, 0xff, 0xff, 0xff, 0xff, 0xff, 0xff, 0xfb, 0x9f, 0xff, 0xff, 0xff, 0xff, 0xff, 0xff, 0xe0,
    0x6d, 0xff, 0xff, 0xff, 0xff, 0xff, 0xff, 0xff, 0xff, 0xfd, 0x9f, 0xff, 0xff, 0xff, 0xff, 0xff, 0xff, 0xe0,
    0x7d, 0xff, 0xff, 0xff, 0xff, 0xff, 0xff, 0xff, 0xff, 0xfe, 0x9f, 0xff, 0xff, 0xff, 0xff, 0xff, 0xff, 0xe0,
    0x3d, 0xff, 0xff, 0xff, 0xff, 0xff, 0xff, 0xff, 0xff, 0xff, 0x1f, 0xff, 0xff, 0xff, 0xff, 0xff, 0xff, 0xe0,
    0x7d, 0xff, 0xff, 0xff, 0xff, 0xff, 0xff, 0xff, 0xff, 0x80, 0x1f, 0xff, 0xff, 0xff, 0xff, 0xff, 0xff, 0xe0,
    0x6d, 0xff, 0xff, 0xff, 0xff, 0xe7, 0xff, 0xff, 0xff, 0x80, 0x1f, 0xff, 0xff, 0xff, 0xff, 0xff, 0xff, 0xe0,
    0x7d, 0xff, 0xff, 0xff, 0xff, 0xe7, 0xf9, 0x07, 0xff, 0xff, 0x9f, 0xff, 0xff, 0xff, 0xff, 0xff, 0xff, 0xe0,
    0x3d, 0xff, 0xff, 0xff, 0xff, 0xe7, 0xf9, 0x07, 0xff, 0xff, 0x9f, 0xff, 0xff, 0xff, 0xff, 0xff, 0xff, 0xe0,
    0x7d, 0xff, 0xff, 0xff, 0xe0, 0x07, 0xc0, 0x1f, 0xff, 0xff, 0x9f, 0xff, 0xff, 0xff, 0xff, 0xff, 0xff, 0xe0,
    0x6d, 0xff, 0xff, 0xff, 0xe0, 0x04, 0x00, 0x1f, 0xff, 0xff, 0x9f, 0xff, 0x9f, 0xff, 0xff, 0xff, 0xff, 0xe0,
    0x7d, 0xff, 0xff, 0xff, 0xff, 0xc4, 0x00, 0x1f, 0xff, 0xff, 0xff, 0xff, 0x9f, 0xff, 0xff, 0xff, 0xff, 0xe0,
    0x3d, 0xff, 0xff, 0xff, 0xff, 0xa4, 0x01, 0x07, 0xff, 0xff, 0xff, 0xff, 0x80, 0x00, 0x00, 0x00, 0x0f, 0xe0,
    0x7d, 0xff, 0xff, 0xff, 0xff, 0x67, 0x80, 0x3f, 0xff, 0xff, 0xff, 0xff, 0x80, 0x00, 0x00, 0x00, 0x0f, 0xe0,
    0x6d, 0xff, 0xff, 0xff, 0xfe, 0xe7, 0x80, 0x3f, 0xff, 0xff, 0xff, 0xff, 0x87, 0xff, 0xef, 0xff, 0xcf, 0xe0,
    0x7d, 0xff, 0xff, 0xff, 0xfd, 0xe4, 0x01, 0xff, 0xff, 0xff, 0xff, 0xff, 0x87, 0xff, 0xef, 0xff, 0xcf, 0xe0,
    0x3d, 0xff, 0xff, 0xff, 0xfb, 0xe4, 0x01, 0xff, 0xff, 0xff, 0xff, 0xff, 0x87, 0xff, 0xef, 0xff, 0xcf, 0xe0,
    0x7d, 0xff, 0xff, 0xff, 0xf7, 0xe4, 0x01, 0xff, 0xff, 0xff, 0xff, 0xff, 0x87, 0xff, 0xed, 0xff, 0xcf, 0xe0,
    0x6d, 0xff, 0xff, 0xff, 0xff, 0xe7, 0x81, 0xff, 0xff, 0xff, 0xff, 0xff, 0x87, 0xff, 0xef, 0xfb, 0xcf, 0xe0,
    0x7d, 0xff, 0xff, 0xff, 0xff, 0xe7, 0x81, 0xff, 0xff, 0xff, 0xff, 0xff, 0x87, 0xf7, 0xef, 0xff, 0xcf, 0xe0,
    0x3d, 0xff, 0xff, 0xff, 0xff, 0xe7, 0x81, 0xff, 0xff, 0xff, 0xff, 0xff, 0x87, 0xff, 0xef, 0xff, 0xcf, 0xe0,
    0x7d, 0xff, 0xff, 0xff, 0xff, 0xe7, 0x81, 0xff, 0xff, 0xff, 0xff, 0xff, 0x87, 0xff, 0xef, 0xff, 0xcf, 0xe0,
    0x6d, 0xff, 0xff, 0xff, 0xff, 0xe6, 0x01, 0xff, 0xff, 0xff, 0xff, 0xff, 0x87, 0xff, 0xef, 0xff, 0xcf, 0xe0,
    0x7d, 0xff, 0xff, 0xff, 0xff, 0xe6, 0x01, 0xff, 0xff, 0xff, 0xff, 0xff, 0x87, 0xff, 0xef, 0xff, 0xcf, 0xe0,
    0x3d, 0x87, 0xff, 0xff, 0xff, 0xe6, 0x01, 0xff, 0xff, 0xff, 0xff, 0xff, 0x80, 0x00, 0x00, 0x00, 0x0f, 0xe0,
    0x7d, 0x23, 0xff, 0xff, 0xff, 0xe4, 0x01, 0xff, 0xff, 0xff, 0xff, 0xff, 0x87, 0xff, 0xef, 0xff, 0xcf, 0xe0,
    0x6d, 0x93, 0xff, 0xff, 0xff, 0xe4, 0x01, 0xff, 0xff, 0xff, 0xff, 0xff, 0x87, 0xff, 0xef, 0xff, 0xcf, 0xe0,
    0x7d, 0x4b, 0xff, 0xff, 0xff, 0xe4, 0x01, 0xff, 0xff, 0xff, 0xff, 0xff, 0x87, 0xff, 0xef, 0xc7, 0xcf, 0xe0,
    0x3c, 0x25, 0xff, 0xff, 0xff, 0xe7, 0x81, 0xff, 0xff, 0xff, 0xff, 0xff, 0x87, 0xff, 0xef, 0x83, 0xcf, 0xe0,
    0x7d, 0x93, 0xff, 0xff, 0xf7, 0xe7, 0x81, 0xff, 0xff, 0xff, 0xff, 0xff, 0x87, 0xff, 0xef, 0x1d, 0xcf, 0xe0,
    0x6d, 0x4b, 0xff, 0xff, 0xfb, 0xe6, 0x01, 0xff, 0xff, 0xff, 0xff, 0xff, 0x87, 0xff, 0xef, 0x3f, 0xcf, 0xe0,
    0x7d, 0x23, 0xff, 0xff, 0xfd, 0xe4, 0x07, 0xff, 0xff, 0xff, 0xff, 0xff, 0x87, 0xff, 0xef, 0x3f, 0xcf, 0xe0,
    0x3d, 0x07, 0xff, 0xff, 0xfe, 0xe4, 0x07, 0xff, 0xff, 0xff, 0xff, 0xff, 0x87, 0xff, 0xef, 0xbf, 0xcf, 0xe0,
    0x7d, 0x7f, 0xff, 0xff, 0xff, 0x65, 0xf7, 0xff, 0xff, 0xff, 0xff, 0xff, 0x87, 0xff, 0xef, 0xff, 0xcf, 0xe0,
    0x6d, 0x7f, 0xff, 0xff, 0xff, 0xa7, 0xf7, 0xff, 0xff, 0xff, 0xff, 0xff, 0x87, 0xff, 0xef, 0xff, 0xcf, 0xe0,
    0x7c, 0x7f, 0xff, 0xff, 0xff, 0xc7, 0xf7, 0xff, 0xff, 0xff, 0xff, 0xff, 0x87, 0xff, 0xef, 0xff, 0xcf, 0xe0,
    0x3c, 0xff, 0xff, 0xff, 0xe0, 0x07, 0xcf, 0xff, 0xff, 0xff, 0xff, 0xff, 0x80, 0x00, 0x00, 0x00, 0x0f, 0xe0,
    0x7c, 0xff, 0xff, 0xff, 0xe0, 0x07, 0xff, 0xff, 0xff, 0xff, 0xff, 0xff, 0x80, 0x00, 0x00, 0x00, 0x0f, 0xe0,
    0x6c, 0xff, 0xff, 0xff, 0xff, 0xe7, 0xff, 0xff, 0xff, 0xff, 0xff, 0xff, 0x9f, 0xff, 0xff, 0xff, 0xff, 0xe0,
    0x7d, 0xff, 0xff, 0xff, 0xff, 0xe7, 0xff, 0xff, 0xff, 0xff, 0xff, 0xff, 0x9f, 0xff, 0xff, 0xff, 0xff, 0xe0,
    0x3d, 0xff, 0xff, 0xff, 0xff, 0xff, 0xff, 0xff, 0xff, 0xff, 0xff, 0xff, 0xff, 0xff, 0xff, 0xff, 0xff, 0xe0,
    0x00, 0x00, 0x00, 0x00, 0x00, 0x00, 0x00, 0x00, 0x00, 0x00, 0x00, 0x00, 0x00, 0x00, 0x00, 0x00, 0x00, 0x00,
};

static const lv_img_dsc_t cat22 = {
    .header.cf = LV_IMG_CF_INDEXED_1BIT,
    .header.always_zero = 0,
    .header.reserved = 0,
    .header.w = 140,
    .header.h = 68,
    .data_size = 1232,
    .data = cat22_map,
};

static const LV_ATTRIBUTE_MEM_ALIGN LV_ATTRIBUTE_LARGE_CONST uint8_t cat23_map[] = {
#if CONFIG_NICE_VIEW_WIDGET_INVERTED
    0xff, 0xff, 0xff, 0xff, /*Color of index 0*/
    0x00, 0x00, 0x00, 0xff, /*Color of index 1*/
#else
    0x00, 0x00, 0x00, 0xff, /*Color of index 0*/
    0xff, 0xff, 0xff, 0xff, /*Color of index 1*/
#endif
    0x00, 0x00, 0x00, 0x00, 0x00, 0x00, 0x00, 0x00, 0x00, 0x00, 0x00, 0x00, 0x00, 0x00, 0x00, 0x00, 0x00, 0x00,
    0x7d, 0xff, 0xff, 0xff, 0xff, 0xff, 0xff, 0xff, 0xff, 0xff, 0xff, 0xff, 0xff, 0xff, 0xff, 0xff, 0xff, 0xe0,
    0x3d, 0xff, 0xff, 0xff, 0xff, 0xff, 0xff, 0xff, 0xff, 0xff, 0x9f, 0xff, 0xff, 0xff, 0xff, 0xff, 0xff, 0xe0,
    0x7d, 0xff, 0xff, 0xff, 0xff, 0xff, 0xff, 0xff, 0xff, 0xff, 0x9f, 0xff, 0xff, 0xff, 0xff, 0xff, 0xff, 0xe0,
    0x6d, 0xff, 0xff, 0xff, 0xff, 0xff, 0xff, 0xff, 0xff, 0x80, 0x00, 0x79, 0xff, 0xff, 0xff, 0xff, 0xff, 0xe0,
    0x7d, 0xff, 0xff, 0xff, 0xff, 0xff, 0xff, 0xff, 0xff, 0x80, 0x0f, 0x43, 0xff, 0xff, 0xff, 0xff, 0xff, 0xe0,
    0x3d, 0xff, 0xff, 0xff, 0xff, 0xff, 0xff, 0xff, 0xff, 0xff, 0x0f, 0x00, 0xff, 0xff, 0xff, 0xff, 0xff, 0xe0,
    0x7d, 0xff, 0xff, 0xff, 0xff, 0xff, 0xff, 0xff, 0xff, 0xfe, 0x8f, 0x00, 0xff, 0xff, 0xff, 0xff, 0xff, 0xe0,
    0x6d, 0xff, 0xff, 0xff, 0xff, 0xff, 0xff, 0xff, 0xff, 0xfd, 0x8f, 0x47, 0xff, 0xff, 0xff, 0xff, 0xff, 0xe0,
    0x7d, 0xff, 0xff, 0xff, 0xff, 0xff, 0xff, 0xff, 0xff, 0xfb, 0x80, 0x73, 0xff, 0xff, 0xff, 0xff, 0xff, 0xe0,
    0x3d, 0xff, 0xff, 0xff, 0xff, 0xff, 0xff, 0xff, 0xff, 0xf7, 0x9f, 0xff, 0xff, 0xff, 0xff, 0xff, 0xff, 0xe0,
    0x7d, 0xff, 0xff, 0xff, 0xff, 0xff, 0xff, 0xff, 0xff, 0xef, 0x9f, 0xff, 0xff, 0xff, 0xff, 0xff, 0xff, 0xe0,
    0x6d, 0xff, 0xff, 0xff, 0xff, 0xff, 0xff, 0xff, 0xff, 0xdf, 0x9f, 0xff, 0xff, 0xff, 0xff, 0xff, 0xff, 0xe0,
    0x7d, 0xff, 0xff, 0xff, 0xff, 0xff, 0xff, 0xff, 0xff, 0xff, 0x9f, 0xff, 0xff, 0xff, 0xff, 0xff, 0xff, 0xe0,
    0x3d, 0xff, 0xff, 0xff, 0xff, 0xff, 0xff, 0xff, 0xff, 0xff, 0x9f, 0xff, 0xff, 0xff, 0xff, 0xff, 0xff, 0xe0,
    0x7d, 0xff, 0xff, 0xff, 0xff, 0xff, 0xff, 0xff, 0xff, 0xff, 0x9f, 0xff, 0xff, 0xff, 0xff, 0xff, 0xff, 0xe0,
    0x6d, 0xff, 0xff, 0xff, 0xff, 0xff, 0xff, 0xff, 0xff, 0xff, 0x9f, 0xff, 0xff, 0xff, 0xff, 0xff, 0xff, 0xe0,
    0x7d, 0xff, 0xff, 0xff, 0xff, 0xff, 0xff, 0xff, 0xff, 0xff, 0x9f, 0xff, 0xff, 0xff, 0xff, 0xff, 0xff, 0xe0,
    0x3d, 0xff, 0xff, 0xff, 0xff, 0xff, 0xff, 0xff, 0xff, 0xff, 0x9f, 0xff, 0xff, 0xff, 0xff, 0xff, 0xff, 0xe0,
    0x7d, 0xff, 0xff, 0xff, 0xff, 0xff, 0xff, 0xff, 0xff, 0xff, 0x9f, 0xff, 0xff, 0xff, 0xff, 0xff, 0xff, 0xe0,
    0x6d, 0xff, 0xff, 0xff, 0xff, 0xff, 0xff, 0xff, 0xff, 0xff, 0x9f, 0xff, 0xff, 0xff, 0xff, 0xff, 0xff, 0xe0,
    0x7d, 0xff, 0xff, 0xff, 0xff, 0xff, 0xff, 0xff, 0xff, 0xff, 0x9f, 0xff, 0xff, 0xff, 0xff, 0xff, 0xff, 0xe0,
    0x3d, 0xff, 0xff, 0xff, 0xff, 0xff, 0xff, 0xff, 0xff, 0xff, 0x9f, 0xff, 0xff, 0xff, 0xff, 0xff, 0xff, 0xe0,
    0x7d, 0xff, 0xff, 0xff, 0xff, 0xff, 0xff, 0xff, 0xff, 0xff, 0x9f, 0xff, 0xff, 0xff, 0xff, 0xff, 0xff, 0xe0,
    0x6d, 0xff, 0xff, 0xff, 0xff, 0xff, 0xff, 0xff, 0xff, 0xdf, 0x9f, 0xff, 0xff, 0xff, 0xff, 0xff, 0xff, 0xe0,
    0x7d, 0xff, 0xff, 0xff, 0xff, 0xff, 0xff, 0xff, 0xff, 0xef, 0x9f, 0xff, 0xff, 0xff, 0xff, 0xff, 0xff, 0xe0,
    0x3d, 0xff, 0xff, 0xff, 0xff, 0xff, 0xff, 0xff, 0xff, 0xf7, 0x9f, 0xff, 0xff, 0xff, 0xff, 0xff, 0xff, 0xe0,
    0x7d, 0xff, 0xff, 0xff, 0xff, 0xff, 0xff, 0xff, 0xff, 0xfb, 0x9f, 0xff, 0xff, 0xff, 0xff, 0xff, 0xff, 0xe0,
    0x6d, 0xff, 0xff, 0xff, 0xff, 0xff, 0xff, 0xff, 0xff, 0xfd, 0x9f, 0xff, 0xff, 0xff, 0xff, 0xff, 0xff, 0xe0,
    0x7d, 0xff, 0xff, 0xff, 0xff, 0xff, 0xff, 0xff, 0xff, 0xfe, 0x9f, 0xff, 0xff, 0xff, 0xff, 0xff, 0xff, 0xe0,
    0x3d, 0xff, 0xff, 0xff, 0xff, 0xff, 0xff, 0xff, 0xff, 0xff, 0x1f, 0xff, 0xff, 0xff, 0xff, 0xff, 0xff, 0xe0,
    0x7d, 0xff, 0xff, 0xff, 0xff, 0xff, 0xff, 0xff, 0xff, 0x80, 0x1f, 0xff, 0xff, 0xff, 0xff, 0xff, 0xff, 0xe0,
    0x6d, 0xff, 0xff, 0xff, 0xff, 0xe7, 0xff, 0xff, 0xff, 0x80, 0x1f, 0xff, 0xff, 0xff, 0xff, 0xff, 0xff, 0xe0,
    0x7d, 0xff, 0xff, 0xff, 0xff, 0xe7, 0xff, 0xfe, 0x7f, 0xff, 0x9f, 0xff, 0xff, 0xff, 0xff, 0xff, 0xff, 0xe0,
    0x3d, 0xff, 0xff, 0xff, 0xff, 0xe7, 0xff, 0xfe, 0xfe, 0x7f, 0x9f, 0xff, 0xff, 0xff, 0xff, 0xff, 0xff, 0xe0,
    0x7d, 0xff, 0xff, 0xff, 0xe0, 0x07, 0xff, 0xfc, 0x20, 0x3f, 0x9f, 0xff, 0xff, 0xff, 0xff, 0xff, 0xff, 0xe0,
    0x6d, 0xff, 0xff, 0xff, 0xe0, 0x07, 0xff, 0xfe, 0x62, 0x27, 0x9f, 0xff, 0x9f, 0xff, 0xff, 0xff, 0xff, 0xe0,
    0x7d, 0xff, 0xff, 0xff, 0xff, 0xc7, 0xff, 0xfe, 0x02, 0x1f, 0xff, 0xff, 0x9f, 0xff, 0xff, 0xff, 0xff, 0xe0,
    0x3d, 0xff, 0xff, 0xff, 0xff, 0xa7, 0xff, 0xff, 0x00, 0x3f, 0xff, 0xff, 0x80, 0x00, 0x00, 0x00, 0x0f, 0xe0,
    0x7d, 0xff, 0xff, 0xff, 0xff, 0x67, 0xff, 0xfe, 0x00, 0x3f, 0xff, 0xff, 0x80, 0x00, 0x00, 0x00, 0x0f, 0xe0,
    0x6d, 0xff, 0xff, 0xff, 0xfe, 0xe7, 0xff, 0xfe, 0x00, 0x1f, 0xff, 0xff, 0x87, 0xff, 0xef, 0xff, 0xcf, 0xe0,
    0x7d, 0xff, 0xff, 0xff, 0xfd, 0xe7, 0xff, 0xfc, 0x04, 0x3f, 0xff, 0xff, 0x87, 0xff, 0xef, 0xff, 0xcf, 0xe0,
    0x3d, 0xff, 0xff, 0xff, 0xfb, 0xe7, 0xff, 0xfe, 0x07, 0xff, 0xff, 0xff, 0x87, 0xff, 0xef, 0xff, 0xcf, 0xe0,
    0x7d, 0xff, 0xff, 0xff, 0xf7, 0xe7, 0xff, 0xfe, 0x0f, 0xff, 0xff, 0xff, 0x87, 0xff, 0xed, 0xff, 0xcf, 0xe0,
    0x6d, 0xff, 0xff, 0xff, 0xff, 0xe7, 0xff, 0xfc, 0x0f, 0xff, 0xff, 0xff, 0x87, 0xff, 0xef, 0xfb, 0xcf, 0xe0,
    0x7d, 0xff, 0xff, 0xff, 0xff, 0xe7, 0xff, 0xfc, 0x1f, 0xff, 0xff, 0xff, 0x87, 0xf7, 0xef, 0xff, 0xcf, 0xe0,
    0x3d, 0xff, 0xff, 0xff, 0xff, 0xe7, 0xff, 0xf8, 0x3f, 0xff, 0xff, 0xff, 0x87, 0xff, 0xef, 0xff, 0xcf, 0xe0,
    0x7d, 0xff, 0xff, 0xff, 0xff, 0xe7, 0xff, 0xf8, 0x3f, 0xff, 0xff, 0xff, 0x87, 0xff, 0xef, 0xff, 0xcf, 0xe0,
    0x6d, 0xff, 0xff, 0xff, 0xff, 0xe7, 0xff, 0xf0, 0x7f, 0xff, 0xff, 0xff, 0x87, 0xff, 0xef, 0xff, 0xcf, 0xe0,
    0x7d, 0xff, 0xff, 0xff, 0xff, 0xe7, 0xff, 0xf0, 0x7f, 0xff, 0xff, 0xff, 0x87, 0xff, 0xef, 0xff, 0xcf, 0xe0,
    0x3d, 0x87, 0xff, 0xff, 0xff, 0xe7, 0xff, 0xe0, 0xff, 0xff, 0xff, 0xff, 0x80, 0x00, 0x00, 0x00, 0x0f, 0xe0,
    0x7d, 0x23, 0xff, 0xff, 0xff, 0xe7, 0xff, 0xe0, 0xff, 0xff, 0xff, 0xff, 0x87, 0xff, 0xef, 0xff, 0xcf, 0xe0,
    0x6d, 0x93, 0xff, 0xff, 0xff, 0xe7, 0xff, 0xc1, 0xff, 0xff, 0xff, 0xff, 0x87, 0xff, 0xef, 0xff, 0xcf, 0xe0,
    0x7d, 0x4b, 0xff, 0xff, 0xff, 0xe7, 0xff, 0x81, 0xff, 0xff, 0xff, 0xff, 0x87, 0xff, 0xef, 0xc7, 0xcf, 0xe0,
    0x3c, 0x25, 0xff, 0xff, 0xff, 0xe7, 0xfe, 0x03, 0xff, 0xff, 0xff, 0xff, 0x87, 0xff, 0xef, 0x83, 0xcf, 0xe0,
    0x7d, 0x93, 0xff, 0xff, 0xf7, 0xe7, 0xfe, 0x03, 0xff, 0xff, 0xff, 0xff, 0x87, 0xff, 0xef, 0x1d, 0xcf, 0xe0,
    0x6d, 0x4b, 0xff, 0xff, 0xfb, 0xe7, 0xfc, 0x07, 0xff, 0xff, 0xff, 0xff, 0x87, 0xff, 0xef, 0x3f, 0xcf, 0xe0,
    0x7d, 0x23, 0xff, 0xff, 0xfd, 0xe7, 0xf4, 0x0f, 0xff, 0xff, 0xff, 0xff, 0x87, 0xff, 0xef, 0x3f, 0xcf, 0xe0,
    0x3d, 0x07, 0xff, 0xff, 0xfe, 0xe7, 0xc0, 0x0f, 0xff, 0xff, 0xff, 0xff, 0x87, 0xff, 0xef, 0xbf, 0xcf, 0xe0,
    0x7d, 0x7f, 0xff, 0xff, 0xff, 0x67, 0x8b, 0x1f, 0xff, 0xff, 0xff, 0xff, 0x87, 0xff, 0xef, 0xff, 0xcf, 0xe0,
    0x6d, 0x7f, 0xff, 0xff, 0xff, 0xa7, 0xbe, 0x1f, 0xff, 0xff, 0xff, 0xff, 0x87, 0xff, 0xef, 0xff, 0xcf, 0xe0,
    0x7c, 0x7f, 0xff, 0xff, 0xff, 0xc7, 0xff, 0xbf, 0xff, 0xff, 0xff, 0xff, 0x87, 0xff, 0xef, 0xff, 0xcf, 0xe0,
    0x3c, 0xff, 0xff, 0xff, 0xe0, 0x07, 0xfc, 0x3f, 0xff, 0xff, 0xff, 0xff, 0x80, 0x00, 0x00, 0x00, 0x0f, 0xe0,
    0x7c, 0xff, 0xff, 0xff, 0xe0, 0x07, 0xf1, 0xff, 0xff, 0xff, 0xff, 0xff, 0x80, 0x00, 0x00, 0x00, 0x0f, 0xe0,
    0x6c, 0xff, 0xff, 0xff, 0xff, 0xe7, 0xf9, 0xff, 0xff, 0xff, 0xff, 0xff, 0x9f, 0xff, 0xff, 0xff, 0xff, 0xe0,
    0x7d, 0xff, 0xff, 0xff, 0xff, 0xe7, 0xff, 0xff, 0xff, 0xff, 0xff, 0xff, 0x9f, 0xff, 0xff, 0xff, 0xff, 0xe0,
    0x3d, 0xff, 0xff, 0xff, 0xff, 0xff, 0xff, 0xff, 0xff, 0xff, 0xff, 0xff, 0xff, 0xff, 0xff, 0xff, 0xff, 0xe0,
    0x00, 0x00, 0x00, 0x00, 0x00, 0x00, 0x00, 0x00, 0x00, 0x00, 0x00, 0x00, 0x00, 0x00, 0x00, 0x00, 0x00, 0x00,
};

static const lv_img_dsc_t cat23 = {
    .header.cf = LV_IMG_CF_INDEXED_1BIT,
    .header.always_zero = 0,
    .header.reserved = 0,
    .header.w = 140,
    .header.h = 68,
    .data_size = 1232,
    .data = cat23_map,
};

static const LV_ATTRIBUTE_MEM_ALIGN LV_ATTRIBUTE_LARGE_CONST uint8_t cat24_map[] = {
#if CONFIG_NICE_VIEW_WIDGET_INVERTED
    0xff, 0xff, 0xff, 0xff, /*Color of index 0*/
    0x00, 0x00, 0x00, 0xff, /*Color of index 1*/
#else
    0x00, 0x00, 0x00, 0xff, /*Color of index 0*/
    0xff, 0xff, 0xff, 0xff, /*Color of index 1*/
#endif
    0x00, 0x00, 0x00, 0x00, 0x00, 0x00, 0x00, 0x00, 0x00, 0x00, 0x00, 0x00, 0x00, 0x00, 0x00, 0x00, 0x00, 0x00,
    0x7d, 0xff, 0xff, 0xff, 0xff, 0xff, 0xff, 0xff, 0xff, 0xff, 0xff, 0xff, 0xff, 0xff, 0xff, 0xff, 0xff, 0xe0,
    0x3d, 0xff, 0xff, 0xff, 0xff, 0xff, 0xff, 0xff, 0xff, 0xff, 0x9f, 0xff, 0xff, 0xff, 0xff, 0xff, 0xff, 0xe0,
    0x7d, 0xff, 0xff, 0xff, 0xff, 0xff, 0xff, 0xff, 0xff, 0xff, 0x9f, 0xff, 0xff, 0xff, 0xff, 0xff, 0xff, 0xe0,
    0x6d, 0xff, 0xff, 0xff, 0xff, 0xff, 0xff, 0xff, 0xff, 0x80, 0x00, 0x79, 0xff, 0xff, 0xff, 0xff, 0xff, 0xe0,
    0x7d, 0xff, 0xff, 0xff, 0xff, 0xff, 0xff, 0xff, 0xff, 0x80, 0x0f, 0x43, 0xff, 0xff, 0xff, 0xff, 0xff, 0xe0,
    0x3d, 0xff, 0xff, 0xff, 0xff, 0xff, 0xff, 0xff, 0xff, 0xff, 0x0f, 0x00, 0xff, 0xff, 0xff, 0xff, 0xff, 0xe0,
    0x7d, 0xff, 0xff, 0xff, 0xff, 0xff, 0xff, 0xff, 0xff, 0xfe, 0x8f, 0x00, 0xff, 0xff, 0xff, 0xff, 0xff, 0xe0,
    0x6d, 0xff, 0xff, 0xff, 0xff, 0xff, 0xff, 0xff, 0xff, 0xfd, 0x8f, 0x47, 0xff, 0xff, 0xff, 0xff, 0xff, 0xe0,
    0x7d, 0xff, 0xff, 0xff, 0xff, 0xff, 0xff, 0xff, 0xff, 0xfb, 0x80, 0x73, 0xff, 0xff, 0xff, 0xff, 0xff, 0xe0,
    0x3d, 0xff, 0xff, 0xff, 0xff, 0xff, 0xff, 0xff, 0xff, 0xf7, 0x9f, 0xff, 0xff, 0xff, 0xff, 0xff, 0xff, 0xe0,
    0x7d, 0xff, 0xff, 0xff, 0xff, 0xff, 0xff, 0xff, 0xff, 0xef, 0x9f, 0xff, 0xff, 0xff, 0xff, 0xff, 0xff, 0xe0,
    0x6d, 0xff, 0xff, 0xff, 0xff, 0xff, 0xff, 0xff, 0xff, 0xdf, 0x9f, 0xff, 0xff, 0xff, 0xff, 0xff, 0xff, 0xe0,
    0x7d, 0xff, 0xff, 0xff, 0xff, 0xff, 0xff, 0xff, 0xff, 0xff, 0x9f, 0xff, 0xff, 0xff, 0xff, 0xff, 0xff, 0xe0,
    0x3d, 0xff, 0xff, 0xff, 0xff, 0xff, 0xff, 0xff, 0xff, 0xff, 0x9f, 0xff, 0xff, 0xff, 0xff, 0xff, 0xff, 0xe0,
    0x7d, 0xff, 0xff, 0xff, 0xff, 0xff, 0xff, 0xff, 0xff, 0xff, 0x9f, 0xff, 0xff, 0xff, 0xff, 0xff, 0xff, 0xe0,
    0x6d, 0xff, 0xff, 0xff, 0xff, 0xff, 0xff, 0xff, 0xff, 0xff, 0x9f, 0xff, 0xff, 0xff, 0xff, 0xff, 0xff, 0xe0,
    0x7d, 0xff, 0xff, 0xff, 0xff, 0xff, 0xff, 0xff, 0xff, 0xff, 0x9f, 0xff, 0xff, 0xff, 0xff, 0xff, 0xff, 0xe0,
    0x3d, 0xff, 0xff, 0xff, 0xff, 0xff, 0xff, 0xff, 0xff, 0xff, 0x9f, 0xff, 0xff, 0xff, 0xff, 0xff, 0xff, 0xe0,
    0x7d, 0xff, 0xff, 0xff, 0xff, 0xff, 0xff, 0xff, 0xff, 0xff, 0x9f, 0xff, 0xff, 0xff, 0xff, 0xff, 0xff, 0xe0,
    0x6d, 0xff, 0xff, 0xff, 0xff, 0xff, 0xff, 0xff, 0xff, 0xff, 0x9f, 0xff, 0xff, 0xff, 0xff, 0xff, 0xff, 0xe0,
    0x7d, 0xff, 0xff, 0xff, 0xff, 0xff, 0xff, 0xff, 0xff, 0xff, 0x9f, 0xff, 0xff, 0xff, 0xff, 0xff, 0xff, 0xe0,
    0x3d, 0xff, 0xff, 0xff, 0xff, 0xff, 0xff, 0xff, 0xff, 0xff, 0x9f, 0xff, 0xff, 0xff, 0xff, 0xff, 0xff, 0xe0,
    0x7d, 0xff, 0xff, 0xff, 0xff, 0xff, 0xff, 0xff, 0xff, 0xff, 0x9f, 0xff, 0xff, 0xff, 0xff, 0xff, 0xff, 0xe0,
    0x6d, 0xff, 0xff, 0xff, 0xff, 0xff, 0xff, 0xff, 0xff, 0xdf, 0x9f, 0xff, 0xff, 0xff, 0xff, 0xff, 0xff, 0xe0,
    0x7d, 0xff, 0xff, 0xff, 0xff, 0xff, 0xff, 0xff, 0xff, 0xef, 0x9f, 0xff, 0xff, 0xff, 0xff, 0xff, 0xff, 0xe0,
    0x3d, 0xff, 0xff, 0xff, 0xff, 0xff, 0xff, 0xff, 0xff, 0xf7, 0x9f, 0xff, 0xff, 0xff, 0xff, 0xff, 0xff, 0xe0,
    0x7d, 0xff, 0xff, 0xff, 0xff, 0xff, 0xff, 0xff, 0xff, 0xfb, 0xdf, 0xff, 0xff, 0xff, 0xff, 0xff, 0xff, 0xe0,
    0x6d, 0xff, 0xff, 0xff, 0xff, 0xff, 0xff, 0xff, 0xff, 0xfd, 0x3f, 0xff, 0xff, 0xff, 0xff, 0xff, 0xff, 0xe0,
    0x7d, 0xff, 0xff, 0xff, 0xff, 0xff, 0xff, 0xff, 0xff, 0xff, 0x3e, 0x1f, 0xff, 0xff, 0xff, 0xff, 0xff, 0xe0,
    0x3d, 0xff, 0xff, 0xff, 0xff, 0xff, 0xff, 0xff, 0xff, 0xff, 0x10, 0x1f, 0xff, 0xff, 0xff, 0xff, 0xff, 0xe0,
    0x7d, 0xff, 0xff, 0xff, 0xff, 0xff, 0xff, 0xff, 0xff, 0x81, 0x31, 0x13, 0xff, 0xff, 0xff, 0xff, 0xff, 0xe0,
    0x6d, 0xff, 0xff, 0xff, 0xff, 0xe7, 0xff, 0xff, 0xff, 0x80, 0x81, 0x0b, 0xff, 0xff, 0xff, 0xff, 0xff, 0xe0,
    0x7d, 0xff, 0xff, 0xff, 0xff, 0xe7, 0xff, 0xff, 0xff, 0xff, 0x80, 0x1f, 0xff, 0xff, 0xff, 0xff, 0xff, 0xe0,
    0x3d, 0xff, 0xff, 0xff, 0xff, 0xe7, 0xff, 0xff, 0xff, 0xff, 0x80, 0x1f, 0xff, 0xff, 0xff, 0xff, 0xff, 0xe0,
    0x7d, 0xff, 0xff, 0xff, 0xe0, 0x07, 0xff, 0xff, 0xff, 0xff, 0x00, 0x0f, 0xff, 0xff, 0xff, 0xff, 0xff, 0xe0,
    0x6d, 0xff, 0xff, 0xff, 0xe0, 0x07, 0xff, 0xff, 0xff, 0xfe, 0x03, 0x3f, 0x9f, 0xff, 0xff, 0xff, 0xff, 0xe0,
    0x7d, 0xff, 0xff, 0xff, 0xff, 0xc7, 0xff, 0xff, 0xff, 0xff, 0x03, 0xff, 0x9f, 0xff, 0xff, 0xff, 0xff, 0xe0,
    0x3d, 0xff, 0xff, 0xff, 0xff, 0xa7, 0xff, 0xff, 0xff, 0xff, 0x07, 0xff, 0x80, 0x00, 0x00, 0x00, 0x0f, 0xe0,
    0x7d, 0xff, 0xff, 0xff, 0xff, 0x67, 0xff, 0xff, 0xff, 0xfe, 0x07, 0xff, 0x80, 0x00, 0x00, 0x00, 0x0f, 0xe0,
    0x6d, 0xff, 0xff, 0xff, 0xfe, 0xe7, 0xff, 0xff, 0xff, 0xfe, 0x0f, 0xff, 0x87, 0xff, 0xef, 0xff, 0xcf, 0xe0,
    0x7d, 0xff, 0xff, 0xff, 0xfd, 0xe7, 0xff, 0xff, 0xff, 0xfc, 0x0f, 0xff, 0x87, 0xff, 0xef, 0xff, 0xcf, 0xe0,
    0x3d, 0xff, 0xff, 0xff, 0xfb, 0xe7, 0xff, 0xff, 0xff, 0xfc, 0x1f, 0xff, 0x87, 0xff, 0xef, 0xff, 0xcf, 0xe0,
    0x7d, 0xff, 0xff, 0xff, 0xf7, 0xe7, 0xff, 0xff, 0xff, 0xf8, 0x3f, 0xff, 0x87, 0xff, 0xed, 0xff, 0xcf, 0xe0,
    0x6d, 0xff, 0xff, 0xff, 0xff, 0xe7, 0xff, 0xff, 0xff, 0xf8, 0x3f, 0xff, 0x87, 0xff, 0xef, 0xfb, 0xcf, 0xe0,
    0x7d, 0xff, 0xff, 0xff, 0xff, 0xe7, 0xff, 0xff, 0xff, 0xf0, 0x7f, 0xff, 0x87, 0xf7, 0xef, 0xff, 0xcf, 0xe0,
    0x3d, 0xff, 0xff, 0xff, 0xff, 0xe7, 0xff, 0xff, 0xff, 0xf0, 0x7f, 0xff, 0x87, 0xff, 0xef, 0xff, 0xcf, 0xe0,
    0x7d, 0xff, 0xff, 0xff, 0xff, 0xe7, 0xff, 0xff, 0xff, 0xe0, 0xff, 0xff, 0x87, 0xff, 0xef, 0xff, 0xcf, 0xe0,
    0x6d, 0xff, 0xff, 0xff, 0xff, 0xe7, 0xff, 0xff, 0xff, 0xe0, 0xff, 0xff, 0x87, 0xff, 0xef, 0xff, 0xcf, 0xe0,
    0x7d, 0xff, 0xff, 0xff, 0xff, 0xe7, 0xff, 0xff, 0xff, 0x01, 0xff, 0xff, 0x87, 0xff, 0xef, 0xff, 0xcf, 0xe0,
    0x3d, 0x87, 0xff, 0xff, 0xff, 0xe7, 0xff, 0xff, 0xff, 0x01, 0xff, 0xff, 0x80, 0x00, 0x00, 0x00, 0x0f, 0xe0,
    0x7d, 0x23, 0xff, 0xff, 0xff, 0xe7, 0xff, 0xff, 0xfe, 0x03, 0xff, 0xff, 0x87, 0xff, 0xef, 0xff, 0xcf, 0xe0,
    0x6d, 0x93, 0xff, 0xff, 0xff, 0xe7, 0xff, 0xff, 0xfa, 0x03, 0xff, 0xff, 0x87, 0xff, 0xef, 0xff, 0xcf, 0xe0,
    0x7d, 0x4b, 0xff, 0xff, 0xff, 0xe7, 0xff, 0xff, 0xe0, 0x07, 0xff, 0xff, 0x87, 0xff, 0xef, 0xc7, 0xcf, 0xe0,
    0x3c, 0x25, 0xff, 0xff, 0xff, 0xe7, 0xff, 0xff, 0xc3, 0x8f, 0xff, 0xff, 0x87, 0xff, 0xef, 0x83, 0xcf, 0xe0,
    0x7d, 0x93, 0xff, 0xff, 0xf7, 0xe7, 0xff, 0xff, 0xdf, 0x8f, 0xff, 0xff, 0x87, 0xff, 0xef, 0x1d, 0xcf, 0xe0,
    0x6d, 0x4b, 0xff, 0xff, 0xfb, 0xe7, 0xff, 0xff, 0xff, 0xdf, 0xff, 0xff, 0x87, 0xff, 0xef, 0x3f, 0xcf, 0xe0,
    0x7d, 0x23, 0xff, 0xff, 0xfd, 0xe7, 0xff, 0xff, 0xfe, 0x1f, 0xff, 0xff, 0x87, 0xff, 0xef, 0x3f, 0xcf, 0xe0,
    0x3d, 0x07, 0xff, 0xff, 0xfe, 0xe7, 0xff, 0xff, 0xf8, 0x7f, 0xff, 0xff, 0x87, 0xff, 0xef, 0xbf, 0xcf, 0xe0,
    0x7d, 0x7f, 0xff, 0xff, 0xff, 0x67, 0xff, 0xff, 0xfe, 0xff, 0xff, 0xff, 0x87, 0xff, 0xef, 0xff, 0xcf, 0xe0,
    0x6d, 0x7f, 0xff, 0xff, 0xff, 0xa7, 0xff, 0xff, 0xff, 0xff, 0xff, 0xff, 0x87, 0xff, 0xef, 0xff, 0xcf, 0xe0,
    0x7c, 0x7f, 0xff, 0xff, 0xff, 0xc7, 0xff, 0xff, 0xff, 0xff, 0xff, 0xff, 0x87, 0xff, 0xef, 0xff, 0xcf, 0xe0,
    0x3c, 0xff, 0xff, 0xff, 0xe0, 0x07, 0xff, 0xff, 0xff, 0xff, 0xff, 0xff, 0x80, 0x00, 0x00, 0x00, 0x0f, 0xe0,
    0x7c, 0xff, 0xff, 0xff, 0xe0, 0x07, 0xff, 0xff, 0xff, 0xff, 0xff, 0xff, 0x80, 0x00, 0x00, 0x00, 0x0f, 0xe0,
    0x6c, 0xff, 0xff, 0xff, 0xff, 0xe7, 0xff, 0xff, 0xff, 0xff, 0xff, 0xff, 0x9f, 0xff, 0xff, 0xff, 0xff, 0xe0,
    0x7d, 0xff, 0xff, 0xff, 0xff, 0xe7, 0xff, 0xff, 0xff, 0xff, 0xff, 0xff, 0x9f, 0xff, 0xff, 0xff, 0xff, 0xe0,
    0x3d, 0xff, 0xff, 0xff, 0xff, 0xff, 0xff, 0xff, 0xff, 0xff, 0xff, 0xff, 0xff, 0xff, 0xff, 0xff, 0xff, 0xe0,
    0x00, 0x00, 0x00, 0x00, 0x00, 0x00, 0x00, 0x00, 0x00, 0x00, 0x00, 0x00, 0x00, 0x00, 0x00, 0x00, 0x00, 0x00,
};

static const lv_img_dsc_t cat24 = {
    .header.cf = LV_IMG_CF_INDEXED_1BIT,
    .header.always_zero = 0,
    .header.reserved = 0,
    .header.w = 140,
    .header.h = 68,
    .data_size = 1232,
    .data = cat24_map,
};

static const LV_ATTRIBUTE_MEM_ALIGN LV_ATTRIBUTE_LARGE_CONST uint8_t cat25_map[] = {
#if CONFIG_NICE_VIEW_WIDGET_INVERTED
    0xff, 0xff, 0xff, 0xff, /*Color of index 0*/
    0x00, 0x00, 0x00, 0xff, /*Color of index 1*/
#else
    0x00, 0x00, 0x00, 0xff, /*Color of index 0*/
    0xff, 0xff, 0xff, 0xff, /*Color of index 1*/
#endif
    0x00, 0x00, 0x00, 0x00, 0x00, 0x00, 0x00, 0x00, 0x00, 0x00, 0x00, 0x00, 0x00, 0x00, 0x00, 0x00, 0x00, 0x00,
    0x7d, 0xff, 0xff, 0xff, 0xff, 0xff, 0xff, 0xff, 0xff, 0xff, 0xff, 0xff, 0xff, 0xff, 0xff, 0xff, 0xff, 0xe0,
    0x3d, 0xff, 0xff, 0xff, 0xff, 0xff, 0xff, 0xff, 0xff, 0xff, 0x9f, 0xff, 0xff, 0xff, 0xff, 0xff, 0xff, 0xe0,
    0x7d, 0xff, 0xff, 0xff, 0xff, 0xff, 0xff, 0xff, 0xff, 0xff, 0x9f, 0xff, 0xff, 0xff, 0xff, 0xff, 0xff, 0xe0,
    0x6d, 0xff, 0xff, 0xff, 0xff, 0xff, 0xff, 0xff, 0xff, 0x80, 0x00, 0x79, 0xff, 0xff, 0xff, 0xff, 0xff, 0xe0,
    0x7d, 0xff, 0xff, 0xff, 0xff, 0xff, 0xff, 0xff, 0xff, 0x80, 0x0f, 0x43, 0xff, 0xff, 0xff, 0xff, 0xff, 0xe0,
    0x3d, 0xff, 0xff, 0xff, 0xff, 0xff, 0xff, 0xff, 0xff, 0xff, 0x0f, 0x00, 0xff, 0xff, 0xff, 0xff, 0xff, 0xe0,
    0x7d, 0xff, 0xff, 0xff, 0xff, 0xff, 0xff, 0xff, 0xff, 0xfe, 0x8f, 0x00, 0xff, 0xff, 0xff, 0xff, 0xff, 0xe0,
    0x6d, 0xff, 0xff, 0xff, 0xff, 0xff, 0xff, 0xff, 0xff, 0xfd, 0x8f, 0x47, 0xff, 0xff, 0xff, 0xff, 0xff, 0xe0,
    0x7d, 0xff, 0xff, 0xff, 0xff, 0xff, 0xff, 0xff, 0xff, 0xfb, 0x80, 0x73, 0xff, 0xff, 0xff, 0xff, 0xff, 0xe0,
    0x3d, 0xff, 0xff, 0xff, 0xff, 0xff, 0xff, 0xff, 0xff, 0xf7, 0x9f, 0xff, 0xff, 0xff, 0xff, 0xff, 0xff, 0xe0,
    0x7d, 0xff, 0xff, 0xff, 0xff, 0xff, 0xff, 0xff, 0xff, 0xef, 0x9f, 0xff, 0xff, 0xff, 0xff, 0xff, 0xff, 0xe0,
    0x6d, 0xff, 0xff, 0xff, 0xff, 0xff, 0xff, 0xff, 0xff, 0xdf, 0x9f, 0xff, 0xff, 0xff, 0xff, 0xff, 0xff, 0xe0,
    0x7d, 0xff, 0xff, 0xff, 0xff, 0xff, 0xff, 0xff, 0xff, 0xff, 0x9f, 0xff, 0xff, 0xff, 0xff, 0xff, 0xff, 0xe0,
    0x3d, 0xff, 0xff, 0xff, 0xff, 0xff, 0xff, 0xff, 0xff, 0xff, 0x9f, 0xff, 0xff, 0xff, 0xff, 0xff, 0xff, 0xe0,
    0x7d, 0xff, 0xff, 0xff, 0xff, 0xff, 0xff, 0xff, 0xff, 0xff, 0x9f, 0xff, 0xff, 0xff, 0xff, 0xff, 0xff, 0xe0,
    0x6d, 0xff, 0xff, 0xff, 0xff, 0xff, 0xff, 0xff, 0xff, 0xff, 0x9f, 0xff, 0xff, 0xff, 0xff, 0xff, 0xff, 0xe0,
    0x7d, 0xff, 0xff, 0xff, 0xff, 0xff, 0xff, 0xff, 0xff, 0xff, 0x9f, 0xff, 0xff, 0xff, 0xff, 0xff, 0xff, 0xe0,
    0x3d, 0xff, 0xff, 0xff, 0xff, 0xff, 0xff, 0xff, 0xff, 0xff, 0x9f, 0xff, 0xff, 0xff, 0xff, 0xff, 0xff, 0xe0,
    0x7d, 0xff, 0xff, 0xff, 0xff, 0xff, 0xff, 0xff, 0xff, 0xff, 0x9f, 0xff, 0xff, 0xff, 0xff, 0xff, 0xff, 0xe0,
    0x6d, 0xff, 0xff, 0xff, 0xff, 0xff, 0xff, 0xff, 0xff, 0xff, 0x9f, 0xff, 0xff, 0xff, 0xff, 0xff, 0xff, 0xe0,
    0x7d, 0xff, 0xff, 0xff, 0xff, 0xff, 0xff, 0xff, 0xff, 0xff, 0x9f, 0xff, 0xff, 0xff, 0xff, 0xff, 0xff, 0xe0,
    0x3d, 0xff, 0xff, 0xff, 0xff, 0xff, 0xff, 0xff, 0xff, 0xff, 0x9f, 0xff, 0xff, 0xff, 0xff, 0xff, 0xff, 0xe0,
    0x7d, 0xff, 0xff, 0xff, 0xff, 0xff, 0xff, 0xff, 0xff, 0xff, 0x9f, 0xe7, 0xff, 0xff, 0xff, 0xff, 0xff, 0xe0,
    0x6d, 0xff, 0xff, 0xff, 0xff, 0xff, 0xff, 0xff, 0xff, 0xdf, 0x9f, 0xe7, 0x83, 0xff, 0xff, 0xff, 0xff, 0xe0,
    0x7d, 0xff, 0xff, 0xff, 0xff, 0xff, 0xff, 0xff, 0xff, 0xef, 0x9f, 0xe6, 0x03, 0xff, 0xff, 0xff, 0xff, 0xe0,
    0x3d, 0xff, 0xff, 0xff, 0xff, 0xff, 0xff, 0xff, 0xff, 0xf7, 0x9f, 0xe6, 0x22, 0x7f, 0xff, 0xff, 0xff, 0xe0,
    0x7d, 0xff, 0xff, 0xff, 0xff, 0xff, 0xff, 0xff, 0xff, 0xfb, 0x9f, 0xf0, 0x21, 0xff, 0xff, 0xff, 0xff, 0xe0,
    0x6d, 0xff, 0xff, 0xff, 0xff, 0xff, 0xff, 0xff, 0xff, 0xfd, 0x9f, 0xf0, 0x03, 0xff, 0xff, 0xff, 0xff, 0xe0,
    0x7d, 0xff, 0xff, 0xff, 0xff, 0xff, 0xff, 0xff, 0xff, 0xfe, 0x9f, 0xe0, 0x03, 0xff, 0xff, 0xff, 0xff, 0xe0,
    0x3d, 0xff, 0xff, 0xff, 0xff, 0xff, 0xff, 0xff, 0xff, 0xff, 0x1f, 0xe0, 0x01, 0xff, 0xff, 0xff, 0xff, 0xe0,
    0x7d, 0xff, 0xff, 0xff, 0xff, 0xff, 0xff, 0xff, 0xff, 0x80, 0x1f, 0xc0, 0x6f, 0xff, 0xff, 0xff, 0xff, 0xe0,
    0x6d, 0xff, 0xff, 0xff, 0xff, 0xe7, 0xff, 0xff, 0xff, 0x80, 0x1f, 0xe0, 0xff, 0xff, 0xff, 0xff, 0xff, 0xe0,
    0x7d, 0xff, 0xff, 0xff, 0xff, 0xe7, 0xff, 0xff, 0xff, 0xff, 0x9f, 0xe0, 0xff, 0xff, 0xff, 0xff, 0xff, 0xe0,
    0x3d, 0xff, 0xff, 0xff, 0xff, 0xe7, 0xff, 0xff, 0xff, 0xff, 0x9f, 0xc1, 0xff, 0xff, 0xff, 0xff, 0xff, 0xe0,
    0x7d, 0xff, 0xff, 0xff, 0xe0, 0x07, 0xff, 0xff, 0xff, 0xff, 0x9f, 0xc1, 0xff, 0xff, 0xff, 0xff, 0xff, 0xe0,
    0x6d, 0xff, 0xff, 0xff, 0xe0, 0x07, 0xff, 0xff, 0xff, 0xff, 0x9f, 0x83, 0x9f, 0xff, 0xff, 0xff, 0xff, 0xe0,
    0x7d, 0xff, 0xff, 0xff, 0xff, 0xc7, 0xff, 0xff, 0xff, 0xff, 0xff, 0x83, 0x9f, 0xff, 0xff, 0xff, 0xff, 0xe0,
    0x3d, 0xff, 0xff, 0xff, 0xff, 0xa7, 0xff, 0xff, 0xff, 0xff, 0xff, 0x07, 0x80, 0x00, 0x00, 0x00, 0x0f, 0xe0,
    0x7d, 0xff, 0xff, 0xff, 0xff, 0x67, 0xff, 0xff, 0xff, 0xff, 0xfe, 0x07, 0x80, 0x00, 0x00, 0x00, 0x0f, 0xe0,
    0x6d, 0xff, 0xff, 0xff, 0xfe, 0xe7, 0xff, 0xff, 0xff, 0xff, 0xfe, 0x0f, 0x87, 0xff, 0xef, 0xff, 0xcf, 0xe0,
    0x7d, 0xff, 0xff, 0xff, 0xfd, 0xe7, 0xff, 0xff, 0xff, 0xff, 0xfc, 0x1f, 0x87, 0xff, 0xef, 0xff, 0xcf, 0xe0,
    0x3d, 0xff, 0xff, 0xff, 0xfb, 0xe7, 0xff, 0xff, 0xff, 0xff, 0xfc, 0x1f, 0x87, 0xff, 0xef, 0xff, 0xcf, 0xe0,
    0x7d, 0xff, 0xff, 0xff, 0xf7, 0xe7, 0xff, 0xff, 0xff, 0xff, 0xf8, 0x3f, 0x87, 0xff, 0xed, 0xff, 0xcf, 0xe0,
    0x6d, 0xff, 0xff, 0xff, 0xff, 0xe7, 0xff, 0xff, 0xff, 0xff, 0xe0, 0x3f, 0x87, 0xff, 0xef, 0xfb, 0xcf, 0xe0,
    0x7d, 0xff, 0xff, 0xff, 0xff, 0xe7, 0xff, 0xff, 0xff, 0xff, 0xc0, 0x7f, 0x87, 0xf7, 0xef, 0xff, 0xcf, 0xe0,
    0x3d, 0xff, 0xff, 0xff, 0xff, 0xe7, 0xff, 0xff, 0xff, 0xff, 0xc0, 0x7f, 0x87, 0xff, 0xef, 0xff, 0xcf, 0xe0,
    0x7d, 0xff, 0xff, 0xff, 0xff, 0xe7, 0xff, 0xff, 0xff, 0xff, 0x00, 0xff, 0x87, 0xff, 0xef, 0xff, 0xcf, 0xe0,
    0x6d, 0xff, 0xff, 0xff, 0xff, 0xe7, 0xff, 0xff, 0xff, 0xf8, 0x00, 0xff, 0x87, 0xff, 0xef, 0xff, 0xcf, 0xe0,
    0x7d, 0xff, 0xff, 0xff, 0xff, 0xe7, 0xff, 0xff, 0xff, 0xf8, 0xf1, 0xff, 0x87, 0xff, 0xef, 0xff, 0xcf, 0xe0,
    0x3d, 0x87, 0xff, 0xff, 0xff, 0xe7, 0xff, 0xff, 0xff, 0xff, 0xf1, 0xff, 0x80, 0x00, 0x00, 0x00, 0x0f, 0xe0,
    0x7d, 0x23, 0xff, 0xff, 0xff, 0xe7, 0xff, 0xff, 0xff, 0xff, 0xf3, 0xff, 0x87, 0xff, 0xef, 0xff, 0xcf, 0xe0,
    0x6d, 0x93, 0xff, 0xff, 0xff, 0xe7, 0xff, 0xff, 0xff, 0xff, 0x47, 0xff, 0x87, 0xff, 0xef, 0xff, 0xcf, 0xe0,
    0x7d, 0x4b, 0xff, 0xff, 0xff, 0xe7, 0xff, 0xff, 0xff, 0xff, 0x1f, 0xff, 0x87, 0xff, 0xef, 0xc7, 0xcf, 0xe0,
    0x3c, 0x25, 0xff, 0xff, 0xff, 0xe7, 0xff, 0xff, 0xff, 0xff, 0xdf, 0xff, 0x87, 0xff, 0xef, 0x83, 0xcf, 0xe0,
    0x7d, 0x93, 0xff, 0xff, 0xf7, 0xe7, 0xff, 0xff, 0xff, 0xff, 0xff, 0xff, 0x87, 0xff, 0xef, 0x1d, 0xcf, 0xe0,
    0x6d, 0x4b, 0xff, 0xff, 0xfb, 0xe7, 0xff, 0xff, 0xff, 0xff, 0xff, 0xff, 0x87, 0xff, 0xef, 0x3f, 0xcf, 0xe0,
    0x7d, 0x23, 0xff, 0xff, 0xfd, 0xe7, 0xff, 0xff, 0xff, 0xff, 0xff, 0xff, 0x87, 0xff, 0xef, 0x3f, 0xcf, 0xe0,
    0x3d, 0x07, 0xff, 0xff, 0xfe, 0xe7, 0xff, 0xff, 0xff, 0xff, 0xff, 0xff, 0x87, 0xff, 0xef, 0xbf, 0xcf, 0xe0,
    0x7d, 0x7f, 0xff, 0xff, 0xff, 0x67, 0xff, 0xff, 0xff, 0xff, 0xff, 0xff, 0x87, 0xff, 0xef, 0xff, 0xcf, 0xe0,
    0x6d, 0x7f, 0xff, 0xff, 0xff, 0xa7, 0xff, 0xff, 0xff, 0xff, 0xff, 0xff, 0x87, 0xff, 0xef, 0xff, 0xcf, 0xe0,
    0x7c, 0x7f, 0xff, 0xff, 0xff, 0xc7, 0xff, 0xff, 0xff, 0xff, 0xff, 0xff, 0x87, 0xff, 0xef, 0xff, 0xcf, 0xe0,
    0x3c, 0xff, 0xff, 0xff, 0xe0, 0x07, 0xff, 0xff, 0xff, 0xff, 0xff, 0xff, 0x80, 0x00, 0x00, 0x00, 0x0f, 0xe0,
    0x7c, 0xff, 0xff, 0xff, 0xe0, 0x07, 0xff, 0xff, 0xff, 0xff, 0xff, 0xff, 0x80, 0x00, 0x00, 0x00, 0x0f, 0xe0,
    0x6c, 0xff, 0xff, 0xff, 0xff, 0xe7, 0xff, 0xff, 0xff, 0xff, 0xff, 0xff, 0x9f, 0xff, 0xff, 0xff, 0xff, 0xe0,
    0x7d, 0xff, 0xff, 0xff, 0xff, 0xe7, 0xff, 0xff, 0xff, 0xff, 0xff, 0xff, 0x9f, 0xff, 0xff, 0xff, 0xff, 0xe0,
    0x3d, 0xff, 0xff, 0xff, 0xff, 0xff, 0xff, 0xff, 0xff, 0xff, 0xff, 0xff, 0xff, 0xff, 0xff, 0xff, 0xff, 0xe0,
    0x00, 0x00, 0x00, 0x00, 0x00, 0x00, 0x00, 0x00, 0x00, 0x00, 0x00, 0x00, 0x00, 0x00, 0x00, 0x00, 0x00, 0x00,
};

static const lv_img_dsc_t cat25 = {
    .header.cf = LV_IMG_CF_INDEXED_1BIT,
    .header.always_zero = 0,
    .header.reserved = 0,
    .header.w = 140,
    .header.h = 68,
    .data_size = 1232,
    .data = cat25_map,
};

static const LV_ATTRIBUTE_MEM_ALIGN LV_ATTRIBUTE_LARGE_CONST uint8_t cat26_map[] = {
#if CONFIG_NICE_VIEW_WIDGET_INVERTED
    0xff, 0xff, 0xff, 0xff, /*Color of index 0*/
    0x00, 0x00, 0x00, 0xff, /*Color of index 1*/
#else
    0x00, 0x00, 0x00, 0xff, /*Color of index 0*/
    0xff, 0xff, 0xff, 0xff, /*Color of index 1*/
#endif
    0x00, 0x00, 0x00, 0x00, 0x00, 0x00, 0x00, 0x00, 0x00, 0x00, 0x00, 0x00, 0x00, 0x00, 0x00, 0x00, 0x00, 0x00,
    0x7d, 0xff, 0xff, 0xff, 0xff, 0xff, 0xff, 0xff, 0xff, 0xff, 0xff, 0xff, 0xff, 0xff, 0xff, 0xff, 0xff, 0xe0,
    0x3d, 0xff, 0xff, 0xff, 0xff, 0xff, 0xff, 0xff, 0xff, 0xff, 0x9f, 0xff, 0xff, 0xff, 0xff, 0xff, 0xff, 0xe0,
    0x7d, 0xff, 0xff, 0xff, 0xff, 0xff, 0xff, 0xff, 0xff, 0xff, 0x9f, 0xff, 0xff, 0xff, 0xff, 0xff, 0xff, 0xe0,
    0x6d, 0xff, 0xff, 0xff, 0xff, 0xff, 0xff, 0xff, 0xff, 0x80, 0x00, 0x79, 0xff, 0xff, 0xff, 0xff, 0xff, 0xe0,
    0x7d, 0xff, 0xff, 0xff, 0xff, 0xff, 0xff, 0xff, 0xff, 0x80, 0x0f, 0x43, 0xff, 0xff, 0xff, 0xff, 0xff, 0xe0,
    0x3d, 0xff, 0xff, 0xff, 0xff, 0xff, 0xff, 0xff, 0xff, 0xff, 0x0f, 0x00, 0xff, 0xff, 0xff, 0xff, 0xff, 0xe0,
    0x7d, 0xff, 0xff, 0xff, 0xff, 0xff, 0xff, 0xff, 0xff, 0xfe, 0x8f, 0x00, 0xff, 0xff, 0xff, 0xff, 0xff, 0xe0,
    0x6d, 0xff, 0xff, 0xff, 0xff, 0xff, 0xff, 0xff, 0xff, 0xfd, 0x8f, 0x47, 0xff, 0xff, 0xff, 0xff, 0xff, 0xe0,
    0x7d, 0xff, 0xff, 0xff, 0xff, 0xff, 0xff, 0xff, 0xff, 0xfb, 0x80, 0x73, 0xff, 0xff, 0xff, 0xff, 0xff, 0xe0,
    0x3d, 0xff, 0xff, 0xff, 0xff, 0xff, 0xff, 0xff, 0xff, 0xf7, 0x9f, 0xff, 0xff, 0xff, 0xff, 0xff, 0xff, 0xe0,
    0x7d, 0xff, 0xff, 0xff, 0xff, 0xff, 0xff, 0xff, 0xff, 0xef, 0x9f, 0xff, 0xff, 0xff, 0xff, 0xff, 0xff, 0xe0,
    0x6d, 0xff, 0xff, 0xff, 0xff, 0xff, 0xff, 0xff, 0xff, 0xdf, 0x9f, 0xff, 0xff, 0xff, 0xff, 0xff, 0xff, 0xe0,
    0x7d, 0xff, 0xff, 0xff, 0xff, 0xff, 0xff, 0xff, 0xff, 0xff, 0x9f, 0xff, 0xff, 0xff, 0xff, 0xff, 0xff, 0xe0,
    0x3d, 0xff, 0xff, 0xff, 0xff, 0xff, 0xff, 0xff, 0xff, 0xff, 0x9f, 0xff, 0xe3, 0xff, 0xff, 0xff, 0xff, 0xe0,
    0x7d, 0xff, 0xff, 0xff, 0xff, 0xff, 0xff, 0xff, 0xff, 0xff, 0x9f, 0xff, 0x82, 0x7f, 0xff, 0xff, 0xff, 0xe0,
    0x6d, 0xff, 0xff, 0xff, 0xff, 0xff, 0xff, 0xff, 0xff, 0xff, 0x9f, 0xe7, 0x01, 0xff, 0xff, 0xff, 0xff, 0xe0,
    0x7d, 0xff, 0xff, 0xff, 0xff, 0xff, 0xff, 0xff, 0xff, 0xff, 0x9f, 0xe3, 0x11, 0xff, 0xff, 0xff, 0xff, 0xe0,
    0x3d, 0xff, 0xff, 0xff, 0xff, 0xff, 0xff, 0xff, 0xff, 0xff, 0x9f, 0xe2, 0x01, 0xff, 0xff, 0xff, 0xff, 0xe0,
    0x7d, 0xff, 0xff, 0xff, 0xff, 0xff, 0xff, 0xff, 0xff, 0xff, 0x9f, 0xf0, 0x00, 0xff, 0xff, 0xff, 0xff, 0xe0,
    0x6d, 0xff, 0xff, 0xff, 0xff, 0xff, 0xff, 0xff, 0xff, 0xff, 0x9f, 0xfc, 0x01, 0xff, 0xff, 0xff, 0xff, 0xe0,
    0x7d, 0xff, 0xff, 0xff, 0xff, 0xff, 0xff, 0xff, 0xff, 0xff, 0x9f, 0xf8, 0x13, 0xff, 0xff, 0xff, 0xff, 0xe0,
    0x3d, 0xff, 0xff, 0xff, 0xff, 0xff, 0xff, 0xff, 0xff, 0xff, 0x9f, 0xf8, 0x1f, 0xff, 0xff, 0xff, 0xff, 0xe0,
    0x7d, 0xff, 0xff, 0xff, 0xff, 0xff, 0xff, 0xff, 0xff, 0xff, 0x9f, 0xf8, 0x1f, 0xff, 0xff, 0xff, 0xff, 0xe0,
    0x6d, 0xff, 0xff, 0xff, 0xff, 0xff, 0xff, 0xff, 0xff, 0xdf, 0x9f, 0xf8, 0x1f, 0xff, 0xff, 0xff, 0xff, 0xe0,
    0x7d, 0xff, 0xff, 0xff, 0xff, 0xff, 0xff, 0xff, 0xff, 0xef, 0x9f, 0xfc, 0x1f, 0xff, 0xff, 0xff, 0xff, 0xe0,
    0x3d, 0xff, 0xff, 0xff, 0xff, 0xff, 0xff, 0xff, 0xff, 0xf7, 0x9f, 0xfc, 0x1f, 0xff, 0xff, 0xff, 0xff, 0xe0,
    0x7d, 0xff, 0xff, 0xff, 0xff, 0xff, 0xff, 0xff, 0xff, 0xfb, 0x9f, 0xfc, 0x3f, 0xff, 0xff, 0xff, 0xff, 0xe0,
    0x6d, 0xff, 0xff, 0xff, 0xff, 0xff, 0xff, 0xff, 0xff, 0xfd, 0x9f, 0xfc, 0x3f, 0xff, 0xff, 0xff, 0xff, 0xe0,
    0x7d, 0xff, 0xff, 0xff, 0xff, 0xff, 0xff, 0xff, 0xff, 0xfe, 0x9f, 0xfc, 0x3f, 0xff, 0xff, 0xff, 0xff, 0xe0,
    0x3d, 0xff, 0xff, 0xff, 0xff, 0xff, 0xff, 0xff, 0xff, 0xff, 0x1f, 0xf8, 0x3f, 0xff, 0xff, 0xff, 0xff, 0xe0,
    0x7d, 0xff, 0xff, 0xff, 0xff, 0xff, 0xff, 0xff, 0xff, 0x80, 0x1f, 0xf8, 0x3f, 0xff, 0xff, 0xff, 0xff, 0xe0,
    0x6d, 0xff, 0xff, 0xff, 0xff, 0xe7, 0xff, 0xff, 0xff, 0x80, 0x1f, 0xf8, 0x3f, 0xff, 0xff, 0xff, 0xff, 0xe0,
    0x7d, 0xff, 0xff, 0xff, 0xff, 0xe7, 0xff, 0xff, 0xff, 0xff, 0x9f, 0xf8, 0x3f, 0xff, 0xff, 0xff, 0xff, 0xe0,
    0x3d, 0xff, 0xff, 0xff, 0xff, 0xe7, 0xff, 0xff, 0xff, 0xff, 0x9f, 0xf8, 0x7f, 0xff, 0xff, 0xff, 0xff, 0xe0,
    0x7d, 0xff, 0xff, 0xff, 0xe0, 0x07, 0xff, 0xff, 0xff, 0xff, 0x9f, 0xf8, 0x7f, 0xff, 0xff, 0xff, 0xff, 0xe0,
    0x6d, 0xff, 0xff, 0xff, 0xe0, 0x07, 0xff, 0xff, 0xff, 0xff, 0x9f, 0xf0, 0x5f, 0xff, 0xff, 0xff, 0xff, 0xe0,
    0x7d, 0xff, 0xff, 0xff, 0xff, 0xc7, 0xff, 0xff, 0xff, 0xff, 0xff, 0xf0, 0x5f, 0xff, 0xff, 0xff, 0xff, 0xe0,
    0x3d, 0xff, 0xff, 0xff, 0xff, 0xa7, 0xff, 0xff, 0xff, 0xff, 0xff, 0xe0, 0x40, 0x00, 0x00, 0x00, 0x0f, 0xe0,
    0x7d, 0xff, 0xff, 0xff, 0xff, 0x67, 0xff, 0xff, 0xff, 0xff, 0xff, 0xc0, 0x40, 0x00, 0x00, 0x00, 0x0f, 0xe0,
    0x6d, 0xff, 0xff, 0xff, 0xfe, 0xe7, 0xff, 0xff, 0xff, 0xff, 0xff, 0xc0, 0x87, 0xff, 0xef, 0xff, 0xcf, 0xe0,
    0x7d, 0xff, 0xff, 0xff, 0xfd, 0xe7, 0xff, 0xff, 0xff, 0xff, 0xff, 0xc0, 0x87, 0xff, 0xef, 0xff, 0xcf, 0xe0,
    0x3d, 0xff, 0xff, 0xff, 0xfb, 0xe7, 0xff, 0xff, 0xff, 0xff, 0xff, 0x40, 0x87, 0xff, 0xef, 0xff, 0xcf, 0xe0,
    0x7d, 0xff, 0xff, 0xff, 0xf7, 0xe7, 0xff, 0xff, 0xff, 0xff, 0xff, 0x18, 0x87, 0xff, 0xed, 0xff, 0xcf, 0xe0,
    0x6d, 0xff, 0xff, 0xff, 0xff, 0xe7, 0xff, 0xff, 0xff, 0xff, 0xfe, 0x38, 0x87, 0xff, 0xef, 0xfb, 0xcf, 0xe0,
    0x7d, 0xff, 0xff, 0xff, 0xff, 0xe7, 0xff, 0xff, 0xff, 0xff, 0xfc, 0xbc, 0x87, 0xf7, 0xef, 0xff, 0xcf, 0xe0,
    0x3d, 0xff, 0xff, 0xff, 0xff, 0xe7, 0xff, 0xff, 0xff, 0xff, 0xfc, 0xf3, 0x87, 0xff, 0xef, 0xff, 0xcf, 0xe0,
    0x7d, 0xff, 0xff, 0xff, 0xff, 0xe7, 0xff, 0xff, 0xff, 0xff, 0xff, 0xe3, 0x87, 0xff, 0xef, 0xff, 0xcf, 0xe0,
    0x6d, 0xff, 0xff, 0xff, 0xff, 0xe7, 0xff, 0xff, 0xff, 0xff, 0xff, 0xe3, 0x87, 0xff, 0xef, 0xff, 0xcf, 0xe0,
    0x7d, 0xff, 0xff, 0xff, 0xff, 0xe7, 0xff, 0xff, 0xff, 0xff, 0xff, 0xff, 0x87, 0xff, 0xef, 0xff, 0xcf, 0xe0,
    0x3d, 0x87, 0xff, 0xff, 0xff, 0xe7, 0xff, 0xff, 0xff, 0xff, 0xff, 0xff, 0x80, 0x00, 0x00, 0x00, 0x0f, 0xe0,
    0x7d, 0x23, 0xff, 0xff, 0xff, 0xe7, 0xff, 0xff, 0xff, 0xff, 0xff, 0xff, 0x87, 0xff, 0xef, 0xff, 0xcf, 0xe0,
    0x6d, 0x93, 0xff, 0xff, 0xff, 0xe7, 0xff, 0xff, 0xff, 0xff, 0xff, 0xff, 0x87, 0xff, 0xef, 0xff, 0xcf, 0xe0,
    0x7d, 0x4b, 0xff, 0xff, 0xff, 0xe7, 0xff, 0xff, 0xff, 0xff, 0xff, 0xff, 0x87, 0xff, 0xef, 0xc7, 0xcf, 0xe0,
    0x3c, 0x25, 0xff, 0xff, 0xff, 0xe7, 0xff, 0xff, 0xff, 0xff, 0xff, 0xff, 0x87, 0xff, 0xef, 0x83, 0xcf, 0xe0,
    0x7d, 0x93, 0xff, 0xff, 0xf7, 0xe7, 0xff, 0xff, 0xff, 0xff, 0xff, 0xff, 0x87, 0xff, 0xef, 0x1d, 0xcf, 0xe0,
    0x6d, 0x4b, 0xff, 0xff, 0xfb, 0xe7, 0xff, 0xff, 0xff, 0xff, 0xff, 0xff, 0x87, 0xff, 0xef, 0x3f, 0xcf, 0xe0,
    0x7d, 0x23, 0xff, 0xff, 0xfd, 0xe7, 0xff, 0xff, 0xff, 0xff, 0xff, 0xff, 0x87, 0xff, 0xef, 0x3f, 0xcf, 0xe0,
    0x3d, 0x07, 0xff, 0xff, 0xfe, 0xe7, 0xff, 0xff, 0xff, 0xff, 0xff, 0xff, 0x87, 0xff, 0xef, 0xbf, 0xcf, 0xe0,
    0x7d, 0x7f, 0xff, 0xff, 0xff, 0x67, 0xff, 0xff, 0xff, 0xff, 0xff, 0xff, 0x87, 0xff, 0xef, 0xff, 0xcf, 0xe0,
    0x6d, 0x7f, 0xff, 0xff, 0xff, 0xa7, 0xff, 0xff, 0xff, 0xff, 0xff, 0xff, 0x87, 0xff, 0xef, 0xff, 0xcf, 0xe0,
    0x7c, 0x7f, 0xff, 0xff, 0xff, 0xc7, 0xff, 0xff, 0xff, 0xff, 0xff, 0xff, 0x87, 0xff, 0xef, 0xff, 0xcf, 0xe0,
    0x3c, 0xff, 0xff, 0xff, 0xe0, 0x07, 0xff, 0xff, 0xff, 0xff, 0xff, 0xff, 0x80, 0x00, 0x00, 0x00, 0x0f, 0xe0,
    0x7c, 0xff, 0xff, 0xff, 0xe0, 0x07, 0xff, 0xff, 0xff, 0xff, 0xff, 0xff, 0x80, 0x00, 0x00, 0x00, 0x0f, 0xe0,
    0x6c, 0xff, 0xff, 0xff, 0xff, 0xe7, 0xff, 0xff, 0xff, 0xff, 0xff, 0xff, 0x9f, 0xff, 0xff, 0xff, 0xff, 0xe0,
    0x7d, 0xff, 0xff, 0xff, 0xff, 0xe7, 0xff, 0xff, 0xff, 0xff, 0xff, 0xff, 0x9f, 0xff, 0xff, 0xff, 0xff, 0xe0,
    0x3d, 0xff, 0xff, 0xff, 0xff, 0xff, 0xff, 0xff, 0xff, 0xff, 0xff, 0xff, 0xff, 0xff, 0xff, 0xff, 0xff, 0xe0,
    0x00, 0x00, 0x00, 0x00, 0x00, 0x00, 0x00, 0x00, 0x00, 0x00, 0x00, 0x00, 0x00, 0x00, 0x00, 0x00, 0x00, 0x00,
};

static const lv_img_dsc_t cat26 = {
    .header.cf = LV_IMG_CF_INDEXED_1BIT,
    .header.always_zero = 0,
    .header.reserved = 0,
    .header.w = 140,
    .header.h = 68,
    .data_size = 1232,
    .data = cat26_map,
};

static const LV_ATTRIBUTE_MEM_ALIGN LV_ATTRIBUTE_LARGE_CONST uint8_t cat27_map[] = {
#if CONFIG_NICE_VIEW_WIDGET_INVERTED
    0xff, 0xff, 0xff, 0xff, /*Color of index 0*/
    0x00, 0x00, 0x00, 0xff, /*Color of index 1*/
#else
    0x00, 0x00, 0x00, 0xff, /*Color of index 0*/
    0xff, 0xff, 0xff, 0xff, /*Color of index 1*/
#endif
    0x00, 0x00, 0x00, 0x00, 0x00, 0x00, 0x00, 0x00, 0x00, 0x00, 0x00, 0x00, 0x00, 0x00, 0x00, 0x00, 0x00, 0x00,
    0x7d, 0xff, 0xff, 0xff, 0xff, 0xff, 0xff, 0xff, 0xff, 0xff, 0xff, 0xff, 0xff, 0xff, 0xff, 0xff, 0xff, 0xe0,
    0x3d, 0xff, 0xff, 0xff, 0xff, 0xff, 0xff, 0xff, 0xff, 0xff, 0x9f, 0xff, 0xff, 0xff, 0xff, 0xff, 0xff, 0xe0,
    0x7d, 0xff, 0xff, 0xff, 0xff, 0xff, 0xff, 0xff, 0xff, 0xff, 0x9f, 0xbf, 0xff, 0xff, 0xff, 0xff, 0xff, 0xe0,
    0x6d, 0xff, 0xff, 0xff, 0xff, 0xff, 0xff, 0xff, 0xff, 0x80, 0x06, 0xb9, 0xff, 0xff, 0xff, 0xff, 0xff, 0xe0,
    0x7d, 0xff, 0xff, 0xff, 0xff, 0xff, 0xff, 0xff, 0xff, 0x80, 0x08, 0x23, 0xff, 0xff, 0xff, 0xff, 0xff, 0xe0,
    0x3d, 0xff, 0xff, 0xff, 0xff, 0xff, 0xff, 0xff, 0xff, 0xff, 0x08, 0x38, 0xff, 0xff, 0xff, 0xff, 0xff, 0xe0,
    0x7d, 0xff, 0xff, 0xff, 0xff, 0xff, 0xff, 0xff, 0xff, 0xfe, 0x88, 0x04, 0xff, 0xff, 0xff, 0xff, 0xff, 0xe0,
    0x6d, 0xff, 0xff, 0xff, 0xff, 0xff, 0xff, 0xff, 0xff, 0xfd, 0x8b, 0x0f, 0xff, 0xff, 0xff, 0xff, 0xff, 0xe0,
    0x7d, 0xff, 0xff, 0xff, 0xff, 0xff, 0xff, 0xff, 0xff, 0xfb, 0x90, 0x0b, 0xff, 0xff, 0xff, 0xff, 0xff, 0xe0,
    0x3d, 0xff, 0xff, 0xff, 0xff, 0xff, 0xff, 0xff, 0xff, 0xf7, 0x90, 0x0f, 0xff, 0xff, 0xff, 0xff, 0xff, 0xe0,
    0x7d, 0xff, 0xff, 0xff, 0xff, 0xff, 0xff, 0xff, 0xff, 0xef, 0xf8, 0x3f, 0xff, 0xff, 0xff, 0xff, 0xff, 0xe0,
    0x6d, 0xff, 0xff, 0xff, 0xff, 0xff, 0xff, 0xff, 0xff, 0xdf, 0x18, 0x3f, 0xff, 0xff, 0xff, 0xff, 0xff, 0xe0,
    0x7d, 0xff, 0xff, 0xff, 0xff, 0xff, 0xff, 0xff, 0xff, 0xff, 0x80, 0x1f, 0xff, 0xff, 0xff, 0xff, 0xff, 0xe0,
    0x3d, 0xff, 0xff, 0xff, 0xff, 0xff, 0xff, 0xff, 0xff, 0xff, 0xe8, 0x1f, 0xff, 0xff, 0xff, 0xff, 0xff, 0xe0,
    0x7d, 0xff, 0xff, 0xff, 0xff, 0xff, 0xff, 0xff, 0xff, 0xff, 0x98, 0x0f, 0xff, 0xff, 0xff, 0xff, 0xff, 0xe0,
    0x6d, 0xff, 0xff, 0xff, 0xff, 0xff, 0xff, 0xff, 0xff, 0xff, 0x9c, 0x0f, 0xff, 0xff, 0xff, 0xff, 0xff, 0xe0,
    0x7d, 0xff, 0xff, 0xff, 0xff, 0xff, 0xff, 0xff, 0xff, 0xff, 0x9c, 0x07, 0xff, 0xff, 0xff, 0xff, 0xff, 0xe0,
    0x3d, 0xff, 0xff, 0xff, 0xff, 0xff, 0xff, 0xff, 0xff, 0xff, 0x9f, 0x03, 0xff, 0xff, 0xff, 0xff, 0xff, 0xe0,
    0x7d, 0xff, 0xff, 0xff, 0xff, 0xff, 0xff, 0xff, 0xff, 0xff, 0x9f, 0x83, 0xff, 0xff, 0xff, 0xff, 0xff, 0xe0,
    0x6d, 0xff, 0xff, 0xff, 0xff, 0xff, 0xff, 0xff, 0xff, 0xff, 0x9f, 0xc1, 0xff, 0xff, 0xff, 0xff, 0xff, 0xe0,
    0x7d, 0xff, 0xff, 0xff, 0xff, 0xff, 0xff, 0xff, 0xff, 0xff, 0x9f, 0xc1, 0xff, 0xff, 0xff, 0xff, 0xff, 0xe0,
    0x3d, 0xff, 0xff, 0xff, 0xff, 0xff, 0xff, 0xff, 0xff, 0xff, 0x9f, 0xe0, 0xff, 0xff, 0xff, 0xff, 0xff, 0xe0,
    0x7d, 0xff, 0xff, 0xff, 0xff, 0xff, 0xff, 0xff, 0xff, 0xff, 0x9f, 0xe0, 0xff, 0xff, 0xff, 0xff, 0xff, 0xe0,
    0x6d, 0xff, 0xff, 0xff, 0xff, 0xff, 0xff, 0xff, 0xff, 0xdf, 0x9f, 0xf0, 0x7f, 0xff, 0xff, 0xff, 0xff, 0xe0,
    0x7d, 0xff, 0xff, 0xff, 0xff, 0xff, 0xff, 0xff, 0xff, 0xef, 0x9f, 0xf0, 0x7f, 0xff, 0xff, 0xff, 0xff, 0xe0,
    0x3d, 0xff, 0xff, 0xff, 0xff, 0xff, 0xff, 0xff, 0xff, 0xf7, 0x9f, 0xf8, 0x3f, 0xff, 0xff, 0xff, 0xff, 0xe0,
    0x7d, 0xff, 0xff, 0xff, 0xff, 0xff, 0xff, 0xff, 0xff, 0xfb, 0x9f, 0xf8, 0x3f, 0xff, 0xff, 0xff, 0xff, 0xe0,
    0x6d, 0xff, 0xff, 0xff, 0xff, 0xff, 0xff, 0xff, 0xff, 0xfd, 0x9f, 0xfc, 0x1f, 0xff, 0xff, 0xff, 0xff, 0xe0,
    0x7d, 0xff, 0xff, 0xff, 0xff, 0xff, 0xff, 0xff, 0xff, 0xfe, 0x9f, 0xfc, 0x0f, 0xff, 0xff, 0xff, 0xff, 0xe0,
    0x3d, 0xff, 0xff, 0xff, 0xff, 0xff, 0xff, 0xff, 0xff, 0xff, 0x1f, 0xf8, 0x0f, 0xff, 0xff, 0xff, 0xff, 0xe0,
    0x7d, 0xff, 0xff, 0xff, 0xff, 0xff, 0xff, 0xff, 0xff, 0x80, 0x1f, 0xfc, 0x07, 0xff, 0xff, 0xff, 0xff, 0xe0,
    0x6d, 0xff, 0xff, 0xff, 0xff, 0xe7, 0xff, 0xff, 0xff, 0x80, 0x1f, 0xfc, 0x07, 0xff, 0xff, 0xff, 0xff, 0xe0,
    0x7d, 0xff, 0xff, 0xff, 0xff, 0xe7, 0xff, 0xff, 0xff, 0xff, 0x9f, 0xfe, 0x43, 0xff, 0xff, 0xff, 0xff, 0xe0,
    0x3d, 0xff, 0xff, 0xff, 0xff, 0xe7, 0xff, 0xff, 0xff, 0xff, 0x9f, 0xfe, 0x7f, 0xff, 0xff, 0xff, 0xff, 0xe0,
    0x7d, 0xff, 0xff, 0xff, 0xe0, 0x07, 0xff, 0xff, 0xff, 0xff, 0x9f, 0xfc, 0xe7, 0xff, 0xff, 0xff, 0xff, 0xe0,
    0x6d, 0xff, 0xff, 0xff, 0xe0, 0x07, 0xff, 0xff, 0xff, 0xff, 0x9f, 0xfc, 0x53, 0xff, 0xff, 0xff, 0xff, 0xe0,
    0x7d, 0xff, 0xff, 0xff, 0xff, 0xc7, 0xff, 0xff, 0xff, 0xff, 0xff, 0xfd, 0xa3, 0xff, 0xff, 0xff, 0xff, 0xe0,
    0x3d, 0xff, 0xff, 0xff, 0xff, 0xa7, 0xff, 0xff, 0xff, 0xff, 0xff, 0xfc, 0xac, 0x00, 0x00, 0x00, 0x0f, 0xe0,
    0x7d, 0xff, 0xff, 0xff, 0xff, 0x67, 0xff, 0xff, 0xff, 0xff, 0xff, 0xff, 0x90, 0x00, 0x00, 0x00, 0x0f, 0xe0,
    0x6d, 0xff, 0xff, 0xff, 0xfe, 0xe7, 0xff, 0xff, 0xff, 0xff, 0xff, 0xff, 0x87, 0xff, 0xef, 0xff, 0xcf, 0xe0,
    0x7d, 0xff, 0xff, 0xff, 0xfd, 0xe7, 0xff, 0xff, 0xff, 0xff, 0xff, 0xff, 0x87, 0xff, 0xef, 0xff, 0xcf, 0xe0,
    0x3d, 0xff, 0xff, 0xff, 0xfb, 0xe7, 0xff, 0xff, 0xff, 0xff, 0xff, 0xff, 0x87, 0xff, 0xef, 0xff, 0xcf, 0xe0,
    0x7d, 0xff, 0xff, 0xff, 0xf7, 0xe7, 0xff, 0xff, 0xff, 0xff, 0xff, 0xff, 0x87, 0xff, 0xed, 0xff, 0xcf, 0xe0,
    0x6d, 0xff, 0xff, 0xff, 0xff, 0xe7, 0xff, 0xff, 0xff, 0xff, 0xff, 0xff, 0x87, 0xff, 0xef, 0xfb, 0xcf, 0xe0,
    0x7d, 0xff, 0xff, 0xff, 0xff, 0xe7, 0xff, 0xff, 0xff, 0xff, 0xff, 0xff, 0x87, 0xff, 0xef, 0xff, 0xcf, 0xe0,
    0x3d, 0xff, 0xff, 0xff, 0xff, 0xe7, 0xff, 0xff, 0xff, 0xff, 0xff, 0xff, 0x87, 0xff, 0xef, 0xff, 0xcf, 0xe0,
    0x7d, 0xff, 0xff, 0xff, 0xff, 0xe7, 0xff, 0xff, 0xff, 0xff, 0xff, 0xff, 0x87, 0xff, 0xef, 0xff, 0xcf, 0xe0,
    0x6d, 0xff, 0xff, 0xff, 0xff, 0xe7, 0xff, 0xff, 0xff, 0xff, 0xff, 0xff, 0x87, 0xff, 0xef, 0xff, 0xcf, 0xe0,
    0x7d, 0xff, 0xff, 0xff, 0xff, 0xe7, 0xff, 0xff, 0xff, 0xff, 0xff, 0xff, 0x87, 0xff, 0xef, 0xff, 0xcf, 0xe0,
    0x3d, 0x87, 0xff, 0xff, 0xff, 0xe7, 0xff, 0xff, 0xff, 0xff, 0xff, 0xff, 0x80, 0x00, 0x00, 0x00, 0x0f, 0xe0,
    0x7d, 0x23, 0xff, 0xff, 0xff, 0xe7, 0xff, 0xff, 0xff, 0xff, 0xff, 0xff, 0x87, 0xff, 0xef, 0xff, 0xcf, 0xe0,
    0x6d, 0x93, 0xff, 0xff, 0xff, 0xe7, 0xff, 0xff, 0xff, 0xff, 0xff, 0xff, 0x87, 0xff, 0xef, 0xff, 0xcf, 0xe0,
    0x7d, 0x4b, 0xff, 0xff, 0xff, 0xe7, 0xff, 0xff, 0xff, 0xff, 0xff, 0xff, 0x87, 0xff, 0xef, 0xc7, 0xcf, 0xe0,
    0x3c, 0x25, 0xff, 0xff, 0xff, 0xe7, 0xff, 0xff, 0xff, 0xff, 0xff, 0xff, 0x87, 0xff, 0xef, 0x83, 0xcf, 0xe0,
    0x7d, 0x93, 0xff, 0xff, 0xf7, 0xe7, 0xff, 0xff, 0xff, 0xff, 0xff, 0xff, 0x87, 0xff, 0xef, 0x1d, 0xcf, 0xe0,
    0x6d, 0x4b, 0xff, 0xff, 0xfb, 0xe7, 0xff, 0xff, 0xff, 0xff, 0xff, 0xff, 0x87, 0xff, 0xef, 0x3f, 0xcf, 0xe0,
    0x7d, 0x23, 0xff, 0xff, 0xfd, 0xe7, 0xff, 0xff, 0xff, 0xff, 0xff, 0xff, 0x87, 0xff, 0xef, 0x3f, 0xcf, 0xe0,
    0x3d, 0x07, 0xff, 0xff, 0xfe, 0xe7, 0xff, 0xff, 0xff, 0xff, 0xff, 0xff, 0x87, 0xff, 0xef, 0xbf, 0xcf, 0xe0,
    0x7d, 0x7f, 0xff, 0xff, 0xff, 0x67, 0xff, 0xff, 0xff, 0xff, 0xff, 0xff, 0x87, 0xff, 0xef, 0xff, 0xcf, 0xe0,
    0x6d, 0x7f, 0xff, 0xff, 0xff, 0xa7, 0xff, 0xff, 0xff, 0xff, 0xff, 0xff, 0x87, 0xff, 0xef, 0xff, 0xcf, 0xe0,
    0x7c, 0x7f, 0xff, 0xff, 0xff, 0xc7, 0xff, 0xff, 0xff, 0xff, 0xff, 0xff, 0x87, 0xff, 0xef, 0xff, 0xcf, 0xe0,
    0x3c, 0xff, 0xff, 0xff, 0xe0, 0x07, 0xff, 0xff, 0xff, 0xff, 0xff, 0xff, 0x80, 0x00, 0x00, 0x00, 0x0f, 0xe0,
    0x7c, 0xff, 0xff, 0xff, 0xe0, 0x07, 0xff, 0xff, 0xff, 0xff, 0xff, 0xff, 0x80, 0x00, 0x00, 0x00, 0x0f, 0xe0,
    0x6c, 0xff, 0xff, 0xff, 0xff, 0xe7, 0xff, 0xff, 0xff, 0xff, 0xff, 0xff, 0x9f, 0xff, 0xff, 0xff, 0xff, 0xe0,
    0x7d, 0xff, 0xff, 0xff, 0xff, 0xe7, 0xff, 0xff, 0xff, 0xff, 0xff, 0xff, 0x9f, 0xff, 0xff, 0xff, 0xff, 0xe0,
    0x3d, 0xff, 0xff, 0xff, 0xff, 0xff, 0xff, 0xff, 0xff, 0xff, 0xff, 0xff, 0xff, 0xff, 0xff, 0xff, 0xff, 0xe0,
    0x00, 0x00, 0x00, 0x00, 0x00, 0x00, 0x00, 0x00, 0x00, 0x00, 0x00, 0x00, 0x00, 0x00, 0x00, 0x00, 0x00, 0x00,
};

static const lv_img_dsc_t cat27 = {
    .header.cf = LV_IMG_CF_INDEXED_1BIT,
    .header.always_zero = 0,
    .header.reserved = 0,
    .header.w = 140,
    .header.h = 68,
    .data_size = 1232,
    .data = cat27_map,
};

static const LV_ATTRIBUTE_MEM_ALIGN LV_ATTRIBUTE_LARGE_CONST uint8_t cat28_map[] = {
#if CONFIG_NICE_VIEW_WIDGET_INVERTED
    0xff, 0xff, 0xff, 0xff, /*Color of index 0*/
    0x00, 0x00, 0x00, 0xff, /*Color of index 1*/
#else
    0x00, 0x00, 0x00, 0xff, /*Color of index 0*/
    0xff, 0xff, 0xff, 0xff, /*Color of index 1*/
#endif
    0x00, 0x00, 0x00, 0x00, 0x00, 0x00, 0x00, 0x00, 0x00, 0x00, 0x00, 0x00, 0x00, 0x00, 0x00, 0x00, 0x00, 0x00,
    0x7d, 0xff, 0xff, 0xff, 0xff, 0xff, 0xff, 0xff, 0xff, 0xff, 0xff, 0xff, 0xff, 0xff, 0xff, 0xff, 0xff, 0xe0,
    0x3d, 0xff, 0xff, 0xff, 0xff, 0xff, 0xff, 0xff, 0xff, 0xff, 0x9f, 0xff, 0xff, 0xff, 0xff, 0xff, 0xff, 0xe0,
    0x7d, 0xff, 0xff, 0xff, 0xff, 0xff, 0xff, 0xff, 0xff, 0xff, 0x9f, 0xff, 0xff, 0xff, 0xff, 0xff, 0xff, 0xe0,
    0x6d, 0xff, 0xff, 0xff, 0xff, 0xff, 0xff, 0xff, 0xff, 0x80, 0x00, 0x79, 0xff, 0xff, 0xff, 0xff, 0xff, 0xe0,
    0x7d, 0xff, 0xff, 0xff, 0xff, 0xff, 0xff, 0xff, 0xff, 0x80, 0x0f, 0x43, 0xff, 0xff, 0xff, 0xff, 0xff, 0xe0,
    0x3d, 0xff, 0xff, 0xff, 0xff, 0xff, 0xff, 0xff, 0xff, 0xff, 0x0f, 0x1b, 0xff, 0xff, 0xff, 0xff, 0xff, 0xe0,
    0x7d, 0xff, 0xff, 0xff, 0xff, 0xff, 0xff, 0xff, 0xff, 0xfe, 0x8f, 0x24, 0x1f, 0xff, 0xff, 0xff, 0xff, 0xe0,
    0x6d, 0xff, 0xff, 0xff, 0xff, 0xff, 0xff, 0xff, 0xff, 0xfd, 0x8f, 0xe4, 0x1f, 0xff, 0xff, 0xff, 0xff, 0xe0,
    0x7d, 0xff, 0xff, 0xff, 0xff, 0xff, 0xff, 0xff, 0xff, 0xfb, 0x8f, 0x00, 0x7f, 0xff, 0xff, 0xff, 0xff, 0xe0,
    0x3d, 0xff, 0xff, 0xff, 0xff, 0xff, 0xff, 0xff, 0xff, 0xf7, 0x90, 0x00, 0x7f, 0xff, 0xff, 0xff, 0xff, 0xe0,
    0x7d, 0xff, 0xff, 0xff, 0xff, 0xff, 0xff, 0xff, 0xff, 0xef, 0x90, 0x00, 0x7f, 0xff, 0xff, 0xff, 0xff, 0xe0,
    0x6d, 0xff, 0xff, 0xff, 0xff, 0xff, 0xff, 0xff, 0xff, 0xdf, 0x90, 0x04, 0x1f, 0xff, 0xff, 0xff, 0xff, 0xe0,
    0x7d, 0xff, 0xff, 0xff, 0xff, 0xff, 0xff, 0xff, 0xff, 0xff, 0x9e, 0x00, 0xff, 0xff, 0xff, 0xff, 0xff, 0xe0,
    0x3d, 0xff, 0xff, 0xff, 0xff, 0xff, 0xff, 0xff, 0xff, 0xff, 0x9e, 0x00, 0xff, 0xff, 0xff, 0xff, 0xff, 0xe0,
    0x7d, 0xff, 0xff, 0xff, 0xff, 0xff, 0xff, 0xff, 0xff, 0xff, 0x90, 0x07, 0xff, 0xff, 0xff, 0xff, 0xff, 0xe0,
    0x6d, 0xff, 0xff, 0xff, 0xff, 0xff, 0xff, 0xff, 0xff, 0xff, 0x90, 0x07, 0xff, 0xff, 0xff, 0xff, 0xff, 0xe0,
    0x7d, 0xff, 0xff, 0xff, 0xff, 0xff, 0xff, 0xff, 0xff, 0xff, 0x90, 0x07, 0xff, 0xff, 0xff, 0xff, 0xff, 0xe0,
    0x3d, 0xff, 0xff, 0xff, 0xff, 0xff, 0xff, 0xff, 0xff, 0xff, 0x9e, 0x07, 0xff, 0xff, 0xff, 0xff, 0xff, 0xe0,
    0x7d, 0xff, 0xff, 0xff, 0xff, 0xff, 0xff, 0xff, 0xff, 0xff, 0x9e, 0x07, 0xff, 0xff, 0xff, 0xff, 0xff, 0xe0,
    0x6d, 0xff, 0xff, 0xff, 0xff, 0xff, 0xff, 0xff, 0xff, 0xff, 0x9e, 0x07, 0xff, 0xff, 0xff, 0xff, 0xff, 0xe0,
    0x7d, 0xff, 0xff, 0xff, 0xff, 0xff, 0xff, 0xff, 0xff, 0xff, 0x9e, 0x07, 0xff, 0xff, 0xff, 0xff, 0xff, 0xe0,
    0x3d, 0xff, 0xff, 0xff, 0xff, 0xff, 0xff, 0xff, 0xff, 0xff, 0x98, 0x07, 0xff, 0xff, 0xff, 0xff, 0xff, 0xe0,
    0x7d, 0xff, 0xff, 0xff, 0xff, 0xff, 0xff, 0xff, 0xff, 0xff, 0x98, 0x07, 0xff, 0xff, 0xff, 0xff, 0xff, 0xe0,
    0x6d, 0xff, 0xff, 0xff, 0xff, 0xff, 0xff, 0xff, 0xff, 0xdf, 0x98, 0x07, 0xff, 0xff, 0xff, 0xff, 0xff, 0xe0,
    0x7d, 0xff, 0xff, 0xff, 0xff, 0xff, 0xff, 0xff, 0xff, 0xef, 0x90, 0x07, 0xff, 0xff, 0xff, 0xff, 0xff, 0xe0,
    0x3d, 0xff, 0xff, 0xff, 0xff, 0xff, 0xff, 0xff, 0xff, 0xf7, 0x90, 0x07, 0xff, 0xff, 0xff, 0xff, 0xff, 0xe0,
    0x7d, 0xff, 0xff, 0xff, 0xff, 0xff, 0xff, 0xff, 0xff, 0xfb, 0x90, 0x07, 0xff, 0xff, 0xff, 0xff, 0xff, 0xe0,
    0x6d, 0xff, 0xff, 0xff, 0xff, 0xff, 0xff, 0xff, 0xff, 0xfd, 0x9e, 0x07, 0xff, 0xff, 0xff, 0xff, 0xff, 0xe0,
    0x7d, 0xff, 0xff, 0xff, 0xff, 0xff, 0xff, 0xff, 0xff, 0xfe, 0x9e, 0x07, 0xff, 0xff, 0xff, 0xff, 0xff, 0xe0,
    0x3d, 0xff, 0xff, 0xff, 0xff, 0xff, 0xff, 0xff, 0xff, 0xff, 0x18, 0x07, 0xff, 0xff, 0xff, 0xff, 0xff, 0xe0,
    0x7d, 0xff, 0xff, 0xff, 0xff, 0xff, 0xff, 0xff, 0xff, 0x80, 0x10, 0x1f, 0xff, 0xff, 0xff, 0xff, 0xff, 0xe0,
    0x6d, 0xff, 0xff, 0xff, 0xff, 0xe7, 0xff, 0xff, 0xff, 0x80, 0x10, 0x1f, 0xff, 0xff, 0xff, 0xff, 0xff, 0xe0,
    0x7d, 0xff, 0xff, 0xff, 0xff, 0xe7, 0xff, 0xff, 0xff, 0xff, 0x97, 0xdf, 0xff, 0xff, 0xff, 0xff, 0xff, 0xe0,
    0x3d, 0xff, 0xff, 0xff, 0xff, 0xe7, 0xff, 0xff, 0xff, 0xff, 0x9f, 0xdf, 0xff, 0xff, 0xff, 0xff, 0xff, 0xe0,
    0x7d, 0xff, 0xff, 0xff, 0xe0, 0x07, 0xff, 0xff, 0xff, 0xff, 0x9f, 0xdf, 0xff, 0xff, 0xff, 0xff, 0xff, 0xe0,
    0x6d, 0xff, 0xff, 0xff, 0xe0, 0x07, 0xff, 0xff, 0xff, 0xff, 0x9f, 0x3f, 0x9f, 0xff, 0xff, 0xff, 0xff, 0xe0,
    0x7d, 0xff, 0xff, 0xff, 0xff, 0xc7, 0xff, 0xff, 0xff, 0xff, 0xff, 0xff, 0x9f, 0xff, 0xff, 0xff, 0xff, 0xe0,
    0x3d, 0xff, 0xff, 0xff, 0xff, 0xa7, 0xff, 0xff, 0xff, 0xff, 0xff, 0xff, 0x80, 0x00, 0x00, 0x00, 0x0f, 0xe0,
    0x7d, 0xff, 0xff, 0xff, 0xff, 0x67, 0xff, 0xff, 0xff, 0xff, 0xff, 0xff, 0x80, 0x00, 0x00, 0x00, 0x0f, 0xe0,
    0x6d, 0xff, 0xff, 0xff, 0xfe, 0xe7, 0xff, 0xff, 0xff, 0xff, 0xff, 0xff, 0x87, 0xff, 0xef, 0xff, 0xcf, 0xe0,
    0x7d, 0xff, 0xff, 0xff, 0xfd, 0xe7, 0xff, 0xff, 0xff, 0xff, 0xff, 0xff, 0x87, 0xff, 0xef, 0xff, 0xcf, 0xe0,
    0x3d, 0xff, 0xff, 0xff, 0xfb, 0xe7, 0xff, 0xff, 0xff, 0xff, 0xff, 0xff, 0x87, 0xff, 0xef, 0xff, 0xcf, 0xe0,
    0x7d, 0xff, 0xff, 0xff, 0xf7, 0xe7, 0xff, 0xff, 0xff, 0xff, 0xff, 0xff, 0x87, 0xff, 0xed, 0xff, 0xcf, 0xe0,
    0x6d, 0xff, 0xff, 0xff, 0xff, 0xe7, 0xff, 0xff, 0xff, 0xff, 0xff, 0xff, 0x87, 0xff, 0xef, 0xfb, 0xcf, 0xe0,
    0x7d, 0xff, 0xff, 0xff, 0xff, 0xe7, 0xff, 0xff, 0xff, 0xff, 0xff, 0xff, 0x87, 0xff, 0xef, 0xff, 0xcf, 0xe0,
    0x3d, 0xff, 0xff, 0xff, 0xff, 0xe7, 0xff, 0xff, 0xff, 0xff, 0xff, 0xff, 0x87, 0xff, 0xef, 0xff, 0xcf, 0xe0,
    0x7d, 0xff, 0xff, 0xff, 0xff, 0xe7, 0xff, 0xff, 0xff, 0xff, 0xff, 0xff, 0x87, 0xff, 0xef, 0xff, 0xcf, 0xe0,
    0x6d, 0xff, 0xff, 0xff, 0xff, 0xe7, 0xff, 0xff, 0xff, 0xff, 0xff, 0xff, 0x87, 0xff, 0xef, 0xff, 0xcf, 0xe0,
    0x7d, 0xff, 0xff, 0xff, 0xff, 0xe7, 0xff, 0xff, 0xff, 0xff, 0xff, 0xff, 0x87, 0xff, 0xef, 0xff, 0xcf, 0xe0,
    0x3d, 0x87, 0xff, 0xff, 0xff, 0xe7, 0xff, 0xff, 0xff, 0xff, 0xff, 0xff, 0x80, 0x00, 0x00, 0x00, 0x0f, 0xe0,
    0x7d, 0x23, 0xff, 0xff, 0xff, 0xe7, 0xff, 0xff, 0xff, 0xff, 0xff, 0xff, 0x87, 0xff, 0xef, 0xff, 0xcf, 0xe0,
    0x6d, 0x93, 0xff, 0xff, 0xff, 0xe7, 0xff, 0xff, 0xff, 0xff, 0xff, 0xff, 0x87, 0xff, 0xef, 0xff, 0xcf, 0xe0,
    0x7d, 0x4b, 0xff, 0xff, 0xff, 0xe7, 0xff, 0xff, 0xff, 0xff, 0xff, 0xff, 0x87, 0xff, 0xef, 0xc7, 0xcf, 0xe0,
    0x3c, 0x25, 0xff, 0xff, 0xff, 0xe7, 0xff, 0xff, 0xff, 0xff, 0xff, 0xff, 0x87, 0xff, 0xef, 0x83, 0xcf, 0xe0,
    0x7d, 0x93, 0xff, 0xff, 0xf7, 0xe7, 0xff, 0xff, 0xff, 0xff, 0xff, 0xff, 0x87, 0xff, 0xef, 0x1d, 0xcf, 0xe0,
    0x6d, 0x4b, 0xff, 0xff, 0xfb, 0xe7, 0xff, 0xff, 0xff, 0xff, 0xff, 0xff, 0x87, 0xff, 0xef, 0x3f, 0xcf, 0xe0,
    0x7d, 0x23, 0xff, 0xff, 0xfd, 0xe7, 0xff, 0xff, 0xff, 0xff, 0xff, 0xff, 0x87, 0xff, 0xef, 0x3f, 0xcf, 0xe0,
    0x3d, 0x07, 0xff, 0xff, 0xfe, 0xe7, 0xff, 0xff, 0xff, 0xff, 0xff, 0xff, 0x87, 0xff, 0xef, 0xbf, 0xcf, 0xe0,
    0x7d, 0x7f, 0xff, 0xff, 0xff, 0x67, 0xff, 0xff, 0xff, 0xff, 0xff, 0xff, 0x87, 0xff, 0xef, 0xff, 0xcf, 0xe0,
    0x6d, 0x7f, 0xff, 0xff, 0xff, 0xa7, 0xff, 0xff, 0xff, 0xff, 0xff, 0xff, 0x87, 0xff, 0xef, 0xff, 0xcf, 0xe0,
    0x7c, 0x7f, 0xff, 0xff, 0xff, 0xc7, 0xff, 0xff, 0xff, 0xff, 0xff, 0xff, 0x87, 0xff, 0xef, 0xff, 0xcf, 0xe0,
    0x3c, 0xff, 0xff, 0xff, 0xe0, 0x07, 0xff, 0xff, 0xff, 0xff, 0xff, 0xff, 0x80, 0x00, 0x00, 0x00, 0x0f, 0xe0,
    0x7c, 0xff, 0xff, 0xff, 0xe0, 0x07, 0xff, 0xff, 0xff, 0xff, 0xff, 0xff, 0x80, 0x00, 0x00, 0x00, 0x0f, 0xe0,
    0x6c, 0xff, 0xff, 0xff, 0xff, 0xe7, 0xff, 0xff, 0xff, 0xff, 0xff, 0xff, 0x9f, 0xff, 0xff, 0xff, 0xff, 0xe0,
    0x7d, 0xff, 0xff, 0xff, 0xff, 0xe7, 0xff, 0xff, 0xff, 0xff, 0xff, 0xff, 0x9f, 0xff, 0xff, 0xff, 0xff, 0xe0,
    0x3d, 0xff, 0xff, 0xff, 0xff, 0xff, 0xff, 0xff, 0xff, 0xff, 0xff, 0xff, 0xff, 0xff, 0xff, 0xff, 0xff, 0xe0,
    0x00, 0x00, 0x00, 0x00, 0x00, 0x00, 0x00, 0x00, 0x00, 0x00, 0x00, 0x00, 0x00, 0x00, 0x00, 0x00, 0x00, 0x00,
};

static const lv_img_dsc_t cat28 = {
    .header.cf = LV_IMG_CF_INDEXED_1BIT,
    .header.always_zero = 0,
    .header.reserved = 0,
    .header.w = 140,
    .header.h = 68,
    .data_size = 1232,
    .data = cat28_map,
};

static const LV_ATTRIBUTE_MEM_ALIGN LV_ATTRIBUTE_LARGE_CONST uint8_t cat29_map[] = {
#if CONFIG_NICE_VIEW_WIDGET_INVERTED
    0xff, 0xff, 0xff, 0xff, /*Color of index 0*/
    0x00, 0x00, 0x00, 0xff, /*Color of index 1*/
#else
    0x00, 0x00, 0x00, 0xff, /*Color of index 0*/
    0xff, 0xff, 0xff, 0xff, /*Color of index 1*/
#endif
    0x00, 0x00, 0x00, 0x00, 0x00, 0x00, 0x00, 0x00, 0x00, 0x00, 0x00, 0x00, 0x00, 0x00, 0x00, 0x00, 0x00, 0x00,
    0x7d, 0xff, 0xff, 0xff, 0xff, 0xff, 0xff, 0xff, 0xff, 0xff, 0xff, 0xff, 0xff, 0xff, 0xff, 0xff, 0xff, 0xe0,
    0x3d, 0xff, 0xff, 0xff, 0xff, 0xff, 0xff, 0xff, 0xff, 0xff, 0x9f, 0xff, 0xff, 0xff, 0xff, 0xff, 0xff, 0xe0,
    0x7d, 0xff, 0xff, 0xff, 0xff, 0xff, 0xff, 0xff, 0xff, 0xff, 0x9f, 0xff, 0xff, 0xff, 0xff, 0xff, 0xff, 0xe0,
    0x6d, 0xff, 0xff, 0xff, 0xff, 0xff, 0xff, 0xff, 0xff, 0x80, 0x00, 0x79, 0xff, 0xff, 0xff, 0xff, 0xff, 0xe0,
    0x7d, 0xff, 0xff, 0xff, 0xff, 0xff, 0xff, 0xff, 0xff, 0x80, 0x0f, 0x43, 0xff, 0xff, 0xff, 0xff, 0xff, 0xe0,
    0x3d, 0xff, 0xff, 0xff, 0xff, 0xff, 0xff, 0xff, 0xff, 0xff, 0x0f, 0x00, 0xff, 0xff, 0xff, 0xff, 0xff, 0xe0,
    0x7d, 0xff, 0xff, 0xff, 0xff, 0xff, 0xff, 0xff, 0xff, 0xfe, 0x8f, 0x00, 0xff, 0xff, 0xff, 0xff, 0xff, 0xe0,
    0x6d, 0xff, 0xff, 0xff, 0xff, 0xff, 0xff, 0xff, 0xff, 0xfd, 0x8f, 0x47, 0xff, 0xff, 0xff, 0xff, 0xff, 0xe0,
    0x7d, 0xff, 0xff, 0xff, 0xff, 0xff, 0xff, 0xff, 0xff, 0xfb, 0x80, 0x73, 0xff, 0xff, 0xff, 0xff, 0xff, 0xe0,
    0x3d, 0xff, 0xff, 0xff, 0xff, 0xff, 0xff, 0xff, 0xff, 0xf7, 0x9f, 0xff, 0xff, 0xff, 0xff, 0xff, 0xff, 0xe0,
    0x7d, 0xff, 0xff, 0xff, 0xff, 0xff, 0xff, 0xff, 0xff, 0xef, 0x9f, 0x07, 0xff, 0xff, 0xff, 0xff, 0xff, 0xe0,
    0x6d, 0xff, 0xff, 0xff, 0xff, 0xff, 0xff, 0xff, 0xff, 0xdf, 0x9f, 0x07, 0xff, 0xff, 0xff, 0xff, 0xff, 0xe0,
    0x7d, 0xff, 0xff, 0xff, 0xff, 0xff, 0xff, 0xff, 0xff, 0xff, 0x9e, 0xfb, 0xff, 0xff, 0xff, 0xff, 0xff, 0xe0,
    0x3d, 0xff, 0xff, 0xff, 0xff, 0xff, 0xff, 0xff, 0xff, 0xff, 0x99, 0xe7, 0xff, 0xff, 0xff, 0xff, 0xff, 0xe0,
    0x7d, 0xff, 0xff, 0xff, 0xff, 0xff, 0xff, 0xff, 0xff, 0xff, 0x99, 0xe7, 0xff, 0xff, 0xff, 0xff, 0xff, 0xe0,
    0x6d, 0xff, 0xff, 0xff, 0xff, 0xff, 0xff, 0xff, 0xff, 0xff, 0x99, 0xdf, 0xff, 0xff, 0xff, 0xff, 0xff, 0xe0,
    0x7d, 0xff, 0xff, 0xff, 0xff, 0xff, 0xff, 0xff, 0xff, 0xff, 0x90, 0x3f, 0xff, 0xff, 0xff, 0xff, 0xff, 0xe0,
    0x3d, 0xff, 0xff, 0xff, 0xff, 0xff, 0xff, 0xff, 0xff, 0xff, 0x90, 0x3f, 0xff, 0xff, 0xff, 0xff, 0xff, 0xe0,
    0x7d, 0xff, 0xff, 0xff, 0xff, 0xff, 0xff, 0xff, 0xff, 0xff, 0x90, 0x3f, 0xff, 0xff, 0xff, 0xff, 0xff, 0xe0,
    0x6d, 0xff, 0xff, 0xff, 0xff, 0xff, 0xff, 0xff, 0xff, 0xff, 0x90, 0x03, 0xff, 0xff, 0xff, 0xff, 0xff, 0xe0,
    0x7d, 0xff, 0xff, 0xff, 0xff, 0xff, 0xff, 0xff, 0xff, 0xff, 0x90, 0x03, 0xff, 0xff, 0xff, 0xff, 0xff, 0xe0,
    0x3d, 0xff, 0xff, 0xff, 0xff, 0xff, 0xff, 0xff, 0xff, 0xff, 0x90, 0x00, 0x7f, 0xff, 0xff, 0xff, 0xff, 0xe0,
    0x7d, 0xff, 0xff, 0xff, 0xff, 0xff, 0xff, 0xff, 0xff, 0xff, 0x90, 0x00, 0x1f, 0xff, 0xff, 0xff, 0xff, 0xe0,
    0x6d, 0xff, 0xff, 0xff, 0xff, 0xff, 0xff, 0xff, 0xff, 0xdf, 0x90, 0x00, 0x1f, 0xff, 0xff, 0xff, 0xff, 0xe0,
    0x7d, 0xff, 0xff, 0xff, 0xff, 0xff, 0xff, 0xff, 0xff, 0xef, 0x90, 0x00, 0x0f, 0xff, 0xff, 0xff, 0xff, 0xe0,
    0x3d, 0xff, 0xff, 0xff, 0xff, 0xff, 0xff, 0xff, 0xff, 0xf7, 0x90, 0x00, 0x02, 0x0f, 0xff, 0xff, 0xff, 0xe0,
    0x7d, 0xff, 0xff, 0xff, 0xff, 0xff, 0xff, 0xff, 0xff, 0xfb, 0x90, 0x00, 0x02, 0x0f, 0xff, 0xff, 0xff, 0xe0,
    0x6d, 0xff, 0xff, 0xff, 0xff, 0xff, 0xff, 0xff, 0xff, 0xfd, 0x97, 0xc0, 0x00, 0x41, 0xff, 0xff, 0xff, 0xe0,
    0x7d, 0xff, 0xff, 0xff, 0xff, 0xff, 0xff, 0xff, 0xff, 0xfe, 0x90, 0x00, 0x00, 0x07, 0xff, 0xff, 0xff, 0xe0,
    0x3d, 0xff, 0xff, 0xff, 0xff, 0xff, 0xff, 0xff, 0xff, 0xff, 0x10, 0x00, 0x00, 0x07, 0xff, 0xff, 0xff, 0xe0,
    0x7d, 0xff, 0xff, 0xff, 0xff, 0xff, 0xff, 0xff, 0xff, 0x80, 0x10, 0x00, 0x00, 0x07, 0xff, 0xff, 0xff, 0xe0,
    0x6d, 0xff, 0xff, 0xff, 0xff, 0xe7, 0xff, 0xff, 0xff, 0x80, 0x10, 0x1f, 0xfc, 0x41, 0xff, 0xff, 0xff, 0xe0,
    0x7d, 0xff, 0xff, 0xff, 0xff, 0xe7, 0xff, 0xff, 0xff, 0xff, 0x90, 0x1f, 0xfc, 0x41, 0xff, 0xff, 0xff, 0xe0,
    0x3d, 0xff, 0xff, 0xff, 0xff, 0xe7, 0xff, 0xff, 0xff, 0xff, 0x97, 0xff, 0xfe, 0x0f, 0xff, 0xff, 0xff, 0xe0,
    0x7d, 0xff, 0xff, 0xff, 0xe0, 0x07, 0xff, 0xff, 0xff, 0xff, 0x9f, 0xff, 0xff, 0xff, 0xff, 0xff, 0xff, 0xe0,
    0x6d, 0xff, 0xff, 0xff, 0xe0, 0x07, 0xff, 0xff, 0xff, 0xff, 0x9f, 0xff, 0x9f, 0xff, 0xff, 0xff, 0xff, 0xe0,
    0x7d, 0xff, 0xff, 0xff, 0xff, 0xc7, 0xff, 0xff, 0xff, 0xff, 0xff, 0xff, 0x9f, 0xff, 0xff, 0xff, 0xff, 0xe0,
    0x3d, 0xff, 0xff, 0xff, 0xff, 0xa7, 0xff, 0xff, 0xff, 0xff, 0xff, 0xff, 0x80, 0x00, 0x00, 0x00, 0x0f, 0xe0,
    0x7d, 0xff, 0xff, 0xff, 0xff, 0x67, 0xff, 0xff, 0xff, 0xff, 0xff, 0xff, 0x80, 0x00, 0x00, 0x00, 0x0f, 0xe0,
    0x6d, 0xff, 0xff, 0xff, 0xfe, 0xe7, 0xff, 0xff, 0xff, 0xff, 0xff, 0xff, 0x87, 0xff, 0xef, 0xff, 0xcf, 0xe0,
    0x7d, 0xff, 0xff, 0xff, 0xfd, 0xe7, 0xff, 0xff, 0xff, 0xff, 0xff, 0xff, 0x87, 0xff, 0xef, 0xff, 0xcf, 0xe0,
    0x3d, 0xff, 0xff, 0xff, 0xfb, 0xe7, 0xff, 0xff, 0xff, 0xff, 0xff, 0xff, 0x87, 0xff, 0xef, 0xff, 0xcf, 0xe0,
    0x7d, 0xff, 0xff, 0xff, 0xf7, 0xe7, 0xff, 0xff, 0xff, 0xff, 0xff, 0xff, 0x87, 0xff, 0xed, 0xff, 0xcf, 0xe0,
    0x6d, 0xff, 0xff, 0xff, 0xff, 0xe7, 0xff, 0xff, 0xff, 0xff, 0xff, 0xff, 0x87, 0xff, 0xef, 0xfb, 0xcf, 0xe0,
    0x7d, 0xff, 0xff, 0xff, 0xff, 0xe7, 0xff, 0xff, 0xff, 0xff, 0xff, 0xff, 0x87, 0xff, 0xef, 0xff, 0xcf, 0xe0,
    0x3d, 0xff, 0xff, 0xff, 0xff, 0xe7, 0xff, 0xff, 0xff, 0xff, 0xff, 0xff, 0x87, 0xff, 0xef, 0xff, 0xcf, 0xe0,
    0x7d, 0xff, 0xff, 0xff, 0xff, 0xe7, 0xff, 0xff, 0xff, 0xff, 0xff, 0xff, 0x87, 0xff, 0xef, 0xff, 0xcf, 0xe0,
    0x6d, 0xff, 0xff, 0xff, 0xff, 0xe7, 0xff, 0xff, 0xff, 0xff, 0xff, 0xff, 0x87, 0xff, 0xef, 0xff, 0xcf, 0xe0,
    0x7d, 0xff, 0xff, 0xff, 0xff, 0xe7, 0xff, 0xff, 0xff, 0xff, 0xff, 0xff, 0x87, 0xff, 0xef, 0xff, 0xcf, 0xe0,
    0x3d, 0x87, 0xff, 0xff, 0xff, 0xe7, 0xff, 0xff, 0xff, 0xff, 0xff, 0xff, 0x80, 0x00, 0x00, 0x00, 0x0f, 0xe0,
    0x7d, 0x23, 0xff, 0xff, 0xff, 0xe7, 0xff, 0xff, 0xff, 0xff, 0xff, 0xff, 0x87, 0xff, 0xef, 0xff, 0xcf, 0xe0,
    0x6d, 0x93, 0xff, 0xff, 0xff, 0xe7, 0xff, 0xff, 0xff, 0xff, 0xff, 0xff, 0x87, 0xff, 0xef, 0xff, 0xcf, 0xe0,
    0x7d, 0x4b, 0xff, 0xff, 0xff, 0xe7, 0xff, 0xff, 0xff, 0xff, 0xff, 0xff, 0x87, 0xff, 0xef, 0xc7, 0xcf, 0xe0,
    0x3c, 0x25, 0xff, 0xff, 0xff, 0xe7, 0xff, 0xff, 0xff, 0xff, 0xff, 0xff, 0x87, 0xff, 0xef, 0x83, 0xcf, 0xe0,
    0x7d, 0x93, 0xff, 0xff, 0xf7, 0xe7, 0xff, 0xff, 0xff, 0xff, 0xff, 0xff, 0x87, 0xff, 0xef, 0x1d, 0xcf, 0xe0,
    0x6d, 0x4b, 0xff, 0xff, 0xfb, 0xe7, 0xff, 0xff, 0xff, 0xff, 0xff, 0xff, 0x87, 0xff, 0xef, 0x3f, 0xcf, 0xe0,
    0x7d, 0x23, 0xff, 0xff, 0xfd, 0xe7, 0xff, 0xff, 0xff, 0xff, 0xff, 0xff, 0x87, 0xef, 0xef, 0x3f, 0xcf, 0xe0,
    0x3d, 0x07, 0xff, 0xff, 0xfe, 0xe7, 0xff, 0xff, 0xff, 0xff, 0xff, 0xff, 0x87, 0xff, 0xef, 0xbf, 0xcf, 0xe0,
    0x7d, 0x7f, 0xff, 0xff, 0xff, 0x67, 0xff, 0xff, 0xff, 0xff, 0xff, 0xff, 0x87, 0xff, 0xef, 0xff, 0xcf, 0xe0,
    0x6d, 0x7f, 0xff, 0xff, 0xff, 0xa7, 0xff, 0xff, 0xff, 0xff, 0xff, 0xff, 0x87, 0xff, 0xef, 0xff, 0xcf, 0xe0,
    0x7c, 0x7f, 0xff, 0xff, 0xff, 0xc7, 0xff, 0xff, 0xff, 0xff, 0xff, 0xff, 0x87, 0xff, 0xef, 0xff, 0xcf, 0xe0,
    0x3c, 0xff, 0xff, 0xff, 0xe0, 0x07, 0xff, 0xff, 0xff, 0xff, 0xff, 0xff, 0x80, 0x00, 0x00, 0x00, 0x0f, 0xe0,
    0x7c, 0xff, 0xff, 0xff, 0xe0, 0x07, 0xff, 0xff, 0xff, 0xff, 0xff, 0xff, 0x80, 0x00, 0x00, 0x00, 0x0f, 0xe0,
    0x6c, 0xff, 0xff, 0xff, 0xff, 0xe7, 0xff, 0xff, 0xff, 0xff, 0xff, 0xff, 0x9f, 0xff, 0xff, 0xff, 0xff, 0xe0,
    0x7d, 0xff, 0xff, 0xff, 0xff, 0xe7, 0xff, 0xff, 0xff, 0xff, 0xff, 0xff, 0x9f, 0xff, 0xff, 0xff, 0xff, 0xe0,
    0x3d, 0xff, 0xff, 0xff, 0xff, 0xff, 0xff, 0xff, 0xff, 0xff, 0xff, 0xff, 0xff, 0xff, 0xff, 0xff, 0xff, 0xe0,
    0x00, 0x00, 0x00, 0x00, 0x00, 0x00, 0x00, 0x00, 0x00, 0x00, 0x00, 0x00, 0x00, 0x00, 0x00, 0x00, 0x00, 0x00,
};

static const lv_img_dsc_t cat29 = {
    .header.cf = LV_IMG_CF_INDEXED_1BIT,
    .header.always_zero = 0,
    .header.reserved = 0,
    .header.w = 140,
    .header.h = 68,
    .data_size = 1232,
    .data = cat29_map,
};

static const LV_ATTRIBUTE_MEM_ALIGN LV_ATTRIBUTE_LARGE_CONST uint8_t cat30_map[] = {
#if CONFIG_NICE_VIEW_WIDGET_INVERTED
    0xff, 0xff, 0xff, 0xff, /*Color of index 0*/
    0x00, 0x00, 0x00, 0xff, /*Color of index 1*/
#else
    0x00, 0x00, 0x00, 0xff, /*Color of index 0*/
    0xff, 0xff, 0xff, 0xff, /*Color of index 1*/
#endif
    0x00, 0x00, 0x00, 0x00, 0x00, 0x00, 0x00, 0x00, 0x00, 0x00, 0x00, 0x00, 0x00, 0x00, 0x00, 0x00, 0x00, 0x00,
    0x7d, 0xff, 0xff, 0xff, 0xff, 0xff, 0xff, 0xff, 0xff, 0xff, 0xff, 0xff, 0xff, 0xff, 0xff, 0xff, 0xff, 0xe0,
    0x3d, 0xff, 0xff, 0xff, 0xff, 0xff, 0xff, 0xff, 0xff, 0xff, 0x9f, 0xff, 0xff, 0xff, 0xff, 0xff, 0xff, 0xe0,
    0x7d, 0xff, 0xff, 0xff, 0xff, 0xff, 0xff, 0xff, 0xff, 0xff, 0x9f, 0xff, 0xff, 0xff, 0xff, 0xff, 0xff, 0xe0,
    0x6d, 0xff, 0xff, 0xff, 0xff, 0xff, 0xff, 0xff, 0xff, 0x80, 0x00, 0x79, 0xff, 0xff, 0xff, 0xff, 0xff, 0xe0,
    0x7d, 0xff, 0xff, 0xff, 0xff, 0xff, 0xff, 0xff, 0xff, 0x80, 0x0f, 0x43, 0xff, 0xff, 0xff, 0xff, 0xff, 0xe0,
    0x3d, 0xff, 0xff, 0xff, 0xff, 0xff, 0xff, 0xff, 0xff, 0xff, 0x0f, 0x00, 0xff, 0xff, 0xff, 0xff, 0xff, 0xe0,
    0x7d, 0xff, 0xff, 0xff, 0xff, 0xff, 0xff, 0xff, 0xff, 0xfe, 0x8f, 0x00, 0xff, 0xff, 0xff, 0xff, 0xff, 0xe0,
    0x6d, 0xff, 0xff, 0xff, 0xff, 0xff, 0xff, 0xff, 0xff, 0xfd, 0x8f, 0x47, 0xff, 0xff, 0xff, 0xff, 0xff, 0xe0,
    0x7d, 0xff, 0xff, 0xff, 0xff, 0xff, 0xff, 0xff, 0xff, 0xfb, 0x80, 0x73, 0xff, 0xff, 0xff, 0xff, 0xff, 0xe0,
    0x3d, 0xff, 0xff, 0xff, 0xff, 0xff, 0xff, 0xff, 0xff, 0xf7, 0x9f, 0xff, 0xff, 0xff, 0xff, 0xff, 0xff, 0xe0,
    0x7d, 0xff, 0xff, 0xff, 0xff, 0xff, 0xff, 0xff, 0xff, 0xef, 0x9f, 0x07, 0xff, 0xff, 0xff, 0xff, 0xff, 0xe0,
    0x6d, 0xff, 0xff, 0xff, 0xff, 0xff, 0xff, 0xff, 0xff, 0xdf, 0x9f, 0x07, 0xff, 0xff, 0xff, 0xff, 0xff, 0xe0,
    0x7d, 0xff, 0xff, 0xff, 0xff, 0xff, 0xff, 0xff, 0xff, 0xff, 0x9e, 0xfb, 0xff, 0xff, 0xff, 0xff, 0xff, 0xe0,
    0x3d, 0xff, 0xff, 0xff, 0xff, 0xff, 0xff, 0xff, 0xff, 0xff, 0x99, 0xe7, 0xff, 0xff, 0xff, 0xff, 0xff, 0xe0,
    0x7d, 0xff, 0xff, 0xff, 0xff, 0xff, 0xff, 0xff, 0xff, 0xff, 0x99, 0xe7, 0xff, 0xff, 0xff, 0xff, 0xff, 0xe0,
    0x6d, 0xff, 0xff, 0xff, 0xff, 0xff, 0xff, 0xff, 0xff, 0xff, 0x99, 0xdf, 0xff, 0xff, 0xff, 0xff, 0xff, 0xe0,
    0x7d, 0xff, 0xff, 0xff, 0xff, 0xff, 0xff, 0xff, 0xff, 0xff, 0x90, 0x3f, 0xff, 0xff, 0xff, 0xff, 0xff, 0xe0,
    0x3d, 0xff, 0xff, 0xff, 0xff, 0xff, 0xff, 0xff, 0xff, 0xff, 0x90, 0x3f, 0xff, 0xff, 0xff, 0xff, 0xff, 0xe0,
    0x7d, 0xff, 0xff, 0xff, 0xff, 0xff, 0xff, 0xff, 0xff, 0xff, 0x90, 0x3f, 0xff, 0xff, 0xff, 0xff, 0xff, 0xe0,
    0x6d, 0xff, 0xff, 0xff, 0xff, 0xff, 0xff, 0xff, 0xff, 0xff, 0x90, 0x03, 0xff, 0xff, 0xff, 0xff, 0xff, 0xe0,
    0x7d, 0xff, 0xff, 0xff, 0xff, 0xff, 0xff, 0xff, 0xff, 0xff, 0x90, 0x03, 0xff, 0xff, 0xff, 0xff, 0xff, 0xe0,
    0x3d, 0xff, 0xff, 0xff, 0xff, 0xff, 0xff, 0xff, 0xff, 0xff, 0x90, 0x00, 0x7f, 0xff, 0xff, 0xff, 0xff, 0xe0,
    0x7d, 0xff, 0xff, 0xff, 0xff, 0xff, 0xff, 0xff, 0xff, 0xff, 0x90, 0x00, 0x1f, 0xff, 0xff, 0xff, 0xff, 0xe0,
    0x6d, 0xff, 0xff, 0xff, 0xff, 0xff, 0xff, 0xff, 0xff, 0xdf, 0x90, 0x00, 0x1f, 0xff, 0xff, 0xff, 0xff, 0xe0,
    0x7d, 0xff, 0xff, 0xff, 0xff, 0xff, 0xff, 0xff, 0xff, 0xef, 0x90, 0x00, 0x0f, 0xff, 0xff, 0xff, 0xff, 0xe0,
    0x3d, 0xff, 0xff, 0xff, 0xff, 0xff, 0xff, 0xff, 0xff, 0xf7, 0x90, 0x00, 0x02, 0x0f, 0xff, 0xff, 0xff, 0xe0,
    0x7d, 0xff, 0xff, 0xff, 0xff, 0xff, 0xff, 0xff, 0xff, 0xfb, 0x90, 0x00, 0x02, 0x0f, 0xff, 0xff, 0xff, 0xe0,
    0x6d, 0xff, 0xff, 0xff, 0xff, 0xff, 0xff, 0xff, 0xff, 0xfd, 0x97, 0xc0, 0x00, 0x41, 0xff, 0xff, 0xff, 0xe0,
    0x7d, 0xff, 0xff, 0xff, 0xff, 0xff, 0xff, 0xff, 0xff, 0xfe, 0x90, 0x00, 0x00, 0x07, 0xff, 0xff, 0xff, 0xe0,
    0x3d, 0xff, 0xff, 0xff, 0xff, 0xff, 0xff, 0xff, 0xff, 0xff, 0x10, 0x00, 0x00, 0x07, 0xff, 0xff, 0xff, 0xe0,
    0x7d, 0xff, 0xff, 0xff, 0xff, 0xff, 0xff, 0xff, 0xff, 0x80, 0x10, 0x00, 0x00, 0x07, 0xff, 0xff, 0xff, 0xe0,
    0x6d, 0xff, 0xff, 0xff, 0xff, 0xe7, 0xff, 0xff, 0xff, 0x80, 0x10, 0x1f, 0xfc, 0x41, 0xff, 0xff, 0xff, 0xe0,
    0x7d, 0xff, 0xff, 0xff, 0xff, 0xe7, 0xff, 0xff, 0xff, 0xff, 0x90, 0x1f, 0xfc, 0x41, 0xff, 0xff, 0xff, 0xe0,
    0x3d, 0xff, 0xff, 0xff, 0xff, 0xe7, 0xff, 0xff, 0xff, 0xff, 0x97, 0xff, 0xfe, 0x0f, 0xff, 0xff, 0xff, 0xe0,
    0x7d, 0xff, 0xff, 0xff, 0xe0, 0x07, 0xff, 0xff, 0xff, 0xff, 0x9f, 0xff, 0xff, 0xff, 0xff, 0xff, 0xff, 0xe0,
    0x6d, 0xff, 0xff, 0xff, 0xe0, 0x07, 0xff, 0xff, 0xff, 0xff, 0x9f, 0xff, 0x9f, 0xff, 0xff, 0xff, 0xff, 0xe0,
    0x7d, 0xff, 0xff, 0xff, 0xff, 0xc7, 0xff, 0xff, 0xff, 0xff, 0xff, 0xff, 0x9f, 0xff, 0xff, 0xff, 0xff, 0xe0,
    0x3d, 0xff, 0xff, 0xff, 0xff, 0xa7, 0xff, 0xff, 0xff, 0xff, 0xff, 0xff, 0x80, 0x00, 0x00, 0x00, 0x0f, 0xe0,
    0x7d, 0xff, 0xff, 0xff, 0xff, 0x67, 0xff, 0xff, 0xff, 0xff, 0xff, 0xff, 0x80, 0x00, 0x00, 0x00, 0x0f, 0xe0,
    0x6d, 0xff, 0xff, 0xff, 0xfe, 0xe7, 0xff, 0xff, 0xff, 0xff, 0xff, 0xff, 0x87, 0xff, 0xef, 0xff, 0xcf, 0xe0,
    0x7d, 0xff, 0xff, 0xff, 0xfd, 0xe7, 0xff, 0xff, 0xff, 0xff, 0xff, 0xff, 0x87, 0xff, 0xef, 0xff, 0xcf, 0xe0,
    0x3d, 0xff, 0xff, 0xff, 0xfb, 0xe7, 0xff, 0xff, 0xff, 0xff, 0xff, 0xff, 0x87, 0xff, 0xef, 0xff, 0xcf, 0xe0,
    0x7d, 0xff, 0xff, 0xff, 0xf7, 0xe7, 0xff, 0xff, 0xff, 0xff, 0xff, 0xff, 0x87, 0xff, 0xed, 0xff, 0xcf, 0xe0,
    0x6d, 0xff, 0xff, 0xff, 0xff, 0xe7, 0xff, 0xff, 0xff, 0xff, 0xff, 0xff, 0x87, 0xff, 0xef, 0xfb, 0xcf, 0xe0,
    0x7d, 0xff, 0xff, 0xff, 0xff, 0xe7, 0xff, 0xff, 0xff, 0xff, 0xff, 0xff, 0x87, 0xff, 0xef, 0xff, 0xcf, 0xe0,
    0x3d, 0xff, 0xff, 0xff, 0xff, 0xe7, 0xff, 0xff, 0xff, 0xff, 0xff, 0xff, 0x87, 0xff, 0xef, 0xff, 0xcf, 0xe0,
    0x7d, 0xff, 0xff, 0xff, 0xff, 0xe7, 0xff, 0xff, 0xff, 0xff, 0xff, 0xff, 0x87, 0xff, 0xef, 0xff, 0xcf, 0xe0,
    0x6d, 0xff, 0xff, 0xff, 0xff, 0xe7, 0xff, 0xff, 0xff, 0xff, 0xff, 0xff, 0x87, 0xff, 0xef, 0xff, 0xcf, 0xe0,
    0x7d, 0xff, 0xff, 0xff, 0xff, 0xe7, 0xff, 0xff, 0xff, 0xff, 0xff, 0xff, 0x87, 0xff, 0xef, 0xff, 0xcf, 0xe0,
    0x3d, 0x87, 0xff, 0xff, 0xff, 0xe7, 0xff, 0xff, 0xff, 0xff, 0xff, 0xff, 0x80, 0x00, 0x00, 0x00, 0x0f, 0xe0,
    0x7d, 0x23, 0xff, 0xff, 0xff, 0xe7, 0xff, 0xff, 0xff, 0xff, 0xff, 0xff, 0x87, 0xff, 0xef, 0xff, 0xcf, 0xe0,
    0x6d, 0x93, 0xff, 0xff, 0xff, 0xe7, 0xff, 0xff, 0xff, 0xff, 0xff, 0xff, 0x87, 0xff, 0xef, 0xff, 0xcf, 0xe0,
    0x7d, 0x4b, 0xff, 0xff, 0xff, 0xe7, 0xff, 0xff, 0xff, 0xff, 0xff, 0xff, 0x87, 0xff, 0xef, 0xc7, 0xcf, 0xe0,
    0x3c, 0x25, 0xff, 0xff, 0xff, 0xe7, 0xff, 0xff, 0xff, 0xff, 0xff, 0xff, 0x87, 0xff, 0xef, 0x83, 0xcf, 0xe0,
    0x7d, 0x93, 0xff, 0xff, 0xf7, 0xe7, 0xff, 0xff, 0xff, 0xff, 0xff, 0xff, 0x87, 0xff, 0xef, 0x1d, 0xcf, 0xe0,
    0x6d, 0x4b, 0xff, 0xff, 0xfb, 0xe7, 0xff, 0xff, 0xff, 0xff, 0xff, 0xff, 0x87, 0xff, 0xef, 0x3f, 0xcf, 0xe0,
    0x7d, 0x23, 0xff, 0xff, 0xfd, 0xe7, 0xff, 0xff, 0xff, 0xff, 0xff, 0xff, 0x87, 0xef, 0xef, 0x3f, 0xcf, 0xe0,
    0x3d, 0x07, 0xff, 0xff, 0xfe, 0xe7, 0xff, 0xff, 0xff, 0xff, 0xff, 0xff, 0x87, 0xff, 0xef, 0xbf, 0xcf, 0xe0,
    0x7d, 0x7f, 0xff, 0xff, 0xff, 0x67, 0xff, 0xff, 0xff, 0xff, 0xff, 0xff, 0x87, 0xff, 0xef, 0xff, 0xcf, 0xe0,
    0x6d, 0x7f, 0xff, 0xff, 0xff, 0xa7, 0xff, 0xff, 0xff, 0xff, 0xff, 0xff, 0x87, 0xff, 0xef, 0xff, 0xcf, 0xe0,
    0x7c, 0x7f, 0xff, 0xff, 0xff, 0xc7, 0xff, 0xff, 0xff, 0xff, 0xff, 0xff, 0x87, 0xff, 0xef, 0xff, 0xcf, 0xe0,
    0x3c, 0xff, 0xff, 0xff, 0xe0, 0x07, 0xff, 0xff, 0xff, 0xff, 0xff, 0xff, 0x80, 0x00, 0x00, 0x00, 0x0f, 0xe0,
    0x7c, 0xff, 0xff, 0xff, 0xe0, 0x07, 0xff, 0xff, 0xff, 0xff, 0xff, 0xff, 0x80, 0x00, 0x00, 0x00, 0x0f, 0xe0,
    0x6c, 0xff, 0xff, 0xff, 0xff, 0xe7, 0xff, 0xff, 0xff, 0xff, 0xff, 0xff, 0x9f, 0xff, 0xff, 0xff, 0xff, 0xe0,
    0x7d, 0xff, 0xff, 0xff, 0xff, 0xe7, 0xff, 0xff, 0xff, 0xff, 0xff, 0xff, 0x9f, 0xff, 0xff, 0xff, 0xff, 0xe0,
    0x3d, 0xff, 0xff, 0xff, 0xff, 0xff, 0xff, 0xff, 0xff, 0xff, 0xff, 0xff, 0xff, 0xff, 0xff, 0xff, 0xff, 0xe0,
    0x00, 0x00, 0x00, 0x00, 0x00, 0x00, 0x00, 0x00, 0x00, 0x00, 0x00, 0x00, 0x00, 0x00, 0x00, 0x00, 0x00, 0x00,
};

static const lv_img_dsc_t cat30 = {
    .header.cf = LV_IMG_CF_INDEXED_1BIT,
    .header.always_zero = 0,
    .header.reserved = 0,
    .header.w = 140,
    .header.h = 68,
    .data_size = 1232,
    .data = cat30_map,
};

static const LV_ATTRIBUTE_MEM_ALIGN LV_ATTRIBUTE_LARGE_CONST uint8_t cat31_map[] = {
#if CONFIG_NICE_VIEW_WIDGET_INVERTED
    0xff, 0xff, 0xff, 0xff, /*Color of index 0*/
    0x00, 0x00, 0x00, 0xff, /*Color of index 1*/
#else
    0x00, 0x00, 0x00, 0xff, /*Color of index 0*/
    0xff, 0xff, 0xff, 0xff, /*Color of index 1*/
#endif
    0x00, 0x00, 0x00, 0x00, 0x00, 0x00, 0x00, 0x00, 0x00, 0x00, 0x00, 0x00, 0x00, 0x00, 0x00, 0x00, 0x00, 0x00,
    0x7d, 0xff, 0xff, 0xff, 0xff, 0xff, 0xff, 0xff, 0xff, 0xff, 0xff, 0xff, 0xff, 0xff, 0xff, 0xff, 0xff, 0xe0,
    0x3d, 0xff, 0xff, 0xff, 0xff, 0xff, 0xff, 0xff, 0xff, 0xff, 0x9f, 0xff, 0xff, 0xff, 0xff, 0xff, 0xff, 0xe0,
    0x7d, 0xff, 0xff, 0xff, 0xff, 0xff, 0xff, 0xff, 0xff, 0xff, 0x9f, 0xff, 0xff, 0xff, 0xff, 0xff, 0xff, 0xe0,
    0x6d, 0xff, 0xff, 0xff, 0xff, 0xff, 0xff, 0xff, 0xff, 0x80, 0x00, 0x79, 0xff, 0xff, 0xff, 0xff, 0xff, 0xe0,
    0x7d, 0xff, 0xff, 0xff, 0xff, 0xff, 0xff, 0xff, 0xff, 0x80, 0x0f, 0x43, 0xff, 0xff, 0xff, 0xff, 0xff, 0xe0,
    0x3d, 0xff, 0xff, 0xff, 0xff, 0xff, 0xff, 0xff, 0xff, 0xff, 0x0f, 0x00, 0xff, 0xff, 0xff, 0xff, 0xff, 0xe0,
    0x7d, 0xff, 0xff, 0xff, 0xff, 0xff, 0xff, 0xff, 0xff, 0xfe, 0x8f, 0x00, 0xff, 0xff, 0xff, 0xff, 0xff, 0xe0,
    0x6d, 0xff, 0xff, 0xff, 0xff, 0xff, 0xff, 0xff, 0xff, 0xfd, 0x8f, 0x47, 0xff, 0xff, 0xff, 0xff, 0xff, 0xe0,
    0x7d, 0xff, 0xff, 0xff, 0xff, 0xff, 0xff, 0xff, 0xff, 0xfb, 0x80, 0x73, 0xff, 0xff, 0xff, 0xff, 0xff, 0xe0,
    0x3d, 0xff, 0xff, 0xff, 0xff, 0xff, 0xff, 0xff, 0xff, 0xf7, 0x9f, 0xff, 0xff, 0xff, 0xff, 0xff, 0xff, 0xe0,
    0x7d, 0xff, 0xff, 0xff, 0xff, 0xff, 0xff, 0xff, 0xff, 0xef, 0x9f, 0x07, 0xff, 0xff, 0xff, 0xff, 0xff, 0xe0,
    0x6d, 0xff, 0xff, 0xff, 0xff, 0xff, 0xff, 0xff, 0xff, 0xdf, 0x9f, 0x07, 0xff, 0xff, 0xff, 0xff, 0xff, 0xe0,
    0x7d, 0xff, 0xff, 0xff, 0xff, 0xff, 0xff, 0xff, 0xff, 0xff, 0x9e, 0xfb, 0xff, 0xff, 0xff, 0xff, 0xff, 0xe0,
    0x3d, 0xff, 0xff, 0xff, 0xff, 0xff, 0xff, 0xff, 0xff, 0xff, 0x99, 0xe7, 0xff, 0xff, 0xff, 0xff, 0xff, 0xe0,
    0x7d, 0xff, 0xff, 0xff, 0xff, 0xff, 0xff, 0xff, 0xff, 0xff, 0x99, 0xe7, 0xff, 0xff, 0xff, 0xff, 0xff, 0xe0,
    0x6d, 0xff, 0xff, 0xff, 0xff, 0xff, 0xff, 0xff, 0xff, 0xff, 0x99, 0xdf, 0xff, 0xff, 0xff, 0xff, 0xff, 0xe0,
    0x7d, 0xff, 0xff, 0xff, 0xff, 0xff, 0xff, 0xff, 0xff, 0xff, 0x90, 0x3f, 0xff, 0xff, 0xff, 0xff, 0xff, 0xe0,
    0x3d, 0xff, 0xff, 0xff, 0xff, 0xff, 0xff, 0xff, 0xff, 0xff, 0x90, 0x3f, 0xff, 0xff, 0xff, 0xff, 0xff, 0xe0,
    0x7d, 0xff, 0xff, 0xff, 0xff, 0xff, 0xff, 0xff, 0xff, 0xff, 0x90, 0x3f, 0xff, 0xff, 0xff, 0xff, 0xff, 0xe0,
    0x6d, 0xff, 0xff, 0xff, 0xff, 0xff, 0xff, 0xff, 0xff, 0xff, 0x90, 0x03, 0xff, 0xff, 0xff, 0xff, 0xff, 0xe0,
    0x7d, 0xff, 0xff, 0xff, 0xff, 0xff, 0xff, 0xff, 0xff, 0xff, 0x90, 0x03, 0xff, 0xff, 0xff, 0xff, 0xff, 0xe0,
    0x3d, 0xff, 0xff, 0xff, 0xff, 0xff, 0xff, 0xff, 0xff, 0xff, 0x90, 0x00, 0x7f, 0xff, 0xff, 0xff, 0xff, 0xe0,
    0x7d, 0xff, 0xff, 0xff, 0xff, 0xff, 0xff, 0xff, 0xff, 0xff, 0x90, 0x00, 0x1f, 0xff, 0xff, 0xff, 0xff, 0xe0,
    0x6d, 0xff, 0xff, 0xff, 0xff, 0xff, 0xff, 0xff, 0xff, 0xdf, 0x90, 0x00, 0x1f, 0xff, 0xff, 0xff, 0xff, 0xe0,
    0x7d, 0xff, 0xff, 0xff, 0xff, 0xff, 0xff, 0xff, 0xff, 0xef, 0x90, 0x00, 0x0f, 0xff, 0xff, 0xff, 0xff, 0xe0,
    0x3d, 0xff, 0xff, 0xff, 0xff, 0xff, 0xff, 0xff, 0xff, 0xf7, 0x90, 0x00, 0x02, 0x0f, 0xff, 0xff, 0xff, 0xe0,
    0x7d, 0xff, 0xff, 0xff, 0xff, 0xff, 0xff, 0xff, 0xff, 0xfb, 0x90, 0x00, 0x02, 0x0f, 0xff, 0xff, 0xff, 0xe0,
    0x6d, 0xff, 0xff, 0xff, 0xff, 0xff, 0xff, 0xff, 0xff, 0xfd, 0x97, 0xc0, 0x00, 0x01, 0xff, 0xff, 0xff, 0xe0,
    0x7d, 0xff, 0xff, 0xff, 0xff, 0xff, 0xff, 0xff, 0xff, 0xfe, 0x90, 0x00, 0x00, 0x07, 0xff, 0xff, 0xff, 0xe0,
    0x3d, 0xff, 0xff, 0xff, 0xff, 0xff, 0xff, 0xff, 0xff, 0xff, 0x10, 0x00, 0x00, 0x07, 0xff, 0xff, 0xff, 0xe0,
    0x7d, 0xff, 0xff, 0xff, 0xff, 0xff, 0xff, 0xff, 0xff, 0x80, 0x10, 0x00, 0x00, 0x07, 0xff, 0xff, 0xff, 0xe0,
    0x6d, 0xff, 0xff, 0xff, 0xff, 0xe7, 0xff, 0xff, 0xff, 0x80, 0x10, 0x1f, 0xfc, 0x01, 0xff, 0xff, 0xff, 0xe0,
    0x7d, 0xff, 0xff, 0xff, 0xff, 0xe7, 0xff, 0xff, 0xff, 0xff, 0x90, 0x1f, 0xfc, 0x01, 0xff, 0xff, 0xff, 0xe0,
    0x3d, 0xff, 0xff, 0xff, 0xff, 0xe7, 0xff, 0xff, 0xff, 0xff, 0x97, 0xff, 0xfe, 0x0f, 0xff, 0xff, 0xff, 0xe0,
    0x7d, 0xff, 0xff, 0xff, 0xe0, 0x07, 0xff, 0xff, 0xff, 0xff, 0x9f, 0xff, 0xff, 0xff, 0xff, 0xff, 0xff, 0xe0,
    0x6d, 0xff, 0xff, 0xff, 0xe0, 0x07, 0xff, 0xff, 0xff, 0xff, 0x9f, 0xff, 0x9f, 0xff, 0xff, 0xff, 0xff, 0xe0,
    0x7d, 0xff, 0xff, 0xff, 0xff, 0xc7, 0xff, 0xff, 0xff, 0xff, 0xff, 0xff, 0x9f, 0xff, 0xff, 0xff, 0xff, 0xe0,
    0x3d, 0xff, 0xff, 0xff, 0xff, 0xa7, 0xff, 0xff, 0xff, 0xff, 0xff, 0xff, 0x80, 0x00, 0x00, 0x00, 0x0f, 0xe0,
    0x7d, 0xff, 0xff, 0xff, 0xff, 0x67, 0xff, 0xff, 0xff, 0xff, 0xff, 0xff, 0x80, 0x00, 0x00, 0x00, 0x0f, 0xe0,
    0x6d, 0xff, 0xff, 0xff, 0xfe, 0xe7, 0xff, 0xff, 0xff, 0xff, 0xff, 0xff, 0x87, 0xff, 0xef, 0xff, 0xcf, 0xe0,
    0x7d, 0xff, 0xff, 0xff, 0xfd, 0xe7, 0xff, 0xff, 0xff, 0xff, 0xff, 0xff, 0x87, 0xff, 0xef, 0xff, 0xcf, 0xe0,
    0x3d, 0xff, 0xff, 0xff, 0xfb, 0xe7, 0xff, 0xff, 0xff, 0xff, 0xff, 0xff, 0x87, 0xff, 0xef, 0xff, 0xcf, 0xe0,
    0x7d, 0xff, 0xff, 0xff, 0xf7, 0xe7, 0xff, 0xff, 0xff, 0xff, 0xff, 0xff, 0x87, 0xff, 0xef, 0xff, 0xcf, 0xe0,
    0x6d, 0xff, 0xff, 0xff, 0xff, 0xe7, 0xff, 0xff, 0xff, 0xff, 0xff, 0xff, 0x87, 0xff, 0xef, 0xfb, 0xcf, 0xe0,
    0x7d, 0xff, 0xff, 0xff, 0xff, 0xe7, 0xff, 0xff, 0xff, 0xff, 0xff, 0xff, 0x87, 0xff, 0xef, 0xff, 0xcf, 0xe0,
    0x3d, 0xff, 0xff, 0xff, 0xff, 0xe7, 0xff, 0xff, 0xff, 0xff, 0xff, 0xff, 0x87, 0xff, 0xef, 0xff, 0xcf, 0xe0,
    0x7d, 0xff, 0xff, 0xff, 0xff, 0xe7, 0xff, 0xff, 0xff, 0xff, 0xff, 0xff, 0x87, 0xff, 0xef, 0xff, 0xcf, 0xe0,
    0x6d, 0xff, 0xff, 0xff, 0xff, 0xe7, 0xff, 0xff, 0xff, 0xff, 0xff, 0xff, 0x87, 0xff, 0xef, 0xff, 0xcf, 0xe0,
    0x7d, 0xff, 0xff, 0xff, 0xff, 0xe7, 0xff, 0xff, 0xff, 0xff, 0xff, 0xff, 0x87, 0xff, 0xef, 0xff, 0xcf, 0xe0,
    0x3d, 0x87, 0xff, 0xff, 0xff, 0xe7, 0xff, 0xff, 0xff, 0xff, 0xff, 0xff, 0x80, 0x00, 0x00, 0x00, 0x0f, 0xe0,
    0x7d, 0x23, 0xff, 0xff, 0xff, 0xe7, 0xff, 0xff, 0xff, 0xff, 0xff, 0xff, 0x87, 0xff, 0xef, 0xff, 0xcf, 0xe0,
    0x6d, 0x93, 0xff, 0xff, 0xff, 0xe7, 0xff, 0xff, 0xff, 0xff, 0xff, 0xff, 0x87, 0xff, 0xef, 0xff, 0xcf, 0xe0,
    0x7d, 0x4b, 0xff, 0xff, 0xff, 0xe7, 0xff, 0xff, 0xff, 0xff, 0xff, 0xff, 0x87, 0xff, 0xef, 0xc7, 0xcf, 0xe0,
    0x3c, 0x25, 0xff, 0xff, 0xff, 0xe7, 0xff, 0xff, 0xff, 0xff, 0xff, 0xff, 0x87, 0xff, 0xef, 0x83, 0xcf, 0xe0,
    0x7d, 0x93, 0xff, 0xff, 0xf7, 0xe7, 0xff, 0xff, 0xff, 0xff, 0xff, 0xff, 0x87, 0xff, 0xef, 0x1d, 0xcf, 0xe0,
    0x6d, 0x4b, 0xff, 0xff, 0xfb, 0xe7, 0xff, 0xff, 0xff, 0xff, 0xff, 0xff, 0x87, 0xff, 0xef, 0x3f, 0xcf, 0xe0,
    0x7d, 0x23, 0xff, 0xff, 0xfd, 0xe7, 0xff, 0xff, 0xff, 0xff, 0xff, 0xff, 0x87, 0xef, 0xef, 0x3f, 0xcf, 0xe0,
    0x3d, 0x07, 0xff, 0xff, 0xfe, 0xe7, 0xff, 0xff, 0xff, 0xff, 0xff, 0xff, 0x87, 0xff, 0xef, 0xbf, 0xcf, 0xe0,
    0x7d, 0x7f, 0xff, 0xff, 0xff, 0x67, 0xff, 0xff, 0xff, 0xff, 0xff, 0xff, 0x87, 0xff, 0xef, 0xff, 0xcf, 0xe0,
    0x6d, 0x7f, 0xff, 0xff, 0xff, 0xa7, 0xff, 0xff, 0xff, 0xff, 0xff, 0xff, 0x87, 0xff, 0xef, 0xff, 0xcf, 0xe0,
    0x7c, 0x7f, 0xff, 0xff, 0xff, 0xc7, 0xff, 0xff, 0xff, 0xff, 0xff, 0xff, 0x87, 0xff, 0xef, 0xff, 0xcf, 0xe0,
    0x3c, 0xff, 0xff, 0xff, 0xe0, 0x07, 0xff, 0xff, 0xff, 0xff, 0xff, 0xff, 0x80, 0x00, 0x00, 0x00, 0x0f, 0xe0,
    0x7c, 0xff, 0xff, 0xff, 0xe0, 0x07, 0xff, 0xff, 0xff, 0xff, 0xff, 0xff, 0x80, 0x00, 0x00, 0x00, 0x0f, 0xe0,
    0x6c, 0xff, 0xff, 0xff, 0xff, 0xe7, 0xff, 0xff, 0xff, 0xff, 0xff, 0xff, 0x9f, 0xff, 0xff, 0xff, 0xff, 0xe0,
    0x7d, 0xff, 0xff, 0xff, 0xff, 0xe7, 0xff, 0xff, 0xff, 0xff, 0xff, 0xff, 0x9f, 0xff, 0xff, 0xff, 0xff, 0xe0,
    0x3d, 0xff, 0xff, 0xff, 0xff, 0xff, 0xff, 0xff, 0xff, 0xff, 0xff, 0xff, 0xff, 0xff, 0xff, 0xff, 0xff, 0xe0,
    0x00, 0x00, 0x00, 0x00, 0x00, 0x00, 0x00, 0x00, 0x00, 0x00, 0x00, 0x00, 0x00, 0x00, 0x00, 0x00, 0x00, 0x00,
};

static const lv_img_dsc_t cat31 = {
    .header.cf = LV_IMG_CF_INDEXED_1BIT,
    .header.always_zero = 0,
    .header.reserved = 0,
    .header.w = 140,
    .header.h = 68,
    .data_size = 1232,
    .data = cat31_map,
};

static const LV_ATTRIBUTE_MEM_ALIGN LV_ATTRIBUTE_LARGE_CONST uint8_t cat32_map[] = {
#if CONFIG_NICE_VIEW_WIDGET_INVERTED
    0xff, 0xff, 0xff, 0xff, /*Color of index 0*/
    0x00, 0x00, 0x00, 0xff, /*Color of index 1*/
#else
    0x00, 0x00, 0x00, 0xff, /*Color of index 0*/
    0xff, 0xff, 0xff, 0xff, /*Color of index 1*/
#endif
    0x00, 0x00, 0x00, 0x00, 0x00, 0x00, 0x00, 0x00, 0x00, 0x00, 0x00, 0x00, 0x00, 0x00, 0x00, 0x00, 0x00, 0x00,
    0x7d, 0xff, 0xff, 0xff, 0xff, 0xff, 0xff, 0xff, 0xff, 0xff, 0xff, 0xff, 0xff, 0xff, 0xff, 0xff, 0xff, 0xe0,
    0x3d, 0xff, 0xff, 0xff, 0xff, 0xff, 0xff, 0xff, 0xff, 0xff, 0x9f, 0xff, 0xff, 0xff, 0xff, 0xff, 0xff, 0xe0,
    0x7d, 0xff, 0xff, 0xff, 0xff, 0xff, 0xff, 0xff, 0xff, 0xff, 0x9f, 0xff, 0xff, 0xff, 0xff, 0xff, 0xff, 0xe0,
    0x6d, 0xff, 0xff, 0xff, 0xff, 0xff, 0xff, 0xff, 0xff, 0x80, 0x00, 0x79, 0xff, 0xff, 0xff, 0xff, 0xff, 0xe0,
    0x7d, 0xff, 0xff, 0xff, 0xff, 0xff, 0xff, 0xff, 0xff, 0x80, 0x0f, 0x43, 0xff, 0xff, 0xff, 0xff, 0xff, 0xe0,
    0x3d, 0xff, 0xff, 0xff, 0xff, 0xff, 0xff, 0xff, 0xff, 0xff, 0x0f, 0x00, 0xff, 0xff, 0xff, 0xff, 0xff, 0xe0,
    0x7d, 0xff, 0xff, 0xff, 0xff, 0xff, 0xff, 0xff, 0xff, 0xfe, 0x8f, 0x00, 0xff, 0xff, 0xff, 0xff, 0xff, 0xe0,
    0x6d, 0xff, 0xff, 0xff, 0xff, 0xff, 0xff, 0xff, 0xff, 0xfd, 0x8f, 0x47, 0xff, 0xff, 0xff, 0xff, 0xff, 0xe0,
    0x7d, 0xff, 0xff, 0xff, 0xff, 0xff, 0xff, 0xff, 0xff, 0xfb, 0x88, 0x73, 0xff, 0xff, 0xff, 0xff, 0xff, 0xe0,
    0x3d, 0xff, 0xff, 0xff, 0xff, 0xff, 0xff, 0xff, 0xff, 0xf7, 0x97, 0xff, 0xff, 0xff, 0xff, 0xff, 0xff, 0xe0,
    0x7d, 0xff, 0xff, 0xff, 0xff, 0xff, 0xff, 0xff, 0xff, 0xef, 0x99, 0xff, 0xff, 0xff, 0xff, 0xff, 0xff, 0xe0,
    0x6d, 0xff, 0xff, 0xff, 0xff, 0xff, 0xff, 0xff, 0xff, 0xdf, 0x99, 0xff, 0xff, 0xff, 0xff, 0xff, 0xff, 0xe0,
    0x7d, 0xff, 0xff, 0xff, 0xff, 0xff, 0xff, 0xff, 0xff, 0xff, 0x99, 0xff, 0xff, 0xff, 0xff, 0xff, 0xff, 0xe0,
    0x3d, 0xff, 0xff, 0xff, 0xff, 0xff, 0xff, 0xff, 0xff, 0xff, 0x98, 0xff, 0xff, 0xff, 0xff, 0xff, 0xff, 0xe0,
    0x7d, 0xff, 0xff, 0xff, 0xff, 0xff, 0xff, 0xff, 0xff, 0xff, 0x98, 0xff, 0xff, 0xff, 0xff, 0xff, 0xff, 0xe0,
    0x6d, 0xff, 0xff, 0xff, 0xff, 0xff, 0xff, 0xff, 0xff, 0xff, 0x9e, 0xff, 0xff, 0xff, 0xff, 0xff, 0xff, 0xe0,
    0x7d, 0xff, 0xff, 0xff, 0xff, 0xff, 0xff, 0xff, 0xff, 0xff, 0x90, 0x3f, 0xff, 0xff, 0xff, 0xff, 0xff, 0xe0,
    0x3d, 0xff, 0xff, 0xff, 0xff, 0xff, 0xff, 0xff, 0xff, 0xff, 0x90, 0x3f, 0xff, 0xff, 0xff, 0xff, 0xff, 0xe0,
    0x7d, 0xff, 0xff, 0xff, 0xff, 0xff, 0xff, 0xff, 0xff, 0xff, 0x90, 0x3f, 0xff, 0xff, 0xff, 0xff, 0xff, 0xe0,
    0x6d, 0xff, 0xff, 0xff, 0xff, 0xff, 0xff, 0xff, 0xff, 0xff, 0x90, 0x07, 0xff, 0xff, 0xff, 0xff, 0xff, 0xe0,
    0x7d, 0xff, 0xff, 0xff, 0xff, 0xff, 0xff, 0xff, 0xff, 0xff, 0x90, 0x07, 0xff, 0xff, 0xff, 0xff, 0xff, 0xe0,
    0x3d, 0xff, 0xff, 0xff, 0xff, 0xff, 0xff, 0xff, 0xff, 0xff, 0x90, 0x00, 0x7f, 0xff, 0xff, 0xff, 0xff, 0xe0,
    0x7d, 0xff, 0xff, 0xff, 0xff, 0xff, 0xff, 0xff, 0xff, 0xff, 0x90, 0x00, 0x1f, 0xff, 0xff, 0xff, 0xff, 0xe0,
    0x6d, 0xff, 0xff, 0xff, 0xff, 0xff, 0xff, 0xff, 0xff, 0xdf, 0x90, 0x00, 0x1f, 0xff, 0xff, 0xff, 0xff, 0xe0,
    0x7d, 0xff, 0xff, 0xff, 0xff, 0xff, 0xff, 0xff, 0xff, 0xef, 0x90, 0x00, 0x0f, 0xff, 0xff, 0xff, 0xff, 0xe0,
    0x3d, 0xff, 0xff, 0xff, 0xff, 0xff, 0xff, 0xff, 0xff, 0xf7, 0x90, 0x00, 0x02, 0x0f, 0xff, 0xff, 0xff, 0xe0,
    0x7d, 0xff, 0xff, 0xff, 0xff, 0xff, 0xff, 0xff, 0xff, 0xfb, 0x90, 0x00, 0x02, 0x0f, 0xff, 0xff, 0xff, 0xe0,
    0x6d, 0xff, 0xff, 0xff, 0xff, 0xff, 0xff, 0xff, 0xff, 0xfd, 0x97, 0xc0, 0x00, 0x41, 0xff, 0xff, 0xff, 0xe0,
    0x7d, 0xff, 0xff, 0xff, 0xff, 0xff, 0xff, 0xff, 0xff, 0xfe, 0x90, 0x00, 0x00, 0x07, 0xff, 0xff, 0xff, 0xe0,
    0x3d, 0xff, 0xff, 0xff, 0xff, 0xff, 0xff, 0xff, 0xff, 0xff, 0x10, 0x00, 0x00, 0x07, 0xff, 0xff, 0xff, 0xe0,
    0x7d, 0xff, 0xff, 0xff, 0xff, 0xff, 0xff, 0xff, 0xff, 0x80, 0x10, 0x00, 0x00, 0x07, 0xff, 0xff, 0xff, 0xe0,
    0x6d, 0xff, 0xff, 0xff, 0xff, 0xe7, 0xff, 0xff, 0xff, 0x80, 0x10, 0x1f, 0xfc, 0x41, 0xff, 0xff, 0xff, 0xe0,
    0x7d, 0xff, 0xff, 0xff, 0xff, 0xe7, 0xff, 0xff, 0xff, 0xff, 0x90, 0x1f, 0xfc, 0x41, 0xff, 0xff, 0xff, 0xe0,
    0x3d, 0xff, 0xff, 0xff, 0xff, 0xe7, 0xff, 0xff, 0xff, 0xff, 0x97, 0xff, 0xfe, 0x0f, 0xff, 0xff, 0xff, 0xe0,
    0x7d, 0xff, 0xff, 0xff, 0xe0, 0x07, 0xff, 0xff, 0xff, 0xff, 0x9f, 0xff, 0xff, 0xff, 0xff, 0xff, 0xff, 0xe0,
    0x6d, 0xff, 0xff, 0xff, 0xe0, 0x07, 0xff, 0xff, 0xff, 0xff, 0x9f, 0xff, 0x9f, 0xff, 0xff, 0xff, 0xff, 0xe0,
    0x7d, 0xff, 0xff, 0xff, 0xff, 0xc7, 0xff, 0xff, 0xff, 0xff, 0xff, 0xff, 0x9f, 0xff, 0xff, 0xff, 0xff, 0xe0,
    0x3d, 0xff, 0xff, 0xff, 0xff, 0xa7, 0xff, 0xff, 0xff, 0xff, 0xff, 0xff, 0x80, 0x00, 0x00, 0x00, 0x0f, 0xe0,
    0x7d, 0xff, 0xff, 0xff, 0xff, 0x67, 0xff, 0xff, 0xff, 0xff, 0xff, 0xff, 0x80, 0x00, 0x00, 0x00, 0x0f, 0xe0,
    0x6d, 0xff, 0xff, 0xff, 0xfe, 0xe7, 0xff, 0xff, 0xff, 0xff, 0xff, 0xff, 0x87, 0xff, 0xef, 0xff, 0xcf, 0xe0,
    0x7d, 0xff, 0xff, 0xff, 0xfd, 0xe7, 0xff, 0xff, 0xff, 0xff, 0xff, 0xff, 0x87, 0xff, 0xef, 0xff, 0xcf, 0xe0,
    0x3d, 0xff, 0xff, 0xff, 0xfb, 0xe7, 0xff, 0xff, 0xff, 0xff, 0xff, 0xff, 0x87, 0xff, 0xef, 0xff, 0xcf, 0xe0,
    0x7d, 0xff, 0xff, 0xff, 0xf7, 0xe7, 0xff, 0xff, 0xff, 0xff, 0xff, 0xff, 0x87, 0xff, 0xef, 0xff, 0xcf, 0xe0,
    0x6d, 0xff, 0xff, 0xff, 0xff, 0xe7, 0xff, 0xff, 0xff, 0xff, 0xff, 0xff, 0x87, 0xff, 0xef, 0xfb, 0xcf, 0xe0,
    0x7d, 0xff, 0xff, 0xff, 0xff, 0xe7, 0xff, 0xff, 0xff, 0xff, 0xff, 0xff, 0x87, 0xff, 0xef, 0xff, 0xcf, 0xe0,
    0x3d, 0xff, 0xff, 0xff, 0xff, 0xe7, 0xff, 0xff, 0xff, 0xff, 0xff, 0xff, 0x87, 0xff, 0xef, 0xff, 0xcf, 0xe0,
    0x7d, 0xff, 0xff, 0xff, 0xff, 0xe7, 0xff, 0xff, 0xff, 0xff, 0xff, 0xff, 0x87, 0xff, 0xef, 0xff, 0xcf, 0xe0,
    0x6d, 0xff, 0xff, 0xff, 0xff, 0xe7, 0xff, 0xff, 0xff, 0xff, 0xff, 0xff, 0x87, 0xff, 0xef, 0xff, 0xcf, 0xe0,
    0x7d, 0xff, 0xff, 0xff, 0xff, 0xe7, 0xff, 0xff, 0xff, 0xff, 0xff, 0xff, 0x87, 0xff, 0xef, 0xff, 0xcf, 0xe0,
    0x3d, 0x87, 0xff, 0xff, 0xff, 0xe7, 0xff, 0xff, 0xff, 0xff, 0xff, 0xff, 0x80, 0x00, 0x00, 0x00, 0x0f, 0xe0,
    0x7d, 0x23, 0xff, 0xff, 0xff, 0xe7, 0xff, 0xff, 0xff, 0xff, 0xff, 0xff, 0x87, 0xff, 0xef, 0xff, 0xcf, 0xe0,
    0x6d, 0x93, 0xff, 0xff, 0xff, 0xe7, 0xff, 0xff, 0xff, 0xff, 0xff, 0xff, 0x87, 0xff, 0xef, 0xff, 0xcf, 0xe0,
    0x7d, 0x4b, 0xff, 0xff, 0xff, 0xe7, 0xff, 0xff, 0xff, 0xff, 0xff, 0xff, 0x87, 0xff, 0xef, 0xc7, 0xcf, 0xe0,
    0x3c, 0x25, 0xff, 0xff, 0xff, 0xe7, 0xff, 0xff, 0xff, 0xff, 0xff, 0xff, 0x87, 0xff, 0xef, 0x83, 0xcf, 0xe0,
    0x7d, 0x93, 0xff, 0xff, 0xf7, 0xe7, 0xff, 0xff, 0xff, 0xff, 0xff, 0xff, 0x87, 0xff, 0xef, 0x1d, 0xcf, 0xe0,
    0x6d, 0x4b, 0xff, 0xff, 0xfb, 0xe7, 0xff, 0xff, 0xff, 0xff, 0xff, 0xff, 0x87, 0xff, 0xef, 0x3f, 0xcf, 0xe0,
    0x7d, 0x23, 0xff, 0xff, 0xfd, 0xe7, 0xff, 0xff, 0xff, 0xff, 0xff, 0xff, 0x87, 0xef, 0xef, 0x3f, 0xcf, 0xe0,
    0x3d, 0x07, 0xff, 0xff, 0xfe, 0xe7, 0xff, 0xff, 0xff, 0xff, 0xff, 0xff, 0x87, 0xff, 0xef, 0xbf, 0xcf, 0xe0,
    0x7d, 0x7f, 0xff, 0xff, 0xff, 0x67, 0xff, 0xff, 0xff, 0xff, 0xff, 0xff, 0x87, 0xff, 0xef, 0xff, 0xcf, 0xe0,
    0x6d, 0x7f, 0xff, 0xff, 0xff, 0xa7, 0xff, 0xff, 0xff, 0xff, 0xff, 0xff, 0x87, 0xff, 0xef, 0xff, 0xcf, 0xe0,
    0x7c, 0x7f, 0xff, 0xff, 0xff, 0xc7, 0xff, 0xff, 0xff, 0xff, 0xff, 0xff, 0x87, 0xff, 0xef, 0xff, 0xcf, 0xe0,
    0x3c, 0xff, 0xff, 0xff, 0xe0, 0x07, 0xff, 0xff, 0xff, 0xff, 0xff, 0xff, 0x80, 0x00, 0x00, 0x00, 0x0f, 0xe0,
    0x7c, 0xff, 0xff, 0xff, 0xe0, 0x07, 0xff, 0xff, 0xff, 0xff, 0xff, 0xff, 0x80, 0x00, 0x00, 0x00, 0x0f, 0xe0,
    0x6c, 0xff, 0xff, 0xff, 0xff, 0xe7, 0xff, 0xff, 0xff, 0xff, 0xff, 0xff, 0x9f, 0xff, 0xff, 0xff, 0xff, 0xe0,
    0x7d, 0xff, 0xff, 0xff, 0xff, 0xe7, 0xff, 0xff, 0xff, 0xff, 0xff, 0xff, 0x9f, 0xff, 0xff, 0xff, 0xff, 0xe0,
    0x3d, 0xff, 0xff, 0xff, 0xff, 0xff, 0xff, 0xff, 0xff, 0xff, 0xff, 0xff, 0xff, 0xff, 0xff, 0xff, 0xff, 0xe0,
    0x00, 0x00, 0x00, 0x00, 0x00, 0x00, 0x00, 0x00, 0x00, 0x00, 0x00, 0x00, 0x00, 0x00, 0x00, 0x00, 0x00, 0x00,
};

static const lv_img_dsc_t cat32 = {
    .header.cf = LV_IMG_CF_INDEXED_1BIT,
    .header.always_zero = 0,
    .header.reserved = 0,
    .header.w = 140,
    .header.h = 68,
    .data_size = 1232,
    .data = cat32_map,
};

static const LV_ATTRIBUTE_MEM_ALIGN LV_ATTRIBUTE_LARGE_CONST uint8_t cat33_map[] = {
#if CONFIG_NICE_VIEW_WIDGET_INVERTED
    0xff, 0xff, 0xff, 0xff, /*Color of index 0*/
    0x00, 0x00, 0x00, 0xff, /*Color of index 1*/
#else
    0x00, 0x00, 0x00, 0xff, /*Color of index 0*/
    0xff, 0xff, 0xff, 0xff, /*Color of index 1*/
#endif
    0x00, 0x00, 0x00, 0x00, 0x00, 0x00, 0x00, 0x00, 0x00, 0x00, 0x00, 0x00, 0x00, 0x00, 0x00, 0x00, 0x00, 0x00,
    0x7d, 0xff, 0xff, 0xff, 0xff, 0xff, 0xff, 0xff, 0xff, 0xff, 0xff, 0xff, 0xff, 0xff, 0xff, 0xff, 0xff, 0xe0,
    0x3d, 0xff, 0xff, 0xff, 0xff, 0xff, 0xff, 0xff, 0xff, 0xff, 0x9f, 0xff, 0xff, 0xff, 0xff, 0xff, 0xff, 0xe0,
    0x7d, 0xff, 0xff, 0xff, 0xff, 0xff, 0xff, 0xff, 0xff, 0xff, 0x9f, 0xff, 0xff, 0xff, 0xff, 0xff, 0xff, 0xe0,
    0x6d, 0xff, 0xff, 0xff, 0xff, 0xff, 0xff, 0xff, 0xff, 0x80, 0x00, 0x79, 0xff, 0xff, 0xff, 0xff, 0xff, 0xe0,
    0x7d, 0xff, 0xff, 0xff, 0xff, 0xff, 0xff, 0xff, 0xff, 0x80, 0x0f, 0x43, 0xff, 0xff, 0xff, 0xff, 0xff, 0xe0,
    0x3d, 0xff, 0xff, 0xff, 0xff, 0xff, 0xff, 0xff, 0xff, 0xff, 0x0f, 0x00, 0xff, 0xff, 0xff, 0xff, 0xff, 0xe0,
    0x7d, 0xff, 0xff, 0xff, 0xff, 0xff, 0xff, 0xff, 0xff, 0xfe, 0x8f, 0x00, 0xff, 0xff, 0xff, 0xff, 0xff, 0xe0,
    0x6d, 0xff, 0xff, 0xff, 0xff, 0xff, 0xff, 0xff, 0xff, 0xfd, 0x8f, 0x47, 0xff, 0xff, 0xff, 0xff, 0xff, 0xe0,
    0x7d, 0xff, 0xff, 0xff, 0xff, 0xff, 0xff, 0xff, 0xff, 0xfb, 0x80, 0x73, 0xff, 0xff, 0xff, 0xff, 0xff, 0xe0,
    0x3d, 0xff, 0xff, 0xff, 0xff, 0xff, 0xff, 0xff, 0xff, 0xf7, 0x9f, 0xff, 0xff, 0xff, 0xff, 0xff, 0xff, 0xe0,
    0x7d, 0xff, 0xff, 0xff, 0xff, 0xff, 0xff, 0xff, 0xff, 0xef, 0x9f, 0x07, 0xff, 0xff, 0xff, 0xff, 0xff, 0xe0,
    0x6d, 0xff, 0xff, 0xff, 0xff, 0xff, 0xff, 0xff, 0xff, 0xdf, 0x9f, 0x07, 0xff, 0xff, 0xff, 0xff, 0xff, 0xe0,
    0x7d, 0xff, 0xff, 0xff, 0xff, 0xff, 0xff, 0xff, 0xff, 0xff, 0x9e, 0xfb, 0xff, 0xff, 0xff, 0xff, 0xff, 0xe0,
    0x3d, 0xff, 0xff, 0xff, 0xff, 0xff, 0xff, 0xff, 0xff, 0xff, 0x99, 0xe7, 0xff, 0xff, 0xff, 0xff, 0xff, 0xe0,
    0x7d, 0xff, 0xff, 0xff, 0xff, 0xff, 0xff, 0xff, 0xff, 0xff, 0x99, 0xe7, 0xff, 0xff, 0xff, 0xff, 0xff, 0xe0,
    0x6d, 0xff, 0xff, 0xff, 0xff, 0xff, 0xff, 0xff, 0xff, 0xff, 0x99, 0xdf, 0xff, 0xff, 0xff, 0xff, 0xff, 0xe0,
    0x7d, 0xff, 0xff, 0xff, 0xff, 0xff, 0xff, 0xff, 0xff, 0xff, 0x90, 0x3f, 0xff, 0xff, 0xff, 0xff, 0xff, 0xe0,
    0x3d, 0xff, 0xff, 0xff, 0xff, 0xff, 0xff, 0xff, 0xff, 0xff, 0x90, 0x3f, 0xff, 0xff, 0xff, 0xff, 0xff, 0xe0,
    0x7d, 0xff, 0xff, 0xff, 0xff, 0xff, 0xff, 0xff, 0xff, 0xff, 0x90, 0x3f, 0xff, 0xff, 0xff, 0xff, 0xff, 0xe0,
    0x6d, 0xff, 0xff, 0xff, 0xff, 0xff, 0xff, 0xff, 0xff, 0xff, 0x90, 0x03, 0xff, 0xff, 0xff, 0xff, 0xff, 0xe0,
    0x7d, 0xff, 0xff, 0xff, 0xff, 0xff, 0xff, 0xff, 0xff, 0xff, 0x90, 0x03, 0xff, 0xff, 0xff, 0xff, 0xff, 0xe0,
    0x3d, 0xff, 0xff, 0xff, 0xff, 0xff, 0xff, 0xff, 0xff, 0xff, 0x90, 0x00, 0x7f, 0xff, 0xff, 0xff, 0xff, 0xe0,
    0x7d, 0xff, 0xff, 0xff, 0xff, 0xff, 0xff, 0xff, 0xff, 0xff, 0x90, 0x00, 0x1f, 0xff, 0xff, 0xff, 0xff, 0xe0,
    0x6d, 0xff, 0xff, 0xff, 0xff, 0xff, 0xff, 0xff, 0xff, 0xdf, 0x90, 0x00, 0x1f, 0xff, 0xff, 0xff, 0xff, 0xe0,
    0x7d, 0xff, 0xff, 0xff, 0xff, 0xff, 0xff, 0xff, 0xff, 0xef, 0x90, 0x00, 0x0f, 0xff, 0xff, 0xff, 0xff, 0xe0,
    0x3d, 0xff, 0xff, 0xff, 0xff, 0xff, 0xff, 0xff, 0xff, 0xf7, 0x90, 0x00, 0x02, 0x0f, 0xff, 0xff, 0xff, 0xe0,
    0x7d, 0xff, 0xff, 0xff, 0xff, 0xff, 0xff, 0xff, 0xff, 0xfb, 0x90, 0x00, 0x02, 0x0f, 0xff, 0xff, 0xff, 0xe0,
    0x6d, 0xff, 0xff, 0xff, 0xff, 0xff, 0xff, 0xff, 0xff, 0xfd, 0x97, 0xc0, 0x00, 0x41, 0xff, 0xff, 0xff, 0xe0,
    0x7d, 0xff, 0xff, 0xff, 0xff, 0xff, 0xff, 0xff, 0xff, 0xfe, 0x90, 0x00, 0x00, 0x07, 0xff, 0xff, 0xff, 0xe0,
    0x3d, 0xff, 0xff, 0xff, 0xff, 0xff, 0xff, 0xff, 0xff, 0xff, 0x10, 0x00, 0x00, 0x07, 0xff, 0xff, 0xff, 0xe0,
    0x7d, 0xff, 0xff, 0xff, 0xff, 0xff, 0xff, 0xff, 0xff, 0x80, 0x10, 0x00, 0x00, 0x07, 0xff, 0xff, 0xff, 0xe0,
    0x6d, 0xff, 0xff, 0xff, 0xff, 0xe7, 0xff, 0xff, 0xff, 0x80, 0x10, 0x1f, 0xfc, 0x41, 0xff, 0xff, 0xff, 0xe0,
    0x7d, 0xff, 0xff, 0xff, 0xff, 0xe7, 0xff, 0xff, 0xff, 0xff, 0x90, 0x1f, 0xfc, 0x41, 0xff, 0xff, 0xff, 0xe0,
    0x3d, 0xff, 0xff, 0xff, 0xff, 0xe7, 0xff, 0xff, 0xff, 0xff, 0x97, 0xff, 0xfe, 0x0f, 0xff, 0xff, 0xff, 0xe0,
    0x7d, 0xff, 0xff, 0xff, 0xe0, 0x07, 0xff, 0xff, 0xff, 0xff, 0x9f, 0xff, 0xff, 0xff, 0xff, 0xff, 0xff, 0xe0,
    0x6d, 0xff, 0xff, 0xff, 0xe0, 0x07, 0xff, 0xff, 0xff, 0xff, 0x9f, 0xff, 0x9f, 0xff, 0xff, 0xff, 0xff, 0xe0,
    0x7d, 0xff, 0xff, 0xff, 0xff, 0xc7, 0xff, 0xff, 0xff, 0xff, 0xff, 0xff, 0x9f, 0xff, 0xff, 0xff, 0xff, 0xe0,
    0x3d, 0xff, 0xff, 0xff, 0xff, 0xa7, 0xff, 0xff, 0xff, 0xff, 0xff, 0xff, 0x80, 0x00, 0x00, 0x00, 0x0f, 0xe0,
    0x7d, 0xff, 0xff, 0xff, 0xff, 0x67, 0xff, 0xff, 0xff, 0xff, 0xff, 0xff, 0x80, 0x00, 0x00, 0x00, 0x0f, 0xe0,
    0x6d, 0xff, 0xff, 0xff, 0xfe, 0xe7, 0xff, 0xff, 0xff, 0xff, 0xff, 0xff, 0x87, 0xff, 0xef, 0xff, 0xcf, 0xe0,
    0x7d, 0xff, 0xff, 0xff, 0xfd, 0xe7, 0xff, 0xff, 0xff, 0xff, 0xff, 0xff, 0x87, 0xff, 0xef, 0xff, 0xcf, 0xe0,
    0x3d, 0xff, 0xff, 0xff, 0xfb, 0xe7, 0xff, 0xff, 0xff, 0xff, 0xff, 0xff, 0x87, 0xff, 0xef, 0xff, 0xcf, 0xe0,
    0x7d, 0xff, 0xff, 0xff, 0xf7, 0xe7, 0xff, 0xff, 0xff, 0xff, 0xff, 0xff, 0x87, 0xff, 0xef, 0xff, 0xcf, 0xe0,
    0x6d, 0xff, 0xff, 0xff, 0xff, 0xe7, 0xff, 0xff, 0xff, 0xff, 0xff, 0xff, 0x87, 0xff, 0xef, 0xfb, 0xcf, 0xe0,
    0x7d, 0xff, 0xff, 0xff, 0xff, 0xe7, 0xff, 0xff, 0xff, 0xff, 0xff, 0xff, 0x87, 0xff, 0xef, 0xff, 0xcf, 0xe0,
    0x3d, 0xff, 0xff, 0xff, 0xff, 0xe7, 0xff, 0xff, 0xff, 0xff, 0xff, 0xff, 0x87, 0xff, 0xef, 0xff, 0xcf, 0xe0,
    0x7d, 0xff, 0xff, 0xff, 0xff, 0xe7, 0xff, 0xff, 0xff, 0xff, 0xff, 0xff, 0x87, 0xff, 0xef, 0xff, 0xcf, 0xe0,
    0x6d, 0xff, 0xff, 0xff, 0xff, 0xe7, 0xff, 0xff, 0xff, 0xff, 0xff, 0xff, 0x87, 0xff, 0xef, 0xff, 0xcf, 0xe0,
    0x7d, 0xff, 0xff, 0xff, 0xff, 0xe7, 0xff, 0xff, 0xff, 0xff, 0xff, 0xff, 0x87, 0xff, 0xef, 0xff, 0xcf, 0xe0,
    0x3d, 0x87, 0xff, 0xff, 0xff, 0xe7, 0xff, 0xff, 0xff, 0xff, 0xff, 0xff, 0x80, 0x00, 0x00, 0x00, 0x0f, 0xe0,
    0x7d, 0x23, 0xff, 0xff, 0xff, 0xe7, 0xff, 0xff, 0xff, 0xff, 0xff, 0xff, 0x87, 0xff, 0xef, 0xff, 0xcf, 0xe0,
    0x6d, 0x93, 0xff, 0xff, 0xff, 0xe7, 0xff, 0xff, 0xff, 0xff, 0xff, 0xff, 0x87, 0xff, 0xef, 0xff, 0xcf, 0xe0,
    0x7d, 0x4b, 0xff, 0xff, 0xff, 0xe7, 0xff, 0xff, 0xff, 0xff, 0xff, 0xff, 0x87, 0xff, 0xef, 0xc7, 0xcf, 0xe0,
    0x3c, 0x25, 0xff, 0xff, 0xff, 0xe7, 0xff, 0xff, 0xff, 0xff, 0xff, 0xff, 0x87, 0xff, 0xef, 0x83, 0xcf, 0xe0,
    0x7d, 0x93, 0xff, 0xff, 0xf7, 0xe7, 0xff, 0xff, 0xff, 0xff, 0xff, 0xff, 0x87, 0xff, 0xef, 0x1d, 0xcf, 0xe0,
    0x6d, 0x4b, 0xff, 0xff, 0xfb, 0xe7, 0xff, 0xff, 0xff, 0xff, 0xff, 0xff, 0x87, 0xff, 0xef, 0x3f, 0xcf, 0xe0,
    0x7d, 0x23, 0xff, 0xff, 0xfd, 0xe7, 0xff, 0xff, 0xff, 0xff, 0xff, 0xff, 0x87, 0xef, 0xef, 0x3f, 0xcf, 0xe0,
    0x3d, 0x07, 0xff, 0xff, 0xfe, 0xe7, 0xff, 0xff, 0xff, 0xff, 0xff, 0xff, 0x87, 0xff, 0xef, 0xbf, 0xcf, 0xe0,
    0x7d, 0x7f, 0xff, 0xff, 0xff, 0x67, 0xff, 0xff, 0xff, 0xff, 0xff, 0xff, 0x87, 0xff, 0xef, 0xff, 0xcf, 0xe0,
    0x6d, 0x7f, 0xff, 0xff, 0xff, 0xa7, 0xff, 0xff, 0xff, 0xff, 0xff, 0xff, 0x87, 0xff, 0xef, 0xff, 0xcf, 0xe0,
    0x7c, 0x7f, 0xff, 0xff, 0xff, 0xc7, 0xff, 0xff, 0xff, 0xff, 0xff, 0xff, 0x87, 0xff, 0xef, 0xff, 0xcf, 0xe0,
    0x3c, 0xff, 0xff, 0xff, 0xe0, 0x07, 0xff, 0xff, 0xff, 0xff, 0xff, 0xff, 0x80, 0x00, 0x00, 0x00, 0x0f, 0xe0,
    0x7c, 0xff, 0xff, 0xff, 0xe0, 0x07, 0xff, 0xff, 0xff, 0xff, 0xff, 0xff, 0x80, 0x00, 0x00, 0x00, 0x0f, 0xe0,
    0x6c, 0xff, 0xff, 0xff, 0xff, 0xe7, 0xff, 0xff, 0xff, 0xff, 0xff, 0xff, 0x9f, 0xff, 0xff, 0xff, 0xff, 0xe0,
    0x7d, 0xff, 0xff, 0xff, 0xff, 0xe7, 0xff, 0xff, 0xff, 0xff, 0xff, 0xff, 0x9f, 0xff, 0xff, 0xff, 0xff, 0xe0,
    0x3d, 0xff, 0xff, 0xff, 0xff, 0xff, 0xff, 0xff, 0xff, 0xff, 0xff, 0xff, 0xff, 0xff, 0xff, 0xff, 0xff, 0xe0,
    0x00, 0x00, 0x00, 0x00, 0x00, 0x00, 0x00, 0x00, 0x00, 0x00, 0x00, 0x00, 0x00, 0x00, 0x00, 0x00, 0x00, 0x00,
};

static const lv_img_dsc_t cat33 = {
    .header.cf = LV_IMG_CF_INDEXED_1BIT,
    .header.always_zero = 0,
    .header.reserved = 0,
    .header.w = 140,
    .header.h = 68,
    .data_size = 1232,
    .data = cat33_map,
};

static const LV_ATTRIBUTE_MEM_ALIGN LV_ATTRIBUTE_LARGE_CONST uint8_t cat34_map[] = {
#if CONFIG_NICE_VIEW_WIDGET_INVERTED
    0xff, 0xff, 0xff, 0xff, /*Color of index 0*/
    0x00, 0x00, 0x00, 0xff, /*Color of index 1*/
#else
    0x00, 0x00, 0x00, 0xff, /*Color of index 0*/
    0xff, 0xff, 0xff, 0xff, /*Color of index 1*/
#endif
    0x00, 0x00, 0x00, 0x00, 0x00, 0x00, 0x00, 0x00, 0x00, 0x00, 0x00, 0x00, 0x00, 0x00, 0x00, 0x00, 0x00, 0x00,
    0x7d, 0xff, 0xff, 0xff, 0xff, 0xff, 0xff, 0xff, 0xff, 0xff, 0xff, 0xff, 0xff, 0xff, 0xff, 0xff, 0xff, 0xe0,
    0x3d, 0xff, 0xff, 0xff, 0xff, 0xff, 0xff, 0xff, 0xff, 0xff, 0x9f, 0xff, 0xff, 0xff, 0xff, 0xff, 0xff, 0xe0,
    0x7d, 0xff, 0xff, 0xff, 0xff, 0xff, 0xff, 0xff, 0xff, 0xff, 0x9f, 0xff, 0xff, 0xff, 0xff, 0xff, 0xff, 0xe0,
    0x6d, 0xff, 0xff, 0xff, 0xff, 0xff, 0xff, 0xff, 0xff, 0x80, 0x00, 0x79, 0xff, 0xff, 0xff, 0xff, 0xff, 0xe0,
    0x7d, 0xff, 0xff, 0xff, 0xff, 0xff, 0xff, 0xff, 0xff, 0x80, 0x0f, 0x43, 0xff, 0xff, 0xff, 0xff, 0xff, 0xe0,
    0x3d, 0xff, 0xff, 0xff, 0xff, 0xff, 0xff, 0xff, 0xff, 0xff, 0x0f, 0x00, 0xff, 0xff, 0xff, 0xff, 0xff, 0xe0,
    0x7d, 0xff, 0xff, 0xff, 0xff, 0xff, 0xff, 0xff, 0xff, 0xfe, 0x8f, 0x00, 0xff, 0xff, 0xff, 0xff, 0xff, 0xe0,
    0x6d, 0xff, 0xff, 0xff, 0xff, 0xff, 0xff, 0xff, 0xff, 0xfd, 0x8f, 0x47, 0xff, 0xff, 0xff, 0xff, 0xff, 0xe0,
    0x7d, 0xff, 0xff, 0xff, 0xff, 0xff, 0xff, 0xff, 0xff, 0xfb, 0x80, 0x73, 0xff, 0xff, 0xff, 0xff, 0xff, 0xe0,
    0x3d, 0xff, 0xff, 0xff, 0xff, 0xff, 0xff, 0xff, 0xff, 0xf7, 0x9f, 0xff, 0xff, 0xff, 0xff, 0xff, 0xff, 0xe0,
    0x7d, 0xff, 0xff, 0xff, 0xff, 0xff, 0xff, 0xff, 0xff, 0xef, 0x9f, 0x07, 0xff, 0xff, 0xff, 0xff, 0xff, 0xe0,
    0x6d, 0xff, 0xff, 0xff, 0xff, 0xff, 0xff, 0xff, 0xff, 0xdf, 0x9f, 0x07, 0xff, 0xff, 0xff, 0xff, 0xff, 0xe0,
    0x7d, 0xff, 0xff, 0xff, 0xff, 0xff, 0xff, 0xff, 0xff, 0xff, 0x9e, 0xfb, 0xff, 0xff, 0xff, 0xff, 0xff, 0xe0,
    0x3d, 0xff, 0xff, 0xff, 0xff, 0xff, 0xff, 0xff, 0xff, 0xff, 0x99, 0xe7, 0xff, 0xff, 0xff, 0xff, 0xff, 0xe0,
    0x7d, 0xff, 0xff, 0xff, 0xff, 0xff, 0xff, 0xff, 0xff, 0xff, 0x99, 0xe7, 0xff, 0xff, 0xff, 0xff, 0xff, 0xe0,
    0x6d, 0xff, 0xff, 0xff, 0xff, 0xff, 0xff, 0xff, 0xff, 0xff, 0x99, 0xdf, 0xff, 0xff, 0xff, 0xff, 0xff, 0xe0,
    0x7d, 0xff, 0xff, 0xff, 0xff, 0xff, 0xff, 0xff, 0xff, 0xff, 0x90, 0x3f, 0xff, 0xff, 0xff, 0xff, 0xff, 0xe0,
    0x3d, 0xff, 0xff, 0xff, 0xff, 0xff, 0xff, 0xff, 0xff, 0xff, 0x90, 0x3f, 0xff, 0xff, 0xff, 0xff, 0xff, 0xe0,
    0x7d, 0xff, 0xff, 0xff, 0xff, 0xff, 0xff, 0xff, 0xff, 0xff, 0x90, 0x3f, 0xff, 0xff, 0xff, 0xff, 0xff, 0xe0,
    0x6d, 0xff, 0xff, 0xff, 0xff, 0xff, 0xff, 0xff, 0xff, 0xff, 0x90, 0x03, 0xff, 0xff, 0xff, 0xff, 0xff, 0xe0,
    0x7d, 0xff, 0xff, 0xff, 0xff, 0xff, 0xff, 0xff, 0xff, 0xff, 0x90, 0x03, 0xff, 0xff, 0xff, 0xff, 0xff, 0xe0,
    0x3d, 0xff, 0xff, 0xff, 0xff, 0xff, 0xff, 0xff, 0xff, 0xff, 0x90, 0x00, 0x7f, 0xff, 0xff, 0xff, 0xff, 0xe0,
    0x7d, 0xff, 0xff, 0xff, 0xff, 0xff, 0xff, 0xff, 0xff, 0xff, 0x90, 0x00, 0x1f, 0xff, 0xff, 0xff, 0xff, 0xe0,
    0x6d, 0xff, 0xff, 0xff, 0xff, 0xff, 0xff, 0xff, 0xff, 0xdf, 0x90, 0x00, 0x1f, 0xff, 0xff, 0xff, 0xff, 0xe0,
    0x7d, 0xff, 0xff, 0xff, 0xff, 0xff, 0xff, 0xff, 0xff, 0xef, 0x90, 0x00, 0x0f, 0xff, 0xff, 0xff, 0xff, 0xe0,
    0x3d, 0xff, 0xff, 0xff, 0xff, 0xff, 0xff, 0xff, 0xff, 0xf7, 0x90, 0x00, 0x02, 0x0f, 0xff, 0xff, 0xff, 0xe0,
    0x7d, 0xff, 0xff, 0xff, 0xff, 0xff, 0xff, 0xff, 0xff, 0xfb, 0x90, 0x00, 0x02, 0x0f, 0xff, 0xff, 0xff, 0xe0,
    0x6d, 0xff, 0xff, 0xff, 0xff, 0xff, 0xff, 0xff, 0xff, 0xfd, 0x97, 0xc0, 0x00, 0x41, 0xff, 0xff, 0xff, 0xe0,
    0x7d, 0xff, 0xff, 0xff, 0xff, 0xff, 0xff, 0xff, 0xff, 0xfe, 0x90, 0x00, 0x00, 0x07, 0xff, 0xff, 0xff, 0xe0,
    0x3d, 0xff, 0xff, 0xff, 0xff, 0xff, 0xff, 0xff, 0xff, 0xff, 0x10, 0x00, 0x00, 0x07, 0xff, 0xff, 0xff, 0xe0,
    0x7d, 0xff, 0xff, 0xff, 0xff, 0xff, 0xff, 0xff, 0xff, 0x80, 0x10, 0x00, 0x00, 0x07, 0xff, 0xff, 0xff, 0xe0,
    0x6d, 0xff, 0xff, 0xff, 0xff, 0xe7, 0xff, 0xff, 0xff, 0x80, 0x10, 0x1f, 0xfc, 0x41, 0xff, 0xff, 0xff, 0xe0,
    0x7d, 0xff, 0xff, 0xff, 0xff, 0xe7, 0xff, 0xff, 0xff, 0xff, 0x90, 0x1f, 0xfc, 0x41, 0xff, 0xff, 0xff, 0xe0,
    0x3d, 0xff, 0xff, 0xff, 0xff, 0xe7, 0xff, 0xff, 0xff, 0xff, 0x97, 0xff, 0xfe, 0x0f, 0xff, 0xff, 0xff, 0xe0,
    0x7d, 0xff, 0xff, 0xff, 0xe0, 0x07, 0xff, 0xff, 0xff, 0xff, 0x9f, 0xff, 0xff, 0xff, 0xff, 0xff, 0xff, 0xe0,
    0x6d, 0xff, 0xff, 0xff, 0xe0, 0x07, 0xff, 0xff, 0xff, 0xff, 0x9f, 0xff, 0x9f, 0xff, 0xff, 0xff, 0xff, 0xe0,
    0x7d, 0xff, 0xff, 0xff, 0xff, 0xc7, 0xff, 0xff, 0xff, 0xff, 0xff, 0xff, 0x9f, 0xff, 0xff, 0xff, 0xff, 0xe0,
    0x3d, 0xff, 0xff, 0xff, 0xff, 0xa7, 0xff, 0xff, 0xff, 0xff, 0xff, 0xff, 0x80, 0x00, 0x00, 0x00, 0x0f, 0xe0,
    0x7d, 0xff, 0xff, 0xff, 0xff, 0x67, 0xff, 0xff, 0xff, 0xff, 0xff, 0xff, 0x80, 0x00, 0x00, 0x00, 0x0f, 0xe0,
    0x6d, 0xff, 0xff, 0xff, 0xfe, 0xe7, 0xff, 0xff, 0xff, 0xff, 0xff, 0xff, 0x87, 0xff, 0xef, 0xff, 0xcf, 0xe0,
    0x7d, 0xff, 0xff, 0xff, 0xfd, 0xe7, 0xff, 0xff, 0xff, 0xff, 0xff, 0xff, 0x87, 0xff, 0xef, 0xff, 0xcf, 0xe0,
    0x3d, 0xff, 0xff, 0xff, 0xfb, 0xe7, 0xff, 0xff, 0xff, 0xff, 0xff, 0xff, 0x87, 0xff, 0xef, 0xff, 0xcf, 0xe0,
    0x7d, 0xff, 0xff, 0xff, 0xf7, 0xe7, 0xff, 0xff, 0xff, 0xff, 0xff, 0xff, 0x87, 0xff, 0xef, 0xff, 0xcf, 0xe0,
    0x6d, 0xff, 0xff, 0xff, 0xff, 0xe7, 0xff, 0xff, 0xff, 0xff, 0xff, 0xff, 0x87, 0xff, 0xef, 0xfb, 0xcf, 0xe0,
    0x7d, 0xff, 0xff, 0xff, 0xff, 0xe7, 0xff, 0xff, 0xff, 0xff, 0xff, 0xff, 0x87, 0xff, 0xef, 0xff, 0xcf, 0xe0,
    0x3d, 0xff, 0xff, 0xff, 0xff, 0xe7, 0xff, 0xff, 0xff, 0xff, 0xff, 0xff, 0x87, 0xff, 0xef, 0xff, 0xcf, 0xe0,
    0x7d, 0xff, 0xff, 0xff, 0xff, 0xe7, 0xff, 0xff, 0xff, 0xff, 0xff, 0xff, 0x87, 0xff, 0xef, 0xff, 0xcf, 0xe0,
    0x6d, 0xff, 0xff, 0xff, 0xff, 0xe7, 0xff, 0xff, 0xff, 0xff, 0xff, 0xff, 0x87, 0xff, 0xef, 0xff, 0xcf, 0xe0,
    0x7d, 0xff, 0xff, 0xff, 0xff, 0xe7, 0xff, 0xff, 0xff, 0xff, 0xff, 0xff, 0x87, 0xff, 0xef, 0xff, 0xcf, 0xe0,
    0x3d, 0x87, 0xff, 0xff, 0xff, 0xe7, 0xff, 0xff, 0xff, 0xff, 0xff, 0xff, 0x80, 0x00, 0x00, 0x00, 0x0f, 0xe0,
    0x7d, 0x23, 0xff, 0xff, 0xff, 0xe7, 0xff, 0xff, 0xff, 0xff, 0xff, 0xff, 0x87, 0xff, 0xef, 0xff, 0xcf, 0xe0,
    0x6d, 0x93, 0xff, 0xff, 0xff, 0xe7, 0xff, 0xff, 0xff, 0xff, 0xff, 0xff, 0x87, 0xff, 0xef, 0xff, 0xcf, 0xe0,
    0x7d, 0x4b, 0xff, 0xff, 0xff, 0xe7, 0xff, 0xff, 0xff, 0xff, 0xff, 0xff, 0x87, 0xff, 0xef, 0xc7, 0xcf, 0xe0,
    0x3c, 0x25, 0xff, 0xff, 0xff, 0xe7, 0xff, 0xff, 0xff, 0xff, 0xff, 0xff, 0x87, 0xff, 0xef, 0x83, 0xcf, 0xe0,
    0x7d, 0x93, 0xff, 0xff, 0xf7, 0xe7, 0xff, 0xff, 0xff, 0xff, 0xff, 0xff, 0x87, 0xff, 0xef, 0x1d, 0xcf, 0xe0,
    0x6d, 0x4b, 0xff, 0xff, 0xfb, 0xe7, 0xff, 0xff, 0xff, 0xff, 0xff, 0xff, 0x87, 0xff, 0xef, 0x3f, 0xcf, 0xe0,
    0x7d, 0x23, 0xff, 0xff, 0xfd, 0xe7, 0xff, 0xff, 0xff, 0xff, 0xff, 0xff, 0x87, 0xef, 0xef, 0x3f, 0xcf, 0xe0,
    0x3d, 0x07, 0xff, 0xff, 0xfe, 0xe7, 0xff, 0xff, 0xff, 0xff, 0xff, 0xff, 0x87, 0xff, 0xef, 0xbf, 0xcf, 0xe0,
    0x7d, 0x7f, 0xff, 0xff, 0xff, 0x67, 0xff, 0xff, 0xff, 0xff, 0xff, 0xff, 0x87, 0xff, 0xef, 0xff, 0xcf, 0xe0,
    0x6d, 0x7f, 0xff, 0xff, 0xff, 0xa7, 0xff, 0xff, 0xff, 0xff, 0xff, 0xff, 0x87, 0xff, 0xef, 0xff, 0xcf, 0xe0,
    0x7c, 0x7f, 0xff, 0xff, 0xff, 0xc7, 0xff, 0xff, 0xff, 0xff, 0xff, 0xff, 0x87, 0xff, 0xef, 0xff, 0xcf, 0xe0,
    0x3c, 0xff, 0xff, 0xff, 0xe0, 0x07, 0xff, 0xff, 0xff, 0xff, 0xff, 0xff, 0x80, 0x00, 0x00, 0x00, 0x0f, 0xe0,
    0x7c, 0xff, 0xff, 0xff, 0xe0, 0x07, 0xff, 0xff, 0xff, 0xff, 0xff, 0xff, 0x80, 0x00, 0x00, 0x00, 0x0f, 0xe0,
    0x6c, 0xff, 0xff, 0xff, 0xff, 0xe7, 0xff, 0xff, 0xff, 0xff, 0xff, 0xff, 0x9f, 0xff, 0xff, 0xff, 0xff, 0xe0,
    0x7d, 0xff, 0xff, 0xff, 0xff, 0xe7, 0xff, 0xff, 0xff, 0xff, 0xff, 0xff, 0x9f, 0xff, 0xff, 0xff, 0xff, 0xe0,
    0x3d, 0xff, 0xff, 0xff, 0xff, 0xff, 0xff, 0xff, 0xff, 0xff, 0xff, 0xff, 0xff, 0xff, 0xff, 0xff, 0xff, 0xe0,
    0x00, 0x00, 0x00, 0x00, 0x00, 0x00, 0x00, 0x00, 0x00, 0x00, 0x00, 0x00, 0x00, 0x00, 0x00, 0x00, 0x00, 0x00,
};

static const lv_img_dsc_t cat34 = {
    .header.cf = LV_IMG_CF_INDEXED_1BIT,
    .header.always_zero = 0,
    .header.reserved = 0,
    .header.w = 140,
    .header.h = 68,
    .data_size = 1232,
    .data = cat34_map,
};

static const LV_ATTRIBUTE_MEM_ALIGN LV_ATTRIBUTE_LARGE_CONST uint8_t cat35_map[] = {
#if CONFIG_NICE_VIEW_WIDGET_INVERTED
    0xff, 0xff, 0xff, 0xff, /*Color of index 0*/
    0x00, 0x00, 0x00, 0xff, /*Color of index 1*/
#else
    0x00, 0x00, 0x00, 0xff, /*Color of index 0*/
    0xff, 0xff, 0xff, 0xff, /*Color of index 1*/
#endif
    0x00, 0x00, 0x00, 0x00, 0x00, 0x00, 0x00, 0x00, 0x00, 0x00, 0x00, 0x00, 0x00, 0x00, 0x00, 0x00, 0x00, 0x00,
    0x7d, 0xff, 0xff, 0xff, 0xff, 0xff, 0xff, 0xff, 0xff, 0xff, 0xff, 0xff, 0xff, 0xff, 0xff, 0xff, 0xff, 0xe0,
    0x3d, 0xff, 0xff, 0xff, 0xff, 0xff, 0xff, 0xff, 0xff, 0xff, 0x9f, 0xff, 0xff, 0xff, 0xff, 0xff, 0xff, 0xe0,
    0x7d, 0xff, 0xff, 0xff, 0xff, 0xff, 0xff, 0xff, 0xff, 0xff, 0x9f, 0xff, 0xff, 0xff, 0xff, 0xff, 0xff, 0xe0,
    0x6d, 0xff, 0xff, 0xff, 0xff, 0xff, 0xff, 0xff, 0xff, 0x80, 0x00, 0x79, 0xff, 0xff, 0xff, 0xff, 0xff, 0xe0,
    0x7d, 0xff, 0xff, 0xff, 0xff, 0xff, 0xff, 0xff, 0xff, 0x80, 0x0f, 0x43, 0xff, 0xff, 0xff, 0xff, 0xff, 0xe0,
    0x3d, 0xff, 0xff, 0xff, 0xff, 0xff, 0xff, 0xff, 0xff, 0xff, 0x0f, 0xc0, 0xff, 0xff, 0xff, 0xff, 0xff, 0xe0,
    0x7d, 0xff, 0xff, 0xff, 0xff, 0xff, 0xff, 0xff, 0xff, 0xfe, 0x8f, 0x20, 0xff, 0xff, 0xff, 0xff, 0xff, 0xe0,
    0x6d, 0xff, 0xff, 0xff, 0xff, 0xff, 0xff, 0xff, 0xff, 0xfd, 0x8f, 0x27, 0xff, 0xff, 0xff, 0xff, 0xff, 0xe0,
    0x7d, 0xff, 0xff, 0xff, 0xff, 0xff, 0xff, 0xff, 0xff, 0xfb, 0x88, 0xd3, 0xff, 0xff, 0xff, 0xff, 0xff, 0xe0,
    0x3d, 0xff, 0xff, 0xff, 0xff, 0xff, 0xff, 0xff, 0xff, 0xf7, 0x97, 0xdf, 0xff, 0xff, 0xff, 0xff, 0xff, 0xe0,
    0x7d, 0xff, 0xff, 0xff, 0xff, 0xff, 0xff, 0xff, 0xff, 0xef, 0x97, 0xdf, 0xff, 0xff, 0xff, 0xff, 0xff, 0xe0,
    0x6d, 0xff, 0xff, 0xff, 0xff, 0xff, 0xff, 0xff, 0xff, 0xdf, 0x90, 0x1f, 0xff, 0xff, 0xff, 0xff, 0xff, 0xe0,
    0x7d, 0xff, 0xff, 0xff, 0xff, 0xff, 0xff, 0xff, 0xff, 0xff, 0x98, 0x07, 0xff, 0xff, 0xff, 0xff, 0xff, 0xe0,
    0x3d, 0xff, 0xff, 0xff, 0xff, 0xff, 0xff, 0xff, 0xff, 0xff, 0x98, 0x07, 0xff, 0xff, 0xff, 0xff, 0xff, 0xe0,
    0x7d, 0xff, 0xff, 0xff, 0xff, 0xff, 0xff, 0xff, 0xff, 0xff, 0x9e, 0x07, 0xff, 0xff, 0xff, 0xff, 0xff, 0xe0,
    0x6d, 0xff, 0xff, 0xff, 0xff, 0xff, 0xff, 0xff, 0xff, 0xff, 0x90, 0x07, 0xff, 0xff, 0xff, 0xff, 0xff, 0xe0,
    0x7d, 0xff, 0xff, 0xff, 0xff, 0xff, 0xff, 0xff, 0xff, 0xff, 0x90, 0x07, 0xff, 0xff, 0xff, 0xff, 0xff, 0xe0,
    0x3d, 0xff, 0xff, 0xff, 0xff, 0xff, 0xff, 0xff, 0xff, 0xff, 0x90, 0x07, 0xff, 0xff, 0xff, 0xff, 0xff, 0xe0,
    0x7d, 0xff, 0xff, 0xff, 0xff, 0xff, 0xff, 0xff, 0xff, 0xff, 0x98, 0x07, 0xff, 0xff, 0xff, 0xff, 0xff, 0xe0,
    0x6d, 0xff, 0xff, 0xff, 0xff, 0xff, 0xff, 0xff, 0xff, 0xff, 0x98, 0x07, 0xff, 0xff, 0xff, 0xff, 0xff, 0xe0,
    0x7d, 0xff, 0xff, 0xff, 0xff, 0xff, 0xff, 0xff, 0xff, 0xff, 0x98, 0x07, 0xff, 0xff, 0xff, 0xff, 0xff, 0xe0,
    0x3d, 0xff, 0xff, 0xff, 0xff, 0xff, 0xff, 0xff, 0xff, 0xff, 0x9e, 0x07, 0xff, 0xff, 0xff, 0xff, 0xff, 0xe0,
    0x7d, 0xff, 0xff, 0xff, 0xff, 0xff, 0xff, 0xff, 0xff, 0xff, 0x9e, 0x07, 0xff, 0xff, 0xff, 0xff, 0xff, 0xe0,
    0x6d, 0xff, 0xff, 0xff, 0xff, 0xff, 0xff, 0xff, 0xff, 0xdf, 0x9e, 0x07, 0xff, 0xff, 0xff, 0xff, 0xff, 0xe0,
    0x7d, 0xff, 0xff, 0xff, 0xff, 0xff, 0xff, 0xff, 0xff, 0xef, 0x9e, 0x07, 0xff, 0xff, 0xff, 0xff, 0xff, 0xe0,
    0x3d, 0xff, 0xff, 0xff, 0xff, 0xff, 0xff, 0xff, 0xff, 0xf7, 0x9e, 0x07, 0xff, 0xff, 0xff, 0xff, 0xff, 0xe0,
    0x7d, 0xff, 0xff, 0xff, 0xff, 0xff, 0xff, 0xff, 0xff, 0xfb, 0x90, 0x07, 0xff, 0xff, 0xff, 0xff, 0xff, 0xe0,
    0x6d, 0xff, 0xff, 0xff, 0xff, 0xff, 0xff, 0xff, 0xff, 0xfd, 0x90, 0x07, 0xff, 0xff, 0xff, 0xff, 0xff, 0xe0,
    0x7d, 0xff, 0xff, 0xff, 0xff, 0xff, 0xff, 0xff, 0xff, 0xfe, 0x90, 0x07, 0xff, 0xff, 0xff, 0xff, 0xff, 0xe0,
    0x3d, 0xff, 0xff, 0xff, 0xff, 0xff, 0xff, 0xff, 0xff, 0xff, 0x1e, 0x00, 0xff, 0xff, 0xff, 0xff, 0xff, 0xe0,
    0x7d, 0xff, 0xff, 0xff, 0xff, 0xff, 0xff, 0xff, 0xff, 0x80, 0x10, 0x04, 0x1f, 0xff, 0xff, 0xff, 0xff, 0xe0,
    0x6d, 0xff, 0xff, 0xff, 0xff, 0xe7, 0xff, 0xff, 0xff, 0x80, 0x10, 0x04, 0x1f, 0xff, 0xff, 0xff, 0xff, 0xe0,
    0x7d, 0xff, 0xff, 0xff, 0xff, 0xe7, 0xff, 0xff, 0xff, 0xff, 0x90, 0x00, 0x7f, 0xff, 0xff, 0xff, 0xff, 0xe0,
    0x3d, 0xff, 0xff, 0xff, 0xff, 0xe7, 0xff, 0xff, 0xff, 0xff, 0x9f, 0x00, 0x7f, 0xff, 0xff, 0xff, 0xff, 0xe0,
    0x7d, 0xff, 0xff, 0xff, 0xe0, 0x07, 0xff, 0xff, 0xff, 0xff, 0x9f, 0x00, 0x7f, 0xff, 0xff, 0xff, 0xff, 0xe0,
    0x6d, 0xff, 0xff, 0xff, 0xe0, 0x07, 0xff, 0xff, 0xff, 0xff, 0x9f, 0xe4, 0x1f, 0xff, 0xff, 0xff, 0xff, 0xe0,
    0x7d, 0xff, 0xff, 0xff, 0xff, 0xc7, 0xff, 0xff, 0xff, 0xff, 0xff, 0xff, 0xff, 0xff, 0xff, 0xff, 0xff, 0xe0,
    0x3d, 0xff, 0xff, 0xff, 0xff, 0xa7, 0xff, 0xff, 0xff, 0xff, 0xff, 0xff, 0x80, 0x00, 0x00, 0x00, 0x0f, 0xe0,
    0x7d, 0xff, 0xff, 0xff, 0xff, 0x67, 0xff, 0xff, 0xff, 0xff, 0xff, 0xff, 0x80, 0x00, 0x00, 0x00, 0x0f, 0xe0,
    0x6d, 0xff, 0xff, 0xff, 0xfe, 0xe7, 0xff, 0xff, 0xff, 0xff, 0xff, 0xff, 0x87, 0xff, 0xef, 0xff, 0xcf, 0xe0,
    0x7d, 0xff, 0xff, 0xff, 0xfd, 0xe7, 0xff, 0xff, 0xff, 0xff, 0xff, 0xff, 0x87, 0xff, 0xef, 0xff, 0xcf, 0xe0,
    0x3d, 0xff, 0xff, 0xff, 0xfb, 0xe7, 0xff, 0xff, 0xff, 0xff, 0xff, 0xff, 0x87, 0xff, 0xef, 0xff, 0xcf, 0xe0,
    0x7d, 0xff, 0xff, 0xff, 0xf7, 0xe7, 0xff, 0xff, 0xff, 0xff, 0xff, 0xff, 0x87, 0xff, 0xef, 0xff, 0xcf, 0xe0,
    0x6d, 0xff, 0xff, 0xff, 0xff, 0xe7, 0xff, 0xff, 0xff, 0xff, 0xff, 0xff, 0x87, 0xff, 0xef, 0xfb, 0xcf, 0xe0,
    0x7d, 0xff, 0xff, 0xff, 0xff, 0xe7, 0xff, 0xff, 0xff, 0xff, 0xff, 0xff, 0x87, 0xff, 0xef, 0xff, 0xcf, 0xe0,
    0x3d, 0xff, 0xff, 0xff, 0xff, 0xe7, 0xff, 0xff, 0xff, 0xff, 0xff, 0xff, 0x87, 0xff, 0xef, 0xff, 0xcf, 0xe0,
    0x7d, 0xff, 0xff, 0xff, 0xff, 0xe7, 0xff, 0xff, 0xff, 0xff, 0xff, 0xff, 0x87, 0xff, 0xef, 0xff, 0xcf, 0xe0,
    0x6d, 0xff, 0xff, 0xff, 0xff, 0xe7, 0xff, 0xff, 0xff, 0xff, 0xff, 0xff, 0x87, 0xff, 0xef, 0xff, 0xcf, 0xe0,
    0x7d, 0xff, 0xff, 0xff, 0xff, 0xe7, 0xff, 0xff, 0xff, 0xff, 0xff, 0xff, 0x87, 0xff, 0xef, 0xff, 0xcf, 0xe0,
    0x3d, 0x87, 0xff, 0xff, 0xff, 0xe7, 0xff, 0xff, 0xff, 0xff, 0xff, 0xff, 0x80, 0x00, 0x00, 0x00, 0x0f, 0xe0,
    0x7d, 0x23, 0xff, 0xff, 0xff, 0xe7, 0xff, 0xff, 0xff, 0xff, 0xff, 0xff, 0x87, 0xff, 0xef, 0xff, 0xcf, 0xe0,
    0x6d, 0x93, 0xff, 0xff, 0xff, 0xe7, 0xff, 0xff, 0xff, 0xff, 0xff, 0xff, 0x87, 0xff, 0xef, 0xff, 0xcf, 0xe0,
    0x7d, 0x4b, 0xff, 0xff, 0xff, 0xe7, 0xff, 0xff, 0xff, 0xff, 0xff, 0xff, 0x87, 0xff, 0xef, 0xc7, 0xcf, 0xe0,
    0x3c, 0x25, 0xff, 0xff, 0xff, 0xe7, 0xff, 0xff, 0xff, 0xff, 0xff, 0xff, 0x87, 0xff, 0xef, 0x83, 0xcf, 0xe0,
    0x7d, 0x93, 0xff, 0xff, 0xf7, 0xe7, 0xff, 0xff, 0xff, 0xff, 0xff, 0xff, 0x87, 0xff, 0xef, 0x1d, 0xcf, 0xe0,
    0x6d, 0x4b, 0xff, 0xff, 0xfb, 0xe7, 0xff, 0xff, 0xff, 0xff, 0xff, 0xff, 0x87, 0xff, 0xef, 0x3f, 0xcf, 0xe0,
    0x7d, 0x23, 0xff, 0xff, 0xfd, 0xe7, 0xff, 0xff, 0xff, 0xff, 0xff, 0xff, 0x87, 0xef, 0xef, 0x3f, 0xcf, 0xe0,
    0x3d, 0x07, 0xff, 0xff, 0xfe, 0xe7, 0xff, 0xff, 0xff, 0xff, 0xff, 0xff, 0x87, 0xff, 0xef, 0xbf, 0xcf, 0xe0,
    0x7d, 0x7f, 0xff, 0xff, 0xff, 0x67, 0xff, 0xff, 0xff, 0xff, 0xff, 0xff, 0x87, 0xff, 0xef, 0xff, 0xcf, 0xe0,
    0x6d, 0x7f, 0xff, 0xff, 0xff, 0xa7, 0xff, 0xff, 0xff, 0xff, 0xff, 0xff, 0x87, 0xff, 0xef, 0xff, 0xcf, 0xe0,
    0x7c, 0x7f, 0xff, 0xff, 0xff, 0xc7, 0xff, 0xff, 0xff, 0xff, 0xff, 0xff, 0x87, 0xff, 0xef, 0xff, 0xcf, 0xe0,
    0x3c, 0xff, 0xff, 0xff, 0xe0, 0x07, 0xff, 0xff, 0xff, 0xff, 0xff, 0xff, 0x80, 0x00, 0x00, 0x00, 0x0f, 0xe0,
    0x7c, 0xff, 0xff, 0xff, 0xe0, 0x07, 0xff, 0xff, 0xff, 0xff, 0xff, 0xff, 0x80, 0x00, 0x00, 0x00, 0x0f, 0xe0,
    0x6c, 0xff, 0xff, 0xff, 0xff, 0xe7, 0xff, 0xff, 0xff, 0xff, 0xff, 0xff, 0x9f, 0xff, 0xff, 0xff, 0xff, 0xe0,
    0x7d, 0xff, 0xff, 0xff, 0xff, 0xe7, 0xff, 0xff, 0xff, 0xff, 0xff, 0xff, 0x9f, 0xff, 0xff, 0xff, 0xff, 0xe0,
    0x3d, 0xff, 0xff, 0xff, 0xff, 0xff, 0xff, 0xff, 0xff, 0xff, 0xff, 0xff, 0xff, 0xff, 0xff, 0xff, 0xff, 0xe0,
    0x00, 0x00, 0x00, 0x00, 0x00, 0x00, 0x00, 0x00, 0x00, 0x00, 0x00, 0x00, 0x00, 0x00, 0x00, 0x00, 0x00, 0x00,
};

static const lv_img_dsc_t cat35 = {
    .header.cf = LV_IMG_CF_INDEXED_1BIT,
    .header.always_zero = 0,
    .header.reserved = 0,
    .header.w = 140,
    .header.h = 68,
    .data_size = 1232,
    .data = cat35_map,
};

static const LV_ATTRIBUTE_MEM_ALIGN LV_ATTRIBUTE_LARGE_CONST uint8_t cat36_map[] = {
#if CONFIG_NICE_VIEW_WIDGET_INVERTED
    0xff, 0xff, 0xff, 0xff, /*Color of index 0*/
    0x00, 0x00, 0x00, 0xff, /*Color of index 1*/
#else
    0x00, 0x00, 0x00, 0xff, /*Color of index 0*/
    0xff, 0xff, 0xff, 0xff, /*Color of index 1*/
#endif
    0x00, 0x00, 0x00, 0x00, 0x00, 0x00, 0x00, 0x00, 0x00, 0x00, 0x00, 0x00, 0x00, 0x00, 0x00, 0x00, 0x00, 0x00,
    0x7d, 0xff, 0xff, 0xff, 0xff, 0xff, 0xff, 0xff, 0xff, 0xff, 0xff, 0xff, 0xff, 0xff, 0xff, 0xff, 0xff, 0xe0,
    0x3d, 0xff, 0xff, 0xff, 0xff, 0xff, 0xff, 0xff, 0xff, 0xff, 0x9f, 0xff, 0xff, 0xff, 0xff, 0xff, 0xff, 0xe0,
    0x7d, 0xff, 0xff, 0xff, 0xff, 0xff, 0xff, 0xff, 0xff, 0xff, 0x9f, 0xff, 0xff, 0xff, 0xff, 0xff, 0xff, 0xe0,
    0x6d, 0xff, 0xff, 0xff, 0xff, 0xff, 0xff, 0xff, 0xff, 0x80, 0x00, 0x79, 0xff, 0xff, 0xff, 0xff, 0xff, 0xe0,
    0x7d, 0xff, 0xff, 0xff, 0xff, 0xff, 0xff, 0xff, 0xff, 0x80, 0x0f, 0x43, 0xff, 0xff, 0xff, 0xff, 0xff, 0xe0,
    0x3d, 0xff, 0xff, 0xff, 0xff, 0xff, 0xff, 0xff, 0xff, 0xff, 0x0f, 0xc0, 0xff, 0xff, 0xff, 0xff, 0xff, 0xe0,
    0x7d, 0xff, 0xff, 0xff, 0xff, 0xff, 0xff, 0xff, 0xff, 0xfe, 0x8f, 0x20, 0xff, 0xff, 0xff, 0xff, 0xff, 0xe0,
    0x6d, 0xff, 0xff, 0xff, 0xff, 0xff, 0xff, 0xff, 0xff, 0xfd, 0x8f, 0x27, 0xff, 0xff, 0xff, 0xff, 0xff, 0xe0,
    0x7d, 0xff, 0xff, 0xff, 0xff, 0xff, 0xff, 0xff, 0xff, 0xfb, 0x88, 0xd3, 0xff, 0xff, 0xff, 0xff, 0xff, 0xe0,
    0x3d, 0xff, 0xff, 0xff, 0xff, 0xff, 0xff, 0xff, 0xff, 0xf7, 0x97, 0xdf, 0xff, 0xff, 0xff, 0xff, 0xff, 0xe0,
    0x7d, 0xff, 0xff, 0xff, 0xff, 0xff, 0xff, 0xff, 0xff, 0xef, 0x97, 0xdf, 0xff, 0xff, 0xff, 0xff, 0xff, 0xe0,
    0x6d, 0xff, 0xff, 0xff, 0xff, 0xff, 0xff, 0xff, 0xff, 0xdf, 0x90, 0x1f, 0xff, 0xff, 0xff, 0xff, 0xff, 0xe0,
    0x7d, 0xff, 0xff, 0xff, 0xff, 0xff, 0xff, 0xff, 0xff, 0xff, 0x98, 0x07, 0xff, 0xff, 0xff, 0xff, 0xff, 0xe0,
    0x3d, 0xff, 0xff, 0xff, 0xff, 0xff, 0xff, 0xff, 0xff, 0xff, 0x98, 0x07, 0xff, 0xff, 0xff, 0xff, 0xff, 0xe0,
    0x7d, 0xff, 0xff, 0xff, 0xff, 0xff, 0xff, 0xff, 0xff, 0xff, 0x9e, 0x07, 0xff, 0xff, 0xff, 0xff, 0xff, 0xe0,
    0x6d, 0xff, 0xff, 0xff, 0xff, 0xff, 0xff, 0xff, 0xff, 0xff, 0x90, 0x07, 0xff, 0xff, 0xff, 0xff, 0xff, 0xe0,
    0x7d, 0xff, 0xff, 0xff, 0xff, 0xff, 0xff, 0xff, 0xff, 0xff, 0x90, 0x07, 0xff, 0xff, 0xff, 0xff, 0xff, 0xe0,
    0x3d, 0xff, 0xff, 0xff, 0xff, 0xff, 0xff, 0xff, 0xff, 0xff, 0x90, 0x07, 0xff, 0xff, 0xff, 0xff, 0xff, 0xe0,
    0x7d, 0xff, 0xff, 0xff, 0xff, 0xff, 0xff, 0xff, 0xff, 0xff, 0x98, 0x07, 0xff, 0xff, 0xff, 0xff, 0xff, 0xe0,
    0x6d, 0xff, 0xff, 0xff, 0xff, 0xff, 0xff, 0xff, 0xff, 0xff, 0x98, 0x07, 0xff, 0xff, 0xff, 0xff, 0xff, 0xe0,
    0x7d, 0xff, 0xff, 0xff, 0xff, 0xff, 0xff, 0xff, 0xff, 0xff, 0x98, 0x07, 0xff, 0xff, 0xff, 0xff, 0xff, 0xe0,
    0x3d, 0xff, 0xff, 0xff, 0xff, 0xff, 0xff, 0xff, 0xff, 0xff, 0x9e, 0x07, 0xff, 0xff, 0xff, 0xff, 0xff, 0xe0,
    0x7d, 0xff, 0xff, 0xff, 0xff, 0xff, 0xff, 0xff, 0xff, 0xff, 0x9e, 0x07, 0xff, 0xff, 0xff, 0xff, 0xff, 0xe0,
    0x6d, 0xff, 0xff, 0xff, 0xff, 0xff, 0xff, 0xff, 0xff, 0xdf, 0x9e, 0x07, 0xff, 0xff, 0xff, 0xff, 0xff, 0xe0,
    0x7d, 0xff, 0xff, 0xff, 0xff, 0xff, 0xff, 0xff, 0xff, 0xef, 0x9e, 0x07, 0xff, 0xff, 0xff, 0xff, 0xff, 0xe0,
    0x3d, 0xff, 0xff, 0xff, 0xff, 0xff, 0xff, 0xff, 0xff, 0xf7, 0x9e, 0x07, 0xff, 0xff, 0xff, 0xff, 0xff, 0xe0,
    0x7d, 0xff, 0xff, 0xff, 0xff, 0xff, 0xff, 0xff, 0xff, 0xfb, 0x90, 0x07, 0xff, 0xff, 0xff, 0xff, 0xff, 0xe0,
    0x6d, 0xff, 0xff, 0xff, 0xff, 0xff, 0xff, 0xff, 0xff, 0xfd, 0x90, 0x07, 0xff, 0xff, 0xff, 0xff, 0xff, 0xe0,
    0x7d, 0xff, 0xff, 0xff, 0xff, 0xff, 0xff, 0xff, 0xff, 0xfe, 0x90, 0x07, 0xff, 0xff, 0xff, 0xff, 0xff, 0xe0,
    0x3d, 0xff, 0xff, 0xff, 0xff, 0xff, 0xff, 0xff, 0xff, 0xff, 0x1e, 0x00, 0xff, 0xff, 0xff, 0xff, 0xff, 0xe0,
    0x7d, 0xff, 0xff, 0xff, 0xff, 0xff, 0xff, 0xff, 0xff, 0x80, 0x10, 0x04, 0x1f, 0xff, 0xff, 0xff, 0xff, 0xe0,
    0x6d, 0xff, 0xff, 0xff, 0xff, 0xe7, 0xff, 0xff, 0xff, 0x80, 0x10, 0x04, 0x1f, 0xff, 0xff, 0xff, 0xff, 0xe0,
    0x7d, 0xff, 0xff, 0xff, 0xff, 0xe7, 0xff, 0xff, 0xff, 0xff, 0x90, 0x00, 0x7f, 0xff, 0xff, 0xff, 0xff, 0xe0,
    0x3d, 0xff, 0xff, 0xff, 0xff, 0xe7, 0xff, 0xff, 0xff, 0xff, 0x9f, 0x00, 0x7f, 0xff, 0xff, 0xff, 0xff, 0xe0,
    0x7d, 0xff, 0xff, 0xff, 0xe0, 0x07, 0xff, 0xff, 0xff, 0xff, 0x9f, 0x00, 0x7f, 0xff, 0xff, 0xff, 0xff, 0xe0,
    0x6d, 0xff, 0xff, 0xff, 0xe0, 0x07, 0xff, 0xff, 0xff, 0xff, 0x9f, 0xe4, 0x1f, 0xff, 0xff, 0xff, 0xff, 0xe0,
    0x7d, 0xff, 0xff, 0xff, 0xff, 0xc7, 0xff, 0xff, 0xff, 0xff, 0xff, 0xff, 0xff, 0xff, 0xff, 0xff, 0xff, 0xe0,
    0x3d, 0xff, 0xff, 0xff, 0xff, 0xa7, 0xff, 0xff, 0xff, 0xff, 0xff, 0xff, 0x80, 0x00, 0x00, 0x00, 0x0f, 0xe0,
    0x7d, 0xff, 0xff, 0xff, 0xff, 0x67, 0xff, 0xff, 0xff, 0xff, 0xff, 0xff, 0x80, 0x00, 0x00, 0x00, 0x0f, 0xe0,
    0x6d, 0xff, 0xff, 0xff, 0xfe, 0xe7, 0xff, 0xff, 0xff, 0xff, 0xff, 0xff, 0x87, 0xff, 0xef, 0xff, 0xcf, 0xe0,
    0x7d, 0xff, 0xff, 0xff, 0xfd, 0xe7, 0xff, 0xff, 0xff, 0xff, 0xff, 0xff, 0x87, 0xff, 0xef, 0xff, 0xcf, 0xe0,
    0x3d, 0xff, 0xff, 0xff, 0xfb, 0xe7, 0xff, 0xff, 0xff, 0xff, 0xff, 0xff, 0x87, 0xff, 0xef, 0xff, 0xcf, 0xe0,
    0x7d, 0xff, 0xff, 0xff, 0xf7, 0xe7, 0xff, 0xff, 0xff, 0xff, 0xff, 0xff, 0x87, 0xff, 0xef, 0xff, 0xcf, 0xe0,
    0x6d, 0xff, 0xff, 0xff, 0xff, 0xe7, 0xff, 0xff, 0xff, 0xff, 0xff, 0xff, 0x87, 0xff, 0xef, 0xff, 0xcf, 0xe0,
    0x7d, 0xff, 0xff, 0xff, 0xff, 0xe7, 0xff, 0xff, 0xff, 0xff, 0xff, 0xff, 0x87, 0xf7, 0xef, 0xff, 0xcf, 0xe0,
    0x3d, 0xff, 0xff, 0xff, 0xff, 0xe7, 0xff, 0xff, 0xff, 0xff, 0xff, 0xff, 0x87, 0xff, 0xef, 0xff, 0xcf, 0xe0,
    0x7d, 0xff, 0xff, 0xff, 0xff, 0xe7, 0xff, 0xff, 0xff, 0xff, 0xff, 0xff, 0x87, 0xff, 0xef, 0xff, 0xcf, 0xe0,
    0x6d, 0xff, 0xff, 0xff, 0xff, 0xe7, 0xff, 0xff, 0xff, 0xff, 0xff, 0xff, 0x87, 0xff, 0xef, 0xff, 0xcf, 0xe0,
    0x7d, 0xff, 0xff, 0xff, 0xff, 0xe7, 0xff, 0xff, 0xff, 0xff, 0xff, 0xff, 0x87, 0xff, 0xef, 0xff, 0xcf, 0xe0,
    0x3d, 0x87, 0xff, 0xff, 0xff, 0xe7, 0xff, 0xff, 0xff, 0xff, 0xff, 0xff, 0x80, 0x00, 0x00, 0x00, 0x0f, 0xe0,
    0x7d, 0x23, 0xff, 0xff, 0xff, 0xe7, 0xff, 0xff, 0xff, 0xff, 0xff, 0xff, 0x87, 0xff, 0xef, 0xff, 0xcf, 0xe0,
    0x6d, 0x93, 0xff, 0xff, 0xff, 0xe7, 0xff, 0xff, 0xff, 0xff, 0xff, 0xff, 0x87, 0xff, 0xef, 0xff, 0xcf, 0xe0,
    0x7d, 0x4b, 0xff, 0xff, 0xff, 0xe7, 0xff, 0xff, 0xff, 0xff, 0xff, 0xff, 0x87, 0xff, 0xef, 0xc7, 0xcf, 0xe0,
    0x3c, 0x25, 0xff, 0xff, 0xff, 0xe7, 0xff, 0xff, 0xff, 0xff, 0xff, 0xff, 0x87, 0xff, 0xef, 0x83, 0xcf, 0xe0,
    0x7d, 0x93, 0xff, 0xff, 0xf7, 0xe7, 0xff, 0xff, 0xff, 0xff, 0xff, 0xff, 0x87, 0xff, 0xef, 0x1d, 0xcf, 0xe0,
    0x6d, 0x4b, 0xff, 0xff, 0xfb, 0xe7, 0xff, 0xff, 0xff, 0xff, 0xff, 0xff, 0x87, 0xff, 0xef, 0x3f, 0xcf, 0xe0,
    0x7d, 0x23, 0xff, 0xff, 0xfd, 0xe7, 0xff, 0xff, 0xff, 0xff, 0xff, 0xff, 0x87, 0xef, 0xef, 0x3f, 0xcf, 0xe0,
    0x3d, 0x07, 0xff, 0xff, 0xfe, 0xe7, 0xff, 0xff, 0xff, 0xff, 0xff, 0xff, 0x87, 0xff, 0xef, 0xbf, 0xcf, 0xe0,
    0x7d, 0x7f, 0xff, 0xff, 0xff, 0x67, 0xff, 0xff, 0xff, 0xff, 0xff, 0xff, 0x87, 0xff, 0xef, 0xff, 0xcf, 0xe0,
    0x6d, 0x7f, 0xff, 0xff, 0xff, 0xa7, 0xff, 0xff, 0xff, 0xff, 0xff, 0xff, 0x87, 0xff, 0xef, 0xff, 0xcf, 0xe0,
    0x7c, 0x7f, 0xff, 0xff, 0xff, 0xc7, 0xff, 0xff, 0xff, 0xff, 0xff, 0xff, 0x87, 0xff, 0xef, 0xff, 0xcf, 0xe0,
    0x3c, 0xff, 0xff, 0xff, 0xe0, 0x07, 0xff, 0xff, 0xff, 0xff, 0xff, 0xff, 0x80, 0x00, 0x00, 0x00, 0x0f, 0xe0,
    0x7c, 0xff, 0xff, 0xff, 0xe0, 0x07, 0xff, 0xff, 0xff, 0xff, 0xff, 0xff, 0x80, 0x00, 0x00, 0x00, 0x0f, 0xe0,
    0x6c, 0xff, 0xff, 0xff, 0xff, 0xe7, 0xff, 0xff, 0xff, 0xff, 0xff, 0xff, 0x9f, 0xff, 0xff, 0xff, 0xff, 0xe0,
    0x7d, 0xff, 0xff, 0xff, 0xff, 0xe7, 0xff, 0xff, 0xff, 0xff, 0xff, 0xff, 0x9f, 0xff, 0xff, 0xff, 0xff, 0xe0,
    0x3d, 0xff, 0xff, 0xff, 0xff, 0xff, 0xff, 0xff, 0xff, 0xff, 0xff, 0xff, 0xff, 0xff, 0xff, 0xff, 0xff, 0xe0,
    0x00, 0x00, 0x00, 0x00, 0x00, 0x00, 0x00, 0x00, 0x00, 0x00, 0x00, 0x00, 0x00, 0x00, 0x00, 0x00, 0x00, 0x00,
};

static const lv_img_dsc_t cat36 = {
    .header.cf = LV_IMG_CF_INDEXED_1BIT,
    .header.always_zero = 0,
    .header.reserved = 0,
    .header.w = 140,
    .header.h = 68,
    .data_size = 1232,
    .data = cat36_map,
};

static const LV_ATTRIBUTE_MEM_ALIGN LV_ATTRIBUTE_LARGE_CONST uint8_t cat37_map[] = {
#if CONFIG_NICE_VIEW_WIDGET_INVERTED
    0xff, 0xff, 0xff, 0xff, /*Color of index 0*/
    0x00, 0x00, 0x00, 0xff, /*Color of index 1*/
#else
    0x00, 0x00, 0x00, 0xff, /*Color of index 0*/
    0xff, 0xff, 0xff, 0xff, /*Color of index 1*/
#endif
    0x00, 0x00, 0x00, 0x00, 0x00, 0x00, 0x00, 0x00, 0x00, 0x00, 0x00, 0x00, 0x00, 0x00, 0x00, 0x00, 0x00, 0x00,
    0x7d, 0xff, 0xff, 0xff, 0xff, 0xff, 0xff, 0xff, 0xff, 0xff, 0xff, 0xff, 0xff, 0xff, 0xff, 0xff, 0xff, 0xe0,
    0x3d, 0xff, 0xff, 0xff, 0xff, 0xff, 0xff, 0xff, 0xff, 0xff, 0x9f, 0xff, 0xff, 0xff, 0xff, 0xff, 0xff, 0xe0,
    0x7d, 0xff, 0xff, 0xff, 0xff, 0xff, 0xff, 0xff, 0xff, 0xff, 0x9f, 0xff, 0xff, 0xff, 0xff, 0xff, 0xff, 0xe0,
    0x6d, 0xff, 0xff, 0xff, 0xff, 0xff, 0xff, 0xff, 0xff, 0x80, 0x00, 0x79, 0xff, 0xff, 0xff, 0xff, 0xff, 0xe0,
    0x7d, 0xff, 0xff, 0xff, 0xff, 0xff, 0xff, 0xff, 0xff, 0x80, 0x0f, 0x43, 0xff, 0xff, 0xff, 0xff, 0xff, 0xe0,
    0x3d, 0xff, 0xff, 0xff, 0xff, 0xff, 0xff, 0xff, 0xff, 0xff, 0x0f, 0x00, 0xff, 0xff, 0xff, 0xff, 0xff, 0xe0,
    0x7d, 0xff, 0xff, 0xff, 0xff, 0xff, 0xff, 0xff, 0xff, 0xfe, 0x8f, 0x00, 0xff, 0xff, 0xff, 0xff, 0xff, 0xe0,
    0x6d, 0xff, 0xff, 0xff, 0xff, 0xff, 0xff, 0xff, 0xff, 0xfd, 0x8f, 0x47, 0xff, 0xff, 0xff, 0xff, 0xff, 0xe0,
    0x7d, 0xff, 0xff, 0xff, 0xff, 0xff, 0xff, 0xff, 0xff, 0xfb, 0x81, 0xf3, 0xff, 0xff, 0xff, 0xff, 0xff, 0xe0,
    0x3d, 0xff, 0xff, 0xff, 0xff, 0xff, 0xff, 0xff, 0xff, 0xf7, 0x9e, 0x7f, 0xff, 0xff, 0xff, 0xff, 0xff, 0xe0,
    0x7d, 0xff, 0xff, 0xff, 0xff, 0xff, 0xff, 0xff, 0xff, 0xef, 0x9e, 0x73, 0xff, 0xff, 0xff, 0xff, 0xff, 0xe0,
    0x6d, 0xff, 0xff, 0xff, 0xff, 0xff, 0xff, 0xff, 0xff, 0xdf, 0x9e, 0x31, 0xff, 0xff, 0xff, 0xff, 0xff, 0xe0,
    0x7d, 0xff, 0xff, 0xff, 0xff, 0xff, 0xff, 0xff, 0xff, 0xff, 0x9e, 0x79, 0xff, 0xff, 0xff, 0xff, 0xff, 0xe0,
    0x3d, 0xff, 0xff, 0xff, 0xff, 0xff, 0xff, 0xff, 0xff, 0xff, 0x9e, 0x3b, 0xff, 0xff, 0xff, 0xff, 0xff, 0xe0,
    0x7d, 0xff, 0xff, 0xff, 0xff, 0xff, 0xff, 0xff, 0xff, 0xff, 0x9f, 0x3b, 0xff, 0xff, 0xff, 0xff, 0xff, 0xe0,
    0x6d, 0xff, 0xff, 0xff, 0xff, 0xff, 0xff, 0xff, 0xff, 0xff, 0x9e, 0x23, 0xff, 0xff, 0xff, 0xff, 0xff, 0xe0,
    0x7d, 0xff, 0xff, 0xff, 0xff, 0xff, 0xff, 0xff, 0xff, 0xff, 0x9c, 0x03, 0xff, 0xff, 0xff, 0xff, 0xff, 0xe0,
    0x3d, 0xff, 0xff, 0xff, 0xff, 0xff, 0xff, 0xff, 0xff, 0xff, 0x9c, 0x07, 0xff, 0xff, 0xff, 0xff, 0xff, 0xe0,
    0x7d, 0xff, 0xff, 0xff, 0xff, 0xff, 0xff, 0xff, 0xff, 0xff, 0x9e, 0x0f, 0xff, 0xff, 0xff, 0xff, 0xff, 0xe0,
    0x6d, 0xff, 0xff, 0xff, 0xff, 0xff, 0xff, 0xff, 0xff, 0xff, 0x9c, 0x0f, 0xff, 0xff, 0xff, 0xff, 0xff, 0xe0,
    0x7d, 0xff, 0xff, 0xff, 0xff, 0xff, 0xff, 0xff, 0xff, 0xff, 0x98, 0x1f, 0xff, 0xff, 0xff, 0xff, 0xff, 0xe0,
    0x3d, 0xff, 0xff, 0xff, 0xff, 0xff, 0xff, 0xff, 0xff, 0xff, 0x98, 0x3f, 0xff, 0xff, 0xff, 0xff, 0xff, 0xe0,
    0x7d, 0xff, 0xff, 0xff, 0xff, 0xff, 0xff, 0xff, 0xff, 0xff, 0x90, 0x7f, 0xff, 0xff, 0xff, 0xff, 0xff, 0xe0,
    0x6d, 0xff, 0xff, 0xff, 0xff, 0xff, 0xff, 0xff, 0xff, 0xdf, 0xa0, 0x7f, 0xff, 0xff, 0xff, 0xff, 0xff, 0xe0,
    0x7d, 0xff, 0xff, 0xff, 0xff, 0xff, 0xff, 0xff, 0xff, 0xef, 0xa0, 0xff, 0xff, 0xff, 0xff, 0xff, 0xff, 0xe0,
    0x3d, 0xff, 0xff, 0xff, 0xff, 0xff, 0xff, 0xff, 0xff, 0xf7, 0xc1, 0xff, 0xff, 0xff, 0xff, 0xff, 0xff, 0xe0,
    0x7d, 0xff, 0xff, 0xff, 0xff, 0xff, 0xff, 0xff, 0xff, 0xfb, 0x81, 0xff, 0xff, 0xff, 0xff, 0xff, 0xff, 0xe0,
    0x6d, 0xff, 0xff, 0xff, 0xff, 0xff, 0xff, 0xff, 0xff, 0xfd, 0x83, 0xff, 0xff, 0xff, 0xff, 0xff, 0xff, 0xe0,
    0x7d, 0xff, 0xff, 0xff, 0xff, 0xff, 0xff, 0xff, 0xff, 0xff, 0x07, 0xff, 0xff, 0xff, 0xff, 0xff, 0xff, 0xe0,
    0x3d, 0xff, 0xff, 0xff, 0xff, 0xff, 0xff, 0xff, 0xff, 0xf8, 0x07, 0xff, 0xff, 0xff, 0xff, 0xff, 0xff, 0xe0,
    0x7d, 0xff, 0xff, 0xff, 0xff, 0xff, 0xff, 0xff, 0xff, 0x88, 0x0f, 0xff, 0xff, 0xff, 0xff, 0xff, 0xff, 0xe0,
    0x6d, 0xff, 0xff, 0xff, 0xff, 0xe7, 0xff, 0xff, 0xff, 0xb0, 0x1f, 0xff, 0xff, 0xff, 0xff, 0xff, 0xff, 0xe0,
    0x7d, 0xff, 0xff, 0xff, 0xff, 0xe7, 0xff, 0xff, 0xff, 0x40, 0x1f, 0xff, 0xff, 0xff, 0xff, 0xff, 0xff, 0xe0,
    0x3d, 0xff, 0xff, 0xff, 0xff, 0xe7, 0xff, 0xff, 0xfe, 0x00, 0x3f, 0xff, 0xff, 0xff, 0xff, 0xff, 0xff, 0xe0,
    0x7d, 0xff, 0xff, 0xff, 0xe0, 0x07, 0xff, 0xff, 0xfc, 0xb0, 0x5f, 0xff, 0xff, 0xff, 0xff, 0xff, 0xff, 0xe0,
    0x6d, 0xff, 0xff, 0xff, 0xe0, 0x07, 0xff, 0xff, 0xff, 0xe0, 0x5f, 0xff, 0x9f, 0xff, 0xff, 0xff, 0xff, 0xe0,
    0x7d, 0xff, 0xff, 0xff, 0xff, 0xc7, 0xff, 0xff, 0xff, 0xc0, 0x7f, 0xff, 0x9f, 0xff, 0xff, 0xff, 0xff, 0xe0,
    0x3d, 0xff, 0xff, 0xff, 0xff, 0xa7, 0xff, 0xff, 0xff, 0xe0, 0x1f, 0xff, 0x80, 0x00, 0x00, 0x00, 0x0f, 0xe0,
    0x7d, 0xff, 0xff, 0xff, 0xff, 0x67, 0xff, 0xff, 0xff, 0xe6, 0x3f, 0xff, 0x80, 0x00, 0x00, 0x00, 0x0f, 0xe0,
    0x6d, 0xff, 0xff, 0xff, 0xfe, 0xe7, 0xff, 0xff, 0xff, 0xe0, 0x1f, 0xff, 0x87, 0xff, 0xef, 0xff, 0xcf, 0xe0,
    0x7d, 0xff, 0xff, 0xff, 0xfd, 0xe7, 0xff, 0xff, 0xff, 0xe0, 0x5f, 0xff, 0x87, 0xff, 0xef, 0xff, 0xcf, 0xe0,
    0x3d, 0xff, 0xff, 0xff, 0xfb, 0xe7, 0xff, 0xff, 0xff, 0xe0, 0xff, 0xff, 0x87, 0xff, 0xef, 0xff, 0xcf, 0xe0,
    0x7d, 0xff, 0xff, 0xff, 0xf7, 0xe7, 0xff, 0xff, 0xff, 0xfb, 0xff, 0xff, 0x87, 0xff, 0xef, 0xff, 0xcf, 0xe0,
    0x6d, 0xff, 0xff, 0xff, 0xff, 0xe7, 0xff, 0xff, 0xff, 0xfe, 0x7f, 0xff, 0x87, 0xff, 0xef, 0xff, 0xcf, 0xe0,
    0x7d, 0xff, 0xff, 0xff, 0xff, 0xe7, 0xff, 0xff, 0xff, 0xfe, 0xff, 0xff, 0x87, 0xf7, 0xef, 0xff, 0xcf, 0xe0,
    0x3d, 0xff, 0xff, 0xff, 0xff, 0xe7, 0xff, 0xff, 0xff, 0xff, 0xff, 0xff, 0x87, 0xff, 0xef, 0xff, 0xcf, 0xe0,
    0x7d, 0xff, 0xff, 0xff, 0xff, 0xe7, 0xff, 0xff, 0xff, 0xff, 0xff, 0xff, 0x87, 0xff, 0xef, 0xff, 0xcf, 0xe0,
    0x6d, 0xff, 0xff, 0xff, 0xff, 0xe7, 0xff, 0xff, 0xff, 0xff, 0xff, 0xff, 0x87, 0xff, 0xef, 0xff, 0xcf, 0xe0,
    0x7d, 0xff, 0xff, 0xff, 0xff, 0xe7, 0xff, 0xff, 0xff, 0xff, 0xff, 0xff, 0x87, 0xff, 0xef, 0xff, 0xcf, 0xe0,
    0x3d, 0x87, 0xff, 0xff, 0xff, 0xe7, 0xff, 0xff, 0xff, 0xff, 0xff, 0xff, 0x80, 0x00, 0x00, 0x00, 0x0f, 0xe0,
    0x7d, 0x23, 0xff, 0xff, 0xff, 0xe7, 0xff, 0xff, 0xff, 0xff, 0xff, 0xff, 0x87, 0xff, 0xef, 0xff, 0xcf, 0xe0,
    0x6d, 0x93, 0xff, 0xff, 0xff, 0xe7, 0xff, 0xff, 0xff, 0xff, 0xff, 0xff, 0x87, 0xff, 0xef, 0xff, 0xcf, 0xe0,
    0x7d, 0x4b, 0xff, 0xff, 0xff, 0xe7, 0xff, 0xff, 0xff, 0xff, 0xff, 0xff, 0x87, 0xff, 0xef, 0xc7, 0xcf, 0xe0,
    0x3c, 0x25, 0xff, 0xff, 0xff, 0xe7, 0xff, 0xff, 0xff, 0xff, 0xff, 0xff, 0x87, 0xff, 0xef, 0x83, 0xcf, 0xe0,
    0x7d, 0x93, 0xff, 0xff, 0xf7, 0xe7, 0xff, 0xff, 0xff, 0xff, 0xff, 0xff, 0x87, 0xff, 0xef, 0x1d, 0xcf, 0xe0,
    0x6d, 0x4b, 0xff, 0xff, 0xfb, 0xe7, 0xff, 0xff, 0xff, 0xff, 0xff, 0xff, 0x87, 0xff, 0xef, 0x3f, 0xcf, 0xe0,
    0x7d, 0x23, 0xff, 0xff, 0xfd, 0xe7, 0xff, 0xff, 0xff, 0xff, 0xff, 0xff, 0x87, 0xef, 0xef, 0x3f, 0xcf, 0xe0,
    0x3d, 0x07, 0xff, 0xff, 0xfe, 0xe7, 0xff, 0xff, 0xff, 0xff, 0xff, 0xff, 0x87, 0xff, 0xef, 0xbf, 0xcf, 0xe0,
    0x7d, 0x7f, 0xff, 0xff, 0xff, 0x67, 0xff, 0xff, 0xff, 0xff, 0xff, 0xff, 0x87, 0xff, 0xef, 0xff, 0xcf, 0xe0,
    0x6d, 0x7f, 0xff, 0xff, 0xff, 0xa7, 0xff, 0xff, 0xff, 0xff, 0xff, 0xff, 0x87, 0xff, 0xef, 0xff, 0xcf, 0xe0,
    0x7c, 0x7f, 0xff, 0xff, 0xff, 0xc7, 0xff, 0xff, 0xff, 0xff, 0xff, 0xff, 0x87, 0xff, 0xef, 0xff, 0xcf, 0xe0,
    0x3c, 0xff, 0xff, 0xff, 0xe0, 0x07, 0xff, 0xff, 0xff, 0xff, 0xff, 0xff, 0x80, 0x00, 0x00, 0x00, 0x0f, 0xe0,
    0x7c, 0xff, 0xff, 0xff, 0xe0, 0x07, 0xff, 0xff, 0xff, 0xff, 0xff, 0xff, 0x80, 0x00, 0x00, 0x00, 0x0f, 0xe0,
    0x6c, 0xff, 0xff, 0xff, 0xff, 0xe7, 0xff, 0xff, 0xff, 0xff, 0xff, 0xff, 0x9f, 0xff, 0xff, 0xff, 0xff, 0xe0,
    0x7d, 0xff, 0xff, 0xff, 0xff, 0xe7, 0xff, 0xff, 0xff, 0xff, 0xff, 0xff, 0x9f, 0xff, 0xff, 0xff, 0xff, 0xe0,
    0x3d, 0xff, 0xff, 0xff, 0xff, 0xff, 0xff, 0xff, 0xff, 0xff, 0xff, 0xff, 0xff, 0xff, 0xff, 0xff, 0xff, 0xe0,
    0x00, 0x00, 0x00, 0x00, 0x00, 0x00, 0x00, 0x00, 0x00, 0x00, 0x00, 0x00, 0x00, 0x00, 0x00, 0x00, 0x00, 0x00,
};

static const lv_img_dsc_t cat37 = {
    .header.cf = LV_IMG_CF_INDEXED_1BIT,
    .header.always_zero = 0,
    .header.reserved = 0,
    .header.w = 140,
    .header.h = 68,
    .data_size = 1232,
    .data = cat37_map,
};

static const LV_ATTRIBUTE_MEM_ALIGN LV_ATTRIBUTE_LARGE_CONST uint8_t cat38_map[] = {
#if CONFIG_NICE_VIEW_WIDGET_INVERTED
    0xff, 0xff, 0xff, 0xff, /*Color of index 0*/
    0x00, 0x00, 0x00, 0xff, /*Color of index 1*/
#else
    0x00, 0x00, 0x00, 0xff, /*Color of index 0*/
    0xff, 0xff, 0xff, 0xff, /*Color of index 1*/
#endif
    0x00, 0x00, 0x00, 0x00, 0x00, 0x00, 0x00, 0x00, 0x00, 0x00, 0x00, 0x00, 0x00, 0x00, 0x00, 0x00, 0x00, 0x00,
    0x7d, 0xff, 0xff, 0xff, 0xff, 0xff, 0xff, 0xff, 0xff, 0xff, 0xff, 0xff, 0xff, 0xff, 0xff, 0xff, 0xff, 0xe0,
    0x3d, 0xff, 0xff, 0xff, 0xff, 0xff, 0xff, 0xff, 0xff, 0xff, 0x9f, 0xff, 0xff, 0xff, 0xff, 0xff, 0xff, 0xe0,
    0x7d, 0xff, 0xff, 0xff, 0xff, 0xff, 0xff, 0xff, 0xff, 0xff, 0x9f, 0xff, 0xff, 0xff, 0xff, 0xff, 0xff, 0xe0,
    0x6d, 0xff, 0xff, 0xff, 0xff, 0xff, 0xff, 0xff, 0xff, 0x80, 0x00, 0x79, 0xff, 0xff, 0xff, 0xff, 0xff, 0xe0,
    0x7d, 0xff, 0xff, 0xff, 0xff, 0xff, 0xff, 0xff, 0xff, 0x80, 0x0f, 0x43, 0xff, 0xff, 0xff, 0xff, 0xff, 0xe0,
    0x3d, 0xff, 0xff, 0xff, 0xff, 0xff, 0xff, 0xff, 0xff, 0xff, 0x0f, 0x00, 0xff, 0xff, 0xff, 0xff, 0xff, 0xe0,
    0x7d, 0xff, 0xff, 0xff, 0xff, 0xff, 0xff, 0xff, 0xff, 0xfe, 0x8f, 0x00, 0xff, 0xff, 0xff, 0xff, 0xff, 0xe0,
    0x6d, 0xff, 0xff, 0xff, 0xff, 0xff, 0xff, 0xff, 0xff, 0xfd, 0x8f, 0x47, 0xff, 0xff, 0xff, 0xff, 0xff, 0xe0,
    0x7d, 0xff, 0xff, 0xff, 0xff, 0xff, 0xff, 0xff, 0xff, 0xfb, 0x80, 0x73, 0xff, 0xff, 0xff, 0xff, 0xff, 0xe0,
    0x3d, 0xff, 0xff, 0xff, 0xff, 0xff, 0xff, 0xff, 0xff, 0xff, 0x9f, 0xff, 0xff, 0xff, 0xff, 0xff, 0xff, 0xe0,
    0x7d, 0xff, 0xff, 0xff, 0xff, 0xff, 0xff, 0xff, 0xff, 0xf7, 0xdf, 0xff, 0xff, 0xff, 0xff, 0xff, 0xff, 0xe0,
    0x6d, 0xff, 0xff, 0xff, 0xff, 0xff, 0xff, 0xff, 0xff, 0xd3, 0xbf, 0xff, 0xff, 0xff, 0xff, 0xff, 0xff, 0xe0,
    0x7d, 0xff, 0xff, 0xff, 0xff, 0xff, 0xff, 0xff, 0xff, 0xe3, 0x1f, 0xff, 0xff, 0xff, 0xff, 0xff, 0xff, 0xe0,
    0x3d, 0xff, 0xff, 0xff, 0xff, 0xff, 0xff, 0xff, 0xff, 0xf3, 0xdf, 0xff, 0xff, 0xff, 0xff, 0xff, 0xff, 0xe0,
    0x7d, 0xff, 0xff, 0xff, 0xff, 0xff, 0xff, 0xff, 0xff, 0xe3, 0x9f, 0xff, 0xff, 0xff, 0xff, 0xff, 0xff, 0xe0,
    0x6d, 0xff, 0xff, 0xff, 0xff, 0xff, 0xff, 0xff, 0xff, 0xfb, 0xff, 0xff, 0xff, 0xff, 0xff, 0xff, 0xff, 0xe0,
    0x7d, 0xff, 0xff, 0xff, 0xff, 0xff, 0xff, 0xff, 0xff, 0xf3, 0x1f, 0xff, 0xff, 0xff, 0xff, 0xff, 0xff, 0xe0,
    0x3d, 0xff, 0xff, 0xff, 0xff, 0xff, 0xff, 0xff, 0xff, 0xe0, 0x3f, 0xff, 0xff, 0xff, 0xff, 0xff, 0xff, 0xe0,
    0x7d, 0xff, 0xff, 0xff, 0xff, 0xff, 0xff, 0xff, 0xff, 0xe0, 0x3f, 0xff, 0xff, 0xff, 0xff, 0xff, 0xff, 0xe0,
    0x6d, 0xff, 0xff, 0xff, 0xff, 0xff, 0xff, 0xff, 0xff, 0xe0, 0x5f, 0xff, 0xff, 0xff, 0xff, 0xff, 0xff, 0xe0,
    0x7d, 0xff, 0xff, 0xff, 0xff, 0xff, 0xff, 0xff, 0xff, 0xe0, 0x9f, 0xff, 0xff, 0xff, 0xff, 0xff, 0xff, 0xe0,
    0x3d, 0xff, 0xff, 0xff, 0xff, 0xff, 0xff, 0xff, 0xff, 0xc0, 0x9f, 0xff, 0xff, 0xff, 0xff, 0xff, 0xff, 0xe0,
    0x7d, 0xff, 0xff, 0xff, 0xff, 0xff, 0xff, 0xff, 0xff, 0xc1, 0x9f, 0xff, 0xff, 0xff, 0xff, 0xff, 0xff, 0xe0,
    0x6d, 0xff, 0xff, 0xff, 0xff, 0xff, 0xff, 0xff, 0xff, 0x83, 0x9f, 0xff, 0xff, 0xff, 0xff, 0xff, 0xff, 0xe0,
    0x7d, 0xff, 0xff, 0xff, 0xff, 0xff, 0xff, 0xff, 0xff, 0x03, 0x9f, 0xff, 0xff, 0xff, 0xff, 0xff, 0xff, 0xe0,
    0x3d, 0xff, 0xff, 0xff, 0xff, 0xff, 0xff, 0xff, 0xff, 0x07, 0x9f, 0xff, 0xff, 0xff, 0xff, 0xff, 0xff, 0xe0,
    0x7d, 0xff, 0xff, 0xff, 0xff, 0xff, 0xff, 0xff, 0xfe, 0x0b, 0x9f, 0xff, 0xff, 0xff, 0xff, 0xff, 0xff, 0xe0,
    0x6d, 0xff, 0xff, 0xff, 0xff, 0xff, 0xff, 0xff, 0xfc, 0x0d, 0x9f, 0xff, 0xff, 0xff, 0xff, 0xff, 0xff, 0xe0,
    0x7d, 0xff, 0xff, 0xff, 0xff, 0xff, 0xff, 0xff, 0xfc, 0x1e, 0x9f, 0xff, 0xff, 0xff, 0xff, 0xff, 0xff, 0xe0,
    0x3d, 0xff, 0xff, 0xff, 0xff, 0xff, 0xff, 0xff, 0xf8, 0x3f, 0x1f, 0xff, 0xff, 0xff, 0xff, 0xff, 0xff, 0xe0,
    0x7d, 0xff, 0xff, 0xff, 0xff, 0xff, 0xff, 0xff, 0xd0, 0x20, 0x1f, 0xff, 0xff, 0xff, 0xff, 0xff, 0xff, 0xe0,
    0x6d, 0xff, 0xff, 0xff, 0xff, 0xe7, 0xff, 0xff, 0xc0, 0x40, 0x1f, 0xff, 0xff, 0xff, 0xff, 0xff, 0xff, 0xe0,
    0x7d, 0xff, 0xff, 0xff, 0xff, 0xe7, 0xff, 0xff, 0x80, 0xff, 0x9f, 0xff, 0xff, 0xff, 0xff, 0xff, 0xff, 0xe0,
    0x3d, 0xff, 0xff, 0xff, 0xff, 0xe7, 0xff, 0xfd, 0x00, 0xff, 0x9f, 0xff, 0xff, 0xff, 0xff, 0xff, 0xff, 0xe0,
    0x7d, 0xff, 0xff, 0xff, 0xe0, 0x07, 0xff, 0xf0, 0x01, 0xff, 0x9f, 0xff, 0xff, 0xff, 0xff, 0xff, 0xff, 0xe0,
    0x6d, 0xff, 0xff, 0xff, 0xe0, 0x07, 0xff, 0xe1, 0x03, 0xff, 0x9f, 0xff, 0x9f, 0xff, 0xff, 0xff, 0xff, 0xe0,
    0x7d, 0xff, 0xff, 0xff, 0xff, 0xc7, 0xff, 0xff, 0x07, 0xff, 0xff, 0xff, 0x9f, 0xff, 0xff, 0xff, 0xff, 0xe0,
    0x3d, 0xff, 0xff, 0xff, 0xff, 0xa7, 0xff, 0xfe, 0x07, 0xff, 0xff, 0xff, 0x80, 0x00, 0x00, 0x00, 0x0f, 0xe0,
    0x7d, 0xff, 0xff, 0xff, 0xff, 0x67, 0xff, 0xfe, 0x01, 0xff, 0xff, 0xff, 0x80, 0x00, 0x00, 0x00, 0x0f, 0xe0,
    0x6d, 0xff, 0xff, 0xff, 0xfe, 0xe7, 0xff, 0xff, 0x21, 0xff, 0xff, 0xff, 0x87, 0xff, 0xef, 0xff, 0xcf, 0xe0,
    0x7d, 0xff, 0xff, 0xff, 0xfd, 0xe7, 0xff, 0xfe, 0x21, 0xff, 0xff, 0xff, 0x87, 0xff, 0xef, 0xff, 0xcf, 0xe0,
    0x3d, 0xff, 0xff, 0xff, 0xfb, 0xe7, 0xff, 0xff, 0x00, 0xff, 0xff, 0xff, 0x87, 0xff, 0xef, 0xff, 0xcf, 0xe0,
    0x7d, 0xff, 0xff, 0xff, 0xf7, 0xe7, 0xff, 0xff, 0x07, 0xff, 0xff, 0xff, 0x87, 0xff, 0xef, 0xff, 0xcf, 0xe0,
    0x6d, 0xff, 0xff, 0xff, 0xff, 0xe7, 0xff, 0xff, 0x8f, 0xff, 0xff, 0xff, 0x87, 0xff, 0xef, 0xff, 0xcf, 0xe0,
    0x7d, 0xff, 0xff, 0xff, 0xff, 0xe7, 0xff, 0xff, 0xf7, 0xff, 0xff, 0xff, 0x87, 0xf7, 0xef, 0xff, 0xcf, 0xe0,
    0x3d, 0xff, 0xff, 0xff, 0xff, 0xe7, 0xff, 0xff, 0xf7, 0xff, 0xff, 0xff, 0x87, 0xff, 0xef, 0xff, 0xcf, 0xe0,
    0x7d, 0xff, 0xff, 0xff, 0xff, 0xe7, 0xff, 0xff, 0xff, 0xff, 0xff, 0xff, 0x87, 0xff, 0xef, 0xff, 0xcf, 0xe0,
    0x6d, 0xff, 0xff, 0xff, 0xff, 0xe7, 0xff, 0xff, 0xff, 0xff, 0xff, 0xff, 0x87, 0xff, 0xef, 0xff, 0xcf, 0xe0,
    0x7d, 0xff, 0xff, 0xff, 0xff, 0xe7, 0xff, 0xff, 0xff, 0xff, 0xff, 0xff, 0x87, 0xff, 0xef, 0xff, 0xcf, 0xe0,
    0x3d, 0x87, 0xff, 0xff, 0xff, 0xe7, 0xff, 0xff, 0xff, 0xff, 0xff, 0xff, 0x80, 0x00, 0x00, 0x00, 0x0f, 0xe0,
    0x7d, 0x23, 0xff, 0xff, 0xff, 0xe7, 0xff, 0xff, 0xff, 0xff, 0xff, 0xff, 0x87, 0xff, 0xef, 0xff, 0xcf, 0xe0,
    0x6d, 0x93, 0xff, 0xff, 0xff, 0xe7, 0xff, 0xff, 0xff, 0xff, 0xff, 0xff, 0x87, 0xff, 0xef, 0xff, 0xcf, 0xe0,
    0x7d, 0x4b, 0xff, 0xff, 0xff, 0xe7, 0xff, 0xff, 0xff, 0xff, 0xff, 0xff, 0x87, 0xff, 0xef, 0xc7, 0xcf, 0xe0,
    0x3c, 0x25, 0xff, 0xff, 0xff, 0xe7, 0xff, 0xff, 0xff, 0xff, 0xff, 0xff, 0x87, 0xff, 0xef, 0x83, 0xcf, 0xe0,
    0x7d, 0x93, 0xff, 0xff, 0xf7, 0xe7, 0xff, 0xff, 0xff, 0xff, 0xff, 0xff, 0x87, 0xff, 0xef, 0x1d, 0xcf, 0xe0,
    0x6d, 0x4b, 0xff, 0xff, 0xfb, 0xe7, 0xff, 0xff, 0xff, 0xff, 0xff, 0xff, 0x87, 0xff, 0xef, 0x3f, 0xcf, 0xe0,
    0x7d, 0x23, 0xff, 0xff, 0xfd, 0xe7, 0xff, 0xff, 0xff, 0xff, 0xff, 0xff, 0x87, 0xef, 0xef, 0x3f, 0xcf, 0xe0,
    0x3d, 0x07, 0xff, 0xff, 0xfe, 0xe7, 0xff, 0xff, 0xff, 0xff, 0xff, 0xff, 0x87, 0xff, 0xef, 0xbf, 0xcf, 0xe0,
    0x7d, 0x7f, 0xff, 0xff, 0xff, 0x67, 0xff, 0xff, 0xff, 0xff, 0xff, 0xff, 0x87, 0xff, 0xef, 0xff, 0xcf, 0xe0,
    0x6d, 0x7f, 0xff, 0xff, 0xff, 0xa7, 0xff, 0xff, 0xff, 0xff, 0xff, 0xff, 0x87, 0xff, 0xef, 0xff, 0xcf, 0xe0,
    0x7c, 0x7f, 0xff, 0xff, 0xff, 0xc7, 0xff, 0xff, 0xff, 0xff, 0xff, 0xff, 0x87, 0xff, 0xef, 0xff, 0xcf, 0xe0,
    0x3c, 0xff, 0xff, 0xff, 0xe0, 0x07, 0xff, 0xff, 0xff, 0xff, 0xff, 0xff, 0x80, 0x00, 0x00, 0x00, 0x0f, 0xe0,
    0x7c, 0xff, 0xff, 0xff, 0xe0, 0x07, 0xff, 0xff, 0xff, 0xff, 0xff, 0xff, 0x80, 0x00, 0x00, 0x00, 0x0f, 0xe0,
    0x6c, 0xff, 0xff, 0xff, 0xff, 0xe7, 0xff, 0xff, 0xff, 0xff, 0xff, 0xff, 0x9f, 0xff, 0xff, 0xff, 0xff, 0xe0,
    0x7d, 0xff, 0xff, 0xff, 0xff, 0xe7, 0xff, 0xff, 0xff, 0xff, 0xff, 0xff, 0x9f, 0xff, 0xff, 0xff, 0xff, 0xe0,
    0x3d, 0xff, 0xff, 0xff, 0xff, 0xff, 0xff, 0xff, 0xff, 0xff, 0xff, 0xff, 0xff, 0xff, 0xff, 0xff, 0xff, 0xe0,
    0x00, 0x00, 0x00, 0x00, 0x00, 0x00, 0x00, 0x00, 0x00, 0x00, 0x00, 0x00, 0x00, 0x00, 0x00, 0x00, 0x00, 0x00,
};

static const lv_img_dsc_t cat38 = {
    .header.cf = LV_IMG_CF_INDEXED_1BIT,
    .header.always_zero = 0,
    .header.reserved = 0,
    .header.w = 140,
    .header.h = 68,
    .data_size = 1232,
    .data = cat38_map,
};

static const LV_ATTRIBUTE_MEM_ALIGN LV_ATTRIBUTE_LARGE_CONST uint8_t cat39_map[] = {
#if CONFIG_NICE_VIEW_WIDGET_INVERTED
    0xff, 0xff, 0xff, 0xff, /*Color of index 0*/
    0x00, 0x00, 0x00, 0xff, /*Color of index 1*/
#else
    0x00, 0x00, 0x00, 0xff, /*Color of index 0*/
    0xff, 0xff, 0xff, 0xff, /*Color of index 1*/
#endif
    0x00, 0x00, 0x00, 0x00, 0x00, 0x00, 0x00, 0x00, 0x00, 0x00, 0x00, 0x00, 0x00, 0x00, 0x00, 0x00, 0x00, 0x00,
    0x7d, 0xff, 0xff, 0xff, 0xff, 0xff, 0xff, 0xff, 0xff, 0xff, 0xff, 0xff, 0xff, 0xff, 0xff, 0xff, 0xff, 0xe0,
    0x3d, 0xff, 0xff, 0xff, 0xff, 0xff, 0xff, 0xff, 0xff, 0xff, 0x9f, 0xff, 0xff, 0xff, 0xff, 0xff, 0xff, 0xe0,
    0x7d, 0xff, 0xff, 0xff, 0xff, 0xff, 0xff, 0xff, 0xff, 0xff, 0x9f, 0xff, 0xff, 0xff, 0xff, 0xff, 0xff, 0xe0,
    0x6d, 0xff, 0xff, 0xff, 0xff, 0xff, 0xff, 0xff, 0xff, 0x80, 0x00, 0x79, 0xff, 0xff, 0xff, 0xff, 0xff, 0xe0,
    0x7d, 0xff, 0xff, 0xff, 0xff, 0xff, 0xff, 0xff, 0xff, 0x80, 0x0f, 0x43, 0xff, 0xff, 0xff, 0xff, 0xff, 0xe0,
    0x3d, 0xff, 0xff, 0xff, 0xff, 0xff, 0xff, 0xff, 0xff, 0xff, 0x0f, 0x00, 0xff, 0xff, 0xff, 0xff, 0xff, 0xe0,
    0x7d, 0xff, 0xff, 0xff, 0xff, 0xff, 0xff, 0xff, 0xff, 0xfe, 0x8f, 0x00, 0xff, 0xff, 0xff, 0xff, 0xff, 0xe0,
    0x6d, 0xff, 0xff, 0xff, 0xff, 0xff, 0xff, 0xff, 0xff, 0xfd, 0x8f, 0x47, 0xff, 0xff, 0xff, 0xff, 0xff, 0xe0,
    0x7d, 0xff, 0xff, 0xff, 0xff, 0xff, 0xff, 0xff, 0xff, 0xfb, 0x80, 0x73, 0xff, 0xff, 0xff, 0xff, 0xff, 0xe0,
    0x3d, 0xff, 0xff, 0xff, 0xff, 0xff, 0xff, 0xff, 0xff, 0xf7, 0x9f, 0xff, 0xff, 0xff, 0xff, 0xff, 0xff, 0xe0,
    0x7d, 0xff, 0xff, 0xff, 0xff, 0xff, 0xff, 0xff, 0xff, 0xef, 0x9f, 0xff, 0xff, 0xff, 0xff, 0xff, 0xff, 0xe0,
    0x6d, 0xff, 0xff, 0xff, 0xff, 0xff, 0xff, 0xff, 0xff, 0xdf, 0x9f, 0xff, 0xff, 0xff, 0xff, 0xff, 0xff, 0xe0,
    0x7d, 0xff, 0xff, 0xff, 0xff, 0xff, 0xff, 0xfc, 0xff, 0xff, 0x9f, 0xff, 0xff, 0xff, 0xff, 0xff, 0xff, 0xe0,
    0x3d, 0xff, 0xff, 0xff, 0xff, 0xff, 0xff, 0xf9, 0xe7, 0xff, 0x9f, 0xff, 0xff, 0xff, 0xff, 0xff, 0xff, 0xe0,
    0x7d, 0xff, 0xff, 0xff, 0xff, 0xff, 0xff, 0xfc, 0xe3, 0xff, 0x9f, 0xff, 0xff, 0xff, 0xff, 0xff, 0xff, 0xe0,
    0x6d, 0xff, 0xff, 0xff, 0xff, 0xff, 0xff, 0xfc, 0xe7, 0xff, 0x9f, 0xff, 0xff, 0xff, 0xff, 0xff, 0xff, 0xe0,
    0x7d, 0xff, 0xff, 0xff, 0xff, 0xff, 0xff, 0xfc, 0x7f, 0xff, 0x9f, 0xff, 0xff, 0xff, 0xff, 0xff, 0xff, 0xe0,
    0x3d, 0xff, 0xff, 0xff, 0xff, 0xff, 0xff, 0xfc, 0xf7, 0xff, 0x9f, 0xff, 0xff, 0xff, 0xff, 0xff, 0xff, 0xe0,
    0x7d, 0xff, 0xff, 0xff, 0xff, 0xff, 0xff, 0xfc, 0x07, 0xff, 0x9f, 0xff, 0xff, 0xff, 0xff, 0xff, 0xff, 0xe0,
    0x6d, 0xff, 0xff, 0xff, 0xff, 0xff, 0xff, 0xf8, 0x0f, 0xff, 0x9f, 0xff, 0xff, 0xff, 0xff, 0xff, 0xff, 0xe0,
    0x7d, 0xff, 0xff, 0xff, 0xff, 0xff, 0xff, 0xf0, 0x1f, 0xff, 0x9f, 0xff, 0xff, 0xff, 0xff, 0xff, 0xff, 0xe0,
    0x3d, 0xff, 0xff, 0xff, 0xff, 0xff, 0xff, 0xf8, 0x1f, 0xff, 0x9f, 0xff, 0xff, 0xff, 0xff, 0xff, 0xff, 0xe0,
    0x7d, 0xff, 0xff, 0xff, 0xff, 0xff, 0xff, 0xf8, 0x3f, 0xff, 0x9f, 0xff, 0xff, 0xff, 0xff, 0xff, 0xff, 0xe0,
    0x6d, 0xff, 0xff, 0xff, 0xff, 0xff, 0xff, 0xf0, 0x7f, 0xdf, 0x9f, 0xff, 0xff, 0xff, 0xff, 0xff, 0xff, 0xe0,
    0x7d, 0xff, 0xff, 0xff, 0xff, 0xff, 0xff, 0xe0, 0x7f, 0xef, 0x9f, 0xff, 0xff, 0xff, 0xff, 0xff, 0xff, 0xe0,
    0x3d, 0xff, 0xff, 0xff, 0xff, 0xff, 0xff, 0xe0, 0xff, 0xf7, 0x9f, 0xff, 0xff, 0xff, 0xff, 0xff, 0xff, 0xe0,
    0x7d, 0xff, 0xff, 0xff, 0xff, 0xff, 0xff, 0xc1, 0xff, 0xfb, 0x9f, 0xff, 0xff, 0xff, 0xff, 0xff, 0xff, 0xe0,
    0x6d, 0xff, 0xff, 0xff, 0xff, 0xff, 0xff, 0x81, 0xff, 0xfd, 0x9f, 0xff, 0xff, 0xff, 0xff, 0xff, 0xff, 0xe0,
    0x7d, 0xff, 0xff, 0xff, 0xff, 0xff, 0xff, 0x83, 0xff, 0xfe, 0x9f, 0xff, 0xff, 0xff, 0xff, 0xff, 0xff, 0xe0,
    0x3d, 0xff, 0xff, 0xff, 0xff, 0xff, 0xff, 0x07, 0xff, 0xff, 0x1f, 0xff, 0xff, 0xff, 0xff, 0xff, 0xff, 0xe0,
    0x7d, 0xff, 0xff, 0xff, 0xff, 0xff, 0xfe, 0x07, 0xff, 0x80, 0x1f, 0xff, 0xff, 0xff, 0xff, 0xff, 0xff, 0xe0,
    0x6d, 0xff, 0xff, 0xff, 0xff, 0xe7, 0xfe, 0x0f, 0xff, 0x80, 0x1f, 0xff, 0xff, 0xff, 0xff, 0xff, 0xff, 0xe0,
    0x7d, 0xff, 0xff, 0xff, 0xff, 0xe7, 0xf0, 0x1f, 0xff, 0xff, 0x9f, 0xff, 0xff, 0xff, 0xff, 0xff, 0xff, 0xe0,
    0x3d, 0xff, 0xff, 0xff, 0xff, 0xe7, 0xe0, 0x1f, 0xff, 0xff, 0x9f, 0xff, 0xff, 0xff, 0xff, 0xff, 0xff, 0xe0,
    0x7d, 0xff, 0xff, 0xff, 0xe0, 0x07, 0xe0, 0x3f, 0xff, 0xff, 0x9f, 0xff, 0xff, 0xff, 0xff, 0xff, 0xff, 0xe0,
    0x6d, 0xff, 0xff, 0xff, 0xe0, 0x04, 0x00, 0x7f, 0xff, 0xff, 0x9f, 0xff, 0x9f, 0xff, 0xff, 0xff, 0xff, 0xe0,
    0x7d, 0xff, 0xff, 0xff, 0xff, 0xc4, 0x00, 0x7f, 0xff, 0xff, 0xff, 0xff, 0x9f, 0xff, 0xff, 0xff, 0xff, 0xe0,
    0x3d, 0xff, 0xff, 0xff, 0xff, 0xa9, 0x40, 0xff, 0xff, 0xff, 0xff, 0xff, 0x80, 0x00, 0x00, 0x00, 0x0f, 0xe0,
    0x7d, 0xff, 0xff, 0xff, 0xff, 0x67, 0xc1, 0xff, 0xff, 0xff, 0xff, 0xff, 0x80, 0x00, 0x00, 0x00, 0x0f, 0xe0,
    0x6d, 0xff, 0xff, 0xff, 0xfe, 0xe7, 0x80, 0xff, 0xff, 0xff, 0xff, 0xff, 0x87, 0xff, 0xef, 0xff, 0xcf, 0xe0,
    0x7d, 0xff, 0xff, 0xff, 0xfd, 0xe7, 0xc0, 0x7f, 0xff, 0xff, 0xff, 0xff, 0x87, 0xff, 0xef, 0xff, 0xcf, 0xe0,
    0x3d, 0xff, 0xff, 0xff, 0xfb, 0xe7, 0x98, 0x7f, 0xff, 0xff, 0xff, 0xff, 0x87, 0xff, 0xef, 0xff, 0xcf, 0xe0,
    0x7d, 0xff, 0xff, 0xff, 0xf7, 0xe7, 0xc0, 0x3f, 0xff, 0xff, 0xff, 0xff, 0x87, 0xff, 0xef, 0xff, 0xcf, 0xe0,
    0x6d, 0xff, 0xff, 0xff, 0xff, 0xe7, 0xc1, 0xff, 0xff, 0xff, 0xff, 0xff, 0x87, 0xff, 0xef, 0xff, 0xcf, 0xe0,
    0x7d, 0xff, 0xff, 0xff, 0xff, 0xe7, 0xc1, 0xff, 0xff, 0xff, 0xff, 0xff, 0x87, 0xf7, 0xef, 0xff, 0xcf, 0xe0,
    0x3d, 0xff, 0xff, 0xff, 0xff, 0xe7, 0xff, 0xff, 0xff, 0xff, 0xff, 0xff, 0x87, 0xff, 0xef, 0xff, 0xcf, 0xe0,
    0x7d, 0xff, 0xff, 0xff, 0xff, 0xe7, 0xf9, 0xff, 0xff, 0xff, 0xff, 0xff, 0x87, 0xff, 0xef, 0xff, 0xcf, 0xe0,
    0x6d, 0xff, 0xff, 0xff, 0xff, 0xe7, 0xff, 0xff, 0xff, 0xff, 0xff, 0xff, 0x87, 0xff, 0xef, 0xff, 0xcf, 0xe0,
    0x7d, 0xff, 0xff, 0xff, 0xff, 0xe7, 0xff, 0xff, 0xff, 0xff, 0xff, 0xff, 0x87, 0xff, 0xef, 0xff, 0xcf, 0xe0,
    0x3d, 0x87, 0xff, 0xff, 0xff, 0xe7, 0xff, 0xff, 0xff, 0xff, 0xff, 0xff, 0x80, 0x00, 0x00, 0x00, 0x0f, 0xe0,
    0x7d, 0x23, 0xff, 0xff, 0xff, 0xe7, 0xff, 0xff, 0xff, 0xff, 0xff, 0xff, 0x87, 0xff, 0xef, 0xff, 0xcf, 0xe0,
    0x6d, 0x93, 0xff, 0xff, 0xff, 0xe7, 0xff, 0xff, 0xff, 0xff, 0xff, 0xff, 0x87, 0xff, 0xef, 0xff, 0xcf, 0xe0,
    0x7d, 0x4b, 0xff, 0xff, 0xff, 0xe7, 0xff, 0xff, 0xff, 0xff, 0xff, 0xff, 0x87, 0xff, 0xef, 0xc7, 0xcf, 0xe0,
    0x3c, 0x25, 0xff, 0xff, 0xff, 0xe7, 0xff, 0xff, 0xff, 0xff, 0xff, 0xff, 0x87, 0xff, 0xef, 0x83, 0xcf, 0xe0,
    0x7d, 0x93, 0xff, 0xff, 0xf7, 0xe7, 0xff, 0xff, 0xff, 0xff, 0xff, 0xff, 0x87, 0xff, 0xef, 0x1d, 0xcf, 0xe0,
    0x6d, 0x4b, 0xff, 0xff, 0xfb, 0xe7, 0xff, 0xff, 0xff, 0xff, 0xff, 0xff, 0x87, 0xff, 0xef, 0x3f, 0xcf, 0xe0,
    0x7d, 0x23, 0xff, 0xff, 0xfd, 0xe7, 0xff, 0xff, 0xff, 0xff, 0xff, 0xff, 0x87, 0xef, 0xef, 0x3f, 0xcf, 0xe0,
    0x3d, 0x07, 0xff, 0xff, 0xfe, 0xe7, 0xff, 0xff, 0xff, 0xff, 0xff, 0xff, 0x87, 0xff, 0xef, 0xbf, 0xcf, 0xe0,
    0x7d, 0x7f, 0xff, 0xff, 0xff, 0x67, 0xff, 0xff, 0xff, 0xff, 0xff, 0xff, 0x87, 0xff, 0xef, 0xff, 0xcf, 0xe0,
    0x6d, 0x7f, 0xff, 0xff, 0xff, 0xa7, 0xff, 0xff, 0xff, 0xff, 0xff, 0xff, 0x87, 0xff, 0xef, 0xff, 0xcf, 0xe0,
    0x7c, 0x7f, 0xff, 0xff, 0xff, 0xc7, 0xff, 0xff, 0xff, 0xff, 0xff, 0xff, 0x87, 0xff, 0xef, 0xff, 0xcf, 0xe0,
    0x3c, 0xff, 0xff, 0xff, 0xe0, 0x07, 0xff, 0xff, 0xff, 0xff, 0xff, 0xff, 0x80, 0x00, 0x00, 0x00, 0x0f, 0xe0,
    0x7c, 0xff, 0xff, 0xff, 0xe0, 0x07, 0xff, 0xff, 0xff, 0xff, 0xff, 0xff, 0x80, 0x00, 0x00, 0x00, 0x0f, 0xe0,
    0x6c, 0xff, 0xff, 0xff, 0xff, 0xe7, 0xff, 0xff, 0xff, 0xff, 0xff, 0xff, 0x9f, 0xff, 0xff, 0xff, 0xff, 0xe0,
    0x7d, 0xff, 0xff, 0xff, 0xff, 0xe7, 0xff, 0xff, 0xff, 0xff, 0xff, 0xff, 0x9f, 0xff, 0xff, 0xff, 0xff, 0xe0,
    0x3d, 0xff, 0xff, 0xff, 0xff, 0xff, 0xff, 0xff, 0xff, 0xff, 0xff, 0xff, 0xff, 0xff, 0xff, 0xff, 0xff, 0xe0,
    0x00, 0x00, 0x00, 0x00, 0x00, 0x00, 0x00, 0x00, 0x00, 0x00, 0x00, 0x00, 0x00, 0x00, 0x00, 0x00, 0x00, 0x00,
};

static const lv_img_dsc_t cat39 = {
    .header.cf = LV_IMG_CF_INDEXED_1BIT,
    .header.always_zero = 0,
    .header.reserved = 0,
    .header.w = 140,
    .header.h = 68,
    .data_size = 1232,
    .data = cat39_map,
};

static const LV_ATTRIBUTE_MEM_ALIGN LV_ATTRIBUTE_LARGE_CONST uint8_t cat40_map[] = {
#if CONFIG_NICE_VIEW_WIDGET_INVERTED
    0xff, 0xff, 0xff, 0xff, /*Color of index 0*/
    0x00, 0x00, 0x00, 0xff, /*Color of index 1*/
#else
    0x00, 0x00, 0x00, 0xff, /*Color of index 0*/
    0xff, 0xff, 0xff, 0xff, /*Color of index 1*/
#endif
    0x00, 0x00, 0x00, 0x00, 0x00, 0x00, 0x00, 0x00, 0x00, 0x00, 0x00, 0x00, 0x00, 0x00, 0x00, 0x00, 0x00, 0x00,
    0x7d, 0xff, 0xff, 0xff, 0xff, 0xff, 0xff, 0xff, 0xff, 0xff, 0xff, 0xff, 0xff, 0xff, 0xff, 0xff, 0xff, 0xe0,
    0x3d, 0xff, 0xff, 0xff, 0xff, 0xff, 0xff, 0xff, 0xff, 0xff, 0x9f, 0xff, 0xff, 0xff, 0xff, 0xff, 0xff, 0xe0,
    0x7d, 0xff, 0xff, 0xff, 0xff, 0xff, 0xff, 0xff, 0xff, 0xff, 0x9f, 0xff, 0xff, 0xff, 0xff, 0xff, 0xff, 0xe0,
    0x6d, 0xff, 0xff, 0xff, 0xff, 0xff, 0xff, 0xff, 0xff, 0x80, 0x00, 0x79, 0xff, 0xff, 0xff, 0xff, 0xff, 0xe0,
    0x7d, 0xff, 0xff, 0xff, 0xff, 0xff, 0xff, 0xff, 0xff, 0x80, 0x0f, 0x43, 0xff, 0xff, 0xff, 0xff, 0xff, 0xe0,
    0x3d, 0xff, 0xff, 0xff, 0xff, 0xff, 0xff, 0xff, 0xff, 0xff, 0x0f, 0x00, 0xff, 0xff, 0xff, 0xff, 0xff, 0xe0,
    0x7d, 0xff, 0xff, 0xff, 0xff, 0xff, 0xff, 0xff, 0xff, 0xfe, 0x8f, 0x00, 0xff, 0xff, 0xff, 0xff, 0xff, 0xe0,
    0x6d, 0xff, 0xff, 0xff, 0xff, 0xff, 0xff, 0xff, 0xff, 0xfd, 0x8f, 0x47, 0xff, 0xff, 0xff, 0xff, 0xff, 0xe0,
    0x7d, 0xff, 0xff, 0xff, 0xff, 0xff, 0xff, 0xff, 0xff, 0xfb, 0x80, 0x73, 0xff, 0xff, 0xff, 0xff, 0xff, 0xe0,
    0x3d, 0xff, 0xff, 0xff, 0xff, 0xff, 0xff, 0xff, 0xff, 0xf7, 0x9f, 0xff, 0xff, 0xff, 0xff, 0xff, 0xff, 0xe0,
    0x7d, 0xff, 0xff, 0xff, 0xff, 0xff, 0xff, 0xff, 0xff, 0xef, 0x9f, 0xff, 0xff, 0xff, 0xff, 0xff, 0xff, 0xe0,
    0x6d, 0xff, 0xff, 0xff, 0xff, 0xff, 0xff, 0xff, 0xff, 0xdf, 0x9f, 0xff, 0xff, 0xff, 0xff, 0xff, 0xff, 0xe0,
    0x7d, 0xff, 0xff, 0xff, 0xff, 0xff, 0xff, 0xff, 0xff, 0xff, 0x9f, 0xff, 0xff, 0xff, 0xff, 0xff, 0xff, 0xe0,
    0x3d, 0xff, 0xff, 0xff, 0xff, 0xfd, 0xff, 0xff, 0xff, 0xff, 0x9f, 0xff, 0xff, 0xff, 0xff, 0xff, 0xff, 0xe0,
    0x7d, 0xff, 0xff, 0xff, 0xff, 0xf9, 0xef, 0xff, 0xff, 0xff, 0x9f, 0xff, 0xff, 0xff, 0xff, 0xff, 0xff, 0xe0,
    0x6d, 0xff, 0xff, 0xff, 0xff, 0xf8, 0xc7, 0xff, 0xff, 0xff, 0x9f, 0xff, 0xff, 0xff, 0xff, 0xff, 0xff, 0xe0,
    0x7d, 0xff, 0xff, 0xff, 0xff, 0xfd, 0xe7, 0xff, 0xff, 0xff, 0x9f, 0xff, 0xff, 0xff, 0xff, 0xff, 0xff, 0xe0,
    0x3d, 0xff, 0xff, 0xff, 0xff, 0xf8, 0xef, 0xff, 0xff, 0xff, 0x9f, 0xff, 0xff, 0xff, 0xff, 0xff, 0xff, 0xe0,
    0x7d, 0xff, 0xff, 0xff, 0xff, 0xfc, 0xff, 0xff, 0xff, 0xff, 0x9f, 0xff, 0xff, 0xff, 0xff, 0xff, 0xff, 0xe0,
    0x6d, 0xff, 0xff, 0xff, 0xff, 0xf8, 0x87, 0xff, 0xff, 0xff, 0x9f, 0xff, 0xff, 0xff, 0xff, 0xff, 0xff, 0xe0,
    0x7d, 0xff, 0xff, 0xff, 0xff, 0xf8, 0x0f, 0xff, 0xff, 0xff, 0x9f, 0xff, 0xff, 0xff, 0xff, 0xff, 0xff, 0xe0,
    0x3d, 0xff, 0xff, 0xff, 0xff, 0xf0, 0x1f, 0xff, 0xff, 0xff, 0x9f, 0xff, 0xff, 0xff, 0xff, 0xff, 0xff, 0xe0,
    0x7d, 0xff, 0xff, 0xff, 0xff, 0xf8, 0x1f, 0xff, 0xff, 0xff, 0x9f, 0xff, 0xff, 0xff, 0xff, 0xff, 0xff, 0xe0,
    0x6d, 0xff, 0xff, 0xff, 0xff, 0xf0, 0x3f, 0xff, 0xff, 0xdf, 0x9f, 0xff, 0xff, 0xff, 0xff, 0xff, 0xff, 0xe0,
    0x7d, 0xff, 0xff, 0xff, 0xff, 0xf0, 0x7f, 0xff, 0xff, 0xef, 0x9f, 0xff, 0xff, 0xff, 0xff, 0xff, 0xff, 0xe0,
    0x3d, 0xff, 0xff, 0xff, 0xff, 0xe0, 0x7f, 0xff, 0xff, 0xf7, 0x9f, 0xff, 0xff, 0xff, 0xff, 0xff, 0xff, 0xe0,
    0x7d, 0xff, 0xff, 0xff, 0xff, 0xc0, 0xff, 0xff, 0xff, 0xfb, 0x9f, 0xff, 0xff, 0xff, 0xff, 0xff, 0xff, 0xe0,
    0x6d, 0xff, 0xff, 0xff, 0xff, 0xc1, 0xff, 0xff, 0xff, 0xfd, 0x9f, 0xff, 0xff, 0xff, 0xff, 0xff, 0xff, 0xe0,
    0x7d, 0xff, 0xff, 0xff, 0xff, 0x83, 0xff, 0xff, 0xff, 0xfe, 0x9f, 0xff, 0xff, 0xff, 0xff, 0xff, 0xff, 0xe0,
    0x3d, 0xff, 0xff, 0xff, 0xff, 0x03, 0xff, 0xff, 0xff, 0xff, 0x1f, 0xff, 0xff, 0xff, 0xff, 0xff, 0xff, 0xe0,
    0x7d, 0xff, 0xff, 0xff, 0xff, 0x07, 0xff, 0xff, 0xff, 0x80, 0x1f, 0xff, 0xff, 0xff, 0xff, 0xff, 0xff, 0xe0,
    0x6d, 0xff, 0xff, 0xff, 0xfe, 0x0f, 0xff, 0xff, 0xff, 0x80, 0x1f, 0xff, 0xff, 0xff, 0xff, 0xff, 0xff, 0xe0,
    0x7d, 0xff, 0xff, 0xff, 0xfc, 0x0f, 0xff, 0xff, 0xff, 0xff, 0x9f, 0xff, 0xff, 0xff, 0xff, 0xff, 0xff, 0xe0,
    0x3d, 0xff, 0xff, 0xff, 0xf4, 0x17, 0xff, 0xff, 0xff, 0xff, 0x9f, 0xff, 0xff, 0xff, 0xff, 0xff, 0xff, 0xe0,
    0x7d, 0xff, 0xff, 0xff, 0xe0, 0x27, 0xff, 0xff, 0xff, 0xff, 0x9f, 0xff, 0xff, 0xff, 0xff, 0xff, 0xff, 0xe0,
    0x6d, 0xff, 0xff, 0xff, 0xc0, 0x27, 0xff, 0xff, 0xff, 0xff, 0x9f, 0xff, 0x9f, 0xff, 0xff, 0xff, 0xff, 0xe0,
    0x7d, 0xff, 0xff, 0xfd, 0x40, 0x47, 0xff, 0xff, 0xff, 0xff, 0xff, 0xff, 0x9f, 0xff, 0xff, 0xff, 0xff, 0xe0,
    0x3d, 0xff, 0xff, 0xf8, 0x00, 0xa7, 0xff, 0xff, 0xff, 0xff, 0xff, 0xff, 0x80, 0x00, 0x00, 0x00, 0x0f, 0xe0,
    0x7d, 0xff, 0xff, 0xf8, 0x80, 0xe7, 0xff, 0xff, 0xff, 0xff, 0xff, 0xff, 0x80, 0x00, 0x00, 0x00, 0x0f, 0xe0,
    0x6d, 0xff, 0xff, 0xff, 0xc1, 0xe7, 0xff, 0xff, 0xff, 0xff, 0xff, 0xff, 0x87, 0xff, 0xef, 0xff, 0xcf, 0xe0,
    0x7d, 0xff, 0xff, 0xff, 0x81, 0xe7, 0xff, 0xff, 0xff, 0xff, 0xff, 0xff, 0x87, 0xff, 0xef, 0xff, 0xcf, 0xe0,
    0x3d, 0xff, 0xff, 0xff, 0x80, 0xe7, 0xff, 0xff, 0xff, 0xff, 0xff, 0xff, 0x87, 0xff, 0xef, 0xff, 0xcf, 0xe0,
    0x7d, 0xff, 0xff, 0xff, 0x98, 0x67, 0xff, 0xff, 0xff, 0xff, 0xff, 0xff, 0x87, 0xff, 0xed, 0xff, 0xcf, 0xe0,
    0x6d, 0xff, 0xff, 0xff, 0x90, 0x67, 0xff, 0xff, 0xff, 0xff, 0xff, 0xff, 0x87, 0xff, 0xef, 0xff, 0xcf, 0xe0,
    0x7d, 0xff, 0xff, 0xff, 0xc1, 0x67, 0xff, 0xff, 0xff, 0xff, 0xff, 0xff, 0x87, 0xf7, 0xef, 0xff, 0xcf, 0xe0,
    0x3d, 0xff, 0xff, 0xff, 0x83, 0xe7, 0xff, 0xff, 0xff, 0xff, 0xff, 0xff, 0x87, 0xff, 0xef, 0xff, 0xcf, 0xe0,
    0x7d, 0xff, 0xff, 0xff, 0xeb, 0xe7, 0xff, 0xff, 0xff, 0xff, 0xff, 0xff, 0x87, 0xff, 0xef, 0xff, 0xcf, 0xe0,
    0x6d, 0xff, 0xff, 0xff, 0xf9, 0xe7, 0xff, 0xff, 0xff, 0xff, 0xff, 0xff, 0x87, 0xff, 0xef, 0xff, 0xcf, 0xe0,
    0x7d, 0xff, 0xff, 0xff, 0xfb, 0xe7, 0xff, 0xff, 0xff, 0xff, 0xff, 0xff, 0x87, 0xff, 0xef, 0xff, 0xcf, 0xe0,
    0x3d, 0x87, 0xff, 0xff, 0xff, 0xe7, 0xff, 0xff, 0xff, 0xff, 0xff, 0xff, 0x80, 0x00, 0x00, 0x00, 0x0f, 0xe0,
    0x7d, 0x23, 0xff, 0xff, 0xff, 0xe7, 0xff, 0xff, 0xff, 0xff, 0xff, 0xff, 0x87, 0xff, 0xef, 0xff, 0xcf, 0xe0,
    0x6d, 0x93, 0xff, 0xff, 0xff, 0xe7, 0xff, 0xff, 0xff, 0xff, 0xff, 0xff, 0x87, 0xff, 0xef, 0xff, 0xcf, 0xe0,
    0x7d, 0x4b, 0xff, 0xff, 0xff, 0xe7, 0xff, 0xff, 0xff, 0xff, 0xff, 0xff, 0x87, 0xff, 0xef, 0xc7, 0xcf, 0xe0,
    0x3c, 0x25, 0xff, 0xff, 0xff, 0xe7, 0xff, 0xff, 0xff, 0xff, 0xff, 0xff, 0x87, 0xff, 0xef, 0x83, 0xcf, 0xe0,
    0x7d, 0x93, 0xff, 0xff, 0xf7, 0xe7, 0xff, 0xff, 0xff, 0xff, 0xff, 0xff, 0x87, 0xff, 0xef, 0x1d, 0xcf, 0xe0,
    0x6d, 0x4b, 0xff, 0xff, 0xfb, 0xe7, 0xff, 0xff, 0xff, 0xff, 0xff, 0xff, 0x87, 0xff, 0xef, 0x3f, 0xcf, 0xe0,
    0x7d, 0x23, 0xff, 0xff, 0xfd, 0xe7, 0xff, 0xff, 0xff, 0xff, 0xff, 0xff, 0x87, 0xef, 0xef, 0x3f, 0xcf, 0xe0,
    0x3d, 0x07, 0xff, 0xff, 0xfe, 0xe7, 0xff, 0xff, 0xff, 0xff, 0xff, 0xff, 0x87, 0xff, 0xef, 0xbf, 0xcf, 0xe0,
    0x7d, 0x7f, 0xff, 0xff, 0xff, 0x67, 0xff, 0xff, 0xff, 0xff, 0xff, 0xff, 0x87, 0xff, 0xef, 0xff, 0xcf, 0xe0,
    0x6d, 0x7f, 0xff, 0xff, 0xff, 0xa7, 0xff, 0xff, 0xff, 0xff, 0xff, 0xff, 0x87, 0xff, 0xef, 0xff, 0xcf, 0xe0,
    0x7c, 0x7f, 0xff, 0xff, 0xff, 0xc7, 0xff, 0xff, 0xff, 0xff, 0xff, 0xff, 0x87, 0xff, 0xef, 0xff, 0xcf, 0xe0,
    0x3c, 0xff, 0xff, 0xff, 0xe0, 0x07, 0xff, 0xff, 0xff, 0xff, 0xff, 0xff, 0x80, 0x00, 0x00, 0x00, 0x0f, 0xe0,
    0x7c, 0xff, 0xff, 0xff, 0xe0, 0x07, 0xff, 0xff, 0xff, 0xff, 0xff, 0xff, 0x80, 0x00, 0x00, 0x00, 0x0f, 0xe0,
    0x6c, 0xff, 0xff, 0xff, 0xff, 0xe7, 0xff, 0xff, 0xff, 0xff, 0xff, 0xff, 0x9f, 0xff, 0xff, 0xff, 0xff, 0xe0,
    0x7d, 0xff, 0xff, 0xff, 0xff, 0xe7, 0xff, 0xff, 0xff, 0xff, 0xff, 0xff, 0x9f, 0xff, 0xff, 0xff, 0xff, 0xe0,
    0x3d, 0xff, 0xff, 0xff, 0xff, 0xff, 0xff, 0xff, 0xff, 0xff, 0xff, 0xff, 0xff, 0xff, 0xff, 0xff, 0xff, 0xe0,
    0x00, 0x00, 0x00, 0x00, 0x00, 0x00, 0x00, 0x00, 0x00, 0x00, 0x00, 0x00, 0x00, 0x00, 0x00, 0x00, 0x00, 0x00,
};

static const lv_img_dsc_t cat40 = {
    .header.cf = LV_IMG_CF_INDEXED_1BIT,
    .header.always_zero = 0,
    .header.reserved = 0,
    .header.w = 140,
    .header.h = 68,
    .data_size = 1232,
    .data = cat40_map,
};

static const LV_ATTRIBUTE_MEM_ALIGN LV_ATTRIBUTE_LARGE_CONST uint8_t cat41_map[] = {
#if CONFIG_NICE_VIEW_WIDGET_INVERTED
    0xff, 0xff, 0xff, 0xff, /*Color of index 0*/
    0x00, 0x00, 0x00, 0xff, /*Color of index 1*/
#else
    0x00, 0x00, 0x00, 0xff, /*Color of index 0*/
    0xff, 0xff, 0xff, 0xff, /*Color of index 1*/
#endif
    0x00, 0x00, 0x00, 0x00, 0x00, 0x00, 0x00, 0x00, 0x00, 0x00, 0x00, 0x00, 0x00, 0x00, 0x00, 0x00, 0x00, 0x00,
    0x7d, 0xff, 0xff, 0xff, 0xff, 0xff, 0xff, 0xff, 0xff, 0xff, 0xff, 0xff, 0xff, 0xff, 0xff, 0xff, 0xff, 0xe0,
    0x3d, 0xff, 0xff, 0xff, 0xff, 0xff, 0xff, 0xff, 0xff, 0xff, 0x9f, 0xff, 0xff, 0xff, 0xff, 0xff, 0xff, 0xe0,
    0x7d, 0xff, 0xff, 0xff, 0xff, 0xff, 0xff, 0xff, 0xff, 0xff, 0x9f, 0xff, 0xff, 0xff, 0xff, 0xff, 0xff, 0xe0,
    0x6d, 0xff, 0xff, 0xff, 0xff, 0xff, 0xff, 0xff, 0xff, 0x80, 0x00, 0x79, 0xff, 0xff, 0xff, 0xff, 0xff, 0xe0,
    0x7d, 0xff, 0xff, 0xff, 0xff, 0xff, 0xff, 0xff, 0xff, 0x80, 0x0f, 0x43, 0xff, 0xff, 0xff, 0xff, 0xff, 0xe0,
    0x3d, 0xff, 0xff, 0xff, 0xff, 0xff, 0xff, 0xff, 0xff, 0xff, 0x0f, 0x00, 0xff, 0xff, 0xff, 0xff, 0xff, 0xe0,
    0x7d, 0xff, 0xff, 0xff, 0xff, 0xff, 0xff, 0xff, 0xff, 0xfe, 0x8f, 0x00, 0xff, 0xff, 0xff, 0xff, 0xff, 0xe0,
    0x6d, 0xff, 0xff, 0xff, 0xff, 0xff, 0xff, 0xff, 0xff, 0xfd, 0x8f, 0x47, 0xff, 0xff, 0xff, 0xff, 0xff, 0xe0,
    0x7d, 0xff, 0xff, 0xff, 0xff, 0xff, 0xff, 0xff, 0xff, 0xfb, 0x80, 0x73, 0xff, 0xff, 0xff, 0xff, 0xff, 0xe0,
    0x3d, 0xff, 0xff, 0xff, 0xff, 0xff, 0xff, 0xff, 0xff, 0xf7, 0x9f, 0xff, 0xff, 0xff, 0xff, 0xff, 0xff, 0xe0,
    0x7d, 0xff, 0xff, 0xff, 0xff, 0xff, 0xff, 0xff, 0xff, 0xef, 0x9f, 0xff, 0xff, 0xff, 0xff, 0xff, 0xff, 0xe0,
    0x6d, 0xff, 0xff, 0xff, 0xff, 0xff, 0xff, 0xff, 0xff, 0xdf, 0x9f, 0xff, 0xff, 0xff, 0xff, 0xff, 0xff, 0xe0,
    0x7d, 0xff, 0xff, 0xff, 0xff, 0xff, 0xff, 0xff, 0xff, 0xff, 0x9f, 0xff, 0xff, 0xff, 0xff, 0xff, 0xff, 0xe0,
    0x3d, 0xff, 0xff, 0xff, 0xff, 0xff, 0xff, 0xff, 0xff, 0xff, 0x9f, 0xff, 0xff, 0xff, 0xff, 0xff, 0xff, 0xe0,
    0x7d, 0xff, 0xff, 0xef, 0xff, 0xff, 0xff, 0xff, 0xff, 0xff, 0x9f, 0xff, 0xff, 0xff, 0xff, 0xff, 0xff, 0xe0,
    0x6d, 0xff, 0xff, 0xcf, 0xff, 0xff, 0xff, 0xff, 0xff, 0xff, 0x9f, 0xff, 0xff, 0xff, 0xff, 0xff, 0xff, 0xe0,
    0x7d, 0xff, 0xff, 0xce, 0x7f, 0xff, 0xff, 0xff, 0xff, 0xff, 0x9f, 0xff, 0xff, 0xff, 0xff, 0xff, 0xff, 0xe0,
    0x3d, 0xff, 0xff, 0xe7, 0x3f, 0xff, 0xff, 0xff, 0xff, 0xff, 0x9f, 0xff, 0xff, 0xff, 0xff, 0xff, 0xff, 0xe0,
    0x7d, 0xff, 0xff, 0xcf, 0x7f, 0xff, 0xff, 0xff, 0xff, 0xff, 0x9f, 0xff, 0xff, 0xff, 0xff, 0xff, 0xff, 0xe0,
    0x6d, 0xff, 0xff, 0xe7, 0x7f, 0xff, 0xff, 0xff, 0xff, 0xff, 0x9f, 0xff, 0xff, 0xff, 0xff, 0xff, 0xff, 0xe0,
    0x7d, 0xff, 0xff, 0xe5, 0x3f, 0xff, 0xff, 0xff, 0xff, 0xff, 0x9f, 0xff, 0xff, 0xff, 0xff, 0xff, 0xff, 0xe0,
    0x3d, 0xff, 0xff, 0xc0, 0x7f, 0xff, 0xff, 0xff, 0xff, 0xff, 0x9f, 0xff, 0xff, 0xff, 0xff, 0xff, 0xff, 0xe0,
    0x7d, 0xff, 0xff, 0x80, 0x7f, 0xff, 0xff, 0xff, 0xff, 0xff, 0x9f, 0xff, 0xff, 0xff, 0xff, 0xff, 0xff, 0xe0,
    0x6d, 0xff, 0xff, 0x80, 0xff, 0xff, 0xff, 0xff, 0xff, 0xdf, 0x9f, 0xff, 0xff, 0xff, 0xff, 0xff, 0xff, 0xe0,
    0x7d, 0xff, 0xff, 0xc1, 0xff, 0xff, 0xff, 0xff, 0xff, 0xef, 0x9f, 0xff, 0xff, 0xff, 0xff, 0xff, 0xff, 0xe0,
    0x3d, 0xff, 0xff, 0x83, 0xff, 0xff, 0xff, 0xff, 0xff, 0xf7, 0x9f, 0xff, 0xff, 0xff, 0xff, 0xff, 0xff, 0xe0,
    0x7d, 0xff, 0xff, 0x03, 0xff, 0xff, 0xff, 0xff, 0xff, 0xfb, 0x9f, 0xff, 0xff, 0xff, 0xff, 0xff, 0xff, 0xe0,
    0x6d, 0xff, 0xff, 0x07, 0xff, 0xff, 0xff, 0xff, 0xff, 0xfd, 0x9f, 0xff, 0xff, 0xff, 0xff, 0xff, 0xff, 0xe0,
    0x7d, 0xff, 0xfe, 0x0f, 0xff, 0xff, 0xff, 0xff, 0xff, 0xfe, 0x9f, 0xff, 0xff, 0xff, 0xff, 0xff, 0xff, 0xe0,
    0x3d, 0xff, 0xfc, 0x0f, 0xff, 0xff, 0xff, 0xff, 0xff, 0xff, 0x1f, 0xff, 0xff, 0xff, 0xff, 0xff, 0xff, 0xe0,
    0x7d, 0xff, 0xfc, 0x1f, 0xff, 0xff, 0xff, 0xff, 0xff, 0x80, 0x1f, 0xff, 0xff, 0xff, 0xff, 0xff, 0xff, 0xe0,
    0x6d, 0xff, 0xf8, 0x3f, 0xff, 0xe7, 0xff, 0xff, 0xff, 0x80, 0x1f, 0xff, 0xff, 0xff, 0xff, 0xff, 0xff, 0xe0,
    0x7d, 0xff, 0xf0, 0x3f, 0xff, 0xe7, 0xff, 0xff, 0xff, 0xff, 0x9f, 0xff, 0xff, 0xff, 0xff, 0xff, 0xff, 0xe0,
    0x3d, 0xff, 0xf0, 0x7f, 0xff, 0xe7, 0xff, 0xff, 0xff, 0xff, 0x9f, 0xff, 0xff, 0xff, 0xff, 0xff, 0xff, 0xe0,
    0x7d, 0xff, 0xe0, 0xff, 0xe0, 0x07, 0xff, 0xff, 0xff, 0xff, 0x9f, 0xff, 0xff, 0xff, 0xff, 0xff, 0xff, 0xe0,
    0x6d, 0xff, 0x00, 0xff, 0xe0, 0x07, 0xff, 0xff, 0xff, 0xff, 0x9f, 0xff, 0x9f, 0xff, 0xff, 0xff, 0xff, 0xe0,
    0x7d, 0xff, 0x01, 0xff, 0xff, 0xc7, 0xff, 0xff, 0xff, 0xff, 0xff, 0xff, 0x9f, 0xff, 0xff, 0xff, 0xff, 0xe0,
    0x3d, 0xfa, 0x03, 0xff, 0xff, 0xa7, 0xff, 0xff, 0xff, 0xff, 0xff, 0xff, 0x80, 0x00, 0x00, 0x00, 0x0f, 0xe0,
    0x7d, 0xe0, 0x03, 0xff, 0xff, 0x67, 0xff, 0xff, 0xff, 0xff, 0xff, 0xff, 0x80, 0x00, 0x00, 0x00, 0x0f, 0xe0,
    0x6d, 0xc0, 0x07, 0xff, 0xfe, 0xe7, 0xff, 0xff, 0xff, 0xff, 0xff, 0xff, 0x87, 0xff, 0xef, 0xff, 0xcf, 0xe0,
    0x7d, 0xde, 0x0f, 0xff, 0xfd, 0xe7, 0xff, 0xff, 0xff, 0xff, 0xff, 0xff, 0x87, 0xff, 0xef, 0xff, 0xcf, 0xe0,
    0x3d, 0xfc, 0x0f, 0xff, 0xfb, 0xe7, 0xff, 0xff, 0xff, 0xff, 0xff, 0xff, 0x87, 0xff, 0xef, 0xff, 0xcf, 0xe0,
    0x7d, 0xf8, 0x07, 0xff, 0xf7, 0xe7, 0xff, 0xff, 0xff, 0xff, 0xff, 0xff, 0x87, 0xff, 0xed, 0xff, 0xcf, 0xe0,
    0x6d, 0xfc, 0x83, 0xff, 0xff, 0xe7, 0xff, 0xff, 0xff, 0xff, 0xff, 0xff, 0x87, 0xff, 0xef, 0xff, 0xcf, 0xe0,
    0x7d, 0xfc, 0x87, 0xff, 0xff, 0xe7, 0xff, 0xff, 0xff, 0xff, 0xff, 0xff, 0x87, 0xf7, 0xef, 0xff, 0xcf, 0xe0,
    0x3d, 0xfe, 0x03, 0xff, 0xff, 0xe7, 0xff, 0xff, 0xff, 0xff, 0xff, 0xff, 0x87, 0xff, 0xef, 0xff, 0xcf, 0xe0,
    0x7d, 0xfc, 0x0b, 0xff, 0xff, 0xe7, 0xff, 0xff, 0xff, 0xff, 0xff, 0xff, 0x87, 0xff, 0xef, 0xff, 0xcf, 0xe0,
    0x6d, 0xfe, 0x5f, 0xff, 0xff, 0xe7, 0xff, 0xff, 0xff, 0xff, 0xff, 0xff, 0x87, 0xff, 0xef, 0xff, 0xcf, 0xe0,
    0x7d, 0xff, 0x5f, 0xff, 0xff, 0xe7, 0xff, 0xff, 0xff, 0xff, 0xff, 0xff, 0x87, 0xff, 0xef, 0xff, 0xcf, 0xe0,
    0x3d, 0x87, 0xdf, 0xff, 0xff, 0xe7, 0xff, 0xff, 0xff, 0xff, 0xff, 0xff, 0x80, 0x00, 0x00, 0x00, 0x0f, 0xe0,
    0x7d, 0x23, 0xff, 0xff, 0xff, 0xe7, 0xff, 0xff, 0xff, 0xff, 0xff, 0xff, 0x87, 0xff, 0xef, 0xff, 0xcf, 0xe0,
    0x6d, 0x93, 0xff, 0xff, 0xff, 0xe7, 0xff, 0xff, 0xff, 0xff, 0xff, 0xff, 0x87, 0xff, 0xef, 0xff, 0xcf, 0xe0,
    0x7d, 0x4b, 0xff, 0xff, 0xff, 0xe7, 0xff, 0xff, 0xff, 0xff, 0xff, 0xff, 0x87, 0xff, 0xef, 0xc7, 0xcf, 0xe0,
    0x3c, 0x25, 0xff, 0xff, 0xff, 0xe7, 0xff, 0xff, 0xff, 0xff, 0xff, 0xff, 0x87, 0xff, 0xef, 0x83, 0xcf, 0xe0,
    0x7d, 0x93, 0xff, 0xff, 0xf7, 0xe7, 0xff, 0xff, 0xff, 0xff, 0xff, 0xff, 0x87, 0xff, 0xef, 0x1d, 0xcf, 0xe0,
    0x6d, 0x4b, 0xff, 0xff, 0xfb, 0xe7, 0xff, 0xff, 0xff, 0xff, 0xff, 0xff, 0x87, 0xff, 0xef, 0x3f, 0xcf, 0xe0,
    0x7d, 0x23, 0xff, 0xff, 0xfd, 0xe7, 0xff, 0xff, 0xff, 0xff, 0xff, 0xff, 0x87, 0xef, 0xef, 0x3f, 0xcf, 0xe0,
    0x3d, 0x07, 0xff, 0xff, 0xfe, 0xe7, 0xff, 0xff, 0xff, 0xff, 0xff, 0xff, 0x87, 0xff, 0xef, 0xbf, 0xcf, 0xe0,
    0x7d, 0x7f, 0xff, 0xff, 0xff, 0x67, 0xff, 0xff, 0xff, 0xff, 0xff, 0xff, 0x87, 0xff, 0xef, 0xff, 0xcf, 0xe0,
    0x6d, 0x7f, 0xff, 0xff, 0xff, 0xa7, 0xff, 0xff, 0xff, 0xff, 0xff, 0xff, 0x87, 0xff, 0xef, 0xff, 0xcf, 0xe0,
    0x7c, 0x7f, 0xff, 0xff, 0xff, 0xc7, 0xff, 0xff, 0xff, 0xff, 0xff, 0xff, 0x87, 0xff, 0xef, 0xff, 0xcf, 0xe0,
    0x3c, 0xff, 0xff, 0xff, 0xe0, 0x07, 0xff, 0xff, 0xff, 0xff, 0xff, 0xff, 0x80, 0x00, 0x00, 0x00, 0x0f, 0xe0,
    0x7c, 0xff, 0xff, 0xff, 0xe0, 0x07, 0xff, 0xff, 0xff, 0xff, 0xff, 0xff, 0x80, 0x00, 0x00, 0x00, 0x0f, 0xe0,
    0x6c, 0xff, 0xff, 0xff, 0xff, 0xe7, 0xff, 0xff, 0xff, 0xff, 0xff, 0xff, 0x9f, 0xff, 0xff, 0xff, 0xff, 0xe0,
    0x7d, 0xff, 0xff, 0xff, 0xff, 0xe7, 0xff, 0xff, 0xff, 0xff, 0xff, 0xff, 0x9f, 0xff, 0xff, 0xff, 0xff, 0xe0,
    0x3d, 0xff, 0xff, 0xff, 0xff, 0xff, 0xff, 0xff, 0xff, 0xff, 0xff, 0xff, 0xff, 0xff, 0xff, 0xff, 0xff, 0xe0,
    0x00, 0x00, 0x00, 0x00, 0x00, 0x00, 0x00, 0x00, 0x00, 0x00, 0x00, 0x00, 0x00, 0x00, 0x00, 0x00, 0x00, 0x00,
};

static const lv_img_dsc_t cat41 = {
    .header.cf = LV_IMG_CF_INDEXED_1BIT,
    .header.always_zero = 0,
    .header.reserved = 0,
    .header.w = 140,
    .header.h = 68,
    .data_size = 1232,
    .data = cat41_map,
};

static const LV_ATTRIBUTE_MEM_ALIGN LV_ATTRIBUTE_LARGE_CONST uint8_t cat42_map[] = {
#if CONFIG_NICE_VIEW_WIDGET_INVERTED
    0xff, 0xff, 0xff, 0xff, /*Color of index 0*/
    0x00, 0x00, 0x00, 0xff, /*Color of index 1*/
#else
    0x00, 0x00, 0x00, 0xff, /*Color of index 0*/
    0xff, 0xff, 0xff, 0xff, /*Color of index 1*/
#endif
    0x00, 0x00, 0x00, 0x00, 0x00, 0x00, 0x00, 0x00, 0x00, 0x00, 0x00, 0x00, 0x00, 0x00, 0x00, 0x00, 0x00, 0x00,
    0x7d, 0xff, 0xff, 0xff, 0xff, 0xff, 0xff, 0xff, 0xff, 0xff, 0xff, 0xff, 0xff, 0xff, 0xff, 0xff, 0xff, 0xe0,
    0x3d, 0xff, 0xff, 0xff, 0xff, 0xff, 0xff, 0xff, 0xff, 0xff, 0x9f, 0xff, 0xff, 0xff, 0xff, 0xff, 0xff, 0xe0,
    0x7d, 0xff, 0xff, 0xff, 0xff, 0xff, 0xff, 0xff, 0xff, 0xff, 0x9f, 0xff, 0xff, 0xff, 0xff, 0xff, 0xff, 0xe0,
    0x6d, 0xff, 0xff, 0xff, 0xff, 0xff, 0xff, 0xff, 0xff, 0x80, 0x00, 0x79, 0xff, 0xff, 0xff, 0xff, 0xff, 0xe0,
    0x7d, 0xff, 0xff, 0xff, 0xff, 0xff, 0xff, 0xff, 0xff, 0x80, 0x0f, 0x43, 0xff, 0xff, 0xff, 0xff, 0xff, 0xe0,
    0x3d, 0xff, 0xff, 0xff, 0xff, 0xff, 0xff, 0xff, 0xff, 0xff, 0x0f, 0x00, 0xff, 0xff, 0xff, 0xff, 0xff, 0xe0,
    0x7d, 0xff, 0xff, 0xff, 0xff, 0xff, 0xff, 0xff, 0xff, 0xfe, 0x8f, 0x00, 0xff, 0xff, 0xff, 0xff, 0xff, 0xe0,
    0x6d, 0xff, 0xff, 0xff, 0xff, 0xff, 0xff, 0xff, 0xff, 0xfd, 0x8f, 0x47, 0xff, 0xff, 0xff, 0xff, 0xff, 0xe0,
    0x7d, 0xff, 0xff, 0xff, 0xff, 0xff, 0xff, 0xff, 0xff, 0xfb, 0x80, 0x73, 0xff, 0xff, 0xff, 0xff, 0xff, 0xe0,
    0x3d, 0xff, 0xff, 0xff, 0xff, 0xff, 0xff, 0xff, 0xff, 0xf7, 0x9f, 0xff, 0xff, 0xff, 0xff, 0xff, 0xff, 0xe0,
    0x7d, 0xff, 0xff, 0xff, 0xff, 0xff, 0xff, 0xff, 0xff, 0xef, 0x9f, 0xff, 0xff, 0xff, 0xff, 0xff, 0xff, 0xe0,
    0x6d, 0xff, 0xff, 0xff, 0xff, 0xff, 0xff, 0xff, 0xff, 0xdf, 0x9f, 0xff, 0xff, 0xff, 0xff, 0xff, 0xff, 0xe0,
    0x7d, 0xff, 0xff, 0xff, 0xff, 0xff, 0xff, 0xff, 0xff, 0xff, 0x9f, 0xff, 0xff, 0xff, 0xff, 0xff, 0xff, 0xe0,
    0x3d, 0xf3, 0xff, 0xff, 0xff, 0xff, 0xff, 0xff, 0xff, 0xff, 0x9f, 0xff, 0xff, 0xff, 0xff, 0xff, 0xff, 0xe0,
    0x7d, 0xf3, 0xff, 0xff, 0xff, 0xff, 0xff, 0xff, 0xff, 0xff, 0x9f, 0xff, 0xff, 0xff, 0xff, 0xff, 0xff, 0xe0,
    0x6d, 0xfd, 0xff, 0xff, 0xff, 0xff, 0xff, 0xff, 0xff, 0xff, 0x9f, 0xff, 0xff, 0xff, 0xff, 0xff, 0xff, 0xe0,
    0x7d, 0x7d, 0xff, 0xff, 0xff, 0xff, 0xff, 0xff, 0xff, 0xff, 0x9f, 0xff, 0xff, 0xff, 0xff, 0xff, 0xff, 0xe0,
    0x3d, 0x7d, 0xff, 0xff, 0xff, 0xff, 0xff, 0xff, 0xff, 0xff, 0x9f, 0xff, 0xff, 0xff, 0xff, 0xff, 0xff, 0xe0,
    0x7d, 0x01, 0xff, 0xff, 0xff, 0xff, 0xff, 0xff, 0xff, 0xff, 0x9f, 0xff, 0xff, 0xff, 0xff, 0xff, 0xff, 0xe0,
    0x6d, 0x80, 0x7f, 0xff, 0xff, 0xff, 0xff, 0xff, 0xff, 0xff, 0x9f, 0xff, 0xff, 0xff, 0xff, 0xff, 0xff, 0xe0,
    0x7d, 0x80, 0x7f, 0xff, 0xff, 0xff, 0xff, 0xff, 0xff, 0xff, 0x9f, 0xff, 0xff, 0xff, 0xff, 0xff, 0xff, 0xe0,
    0x3d, 0xe0, 0x7f, 0xff, 0xff, 0xff, 0xff, 0xff, 0xff, 0xff, 0x9f, 0xff, 0xff, 0xff, 0xff, 0xff, 0xff, 0xe0,
    0x7d, 0x00, 0x7f, 0xff, 0xff, 0xff, 0xff, 0xff, 0xff, 0xff, 0x9f, 0xff, 0xff, 0xff, 0xff, 0xff, 0xff, 0xe0,
    0x6d, 0x00, 0x7f, 0xff, 0xff, 0xff, 0xff, 0xff, 0xff, 0xdf, 0x9f, 0xff, 0xff, 0xff, 0xff, 0xff, 0xff, 0xe0,
    0x7d, 0x00, 0x7f, 0xff, 0xff, 0xff, 0xff, 0xff, 0xff, 0xef, 0x9f, 0xff, 0xff, 0xff, 0xff, 0xff, 0xff, 0xe0,
    0x3d, 0x80, 0x7f, 0xff, 0xff, 0xff, 0xff, 0xff, 0xff, 0xf7, 0x9f, 0xff, 0xff, 0xff, 0xff, 0xff, 0xff, 0xe0,
    0x7d, 0x80, 0x7f, 0xff, 0xff, 0xff, 0xff, 0xff, 0xff, 0xfb, 0x9f, 0xff, 0xff, 0xff, 0xff, 0xff, 0xff, 0xe0,
    0x6d, 0x80, 0x7f, 0xff, 0xff, 0xff, 0xff, 0xff, 0xff, 0xfd, 0x9f, 0xff, 0xff, 0xff, 0xff, 0xff, 0xff, 0xe0,
    0x7d, 0xe0, 0x7f, 0xff, 0xff, 0xff, 0xff, 0xff, 0xff, 0xfe, 0x9f, 0xff, 0xff, 0xff, 0xff, 0xff, 0xff, 0xe0,
    0x3d, 0xe0, 0x7f, 0xff, 0xff, 0xff, 0xff, 0xff, 0xff, 0xff, 0x1f, 0xff, 0xff, 0xff, 0xff, 0xff, 0xff, 0xe0,
    0x7d, 0xe0, 0x7f, 0xff, 0xff, 0xff, 0xff, 0xff, 0xff, 0x80, 0x1f, 0xff, 0xff, 0xff, 0xff, 0xff, 0xff, 0xe0,
    0x6d, 0xe0, 0x7f, 0xff, 0xff, 0xe7, 0xff, 0xff, 0xff, 0x80, 0x1f, 0xff, 0xff, 0xff, 0xff, 0xff, 0xff, 0xe0,
    0x7d, 0xe0, 0x7f, 0xff, 0xff, 0xe7, 0xff, 0xff, 0xff, 0xff, 0x9f, 0xff, 0xff, 0xff, 0xff, 0xff, 0xff, 0xe0,
    0x3d, 0x00, 0x7f, 0xff, 0xff, 0xe7, 0xff, 0xff, 0xff, 0xff, 0x9f, 0xff, 0xff, 0xff, 0xff, 0xff, 0xff, 0xe0,
    0x7d, 0x00, 0x7f, 0xff, 0xe0, 0x07, 0xff, 0xff, 0xff, 0xff, 0x9f, 0xff, 0xff, 0xff, 0xff, 0xff, 0xff, 0xe0,
    0x6d, 0x00, 0x7f, 0xff, 0xe0, 0x07, 0xff, 0xff, 0xff, 0xff, 0x9f, 0xff, 0x9f, 0xff, 0xff, 0xff, 0xff, 0xe0,
    0x7d, 0xe0, 0x0f, 0xff, 0xff, 0xc7, 0xff, 0xff, 0xff, 0xff, 0xff, 0xff, 0x9f, 0xff, 0xff, 0xff, 0xff, 0xe0,
    0x3d, 0x00, 0x41, 0xff, 0xff, 0xa7, 0xff, 0xff, 0xff, 0xff, 0xff, 0xff, 0x80, 0x00, 0x00, 0x00, 0x0f, 0xe0,
    0x7d, 0x00, 0x41, 0xff, 0xff, 0x67, 0xff, 0xff, 0xff, 0xff, 0xff, 0xff, 0x80, 0x00, 0x00, 0x00, 0x0f, 0xe0,
    0x6d, 0x00, 0x07, 0xff, 0xfe, 0xe7, 0xff, 0xff, 0xff, 0xff, 0xff, 0xff, 0x87, 0xff, 0xef, 0xff, 0xcf, 0xe0,
    0x7d, 0xf0, 0x07, 0xff, 0xfd, 0xe7, 0xff, 0xff, 0xff, 0xff, 0xff, 0xff, 0x87, 0xff, 0xef, 0xff, 0xcf, 0xe0,
    0x3d, 0xf0, 0x07, 0xff, 0xfb, 0xe7, 0xff, 0xff, 0xff, 0xff, 0xff, 0xff, 0x87, 0xff, 0xef, 0xff, 0xcf, 0xe0,
    0x7d, 0xfe, 0x41, 0xff, 0xf7, 0xe7, 0xff, 0xff, 0xff, 0xff, 0xff, 0xff, 0x87, 0xff, 0xed, 0xff, 0xcf, 0xe0,
    0x6d, 0xff, 0xff, 0xff, 0xff, 0xe7, 0xff, 0xff, 0xff, 0xff, 0xff, 0xff, 0x87, 0xff, 0xef, 0xff, 0xcf, 0xe0,
    0x7d, 0xff, 0xff, 0xff, 0xff, 0xe7, 0xff, 0xff, 0xff, 0xff, 0xff, 0xff, 0x87, 0xf7, 0xef, 0xff, 0xcf, 0xe0,
    0x3d, 0xff, 0xff, 0xff, 0xff, 0xe7, 0xff, 0xff, 0xff, 0xff, 0xff, 0xff, 0x87, 0xff, 0xef, 0xff, 0xcf, 0xe0,
    0x7d, 0xff, 0xff, 0xff, 0xff, 0xe7, 0xff, 0xff, 0xff, 0xff, 0xff, 0xff, 0x87, 0xff, 0xef, 0xff, 0xcf, 0xe0,
    0x6d, 0xff, 0xff, 0xff, 0xff, 0xe7, 0xff, 0xff, 0xff, 0xff, 0xff, 0xff, 0x87, 0xff, 0xef, 0xff, 0xcf, 0xe0,
    0x7d, 0xff, 0xff, 0xff, 0xff, 0xe7, 0xff, 0xff, 0xff, 0xff, 0xff, 0xff, 0x87, 0xff, 0xef, 0xff, 0xcf, 0xe0,
    0x3d, 0x87, 0xff, 0xff, 0xff, 0xe7, 0xff, 0xff, 0xff, 0xff, 0xff, 0xff, 0x80, 0x00, 0x00, 0x00, 0x0f, 0xe0,
    0x7d, 0x23, 0xff, 0xff, 0xff, 0xe7, 0xff, 0xff, 0xff, 0xff, 0xff, 0xff, 0x87, 0xff, 0xef, 0xff, 0xcf, 0xe0,
    0x6d, 0x93, 0xff, 0xff, 0xff, 0xe7, 0xff, 0xff, 0xff, 0xff, 0xff, 0xff, 0x87, 0xff, 0xef, 0xff, 0xcf, 0xe0,
    0x7d, 0x4b, 0xff, 0xff, 0xff, 0xe7, 0xff, 0xff, 0xff, 0xff, 0xff, 0xff, 0x87, 0xff, 0xef, 0xc7, 0xcf, 0xe0,
    0x3c, 0x25, 0xff, 0xff, 0xff, 0xe7, 0xff, 0xff, 0xff, 0xff, 0xff, 0xff, 0x87, 0xff, 0xef, 0x83, 0xcf, 0xe0,
    0x7d, 0x93, 0xff, 0xff, 0xf7, 0xe7, 0xff, 0xff, 0xff, 0xff, 0xff, 0xff, 0x87, 0xff, 0xef, 0x1d, 0xcf, 0xe0,
    0x6d, 0x4b, 0xff, 0xff, 0xfb, 0xe7, 0xff, 0xff, 0xff, 0xff, 0xff, 0xff, 0x87, 0xff, 0xef, 0x3f, 0xcf, 0xe0,
    0x7d, 0x23, 0xff, 0xff, 0xfd, 0xe7, 0xff, 0xff, 0xff, 0xff, 0xff, 0xff, 0x87, 0xff, 0xef, 0x3f, 0xcf, 0xe0,
    0x3d, 0x07, 0xff, 0xff, 0xfe, 0xe7, 0xff, 0xff, 0xff, 0xff, 0xff, 0xff, 0x87, 0xff, 0xef, 0xbf, 0xcf, 0xe0,
    0x7d, 0x7f, 0xff, 0xff, 0xff, 0x67, 0xff, 0xff, 0xff, 0xff, 0xff, 0xff, 0x87, 0xff, 0xef, 0xff, 0xcf, 0xe0,
    0x6d, 0x7f, 0xff, 0xff, 0xff, 0xa7, 0xff, 0xff, 0xff, 0xff, 0xff, 0xff, 0x87, 0xff, 0xef, 0xff, 0xcf, 0xe0,
    0x7c, 0x7f, 0xff, 0xff, 0xff, 0xc7, 0xff, 0xff, 0xff, 0xff, 0xff, 0xff, 0x87, 0xff, 0xef, 0xff, 0xcf, 0xe0,
    0x3c, 0xff, 0xff, 0xff, 0xe0, 0x07, 0xff, 0xff, 0xff, 0xff, 0xff, 0xff, 0x80, 0x00, 0x00, 0x00, 0x0f, 0xe0,
    0x7c, 0xff, 0xff, 0xff, 0xe0, 0x07, 0xff, 0xff, 0xff, 0xff, 0xff, 0xff, 0x80, 0x00, 0x00, 0x00, 0x0f, 0xe0,
    0x6c, 0xff, 0xff, 0xff, 0xff, 0xe7, 0xff, 0xff, 0xff, 0xff, 0xff, 0xff, 0x9f, 0xff, 0xff, 0xff, 0xff, 0xe0,
    0x7d, 0xff, 0xff, 0xff, 0xff, 0xe7, 0xff, 0xff, 0xff, 0xff, 0xff, 0xff, 0x9f, 0xff, 0xff, 0xff, 0xff, 0xe0,
    0x3d, 0xff, 0xff, 0xff, 0xff, 0xff, 0xff, 0xff, 0xff, 0xff, 0xff, 0xff, 0xff, 0xff, 0xff, 0xff, 0xff, 0xe0,
    0x00, 0x00, 0x00, 0x00, 0x00, 0x00, 0x00, 0x00, 0x00, 0x00, 0x00, 0x00, 0x00, 0x00, 0x00, 0x00, 0x00, 0x00,
};

static const lv_img_dsc_t cat42 = {
    .header.cf = LV_IMG_CF_INDEXED_1BIT,
    .header.always_zero = 0,
    .header.reserved = 0,
    .header.w = 140,
    .header.h = 68,
    .data_size = 1232,
    .data = cat42_map,
};

static const LV_ATTRIBUTE_MEM_ALIGN LV_ATTRIBUTE_LARGE_CONST uint8_t cat43_map[] = {
#if CONFIG_NICE_VIEW_WIDGET_INVERTED
    0xff, 0xff, 0xff, 0xff, /*Color of index 0*/
    0x00, 0x00, 0x00, 0xff, /*Color of index 1*/
#else
    0x00, 0x00, 0x00, 0xff, /*Color of index 0*/
    0xff, 0xff, 0xff, 0xff, /*Color of index 1*/
#endif
    0x00, 0x00, 0x00, 0x00, 0x00, 0x00, 0x00, 0x00, 0x00, 0x00, 0x00, 0x00, 0x00, 0x00, 0x00, 0x00, 0x00, 0x00,
    0x7d, 0xff, 0xff, 0xff, 0xff, 0xff, 0xff, 0xff, 0xff, 0xff, 0xff, 0xff, 0xff, 0xff, 0xff, 0xff, 0xff, 0xe0,
    0x3d, 0xff, 0xff, 0xff, 0xff, 0xff, 0xff, 0xff, 0xff, 0xff, 0x9f, 0xff, 0xff, 0xff, 0xff, 0xff, 0xff, 0xe0,
    0x7d, 0xff, 0xff, 0xff, 0xff, 0xff, 0xff, 0xff, 0xff, 0xff, 0x9f, 0xff, 0xff, 0xff, 0xff, 0xff, 0xff, 0xe0,
    0x6d, 0xff, 0xff, 0xff, 0xff, 0xff, 0xff, 0xff, 0xff, 0x80, 0x00, 0x79, 0xff, 0xff, 0xff, 0xff, 0xff, 0xe0,
    0x7d, 0xff, 0xff, 0xff, 0xff, 0xff, 0xff, 0xff, 0xff, 0x80, 0x0f, 0x43, 0xff, 0xff, 0xff, 0xff, 0xff, 0xe0,
    0x3d, 0xff, 0xff, 0xff, 0xff, 0xff, 0xff, 0xff, 0xff, 0xff, 0x0f, 0x00, 0xff, 0xff, 0xff, 0xff, 0xff, 0xe0,
    0x7d, 0xff, 0xff, 0xff, 0xff, 0xff, 0xff, 0xff, 0xff, 0xfe, 0x8f, 0x00, 0xff, 0xff, 0xff, 0xff, 0xff, 0xe0,
    0x6d, 0xff, 0xff, 0xff, 0xff, 0xff, 0xff, 0xff, 0xff, 0xfd, 0x8f, 0x47, 0xff, 0xff, 0xff, 0xff, 0xff, 0xe0,
    0x7d, 0xff, 0xff, 0xff, 0xff, 0xff, 0xff, 0xff, 0xff, 0xfb, 0x80, 0x73, 0xff, 0xff, 0xff, 0xff, 0xff, 0xe0,
    0x3d, 0xff, 0xff, 0xff, 0xff, 0xff, 0xff, 0xff, 0xff, 0xf7, 0x9f, 0xff, 0xff, 0xff, 0xff, 0xff, 0xff, 0xe0,
    0x7d, 0xff, 0xff, 0xff, 0xff, 0xff, 0xff, 0xff, 0xff, 0xef, 0x9f, 0xff, 0xff, 0xff, 0xff, 0xff, 0xff, 0xe0,
    0x6d, 0xff, 0xff, 0xff, 0xff, 0xff, 0xff, 0xff, 0xff, 0xdf, 0x9f, 0xff, 0xff, 0xff, 0xff, 0xff, 0xff, 0xe0,
    0x7d, 0xff, 0xff, 0xff, 0xff, 0xff, 0xff, 0xff, 0xff, 0xff, 0x9f, 0xff, 0xff, 0xff, 0xff, 0xff, 0xff, 0xe0,
    0x3d, 0xff, 0xff, 0xff, 0xff, 0xff, 0xff, 0xff, 0xff, 0xff, 0x9f, 0xff, 0xff, 0xff, 0xff, 0xff, 0xff, 0xe0,
    0x7d, 0xff, 0xff, 0xff, 0xff, 0xff, 0xff, 0xff, 0xff, 0xff, 0x9f, 0xff, 0xff, 0xff, 0xff, 0xff, 0xff, 0xe0,
    0x6d, 0xff, 0xff, 0xff, 0xff, 0xff, 0xff, 0xff, 0xff, 0xff, 0x9f, 0xff, 0xff, 0xff, 0xff, 0xff, 0xff, 0xe0,
    0x7d, 0x7f, 0xff, 0xff, 0xff, 0xff, 0xff, 0xff, 0xff, 0xff, 0x9f, 0xff, 0xff, 0xff, 0xff, 0xff, 0xff, 0xe0,
    0x3d, 0x9f, 0xff, 0xff, 0xff, 0xff, 0xff, 0xff, 0xff, 0xff, 0x9f, 0xff, 0xff, 0xff, 0xff, 0xff, 0xff, 0xe0,
    0x7d, 0x9f, 0xff, 0xff, 0xff, 0xff, 0xff, 0xff, 0xff, 0xff, 0x9f, 0xff, 0xff, 0xff, 0xff, 0xff, 0xff, 0xe0,
    0x6d, 0x9f, 0xff, 0xff, 0xff, 0xff, 0xff, 0xff, 0xff, 0xff, 0x9f, 0xff, 0xff, 0xff, 0xff, 0xff, 0xff, 0xe0,
    0x7d, 0x8f, 0xff, 0xff, 0xff, 0xff, 0xff, 0xff, 0xff, 0xff, 0x9f, 0xff, 0xff, 0xff, 0xff, 0xff, 0xff, 0xe0,
    0x3d, 0x8f, 0xff, 0xff, 0xff, 0xff, 0xff, 0xff, 0xff, 0xff, 0x9f, 0xff, 0xff, 0xff, 0xff, 0xff, 0xff, 0xe0,
    0x7d, 0xef, 0xff, 0xff, 0xff, 0xff, 0xff, 0xff, 0xff, 0xff, 0x9f, 0xff, 0xff, 0xff, 0xff, 0xff, 0xff, 0xe0,
    0x6d, 0x03, 0xff, 0xff, 0xff, 0xff, 0xff, 0xff, 0xff, 0xdf, 0x9f, 0xff, 0xff, 0xff, 0xff, 0xff, 0xff, 0xe0,
    0x7d, 0x03, 0xff, 0xff, 0xff, 0xff, 0xff, 0xff, 0xff, 0xef, 0x9f, 0xff, 0xff, 0xff, 0xff, 0xff, 0xff, 0xe0,
    0x3d, 0x03, 0xff, 0xff, 0xff, 0xff, 0xff, 0xff, 0xff, 0xf7, 0x9f, 0xff, 0xff, 0xff, 0xff, 0xff, 0xff, 0xe0,
    0x7d, 0x00, 0x7f, 0xff, 0xff, 0xff, 0xff, 0xff, 0xff, 0xfb, 0x9f, 0xff, 0xff, 0xff, 0xff, 0xff, 0xff, 0xe0,
    0x6d, 0x00, 0x7f, 0xff, 0xff, 0xff, 0xff, 0xff, 0xff, 0xfd, 0x9f, 0xff, 0xff, 0xff, 0xff, 0xff, 0xff, 0xe0,
    0x7d, 0x00, 0x07, 0xff, 0xff, 0xff, 0xff, 0xff, 0xff, 0xfe, 0x9f, 0xff, 0xff, 0xff, 0xff, 0xff, 0xff, 0xe0,
    0x3d, 0x00, 0x01, 0xff, 0xff, 0xff, 0xff, 0xff, 0xff, 0xff, 0x1f, 0xff, 0xff, 0xff, 0xff, 0xff, 0xff, 0xe0,
    0x7d, 0x00, 0x01, 0xff, 0xff, 0xff, 0xff, 0xff, 0xff, 0x80, 0x1f, 0xff, 0xff, 0xff, 0xff, 0xff, 0xff, 0xe0,
    0x6d, 0x00, 0x00, 0xff, 0xff, 0xe7, 0xff, 0xff, 0xff, 0x80, 0x1f, 0xff, 0xff, 0xff, 0xff, 0xff, 0xff, 0xe0,
    0x7d, 0x00, 0x00, 0x20, 0xff, 0xe7, 0xff, 0xff, 0xff, 0xff, 0x9f, 0xff, 0xff, 0xff, 0xff, 0xff, 0xff, 0xe0,
    0x3d, 0x00, 0x00, 0x20, 0xff, 0xe7, 0xff, 0xff, 0xff, 0xff, 0x9f, 0xff, 0xff, 0xff, 0xff, 0xff, 0xff, 0xe0,
    0x7d, 0x7c, 0x00, 0x04, 0x10, 0x07, 0xff, 0xff, 0xff, 0xff, 0x9f, 0xff, 0xff, 0xff, 0xff, 0xff, 0xff, 0xe0,
    0x6d, 0x00, 0x00, 0x00, 0x60, 0x07, 0xff, 0xff, 0xff, 0xff, 0x9f, 0xff, 0x9f, 0xff, 0xff, 0xff, 0xff, 0xe0,
    0x7d, 0x00, 0x00, 0x00, 0x7f, 0xc7, 0xff, 0xff, 0xff, 0xff, 0xff, 0xff, 0x9f, 0xff, 0xff, 0xff, 0xff, 0xe0,
    0x3d, 0x00, 0x00, 0x00, 0x7f, 0xa7, 0xff, 0xff, 0xff, 0xff, 0xff, 0xff, 0x80, 0x00, 0x00, 0x00, 0x0f, 0xe0,
    0x7d, 0x01, 0xff, 0xc4, 0x1f, 0x67, 0xff, 0xff, 0xff, 0xff, 0xff, 0xff, 0x80, 0x00, 0x00, 0x00, 0x0f, 0xe0,
    0x6d, 0x01, 0xff, 0xc4, 0x1e, 0xe7, 0xff, 0xff, 0xff, 0xff, 0xff, 0xff, 0x87, 0xff, 0xef, 0xff, 0xcf, 0xe0,
    0x7d, 0x7f, 0xff, 0xe0, 0xfd, 0xe7, 0xff, 0xff, 0xff, 0xff, 0xff, 0xff, 0x87, 0xff, 0xef, 0xff, 0xcf, 0xe0,
    0x3d, 0xff, 0xff, 0xff, 0xfb, 0xe7, 0xff, 0xff, 0xff, 0xff, 0xff, 0xff, 0x87, 0xff, 0xef, 0xff, 0xcf, 0xe0,
    0x7d, 0xff, 0xff, 0xff, 0xf7, 0xe7, 0xff, 0xff, 0xff, 0xff, 0xff, 0xff, 0x87, 0xff, 0xed, 0xff, 0xcf, 0xe0,
    0x6d, 0xff, 0xff, 0xff, 0xff, 0xe7, 0xff, 0xff, 0xff, 0xff, 0xff, 0xff, 0x87, 0xff, 0xef, 0xff, 0xcf, 0xe0,
    0x7d, 0xff, 0xff, 0xff, 0xff, 0xe7, 0xff, 0xff, 0xff, 0xff, 0xff, 0xff, 0x87, 0xf7, 0xef, 0xff, 0xcf, 0xe0,
    0x3d, 0xff, 0xff, 0xff, 0xff, 0xe7, 0xff, 0xff, 0xff, 0xff, 0xff, 0xff, 0x87, 0xff, 0xef, 0xff, 0xcf, 0xe0,
    0x7d, 0xff, 0xff, 0xff, 0xff, 0xe7, 0xff, 0xff, 0xff, 0xff, 0xff, 0xff, 0x87, 0xff, 0xef, 0xff, 0xcf, 0xe0,
    0x6d, 0xff, 0xff, 0xff, 0xff, 0xe7, 0xff, 0xff, 0xff, 0xff, 0xff, 0xff, 0x87, 0xff, 0xef, 0xff, 0xcf, 0xe0,
    0x7d, 0xff, 0xff, 0xff, 0xff, 0xe7, 0xff, 0xff, 0xff, 0xff, 0xff, 0xff, 0x87, 0xff, 0xef, 0xff, 0xcf, 0xe0,
    0x3d, 0x87, 0xff, 0xff, 0xff, 0xe7, 0xff, 0xff, 0xff, 0xff, 0xff, 0xff, 0x80, 0x00, 0x00, 0x00, 0x0f, 0xe0,
    0x7d, 0x23, 0xff, 0xff, 0xff, 0xe7, 0xff, 0xff, 0xff, 0xff, 0xff, 0xff, 0x87, 0xff, 0xef, 0xff, 0xcf, 0xe0,
    0x6d, 0x93, 0xff, 0xff, 0xff, 0xe7, 0xff, 0xff, 0xff, 0xff, 0xff, 0xff, 0x87, 0xff, 0xef, 0xff, 0xcf, 0xe0,
    0x7d, 0x4b, 0xff, 0xff, 0xff, 0xe7, 0xff, 0xff, 0xff, 0xff, 0xff, 0xff, 0x87, 0xff, 0xef, 0xc7, 0xcf, 0xe0,
    0x3c, 0x25, 0xff, 0xff, 0xff, 0xe7, 0xff, 0xff, 0xff, 0xff, 0xff, 0xff, 0x87, 0xff, 0xef, 0x83, 0xcf, 0xe0,
    0x7d, 0x93, 0xff, 0xff, 0xf7, 0xe7, 0xff, 0xff, 0xff, 0xff, 0xff, 0xff, 0x87, 0xff, 0xef, 0x1d, 0xcf, 0xe0,
    0x6d, 0x4b, 0xff, 0xff, 0xfb, 0xe7, 0xff, 0xff, 0xff, 0xff, 0xff, 0xff, 0x87, 0xff, 0xef, 0x3f, 0xcf, 0xe0,
    0x7d, 0x23, 0xff, 0xff, 0xfd, 0xe7, 0xff, 0xff, 0xff, 0xff, 0xff, 0xff, 0x87, 0xff, 0xef, 0x3f, 0xcf, 0xe0,
    0x3d, 0x07, 0xff, 0xff, 0xfe, 0xe7, 0xff, 0xff, 0xff, 0xff, 0xff, 0xff, 0x87, 0xff, 0xef, 0xbf, 0xcf, 0xe0,
    0x7d, 0x7f, 0xff, 0xff, 0xff, 0x67, 0xff, 0xff, 0xff, 0xff, 0xff, 0xff, 0x87, 0xff, 0xef, 0xff, 0xcf, 0xe0,
    0x6d, 0x7f, 0xff, 0xff, 0xff, 0xa7, 0xff, 0xff, 0xff, 0xff, 0xff, 0xff, 0x87, 0xff, 0xef, 0xff, 0xcf, 0xe0,
    0x7c, 0x7f, 0xff, 0xff, 0xff, 0xc7, 0xff, 0xff, 0xff, 0xff, 0xff, 0xff, 0x87, 0xff, 0xef, 0xff, 0xcf, 0xe0,
    0x3c, 0xff, 0xff, 0xff, 0xe0, 0x07, 0xff, 0xff, 0xff, 0xff, 0xff, 0xff, 0x80, 0x00, 0x00, 0x00, 0x0f, 0xe0,
    0x7c, 0xff, 0xff, 0xff, 0xe0, 0x07, 0xff, 0xff, 0xff, 0xff, 0xff, 0xff, 0x80, 0x00, 0x00, 0x00, 0x0f, 0xe0,
    0x6c, 0xff, 0xff, 0xff, 0xff, 0xe7, 0xff, 0xff, 0xff, 0xff, 0xff, 0xff, 0x9f, 0xff, 0xff, 0xff, 0xff, 0xe0,
    0x7d, 0xff, 0xff, 0xff, 0xff, 0xe7, 0xff, 0xff, 0xff, 0xff, 0xff, 0xff, 0x9f, 0xff, 0xff, 0xff, 0xff, 0xe0,
    0x3d, 0xff, 0xff, 0xff, 0xff, 0xff, 0xff, 0xff, 0xff, 0xff, 0xff, 0xff, 0xff, 0xff, 0xff, 0xff, 0xff, 0xe0,
    0x00, 0x00, 0x00, 0x00, 0x00, 0x00, 0x00, 0x00, 0x00, 0x00, 0x00, 0x00, 0x00, 0x00, 0x00, 0x00, 0x00, 0x00,
};

static const lv_img_dsc_t cat43 = {
    .header.cf = LV_IMG_CF_INDEXED_1BIT,
    .header.always_zero = 0,
    .header.reserved = 0,
    .header.w = 140,
    .header.h = 68,
    .data_size = 1232,
    .data = cat43_map,
};

static const LV_ATTRIBUTE_MEM_ALIGN LV_ATTRIBUTE_LARGE_CONST uint8_t cat44_map[] = {
#if CONFIG_NICE_VIEW_WIDGET_INVERTED
    0xff, 0xff, 0xff, 0xff, /*Color of index 0*/
    0x00, 0x00, 0x00, 0xff, /*Color of index 1*/
#else
    0x00, 0x00, 0x00, 0xff, /*Color of index 0*/
    0xff, 0xff, 0xff, 0xff, /*Color of index 1*/
#endif
    0x00, 0x00, 0x00, 0x00, 0x00, 0x00, 0x00, 0x00, 0x00, 0x00, 0x00, 0x00, 0x00, 0x00, 0x00, 0x00, 0x00, 0x00,
    0x7d, 0xff, 0xff, 0xff, 0xff, 0xff, 0xff, 0xff, 0xff, 0xff, 0xff, 0xff, 0xff, 0xff, 0xff, 0xff, 0xff, 0xe0,
    0x3d, 0xff, 0xff, 0xff, 0xff, 0xff, 0xff, 0xff, 0xff, 0xff, 0x9f, 0xff, 0xff, 0xff, 0xff, 0xff, 0xff, 0xe0,
    0x7d, 0xff, 0xff, 0xff, 0xff, 0xff, 0xff, 0xff, 0xff, 0xff, 0x9f, 0xff, 0xff, 0xff, 0xff, 0xff, 0xff, 0xe0,
    0x6d, 0xff, 0xff, 0xff, 0xff, 0xff, 0xff, 0xff, 0xff, 0x80, 0x00, 0x79, 0xff, 0xff, 0xff, 0xff, 0xff, 0xe0,
    0x7d, 0xff, 0xff, 0xff, 0xff, 0xff, 0xff, 0xff, 0xff, 0x80, 0x0f, 0x43, 0xff, 0xff, 0xff, 0xff, 0xff, 0xe0,
    0x3d, 0xff, 0xff, 0xff, 0xff, 0xff, 0xff, 0xff, 0xff, 0xff, 0x0f, 0x00, 0xff, 0xff, 0xff, 0xff, 0xff, 0xe0,
    0x7d, 0xff, 0xff, 0xff, 0xff, 0xff, 0xff, 0xff, 0xff, 0xfe, 0x8f, 0x00, 0xff, 0xff, 0xff, 0xff, 0xff, 0xe0,
    0x6d, 0xff, 0xff, 0xff, 0xff, 0xff, 0xff, 0xff, 0xff, 0xfd, 0x8f, 0x47, 0xff, 0xff, 0xff, 0xff, 0xff, 0xe0,
    0x7d, 0xff, 0xff, 0xff, 0xff, 0xff, 0xff, 0xff, 0xff, 0xfb, 0x80, 0x73, 0xff, 0xff, 0xff, 0xff, 0xff, 0xe0,
    0x3d, 0xff, 0xff, 0xff, 0xff, 0xff, 0xff, 0xff, 0xff, 0xf7, 0x9f, 0xff, 0xff, 0xff, 0xff, 0xff, 0xff, 0xe0,
    0x7d, 0xff, 0xff, 0xff, 0xff, 0xff, 0xff, 0xff, 0xff, 0xef, 0x9f, 0xff, 0xff, 0xff, 0xff, 0xff, 0xff, 0xe0,
    0x6d, 0xff, 0xff, 0xff, 0xff, 0xff, 0xff, 0xff, 0xff, 0xdf, 0x9f, 0xff, 0xff, 0xff, 0xff, 0xff, 0xff, 0xe0,
    0x7d, 0xff, 0xff, 0xff, 0xff, 0xff, 0xff, 0xff, 0xff, 0xff, 0x9f, 0xff, 0xff, 0xff, 0xff, 0xff, 0xff, 0xe0,
    0x3d, 0xff, 0xff, 0xff, 0xff, 0xff, 0xff, 0xff, 0xff, 0xff, 0x9f, 0xff, 0xff, 0xff, 0xff, 0xff, 0xff, 0xe0,
    0x7d, 0xff, 0xff, 0xff, 0xff, 0xff, 0xff, 0xff, 0xff, 0xff, 0x9f, 0xff, 0xff, 0xff, 0xff, 0xff, 0xff, 0xe0,
    0x6d, 0xff, 0xff, 0xff, 0xff, 0xff, 0xff, 0xff, 0xff, 0xff, 0x9f, 0xff, 0xff, 0xff, 0xff, 0xff, 0xff, 0xe0,
    0x7d, 0xff, 0xff, 0xff, 0xff, 0xff, 0xff, 0xff, 0xff, 0xff, 0x9f, 0xff, 0xff, 0xff, 0xff, 0xff, 0xff, 0xe0,
    0x3d, 0xf0, 0x7f, 0xff, 0xff, 0xff, 0xff, 0xff, 0xff, 0xff, 0x9f, 0xff, 0xff, 0xff, 0xff, 0xff, 0xff, 0xe0,
    0x7d, 0xf0, 0x7f, 0xff, 0xff, 0xff, 0xff, 0xff, 0xff, 0xff, 0x9f, 0xff, 0xff, 0xff, 0xff, 0xff, 0xff, 0xe0,
    0x6d, 0xef, 0xbf, 0xff, 0xff, 0xff, 0xff, 0xff, 0xff, 0xff, 0x9f, 0xff, 0xff, 0xff, 0xff, 0xff, 0xff, 0xe0,
    0x7d, 0x9e, 0x7f, 0xff, 0xff, 0xff, 0xff, 0xff, 0xff, 0xff, 0x9f, 0xff, 0xff, 0xff, 0xff, 0xff, 0xff, 0xe0,
    0x3d, 0x9e, 0x7f, 0xff, 0xff, 0xff, 0xff, 0xff, 0xff, 0xff, 0x9f, 0xff, 0xff, 0xff, 0xff, 0xff, 0xff, 0xe0,
    0x7d, 0x9d, 0xff, 0xff, 0xff, 0xff, 0xff, 0xff, 0xff, 0xff, 0x9f, 0xff, 0xff, 0xff, 0xff, 0xff, 0xff, 0xe0,
    0x6d, 0x03, 0xff, 0xff, 0xff, 0xff, 0xff, 0xff, 0xff, 0xdf, 0x9f, 0xff, 0xff, 0xff, 0xff, 0xff, 0xff, 0xe0,
    0x7d, 0x03, 0xff, 0xff, 0xff, 0xff, 0xff, 0xff, 0xff, 0xef, 0x9f, 0xff, 0xff, 0xff, 0xff, 0xff, 0xff, 0xe0,
    0x3d, 0x03, 0xff, 0xff, 0xff, 0xff, 0xff, 0xff, 0xff, 0xf7, 0x9f, 0xff, 0xff, 0xff, 0xff, 0xff, 0xff, 0xe0,
    0x7d, 0x00, 0x3f, 0xff, 0xff, 0xff, 0xff, 0xff, 0xff, 0xfb, 0x9f, 0xff, 0xff, 0xff, 0xff, 0xff, 0xff, 0xe0,
    0x6d, 0x00, 0x3f, 0xff, 0xff, 0xff, 0xff, 0xff, 0xff, 0xfd, 0x9f, 0xff, 0xff, 0xff, 0xff, 0xff, 0xff, 0xe0,
    0x7d, 0x00, 0x07, 0xff, 0xff, 0xff, 0xff, 0xff, 0xff, 0xfe, 0x9f, 0xff, 0xff, 0xff, 0xff, 0xff, 0xff, 0xe0,
    0x3d, 0x00, 0x01, 0xff, 0xff, 0xff, 0xff, 0xff, 0xff, 0xff, 0x1f, 0xff, 0xff, 0xff, 0xff, 0xff, 0xff, 0xe0,
    0x7d, 0x00, 0x01, 0xff, 0xff, 0xff, 0xff, 0xff, 0xff, 0x80, 0x1f, 0xff, 0xff, 0xff, 0xff, 0xff, 0xff, 0xe0,
    0x6d, 0x00, 0x00, 0xff, 0xff, 0xe7, 0xff, 0xff, 0xff, 0x80, 0x1f, 0xff, 0xff, 0xff, 0xff, 0xff, 0xff, 0xe0,
    0x7d, 0x00, 0x00, 0x20, 0xff, 0xe7, 0xff, 0xff, 0xff, 0xff, 0x9f, 0xff, 0xff, 0xff, 0xff, 0xff, 0xff, 0xe0,
    0x3d, 0x00, 0x00, 0x20, 0xff, 0xe7, 0xff, 0xff, 0xff, 0xff, 0x9f, 0xff, 0xff, 0xff, 0xff, 0xff, 0xff, 0xe0,
    0x7d, 0x7c, 0x00, 0x04, 0x10, 0x07, 0xff, 0xff, 0xff, 0xff, 0x9f, 0xff, 0xff, 0xff, 0xff, 0xff, 0xff, 0xe0,
    0x6d, 0x00, 0x00, 0x00, 0x60, 0x07, 0xff, 0xff, 0xff, 0xff, 0x9f, 0xff, 0x9f, 0xff, 0xff, 0xff, 0xff, 0xe0,
    0x7d, 0x00, 0x00, 0x00, 0x7f, 0xc7, 0xff, 0xff, 0xff, 0xff, 0xff, 0xff, 0x9f, 0xff, 0xff, 0xff, 0xff, 0xe0,
    0x3d, 0x00, 0x00, 0x00, 0x7f, 0xa7, 0xff, 0xff, 0xff, 0xff, 0xff, 0xff, 0x80, 0x00, 0x00, 0x00, 0x0f, 0xe0,
    0x7d, 0x01, 0xff, 0xc4, 0x1f, 0x67, 0xff, 0xff, 0xff, 0xff, 0xff, 0xff, 0x80, 0x00, 0x00, 0x00, 0x0f, 0xe0,
    0x6d, 0x01, 0xff, 0xc4, 0x1e, 0xe7, 0xff, 0xff, 0xff, 0xff, 0xff, 0xff, 0x87, 0xff, 0xef, 0xff, 0xcf, 0xe0,
    0x7d, 0x7f, 0xff, 0xe0, 0xfd, 0xe7, 0xff, 0xff, 0xff, 0xff, 0xff, 0xff, 0x87, 0xff, 0xef, 0xff, 0xcf, 0xe0,
    0x3d, 0xff, 0xff, 0xff, 0xfb, 0xe7, 0xff, 0xff, 0xff, 0xff, 0xff, 0xff, 0x87, 0xff, 0xef, 0xff, 0xcf, 0xe0,
    0x7d, 0xff, 0xff, 0xff, 0xf7, 0xe7, 0xff, 0xff, 0xff, 0xff, 0xff, 0xff, 0x87, 0xff, 0xed, 0xff, 0xcf, 0xe0,
    0x6d, 0xff, 0xff, 0xff, 0xff, 0xe7, 0xff, 0xff, 0xff, 0xff, 0xff, 0xff, 0x87, 0xff, 0xef, 0xfb, 0xcf, 0xe0,
    0x7d, 0xff, 0xff, 0xff, 0xff, 0xe7, 0xff, 0xff, 0xff, 0xff, 0xff, 0xff, 0x87, 0xf7, 0xef, 0xff, 0xcf, 0xe0,
    0x3d, 0xff, 0xff, 0xff, 0xff, 0xe7, 0xff, 0xff, 0xff, 0xff, 0xff, 0xff, 0x87, 0xff, 0xef, 0xff, 0xcf, 0xe0,
    0x7d, 0xff, 0xff, 0xff, 0xff, 0xe7, 0xff, 0xff, 0xff, 0xff, 0xff, 0xff, 0x87, 0xff, 0xef, 0xff, 0xcf, 0xe0,
    0x6d, 0xff, 0xff, 0xff, 0xff, 0xe7, 0xff, 0xff, 0xff, 0xff, 0xff, 0xff, 0x87, 0xff, 0xef, 0xff, 0xcf, 0xe0,
    0x7d, 0xff, 0xff, 0xff, 0xff, 0xe7, 0xff, 0xff, 0xff, 0xff, 0xff, 0xff, 0x87, 0xff, 0xef, 0xff, 0xcf, 0xe0,
    0x3d, 0x87, 0xff, 0xff, 0xff, 0xe7, 0xff, 0xff, 0xff, 0xff, 0xff, 0xff, 0x80, 0x00, 0x00, 0x00, 0x0f, 0xe0,
    0x7d, 0x23, 0xff, 0xff, 0xff, 0xe7, 0xff, 0xff, 0xff, 0xff, 0xff, 0xff, 0x87, 0xff, 0xef, 0xff, 0xcf, 0xe0,
    0x6d, 0x93, 0xff, 0xff, 0xff, 0xe7, 0xff, 0xff, 0xff, 0xff, 0xff, 0xff, 0x87, 0xff, 0xef, 0xff, 0xcf, 0xe0,
    0x7d, 0x4b, 0xff, 0xff, 0xff, 0xe7, 0xff, 0xff, 0xff, 0xff, 0xff, 0xff, 0x87, 0xff, 0xef, 0xc7, 0xcf, 0xe0,
    0x3c, 0x25, 0xff, 0xff, 0xff, 0xe7, 0xff, 0xff, 0xff, 0xff, 0xff, 0xff, 0x87, 0xff, 0xef, 0x83, 0xcf, 0xe0,
    0x7d, 0x93, 0xff, 0xff, 0xf7, 0xe7, 0xff, 0xff, 0xff, 0xff, 0xff, 0xff, 0x87, 0xff, 0xef, 0x1d, 0xcf, 0xe0,
    0x6d, 0x4b, 0xff, 0xff, 0xfb, 0xe7, 0xff, 0xff, 0xff, 0xff, 0xff, 0xff, 0x87, 0xff, 0xef, 0x3f, 0xcf, 0xe0,
    0x7d, 0x23, 0xff, 0xff, 0xfd, 0xe7, 0xff, 0xff, 0xff, 0xff, 0xff, 0xff, 0x87, 0xff, 0xef, 0x3f, 0xcf, 0xe0,
    0x3d, 0x07, 0xff, 0xff, 0xfe, 0xe7, 0xff, 0xff, 0xff, 0xff, 0xff, 0xff, 0x87, 0xff, 0xef, 0xbf, 0xcf, 0xe0,
    0x7d, 0x7f, 0xff, 0xff, 0xff, 0x67, 0xff, 0xff, 0xff, 0xff, 0xff, 0xff, 0x87, 0xff, 0xef, 0xff, 0xcf, 0xe0,
    0x6d, 0x7f, 0xff, 0xff, 0xff, 0xa7, 0xff, 0xff, 0xff, 0xff, 0xff, 0xff, 0x87, 0xff, 0xef, 0xff, 0xcf, 0xe0,
    0x7c, 0x7f, 0xff, 0xff, 0xff, 0xc7, 0xff, 0xff, 0xff, 0xff, 0xff, 0xff, 0x87, 0xff, 0xef, 0xff, 0xcf, 0xe0,
    0x3c, 0xff, 0xff, 0xff, 0xe0, 0x07, 0xff, 0xff, 0xff, 0xff, 0xff, 0xff, 0x80, 0x00, 0x00, 0x00, 0x0f, 0xe0,
    0x7c, 0xff, 0xff, 0xff, 0xe0, 0x07, 0xff, 0xff, 0xff, 0xff, 0xff, 0xff, 0x80, 0x00, 0x00, 0x00, 0x0f, 0xe0,
    0x6c, 0xff, 0xff, 0xff, 0xff, 0xe7, 0xff, 0xff, 0xff, 0xff, 0xff, 0xff, 0x9f, 0xff, 0xff, 0xff, 0xff, 0xe0,
    0x7d, 0xff, 0xff, 0xff, 0xff, 0xe7, 0xff, 0xff, 0xff, 0xff, 0xff, 0xff, 0x9f, 0xff, 0xff, 0xff, 0xff, 0xe0,
    0x3d, 0xff, 0xff, 0xff, 0xff, 0xff, 0xff, 0xff, 0xff, 0xff, 0xff, 0xff, 0xff, 0xff, 0xff, 0xff, 0xff, 0xe0,
    0x00, 0x00, 0x00, 0x00, 0x00, 0x00, 0x00, 0x00, 0x00, 0x00, 0x00, 0x00, 0x00, 0x00, 0x00, 0x00, 0x00, 0x00,
};

static const lv_img_dsc_t cat44 = {
    .header.cf = LV_IMG_CF_INDEXED_1BIT,
    .header.always_zero = 0,
    .header.reserved = 0,
    .header.w = 140,
    .header.h = 68,
    .data_size = 1232,
    .data = cat44_map,
};

/* Pointer table lives in flash too (const pointers to const descriptors). */
const lv_img_dsc_t *const cat_imgs[CAT_FRAME_COUNT] = {
    &cat1,
    &cat2,
    &cat3,
    &cat4,
    &cat5,
    &cat6,
    &cat7,
    &cat8,
    &cat9,
    &cat10,
    &cat11,
    &cat12,
    &cat13,
    &cat14,
    &cat15,
    &cat16,
    &cat17,
    &cat18,
    &cat19,
    &cat20,
    &cat21,
    &cat22,
    &cat23,
    &cat24,
    &cat25,
    &cat26,
    &cat27,
    &cat28,
    &cat29,
    &cat30,
    &cat31,
    &cat32,
    &cat33,
    &cat34,
    &cat35,
    &cat36,
    &cat37,
    &cat38,
    &cat39,
    &cat40,
    &cat41,
    &cat42,
    &cat43,
    &cat44,
};
