/*
 * gaming: 48 frames, 68x140 portrait, stored rotated as 140x68 LV_IMG_CF_INDEXED_1BIT.
 * Generated by tools/animations - edit the generator, not this file.
 */

#include <lvgl.h>
#include "gaming.h"

#ifndef LV_ATTRIBUTE_MEM_ALIGN
#define LV_ATTRIBUTE_MEM_ALIGN
#endif
#ifndef LV_ATTRIBUTE_LARGE_CONST
#define LV_ATTRIBUTE_LARGE_CONST
#endif

static const LV_ATTRIBUTE_MEM_ALIGN LV_ATTRIBUTE_LARGE_CONST uint8_t gaming1_map[] = {
#if CONFIG_NICE_VIEW_WIDGET_INVERTED
    0xff, 0xff, 0xff, 0xff, /*Color of index 0*/
    0x00, 0x00, 0x00, 0xff, /*Color of index 1*/
#else
    0x00, 0x00, 0x00, 0xff, /*Color of index 0*/
    0xff, 0xff, 0xff, 0xff, /*Color of index 1*/
#endif
    0xff, 0xff, 0xff, 0xff, 0xff, 0xff, 0xff, 0xff, 0xff, 0xff, 0xff, 0xff, 0xff, 0xff, 0xff, 0xff, 0xff, 0xf0,
    0x80, 0x00, 0x00, 0x00, 0x00, 0x00, 0x00, 0x00, 0x00, 0x00, 0x00, 0x00, 0x00, 0x00, 0x00, 0x00, 0x00, 0x10,
    0x80, 0x00, 0x00, 0x00, 0x00, 0x00, 0x00, 0x00, 0x00, 0x00, 0x00, 0x00, 0x00, 0x00, 0x00, 0x00, 0x00, 0x10,
    0x80, 0x00, 0x00, 0x00, 0x00, 0x00, 0x00, 0x00, 0x00, 0x00, 0x00, 0x00, 0x00, 0x00, 0x00, 0x00, 0x00, 0x10,
    0x80, 0x00, 0x04, 0x00, 0x00, 0x00, 0x00, 0x00, 0x00, 0x00, 0x00, 0x00, 0x00, 0x00, 0x00, 0x00, 0x00, 0x10,
    0x80, 0x00, 0x00, 0x00, 0x00, 0x00, 0x00, 0x00, 0x00, 0x00, 0x00, 0x00, 0x00, 0x00, 0x00, 0x00, 0x00, 0x10,
    0x80, 0x00, 0x00, 0x00, 0x00, 0x00, 0x00, 0x00, 0x00, 0x00, 0x00, 0x00, 0x00, 0x00, 0x00, 0x00, 0x00, 0x10,
    0x80, 0x00, 0x00, 0x00, 0x00, 0x00, 0x00, 0x00, 0x00, 0x00, 0x00, 0x00, 0x00, 0x00, 0x00, 0x00, 0x00, 0x10,
    0x80, 0x00, 0x00, 0x00, 0x00, 0x00, 0x00, 0x00, 0x00, 0x00, 0x00, 0x00, 0x00, 0x00, 0x00, 0x00, 0x00, 0x10,
    0x80, 0x00, 0x00, 0x00, 0x00, 0x00, 0x00, 0x00, 0x00, 0x00, 0x00, 0x00, 0x00, 0x00, 0x00, 0x00, 0x00, 0x10,
    0x80, 0x00, 0x00, 0x00, 0x00, 0x00, 0x00, 0x00, 0x00, 0x00, 0x00, 0x00, 0x00, 0x00, 0x00, 0x00, 0x00, 0x10,
    0x80, 0x00, 0x00, 0x00, 0x00, 0x00, 0x00, 0x00, 0x00, 0x00, 0x00, 0x00, 0x00, 0x00, 0x00, 0x00, 0x00, 0x10,
    0x80, 0x00, 0x00, 0x00, 0x00, 0x00, 0x00, 0x00, 0x00, 0x00, 0x00, 0x00, 0x00, 0x00, 0x00, 0x00, 0x00, 0x10,
    0x80, 0x00, 0x00, 0x00, 0x00, 0x00, 0x00, 0x00, 0x00, 0x00, 0x00, 0x00, 0x00, 0x00, 0x00, 0x00, 0x00, 0x10,
    0x80, 0x00, 0x00, 0x00, 0x00, 0x00, 0x00, 0x00, 0x00, 0x00, 0x00, 0x00, 0x00, 0x00, 0x00, 0x00, 0x00, 0x10,
    0x80, 0x00, 0x00, 0x00, 0x00, 0x00, 0x00, 0x00, 0x00, 0x00, 0x00, 0x00, 0x00, 0x00, 0x00, 0x00, 0x00, 0x10,
    0x80, 0x00, 0x00, 0x00, 0x00, 0x10, 0x00, 0x00, 0x00, 0x00, 0x00, 0x00, 0x00, 0x00, 0x00, 0x00, 0x00, 0x10,
    0x80, 0x00, 0x00, 0x00, 0x00, 0x00, 0x00, 0x00, 0x00, 0x00, 0x00, 0x00, 0x00, 0x00, 0x00, 0x00, 0x00, 0x10,
    0x80, 0x00, 0x00, 0x00, 0x00, 0x00, 0x00, 0x00, 0x00, 0x00, 0x00, 0x00, 0x00, 0x00, 0x00, 0x00, 0x00, 0x10,
    0x80, 0x00, 0x00, 0x00, 0x00, 0x00, 0x00, 0x00, 0x00, 0x00, 0x00, 0x00, 0x00, 0x00, 0x00, 0x00, 0x00, 0x10,
    0x80, 0x00, 0x00, 0x00, 0x40, 0x00, 0x00, 0x00, 0x00, 0x00, 0x00, 0x00, 0x00, 0x00, 0x00, 0x00, 0x00, 0x10,
    0x80, 0x00, 0x00, 0x00, 0x00, 0x00, 0x00, 0x00, 0x00, 0x00, 0x00, 0x00, 0x00, 0x00, 0x00, 0x00, 0x00, 0x10,
    0x80, 0x00, 0x00, 0x00, 0x00, 0x00, 0x00, 0x00, 0x00, 0x00, 0x00, 0x00, 0x00, 0x00, 0x00, 0x00, 0x00, 0x10,
    0x80, 0x00, 0x00, 0x00, 0x00, 0x00, 0x00, 0x00, 0x00, 0x00, 0x00, 0x00, 0x00, 0x00, 0x00, 0x00, 0x00, 0x10,
    0x80, 0x00, 0x00, 0x00, 0x00, 0x00, 0x00, 0x00, 0x00, 0x00, 0x00, 0x00, 0x00, 0x00, 0x00, 0x00, 0x00, 0x10,
    0x80, 0x00, 0x00, 0x00, 0x00, 0x00, 0x00, 0x00, 0x00, 0x00, 0x00, 0x00, 0x00, 0x00, 0x00, 0x00, 0x80, 0x10,
    0x80, 0x00, 0x00, 0x00, 0x00, 0x00, 0x00, 0x00, 0x00, 0x00, 0x00, 0x00, 0x00, 0x00, 0x00, 0x00, 0x00, 0x10,
    0x80, 0x00, 0x00, 0x00, 0x00, 0x00, 0x00, 0x00, 0x00, 0x00, 0x00, 0x00, 0x00, 0x00, 0x00, 0x00, 0x00, 0x10,
    0x80, 0x00, 0x00, 0x00, 0x00, 0x00, 0x00, 0x00, 0x00, 0x00, 0x00, 0x00, 0x00, 0x00, 0x01, 0x00, 0x00, 0x10,
    0xc0, 0x00, 0x00, 0x00, 0x00, 0x00, 0x00, 0x00, 0x00, 0x00, 0x00, 0x00, 0x00, 0x00, 0x00, 0x00, 0x00, 0x10,
    0xf8, 0x00, 0x00, 0x00, 0x00, 0x00, 0x00, 0x00, 0x00, 0x00, 0x00, 0x00, 0x00, 0x00, 0x00, 0x00, 0x00, 0x10,
    0xdc, 0x00, 0x00, 0x00, 0x00, 0x00, 0x00, 0x00, 0x00, 0x00, 0x00, 0x00, 0x00, 0x00, 0x00, 0x00, 0x00, 0x10,
    0xac, 0x00, 0x00, 0x00, 0x00, 0x00, 0x00, 0x00, 0x00, 0x00, 0x00, 0x00, 0x00, 0x00, 0x00, 0x00, 0x00, 0x50,
    0xf4, 0x00, 0x00, 0x00, 0x00, 0x00, 0x00, 0x00, 0x00, 0x00, 0x00, 0x00, 0x00, 0x00, 0x00, 0x00, 0x00, 0x10,
    0xfa, 0x00, 0x00, 0x00, 0x00, 0x00, 0x00, 0x00, 0x00, 0x00, 0x00, 0x00, 0x00, 0x00, 0x00, 0x00, 0x00, 0x10,
    0xf4, 0x00, 0x00, 0x00, 0x00, 0x00, 0x00, 0x00, 0x00, 0x00, 0x00, 0x00, 0x00, 0x00, 0x00, 0x00, 0x00, 0x10,
    0xac, 0x00, 0x00, 0x00, 0x00, 0x00, 0x00, 0x00, 0x00, 0x00, 0x00, 0x00, 0x00, 0x00, 0x00, 0x00, 0x00, 0x10,
    0xdc, 0x00, 0x00, 0x00, 0x00, 0x00, 0x00, 0x00, 0x00, 0x00, 0x00, 0x00, 0x00, 0x00, 0x00, 0x00, 0x00, 0x10,
    0xf8, 0x00, 0x00, 0x00, 0x00, 0x00, 0x00, 0x00, 0x00, 0x00, 0x00, 0x00, 0x00, 0x00, 0x00, 0x00, 0x00, 0x10,
    0xc0, 0x00, 0x00, 0x00, 0x00, 0x00, 0x00, 0x00, 0x00, 0x00, 0x00, 0x00, 0x00, 0x00, 0x00, 0x00, 0x00, 0x10,
    0x80, 0x00, 0x00, 0x00, 0x00, 0x00, 0x00, 0x00, 0x00, 0x00, 0x00, 0x00, 0x00, 0x00, 0x00, 0x00, 0x00, 0x10,
    0x80, 0x00, 0x00, 0x00, 0x00, 0x00, 0x00, 0x00, 0x00, 0x00, 0x00, 0x00, 0x00, 0x00, 0x00, 0x00, 0x00, 0x10,
    0x80, 0x00, 0x00, 0x00, 0x00, 0x00, 0x00, 0x00, 0x00, 0x00, 0x00, 0x00, 0x00, 0x00, 0x00, 0x00, 0x00, 0x10,
    0x80, 0x00, 0x00, 0x00, 0x00, 0x00, 0x00, 0x00, 0x00, 0x00, 0x00, 0x00, 0x00, 0x00, 0x00, 0x00, 0x00, 0x10,
    0x80, 0x00, 0x00, 0x00, 0x00, 0x00, 0x00, 0x00, 0x00, 0x00, 0x00, 0x00, 0x00, 0x00, 0x00, 0x00, 0x00, 0x10,
    0x80, 0x00, 0x00, 0x00, 0x10, 0x00, 0x00, 0x00, 0x00, 0x00, 0x00, 0x00, 0x00, 0x00, 0x00, 0x00, 0x00, 0x10,
    0x80, 0x00, 0x00, 0x00, 0x00, 0x00, 0x00, 0x00, 0x00, 0x00, 0x00, 0x00, 0x00, 0x00, 0x00, 0x00, 0x00, 0x10,
    0x80, 0x00, 0x00, 0x00, 0x00, 0x00, 0x00, 0x00, 0x00, 0x00, 0x00, 0x00, 0x00, 0x00, 0x00, 0x00, 0x00, 0x10,
    0x80, 0x00, 0x00, 0x00, 0x00, 0x00, 0x00, 0x00, 0x00, 0x00, 0x00, 0x00, 0x00, 0x00, 0x00, 0x00, 0x00, 0x10,
    0x80, 0x00, 0x00, 0x00, 0x00, 0x00, 0x00, 0x00, 0x00, 0x00, 0x00, 0x00, 0x00, 0x00, 0x00, 0x00, 0x00, 0x10,
    0x80, 0x00, 0x00, 0x00, 0x00, 0x00, 0x00, 0x00, 0x00, 0x00, 0x00, 0x00, 0x00, 0x00, 0x00, 0x00, 0x00, 0x10,
    0x80, 0x00, 0x00, 0x00, 0x00, 0x00, 0x00, 0x00, 0x00, 0x00, 0x00, 0x00, 0x00, 0x00, 0x00, 0x00, 0x00, 0x10,
    0x80, 0x00, 0x00, 0x00, 0x00, 0x00, 0x00, 0x00, 0x00, 0x00, 0x00, 0x00, 0x00, 0x00, 0x00, 0x00, 0x00, 0x10,
    0x80, 0x00, 0x00, 0x00, 0x00, 0x00, 0x00, 0x00, 0x00, 0x00, 0x00, 0x00, 0x00, 0x00, 0x00, 0x00, 0x00, 0x10,
    0x80, 0x00, 0x00, 0x00, 0x00, 0x00, 0x00, 0x00, 0x00, 0x00, 0x00, 0x00, 0x00, 0x00, 0x00, 0x00, 0x00, 0x10,
    0x80, 0x00, 0x00, 0x00, 0x00, 0x00, 0x00, 0x00, 0x00, 0x00, 0x00, 0x00, 0x00, 0x00, 0x00, 0x00, 0x00, 0x10,
    0x80, 0x00, 0x00, 0x00, 0x00, 0x00, 0x00, 0x00, 0x00, 0x00, 0x00, 0x00, 0x00, 0x00, 0x00, 0x80, 0x00, 0x10,
    0x80, 0x00, 0x00, 0x00, 0x00, 0x00, 0x00, 0x00, 0x00, 0x00, 0x00, 0x00, 0x00, 0x00, 0x00, 0x00, 0x00, 0x10,
    0x80, 0x00, 0x00, 0x00, 0x00, 0x00, 0x00, 0x00, 0x00, 0x00, 0x00, 0x00, 0x00, 0x00, 0x00, 0x00, 0x00, 0x10,
    0x80, 0x40, 0x00, 0x00, 0x00, 0x00, 0x00, 0x00, 0x00, 0x00, 0x00, 0x00, 0x00, 0x00, 0x00, 0x00, 0x00, 0x10,
    0x80, 0x00, 0x00, 0x00, 0x00, 0x00, 0x00, 0x00, 0x00, 0x00, 0x00, 0x00, 0x00, 0x00, 0x00, 0x00, 0x00, 0x10,
    0x80, 0x00, 0x00, 0x00, 0x00, 0x00, 0x00, 0x00, 0x00, 0x00, 0x00, 0x00, 0x00, 0x00, 0x00, 0x00, 0x00, 0x10,
    0x82, 0x00, 0x00, 0x00, 0x02, 0x00, 0x00, 0x00, 0x00, 0x00, 0x00, 0x00, 0x00, 0x00, 0x00, 0x00, 0x00, 0x10,
    0x80, 0x00, 0x00, 0x00, 0x00, 0x00, 0x00, 0x00, 0x00, 0x00, 0x00, 0x00, 0x00, 0x00, 0x00, 0x00, 0x00, 0x10,
    0x80, 0x00, 0x00, 0x00, 0x00, 0x00, 0x00, 0x00, 0x00, 0x00, 0x00, 0x00, 0x00, 0x00, 0x00, 0x00, 0x00, 0x10,
    0x80, 0x00, 0x00, 0x00, 0x00, 0x00, 0x00, 0x00, 0x00, 0x00, 0x00, 0x00, 0x00, 0x00, 0x00, 0x00, 0x00, 0x10,
    0x80, 0x00, 0x00, 0x00, 0x00, 0x00, 0x00, 0x00, 0x00, 0x00, 0x00, 0x00, 0x00, 0x00, 0x00, 0x00, 0x00, 0x10,
    0xff, 0xff, 0xff, 0xff, 0xff, 0xff, 0xff, 0xff, 0xff, 0xff, 0xff, 0xff, 0xff, 0xff, 0xff, 0xff, 0xff, 0xf0,
};

static const lv_img_dsc_t gaming1 = {
    .header.cf = LV_IMG_CF_INDEXED_1BIT,
    .header.always_zero = 0,
    .header.reserved = 0,
    .header.w = 140,
    .header.h = 68,
    .data_size = 1232,
    .data = gaming1_map,
};

static const LV_ATTRIBUTE_MEM_ALIGN LV_ATTRIBUTE_LARGE_CONST uint8_t gaming2_map[] = {
#if CONFIG_NICE_VIEW_WIDGET_INVERTED
    0xff, 0xff, 0xff, 0xff, /*Color of index 0*/
    0x00, 0x00, 0x00, 0xff, /*Color of index 1*/
#else
    0x00, 0x00, 0x00, 0xff, /*Color of index 0*/
    0xff, 0xff, 0xff, 0xff, /*Color of index 1*/
#endif
    0xff, 0xff, 0xff, 0xff, 0xff, 0xff, 0xff, 0xff, 0xff, 0xff, 0xff, 0xff, 0xff, 0xff, 0xff, 0xff, 0xff, 0xf0,
    0x80, 0x00, 0x00, 0x00, 0x00, 0x00, 0x00, 0x00, 0x00, 0x00, 0x00, 0x00, 0x00, 0x00, 0x00, 0x00, 0x00, 0x10,
    0x80, 0x00, 0x00, 0x00, 0x00, 0x00, 0x00, 0x00, 0x00, 0x00, 0x00, 0x00, 0x00, 0x00, 0x00, 0x00, 0x00, 0x10,
    0x80, 0x00, 0x00, 0x00, 0x00, 0x00, 0x00, 0x00, 0x00, 0x00, 0x00, 0x00, 0x00, 0x00, 0x00, 0x00, 0x00, 0x10,
    0x80, 0x00, 0x04, 0x00, 0x00, 0x00, 0x00, 0x00, 0x00, 0x00, 0x00, 0x00, 0x00, 0x00, 0x00, 0x00, 0x00, 0x10,
    0x80, 0x00, 0x00, 0x00, 0x00, 0x00, 0x00, 0x00, 0x00, 0x00, 0x00, 0x00, 0x00, 0x00, 0x00, 0x00, 0x00, 0x10,
    0x80, 0x00, 0x00, 0x00, 0x00, 0x00, 0x00, 0x00, 0x00, 0x00, 0x00, 0x00, 0x00, 0x00, 0x00, 0x00, 0x00, 0x10,
    0x80, 0x00, 0x00, 0x00, 0x00, 0x00, 0x00, 0x00, 0x00, 0x00, 0x00, 0x00, 0x00, 0x00, 0x00, 0x00, 0x00, 0x10,
    0x80, 0x00, 0x00, 0x00, 0x00, 0x00, 0x00, 0x00, 0x00, 0x00, 0x00, 0x00, 0x00, 0x00, 0x00, 0x00, 0x00, 0x10,
    0x80, 0x00, 0x00, 0x00, 0x00, 0x00, 0x00, 0x00, 0x00, 0x00, 0x00, 0x00, 0x00, 0x00, 0x00, 0x00, 0x00, 0x10,
    0x80, 0x00, 0x00, 0x00, 0x00, 0x00, 0x00, 0x00, 0x00, 0x00, 0x00, 0x00, 0x00, 0x00, 0x00, 0x00, 0x00, 0x10,
    0x80, 0x00, 0x00, 0x00, 0x00, 0x00, 0x00, 0x00, 0x00, 0x00, 0x00, 0x00, 0x00, 0x00, 0x00, 0x00, 0x00, 0x10,
    0x80, 0x00, 0x00, 0x00, 0x00, 0x00, 0x00, 0x00, 0x00, 0x00, 0x00, 0x00, 0x00, 0x00, 0x00, 0x00, 0x00, 0x10,
    0x80, 0x00, 0x00, 0x00, 0x00, 0x00, 0x00, 0x00, 0x00, 0x00, 0x00, 0x00, 0x00, 0x00, 0x00, 0x00, 0x00, 0x10,
    0x80, 0x00, 0x00, 0x00, 0x00, 0x00, 0x00, 0x00, 0x00, 0x00, 0x00, 0x00, 0x00, 0x00, 0x00, 0x00, 0x00, 0x10,
    0x80, 0x00, 0x00, 0x00, 0x00, 0x00, 0x00, 0x00, 0x00, 0x00, 0x00, 0x00, 0x00, 0x00, 0x00, 0x00, 0x00, 0x10,
    0x80, 0x00, 0x00, 0x00, 0x00, 0x10, 0x00, 0x00, 0x00, 0x00, 0x00, 0x00, 0x00, 0x00, 0x00, 0x00, 0x00, 0x10,
    0x80, 0x00, 0x00, 0x00, 0x00, 0x00, 0x00, 0x00, 0x00, 0x00, 0x00, 0x00, 0x00, 0x00, 0x00, 0x00, 0x00, 0x10,
    0x80, 0x00, 0x00, 0x00, 0x00, 0x00, 0x00, 0x00, 0x00, 0x00, 0x00, 0x00, 0x00, 0x00, 0x00, 0x00, 0x00, 0x10,
    0x80, 0x00, 0x00, 0x00, 0x00, 0x00, 0x00, 0x00, 0x00, 0x00, 0x00, 0x00, 0x00, 0x00, 0x00, 0x00, 0x00, 0x10,
    0x80, 0x00, 0x00, 0x00, 0x40, 0x00, 0x00, 0x00, 0x00, 0x00, 0x00, 0x00, 0x00, 0x00, 0x00, 0x00, 0x00, 0x10,
    0x80, 0x00, 0x00, 0x00, 0x00, 0x00, 0x00, 0x00, 0x00, 0x00, 0x00, 0x00, 0x00, 0x00, 0x00, 0x00, 0x00, 0x10,
    0x80, 0x00, 0x00, 0x00, 0x00, 0x00, 0x00, 0x00, 0x00, 0x00, 0x00, 0x00, 0x00, 0x00, 0x00, 0x00, 0x00, 0x10,
    0x80, 0x00, 0x00, 0x00, 0x00, 0x00, 0x00, 0x00, 0x00, 0x00, 0x00, 0x00, 0x00, 0x00, 0x00, 0x00, 0x00, 0x10,
    0x80, 0x00, 0x00, 0x00, 0x00, 0x00, 0x00, 0x00, 0x00, 0x00, 0x00, 0x00, 0x00, 0x00, 0x00, 0x00, 0x00, 0x10,
    0x80, 0x00, 0x00, 0x00, 0x00, 0x00, 0x00, 0x00, 0x00, 0x00, 0x00, 0x00, 0x00, 0x00, 0x00, 0x00, 0x00, 0x10,
    0x80, 0x00, 0x00, 0x00, 0x00, 0x00, 0x00, 0x00, 0x00, 0x00, 0x00, 0x00, 0x00, 0x00, 0x00, 0x00, 0x00, 0x10,
    0x80, 0x00, 0x00, 0x00, 0x00, 0x00, 0x00, 0x00, 0x00, 0x00, 0x00, 0x00, 0x00, 0x00, 0x00, 0x00, 0x00, 0x10,
    0x80, 0x00, 0x00, 0x00, 0x00, 0x00, 0x00, 0x00, 0x00, 0x00, 0x00, 0x00, 0x00, 0x00, 0x01, 0x00, 0x00, 0x10,
    0x80, 0x00, 0x00, 0x00, 0x00, 0x00, 0x00, 0x00, 0x00, 0x00, 0x00, 0x00, 0x00, 0x00, 0x00, 0x00, 0x00, 0x10,
    0x80, 0x00, 0x00, 0x00, 0x00, 0x00, 0x00, 0x00, 0x00, 0x00, 0x00, 0x00, 0x00, 0x00, 0x00, 0x00, 0x00, 0x10,
    0xa0, 0x00, 0x00, 0x00, 0x00, 0x00, 0x00, 0x00, 0x00, 0x00, 0x00, 0x00, 0x00, 0x00, 0x00, 0x00, 0x00, 0x10,
    0xee, 0xdc, 0x00, 0x00, 0x00, 0x00, 0x00, 0x00, 0x00, 0x00, 0x00, 0x00, 0x00, 0x00, 0x00, 0x00, 0x00, 0x50,
    0xbf, 0xff, 0x00, 0x00, 0x00, 0x00, 0x00, 0x00, 0x00, 0x00, 0x00, 0x00, 0x00, 0x00, 0x00, 0x00, 0x00, 0x10,
    0xff, 0xff, 0x80, 0x00, 0x00, 0x00, 0x00, 0x00, 0x00, 0x00, 0x00, 0x00, 0x00, 0x00, 0x00, 0x00, 0x00, 0x10,
    0xff, 0xf5, 0x80, 0x00, 0x00, 0x00, 0x00, 0x00, 0x00, 0x00, 0x00, 0x00, 0x00, 0x00, 0x00, 0x00, 0x00, 0x10,
    0xff, 0xea, 0xc0, 0x00, 0x00, 0x00, 0x00, 0x00, 0x00, 0x00, 0x00, 0x00, 0x00, 0x00, 0x00, 0x00, 0x00, 0x10,
    0xff, 0xdf, 0x40, 0x00, 0x00, 0x00, 0x00, 0x00, 0x00, 0x00, 0x00, 0x00, 0x00, 0x00, 0x00, 0x00, 0x00, 0x10,
    0xff, 0xee, 0xc0, 0x00, 0x00, 0x00, 0x00, 0x00, 0x00, 0x00, 0x00, 0x00, 0x00, 0x00, 0x00, 0x00, 0x00, 0x10,
    0xff, 0xd5, 0xc0, 0x00, 0x00, 0x00, 0x00, 0x00, 0x00, 0x00, 0x00, 0x00, 0x00, 0x00, 0x00, 0x00, 0x00, 0x10,
    0xff, 0xea, 0x80, 0x00, 0x00, 0x00, 0x00, 0x00, 0x00, 0x00, 0x00, 0x00, 0x00, 0x00, 0x00, 0x00, 0x00, 0x10,
    0xff, 0xff, 0x80, 0x00, 0x00, 0x00, 0x00, 0x00, 0x00, 0x00, 0x00, 0x00, 0x00, 0x00, 0x00, 0x00, 0x00, 0x10,
    0x87, 0xff, 0x00, 0x00, 0x00, 0x00, 0x00, 0x00, 0x00, 0x00, 0x00, 0x00, 0x00, 0x00, 0x00, 0x00, 0x00, 0x10,
    0x8f, 0xfc, 0x00, 0x00, 0x00, 0x00, 0x00, 0x00, 0x00, 0x00, 0x00, 0x00, 0x00, 0x00, 0x00, 0x00, 0x00, 0x10,
    0xef, 0xe0, 0x00, 0x00, 0x00, 0x00, 0x00, 0x00, 0x00, 0x00, 0x00, 0x00, 0x00, 0x00, 0x00, 0x00, 0x00, 0x10,
    0xe6, 0x00, 0x00, 0x00, 0x00, 0x00, 0x00, 0x00, 0x00, 0x00, 0x00, 0x00, 0x00, 0x00, 0x00, 0x00, 0x00, 0x10,
    0x80, 0x00, 0x00, 0x00, 0x00, 0x00, 0x00, 0x00, 0x00, 0x00, 0x00, 0x00, 0x00, 0x00, 0x00, 0x00, 0x00, 0x10,
    0x80, 0x00, 0x00, 0x00, 0x00, 0x00, 0x00, 0x00, 0x00, 0x00, 0x00, 0x00, 0x00, 0x00, 0x00, 0x00, 0x00, 0x10,
    0x80, 0x00, 0x00, 0x00, 0x00, 0x00, 0x00, 0x00, 0x00, 0x00, 0x00, 0x00, 0x00, 0x00, 0x00, 0x00, 0x00, 0x10,
    0x80, 0x00, 0x00, 0x00, 0x00, 0x00, 0x00, 0x00, 0x00, 0x00, 0x00, 0x00, 0x00, 0x00, 0x00, 0x00, 0x00, 0x10,
    0x80, 0x00, 0x00, 0x00, 0x00, 0x00, 0x00, 0x00, 0x00, 0x00, 0x00, 0x00, 0x00, 0x00, 0x00, 0x00, 0x00, 0x10,
    0x80, 0x00, 0x00, 0x00, 0x00, 0x00, 0x00, 0x00, 0x00, 0x00, 0x00, 0x00, 0x00, 0x00, 0x00, 0x00, 0x00, 0x10,
    0x80, 0x00, 0x00, 0x00, 0x00, 0x00, 0x00, 0x00, 0x00, 0x00, 0x00, 0x00, 0x00, 0x00, 0x00, 0x00, 0x00, 0x10,
    0x80, 0x00, 0x00, 0x00, 0x00, 0x00, 0x00, 0x00, 0x00, 0x00, 0x00, 0x00, 0x00, 0x00, 0x00, 0x00, 0x00, 0x10,
    0x80, 0x00, 0x00, 0x00, 0x00, 0x00, 0x00, 0x00, 0x00, 0x00, 0x00, 0x00, 0x00, 0x00, 0x00, 0x00, 0x00, 0x10,
    0x80, 0x00, 0x00, 0x00, 0x00, 0x00, 0x00, 0x00, 0x00, 0x00, 0x00, 0x00, 0x00, 0x00, 0x00, 0x00, 0x00, 0x10,
    0x80, 0x00, 0x00, 0x00, 0x00, 0x00, 0x00, 0x00, 0x00, 0x00, 0x00, 0x00, 0x00, 0x00, 0x00, 0x80, 0x00, 0x10,
    0x80, 0x00, 0x00, 0x00, 0x00, 0x00, 0x00, 0x00, 0x00, 0x00, 0x00, 0x00, 0x00, 0x00, 0x00, 0x00, 0x00, 0x10,
    0x80, 0x00, 0x00, 0x00, 0x00, 0x00, 0x00, 0x00, 0x00, 0x00, 0x00, 0x00, 0x00, 0x00, 0x00, 0x00, 0x00, 0x10,
    0x80, 0x40, 0x00, 0x00, 0x00, 0x00, 0x00, 0x00, 0x00, 0x00, 0x00, 0x00, 0x00, 0x00, 0x00, 0x00, 0x00, 0x10,
    0x80, 0x00, 0x00, 0x00, 0x00, 0x00, 0x00, 0x00, 0x00, 0x00, 0x00, 0x00, 0x00, 0x00, 0x00, 0x00, 0x00, 0x10,
    0x80, 0x00, 0x00, 0x00, 0x00, 0x00, 0x00, 0x00, 0x00, 0x00, 0x00, 0x00, 0x00, 0x00, 0x00, 0x00, 0x00, 0x10,
    0x82, 0x00, 0x00, 0x00, 0x02, 0x00, 0x00, 0x00, 0x00, 0x00, 0x00, 0x00, 0x00, 0x00, 0x00, 0x00, 0x00, 0x10,
    0x80, 0x00, 0x00, 0x00, 0x00, 0x00, 0x00, 0x00, 0x00, 0x00, 0x00, 0x00, 0x00, 0x00, 0x00, 0x00, 0x00, 0x10,
    0x80, 0x00, 0x00, 0x00, 0x00, 0x00, 0x00, 0x00, 0x00, 0x00, 0x00, 0x00, 0x00, 0x00, 0x00, 0x00, 0x00, 0x10,
    0x80, 0x00, 0x00, 0x00, 0x00, 0x00, 0x00, 0x00, 0x00, 0x00, 0x00, 0x00, 0x00, 0x00, 0x00, 0x00, 0x00, 0x10,
    0x80, 0x00, 0x00, 0x00, 0x00, 0x00, 0x00, 0x00, 0x00, 0x00, 0x00, 0x00, 0x00, 0x00, 0x00, 0x00, 0x00, 0x10,
    0xff, 0xff, 0xff, 0xff, 0xff, 0xff, 0xff, 0xff, 0xff, 0xff, 0xff, 0xff, 0xff, 0xff, 0xff, 0xff, 0xff, 0xf0,
};

static const lv_img_dsc_t gaming2 = {
    .header.cf = LV_IMG_CF_INDEXED_1BIT,
    .header.always_zero = 0,
    .header.reserved = 0,
    .header.w = 140,
    .header.h = 68,
    .data_size = 1232,
    .data = gaming2_map,
};

static const LV_ATTRIBUTE_MEM_ALIGN LV_ATTRIBUTE_LARGE_CONST uint8_t gaming3_map[] = {
#if CONFIG_NICE_VIEW_WIDGET_INVERTED
    0xff, 0xff, 0xff, 0xff, /*Color of index 0*/
    0x00, 0x00, 0x00, 0xff, /*Color of index 1*/
#else
    0x00, 0x00, 0x00, 0xff, /*Color of index 0*/
    0xff, 0xff, 0xff, 0xff, /*Color of index 1*/
#endif
    0xff, 0xff, 0xff, 0xff, 0xff, 0xff, 0xff, 0xff, 0xff, 0xff, 0xff, 0xff, 0xff, 0xff, 0xff, 0xff, 0xff, 0xf0,
    0x80, 0x00, 0x00, 0x00, 0x00, 0x00, 0x00, 0x00, 0x00, 0x00, 0x00, 0x00, 0x00, 0x00, 0x00, 0x00, 0x00, 0x10,
    0x80, 0x00, 0x00, 0x00, 0x00, 0x00, 0x00, 0x00, 0x00, 0x00, 0x00, 0x00, 0x00, 0x00, 0x00, 0x00, 0x00, 0x10,
    0x80, 0x00, 0x00, 0x00, 0x00, 0x00, 0x00, 0x00, 0x00, 0x00, 0x00, 0x00, 0x00, 0x00, 0x00, 0x00, 0x00, 0x10,
    0x80, 0x00, 0x04, 0x00, 0x00, 0x00, 0x00, 0x00, 0x00, 0x00, 0x00, 0x00, 0x00, 0x00, 0x00, 0x00, 0x00, 0x10,
    0x80, 0x00, 0x00, 0x00, 0x00, 0x00, 0x00, 0x00, 0x00, 0x00, 0x00, 0x00, 0x00, 0x00, 0x00, 0x00, 0x00, 0x10,
    0x80, 0x00, 0x00, 0x00, 0x00, 0x00, 0x00, 0x00, 0x00, 0x00, 0x00, 0x00, 0x00, 0x00, 0x00, 0x00, 0x00, 0x10,
    0x80, 0x00, 0x00, 0x00, 0x00, 0x00, 0x00, 0x00, 0x00, 0x00, 0x00, 0x00, 0x00, 0x00, 0x00, 0x00, 0x00, 0x10,
    0x80, 0x00, 0x00, 0x00, 0x00, 0x00, 0x00, 0x00, 0x00, 0x00, 0x00, 0x00, 0x00, 0x00, 0x00, 0x00, 0x00, 0x10,
    0x80, 0x00, 0x00, 0x00, 0x00, 0x00, 0x00, 0x00, 0x00, 0x00, 0x00, 0x00, 0x00, 0x00, 0x00, 0x00, 0x00, 0x10,
    0x80, 0x00, 0x00, 0x00, 0x00, 0x00, 0x00, 0x00, 0x00, 0x00, 0x00, 0x00, 0x00, 0x00, 0x00, 0x00, 0x00, 0x10,
    0x80, 0x00, 0x00, 0x00, 0x00, 0x00, 0x00, 0x00, 0x00, 0x00, 0x00, 0x00, 0x00, 0x00, 0x00, 0x00, 0x00, 0x10,
    0x80, 0x00, 0x00, 0x00, 0x00, 0x00, 0x00, 0x00, 0x00, 0x00, 0x00, 0x00, 0x00, 0x00, 0x00, 0x00, 0x00, 0x10,
    0x80, 0x00, 0x00, 0x00, 0x00, 0x00, 0x00, 0x00, 0x00, 0x00, 0x00, 0x00, 0x00, 0x00, 0x00, 0x00, 0x00, 0x10,
    0x80, 0x00, 0x00, 0x00, 0x00, 0x00, 0x00, 0x00, 0x00, 0x00, 0x00, 0x00, 0x00, 0x00, 0x00, 0x00, 0x00, 0x10,
    0x80, 0x00, 0x00, 0x00, 0x00, 0x00, 0x00, 0x00, 0x00, 0x00, 0x00, 0x00, 0x00, 0x00, 0x00, 0x00, 0x00, 0x10,
    0x80, 0x00, 0x00, 0x00, 0x00, 0x10, 0x00, 0x00, 0x00, 0x00, 0x00, 0x00, 0x00, 0x00, 0x00, 0x00, 0x00, 0x10,
    0x80, 0x00, 0x00, 0x00, 0x00, 0x00, 0x00, 0x00, 0x00, 0x00, 0x00, 0x00, 0x00, 0x00, 0x00, 0x00, 0x00, 0x10,
    0x80, 0x00, 0x00, 0x00, 0x00, 0x00, 0x00, 0x00, 0x00, 0x00, 0x00, 0x00, 0x00, 0x00, 0x00, 0x00, 0x00, 0x10,
    0x80, 0x00, 0x00, 0x00, 0x00, 0x00, 0x00, 0x00, 0x00, 0x00, 0x00, 0x00, 0x00, 0x00, 0x00, 0x00, 0x00, 0x10,
    0x80, 0x00, 0x00, 0x00, 0x40, 0x00, 0x00, 0x00, 0x00, 0x00, 0x00, 0x00, 0x00, 0x00, 0x00, 0x00, 0x00, 0x10,
    0x80, 0x00, 0x00, 0x00, 0x00, 0x00, 0x00, 0x00, 0x00, 0x00, 0x00, 0x00, 0x00, 0x00, 0x00, 0x00, 0x00, 0x10,
    0x80, 0x00, 0x00, 0x00, 0x00, 0x00, 0x00, 0x00, 0x00, 0x00, 0x00, 0x00, 0x00, 0x00, 0x00, 0x00, 0x00, 0x10,
    0x80, 0x00, 0x00, 0x00, 0x00, 0x00, 0x00, 0x00, 0x00, 0x00, 0x00, 0x00, 0x00, 0x00, 0x00, 0x00, 0x00, 0x10,
    0x80, 0x00, 0x00, 0x00, 0x00, 0x00, 0x00, 0x00, 0x00, 0x00, 0x00, 0x00, 0x00, 0x00, 0x00, 0x00, 0x00, 0x10,
    0x80, 0x00, 0x00, 0x00, 0x00, 0x00, 0x00, 0x00, 0x00, 0x00, 0x00, 0x00, 0x00, 0x00, 0x00, 0x00, 0x00, 0x10,
    0x80, 0x00, 0x00, 0x00, 0x00, 0x00, 0x00, 0x00, 0x00, 0x00, 0x00, 0x00, 0x00, 0x00, 0x00, 0x00, 0x00, 0x10,
    0x80, 0x00, 0x00, 0x00, 0x00, 0x00, 0x00, 0x00, 0x00, 0x00, 0x00, 0x00, 0x00, 0x00, 0x00, 0x00, 0x00, 0x10,
    0x80, 0x00, 0x00, 0x00, 0x00, 0x00, 0x00, 0x00, 0x00, 0x00, 0x00, 0x00, 0x00, 0x00, 0x01, 0x00, 0x00, 0x10,
    0x80, 0x00, 0x00, 0x00, 0x00, 0x00, 0x00, 0x00, 0x00, 0x00, 0x00, 0x00, 0x00, 0x00, 0x00, 0x00, 0x00, 0x10,
    0x80, 0x00, 0x00, 0x00, 0x00, 0x00, 0x00, 0x00, 0x00, 0x00, 0x00, 0x00, 0x00, 0x00, 0x00, 0x00, 0x00, 0x10,
    0x88, 0x00, 0x00, 0x00, 0x00, 0x00, 0x00, 0x00, 0x00, 0x00, 0x00, 0x00, 0x00, 0x00, 0x00, 0x00, 0x00, 0x10,
    0x89, 0x98, 0x00, 0x00, 0x00, 0x00, 0x00, 0x00, 0x00, 0x00, 0x00, 0x00, 0x00, 0x00, 0x00, 0x00, 0x00, 0x50,
    0x80, 0x1b, 0x90, 0x00, 0x00, 0x00, 0x00, 0x00, 0x00, 0x00, 0x00, 0x00, 0x00, 0x00, 0x00, 0x00, 0x00, 0x10,
    0x80, 0x1b, 0xbf, 0x80, 0x00, 0x00, 0x00, 0x00, 0x00, 0x00, 0x00, 0x00, 0x00, 0x00, 0x00, 0x00, 0x00, 0x10,
    0x80, 0x1f, 0xff, 0xe0, 0x00, 0x00, 0x00, 0x00, 0x00, 0x00, 0x00, 0x00, 0x00, 0x00, 0x00, 0x00, 0x00, 0x10,
    0x83, 0xff, 0xff, 0xf0, 0x00, 0x00, 0x00, 0x00, 0x00, 0x00, 0x00, 0x00, 0x00, 0x00, 0x00, 0x00, 0x00, 0x10,
    0x87, 0xff, 0xfd, 0x58, 0x00, 0x00, 0x00, 0x00, 0x00, 0x00, 0x00, 0x00, 0x00, 0x00, 0x00, 0x00, 0x00, 0x10,
    0xff, 0xff, 0xfa, 0xb8, 0x00, 0x00, 0x00, 0x00, 0x00, 0x00, 0x00, 0x00, 0x00, 0x00, 0x00, 0x00, 0x00, 0x10,
    0xff, 0xff, 0xfd, 0xdc, 0x00, 0x00, 0x00, 0x00, 0x00, 0x00, 0x00, 0x00, 0x00, 0x00, 0x00, 0x00, 0x00, 0x10,
    0xff, 0xff, 0xfb, 0xec, 0x00, 0x00, 0x00, 0x00, 0x00, 0x00, 0x00, 0x00, 0x00, 0x00, 0x00, 0x00, 0x00, 0x10,
    0xff, 0xff, 0xfd, 0xdc, 0x00, 0x00, 0x00, 0x00, 0x00, 0x00, 0x00, 0x00, 0x00, 0x00, 0x00, 0x00, 0x00, 0x10,
    0xff, 0xff, 0xfa, 0xa8, 0x00, 0x00, 0x00, 0x00, 0x00, 0x00, 0x00, 0x00, 0x00, 0x00, 0x00, 0x00, 0x00, 0x10,
    0xff, 0xff, 0xfd, 0x58, 0x00, 0x00, 0x00, 0x00, 0x00, 0x00, 0x00, 0x00, 0x00, 0x00, 0x00, 0x00, 0x00, 0x10,
    0xfb, 0xdf, 0xff, 0xf0, 0x00, 0x00, 0x00, 0x00, 0x00, 0x00, 0x00, 0x00, 0x00, 0x00, 0x00, 0x00, 0x00, 0x10,
    0x80, 0x03, 0xff, 0xe0, 0x00, 0x00, 0x00, 0x00, 0x00, 0x00, 0x00, 0x00, 0x00, 0x00, 0x00, 0x00, 0x00, 0x10,
    0x80, 0x1b, 0xff, 0x80, 0x00, 0x00, 0x00, 0x00, 0x00, 0x00, 0x00, 0x00, 0x00, 0x00, 0x00, 0x00, 0x00, 0x10,
    0x80, 0x1b, 0xb8, 0x00, 0x00, 0x00, 0x00, 0x00, 0x00, 0x00, 0x00, 0x00, 0x00, 0x00, 0x00, 0x00, 0x00, 0x10,
    0x81, 0x98, 0x00, 0x00, 0x00, 0x00, 0x00, 0x00, 0x00, 0x00, 0x00, 0x00, 0x00, 0x00, 0x00, 0x00, 0x00, 0x10,
    0x98, 0x00, 0x00, 0x00, 0x00, 0x00, 0x00, 0x00, 0x00, 0x00, 0x00, 0x00, 0x00, 0x00, 0x00, 0x00, 0x00, 0x10,
    0x80, 0x00, 0x00, 0x00, 0x00, 0x00, 0x00, 0x00, 0x00, 0x00, 0x00, 0x00, 0x00, 0x00, 0x00, 0x00, 0x00, 0x10,
    0x80, 0x00, 0x00, 0x00, 0x00, 0x00, 0x00, 0x00, 0x00, 0x00, 0x00, 0x00, 0x00, 0x00, 0x00, 0x00, 0x00, 0x10,
    0x80, 0x00, 0x00, 0x00, 0x00, 0x00, 0x00, 0x00, 0x00, 0x00, 0x00, 0x00, 0x00, 0x00, 0x00, 0x00, 0x00, 0x10,
    0x80, 0x00, 0x00, 0x00, 0x00, 0x00, 0x00, 0x00, 0x00, 0x00, 0x00, 0x00, 0x00, 0x00, 0x00, 0x00, 0x00, 0x10,
    0x80, 0x00, 0x00, 0x00, 0x00, 0x00, 0x00, 0x00, 0x00, 0x00, 0x00, 0x00, 0x00, 0x00, 0x00, 0x00, 0x00, 0x10,
    0x80, 0x00, 0x00, 0x00, 0x00, 0x00, 0x00, 0x00, 0x00, 0x00, 0x00, 0x00, 0x00, 0x00, 0x00, 0x00, 0x00, 0x10,
    0x80, 0x00, 0x00, 0x00, 0x00, 0x00, 0x00, 0x00, 0x00, 0x00, 0x00, 0x00, 0x00, 0x00, 0x00, 0x80, 0x00, 0x10,
    0x80, 0x00, 0x00, 0x00, 0x00, 0x00, 0x00, 0x00, 0x00, 0x00, 0x00, 0x00, 0x00, 0x00, 0x00, 0x00, 0x00, 0x10,
    0x80, 0x00, 0x00, 0x00, 0x00, 0x00, 0x00, 0x00, 0x00, 0x00, 0x00, 0x00, 0x00, 0x00, 0x00, 0x00, 0x00, 0x10,
    0x80, 0x00, 0x00, 0x00, 0x00, 0x00, 0x00, 0x00, 0x00, 0x00, 0x00, 0x00, 0x00, 0x00, 0x00, 0x00, 0x00, 0x10,
    0x80, 0x00, 0x00, 0x00, 0x00, 0x00, 0x00, 0x00, 0x00, 0x00, 0x00, 0x00, 0x00, 0x00, 0x00, 0x00, 0x00, 0x10,
    0x80, 0x00, 0x00, 0x00, 0x00, 0x00, 0x00, 0x00, 0x00, 0x00, 0x00, 0x00, 0x00, 0x00, 0x00, 0x00, 0x00, 0x10,
    0x82, 0x00, 0x00, 0x00, 0x02, 0x00, 0x00, 0x00, 0x00, 0x00, 0x00, 0x00, 0x00, 0x00, 0x00, 0x00, 0x00, 0x10,
    0x80, 0x00, 0x00, 0x00, 0x00, 0x00, 0x00, 0x00, 0x00, 0x00, 0x00, 0x00, 0x00, 0x00, 0x00, 0x00, 0x00, 0x10,
    0x80, 0x00, 0x00, 0x00, 0x00, 0x00, 0x00, 0x00, 0x00, 0x00, 0x00, 0x00, 0x00, 0x00, 0x00, 0x00, 0x00, 0x10,
    0x80, 0x00, 0x00, 0x00, 0x00, 0x00, 0x00, 0x00, 0x00, 0x00, 0x00, 0x00, 0x00, 0x00, 0x00, 0x00, 0x00, 0x10,
    0x80, 0x00, 0x00, 0x00, 0x00, 0x00, 0x00, 0x00, 0x00, 0x00, 0x00, 0x00, 0x00, 0x00, 0x00, 0x00, 0x00, 0x10,
    0xff, 0xff, 0xff, 0xff, 0xff, 0xff, 0xff, 0xff, 0xff, 0xff, 0xff, 0xff, 0xff, 0xff, 0xff, 0xff, 0xff, 0xf0,
};

static const lv_img_dsc_t gaming3 = {
    .header.cf = LV_IMG_CF_INDEXED_1BIT,
    .header.always_zero = 0,
    .header.reserved = 0,
    .header.w = 140,
    .header.h = 68,
    .data_size = 1232,
    .data = gaming3_map,
};

static const LV_ATTRIBUTE_MEM_ALIGN LV_ATTRIBUTE_LARGE_CONST uint8_t gaming4_map[] = {
#if CONFIG_NICE_VIEW_WIDGET_INVERTED
    0xff, 0xff, 0xff, 0xff, /*Color of index 0*/
    0x00, 0x00, 0x00, 0xff, /*Color of index 1*/
#else
    0x00, 0x00, 0x00, 0xff, /*Color of index 0*/
    0xff, 0xff, 0xff, 0xff, /*Color of index 1*/
#endif
    0xff, 0xff, 0xff, 0xff, 0xff, 0xff, 0xff, 0xff, 0xff, 0xff, 0xff, 0xff, 0xff, 0xff, 0xff, 0xff, 0xff, 0xf0,
    0x80, 0x00, 0x00, 0x00, 0x00, 0x00, 0x00, 0x00, 0x00, 0x00, 0x00, 0x00, 0x00, 0x00, 0x00, 0x00, 0x00, 0x10,
    0x80, 0x00, 0x00, 0x00, 0x00, 0x00, 0x00, 0x00, 0x00, 0x00, 0x00, 0x00, 0x00, 0x00, 0x00, 0x00, 0x00, 0x10,
    0x80, 0x00, 0x00, 0x00, 0x00, 0x00, 0x00, 0x00, 0x00, 0x00, 0x00, 0x00, 0x00, 0x00, 0x00, 0x00, 0x00, 0x10,
    0x80, 0x00, 0x04, 0x00, 0x00, 0x00, 0x00, 0x00, 0x00, 0x00, 0x00, 0x00, 0x00, 0x00, 0x00, 0x00, 0x00, 0x10,
    0x80, 0x00, 0x00, 0x00, 0x00, 0x00, 0x00, 0x00, 0x00, 0x00, 0x00, 0x00, 0x00, 0x00, 0x00, 0x00, 0x00, 0x10,
    0x80, 0x00, 0x00, 0x00, 0x00, 0x00, 0x00, 0x00, 0x00, 0x00, 0x00, 0x00, 0x00, 0x00, 0x00, 0x00, 0x00, 0x10,
    0x80, 0x00, 0x00, 0x00, 0x00, 0x00, 0x00, 0x00, 0x00, 0x00, 0x00, 0x00, 0x00, 0x00, 0x00, 0x00, 0x00, 0x10,
    0x80, 0x00, 0x00, 0x00, 0x00, 0x00, 0x00, 0x00, 0x00, 0x00, 0x00, 0x00, 0x00, 0x00, 0x00, 0x00, 0x00, 0x10,
    0x80, 0x00, 0x00, 0x00, 0x00, 0x00, 0x00, 0x00, 0x00, 0x00, 0x00, 0x00, 0x00, 0x00, 0x00, 0x00, 0x00, 0x10,
    0x80, 0x00, 0x00, 0x00, 0x00, 0x00, 0x00, 0x00, 0x00, 0x00, 0x00, 0x00, 0x00, 0x00, 0x00, 0x00, 0x00, 0x10,
    0x80, 0x00, 0x00, 0x00, 0x00, 0x00, 0x00, 0x00, 0x00, 0x00, 0x00, 0x00, 0x00, 0x00, 0x00, 0x00, 0x00, 0x10,
    0x80, 0x00, 0x00, 0x00, 0x00, 0x00, 0x00, 0x00, 0x00, 0x00, 0x00, 0x00, 0x00, 0x00, 0x00, 0x00, 0x00, 0x10,
    0x80, 0x00, 0x00, 0x00, 0x00, 0x00, 0x00, 0x00, 0x00, 0x00, 0x00, 0x00, 0x00, 0x00, 0x00, 0x00, 0x00, 0x10,
    0x80, 0x00, 0x00, 0x00, 0x00, 0x00, 0x00, 0x00, 0x00, 0x00, 0x00, 0x00, 0x00, 0x00, 0x00, 0x00, 0x00, 0x10,
    0x80, 0x00, 0x00, 0x00, 0x00, 0x00, 0x00, 0x00, 0x00, 0x00, 0x00, 0x00, 0x00, 0x00, 0x00, 0x00, 0x00, 0x10,
    0x80, 0x00, 0x00, 0x00, 0x00, 0x10, 0x00, 0x00, 0x00, 0x00, 0x00, 0x00, 0x00, 0x00, 0x00, 0x00, 0x00, 0x10,
    0x80, 0x00, 0x00, 0x00, 0x00, 0x00, 0x00, 0x00, 0x00, 0x00, 0x00, 0x00, 0x00, 0x00, 0x00, 0x00, 0x00, 0x10,
    0x80, 0x00, 0x00, 0x00, 0x00, 0x00, 0x00, 0x00, 0x00, 0x00, 0x00, 0x00, 0x00, 0x00, 0x00, 0x00, 0x00, 0x10,
    0x80, 0x00, 0x00, 0x00, 0x00, 0x00, 0x00, 0x00, 0x00, 0x00, 0x00, 0x00, 0x00, 0x00, 0x00, 0x00, 0x00, 0x10,
    0x80, 0x00, 0x00, 0x00, 0x40, 0x00, 0x00, 0x00, 0x00, 0x00, 0x00, 0x00, 0x00, 0x00, 0x00, 0x00, 0x00, 0x10,
    0x80, 0x00, 0x00, 0x00, 0x00, 0x00, 0x00, 0x00, 0x00, 0x00, 0x00, 0x00, 0x00, 0x00, 0x00, 0x00, 0x00, 0x10,
    0x80, 0x00, 0x00, 0x00, 0x00, 0x00, 0x00, 0x00, 0x00, 0x00, 0x00, 0x00, 0x00, 0x00, 0x00, 0x00, 0x00, 0x10,
    0x80, 0x00, 0x00, 0x00, 0x00, 0x00, 0x00, 0x00, 0x00, 0x00, 0x00, 0x00, 0x00, 0x00, 0x00, 0x00, 0x00, 0x10,
    0x80, 0x00, 0x00, 0x00, 0x00, 0x00, 0x00, 0x00, 0x00, 0x00, 0x00, 0x00, 0x00, 0x00, 0x00, 0x00, 0x00, 0x10,
    0x80, 0x00, 0x00, 0x00, 0x00, 0x00, 0x00, 0x00, 0x00, 0x00, 0x00, 0x00, 0x00, 0x00, 0x00, 0x00, 0x00, 0x10,
    0x80, 0x00, 0x00, 0x00, 0x00, 0x00, 0x00, 0x00, 0x00, 0x00, 0x00, 0x00, 0x00, 0x00, 0x00, 0x00, 0x00, 0x10,
    0x80, 0x00, 0x00, 0x00, 0x00, 0x00, 0x00, 0x00, 0x00, 0x00, 0x00, 0x00, 0x00, 0x00, 0x00, 0x00, 0x00, 0x10,
    0x80, 0x00, 0x00, 0x00, 0x00, 0x00, 0x00, 0x00, 0x00, 0x00, 0x00, 0x00, 0x00, 0x00, 0x01, 0x00, 0x00, 0x10,
    0x81, 0x00, 0x00, 0x00, 0x00, 0x00, 0x00, 0x00, 0x00, 0x00, 0x00, 0x00, 0x00, 0x00, 0x00, 0x00, 0x00, 0x10,
    0x80, 0x00, 0x00, 0x00, 0x00, 0x00, 0x00, 0x00, 0x00, 0x00, 0x00, 0x00, 0x00, 0x00, 0x00, 0x00, 0x00, 0x10,
    0x80, 0x0c, 0x00, 0x00, 0x00, 0x00, 0x00, 0x00, 0x00, 0x00, 0x00, 0x00, 0x00, 0x00, 0x00, 0x00, 0x00, 0x10,
    0x80, 0x00, 0xc7, 0x00, 0x00, 0x00, 0x00, 0x00, 0x00, 0x00, 0x00, 0x00, 0x00, 0x00, 0x00, 0x00, 0x00, 0x50,
    0x80, 0x00, 0x4e, 0xee, 0x00, 0x00, 0x00, 0x00, 0x00, 0x00, 0x00, 0x00, 0x00, 0x00, 0x00, 0x00, 0x00, 0x10,
    0x80, 0x00, 0x06, 0xff, 0x00, 0x00, 0x00, 0x00, 0x00, 0x00, 0x00, 0x00, 0x00, 0x00, 0x00, 0x00, 0x00, 0x10,
    0x80, 0x00, 0x00, 0xff, 0xfc, 0x00, 0x00, 0x00, 0x00, 0x00, 0x00, 0x00, 0x00, 0x00, 0x00, 0x00, 0x00, 0x10,
    0x80, 0x00, 0x0f, 0xff, 0xfe, 0x00, 0x00, 0x00, 0x00, 0x00, 0x00, 0x00, 0x00, 0x00, 0x00, 0x00, 0x00, 0x10,
    0xc6, 0x00, 0x5f, 0xff, 0xdf, 0x00, 0x00, 0x00, 0x00, 0x00, 0x00, 0x00, 0x00, 0x00, 0x00, 0x00, 0x00, 0x10,
    0xef, 0x9b, 0xff, 0xff, 0xab, 0x00, 0x00, 0x00, 0x00, 0x00, 0x00, 0x00, 0x00, 0x00, 0x00, 0x00, 0x00, 0x10,
    0xff, 0xff, 0xff, 0xff, 0x55, 0x80, 0x00, 0x00, 0x00, 0x00, 0x00, 0x00, 0x00, 0x00, 0x00, 0x00, 0x00, 0x10,
    0xff, 0xff, 0xff, 0xfe, 0xbb, 0x80, 0x00, 0x00, 0x00, 0x00, 0x00, 0x00, 0x00, 0x00, 0x00, 0x00, 0x00, 0x10,
    0xdf, 0xff, 0xff, 0xff, 0x7d, 0x80, 0x00, 0x00, 0x00, 0x00, 0x00, 0x00, 0x00, 0x00, 0x00, 0x00, 0x00, 0x10,
    0x9f, 0xff, 0xff, 0xfe, 0xbb, 0x80, 0x00, 0x00, 0x00, 0x00, 0x00, 0x00, 0x00, 0x00, 0x00, 0x00, 0x00, 0x10,
    0x87, 0xff, 0xff, 0xff, 0x55, 0x80, 0x00, 0x00, 0x00, 0x00, 0x00, 0x00, 0x00, 0x00, 0x00, 0x00, 0x00, 0x10,
    0x80, 0xff, 0xff, 0xff, 0xab, 0x00, 0x00, 0x00, 0x00, 0x00, 0x00, 0x00, 0x00, 0x00, 0x00, 0x00, 0x00, 0x10,
    0x80, 0x7f, 0xff, 0xff, 0xdf, 0x00, 0x00, 0x00, 0x00, 0x00, 0x00, 0x00, 0x00, 0x00, 0x00, 0x00, 0x00, 0x10,
    0x80, 0x01, 0xf7, 0xff, 0xfe, 0x00, 0x00, 0x00, 0x00, 0x00, 0x00, 0x00, 0x00, 0x00, 0x00, 0x00, 0x00, 0x10,
    0x80, 0x00, 0x0e, 0xff, 0xfc, 0x00, 0x00, 0x00, 0x00, 0x00, 0x00, 0x00, 0x00, 0x00, 0x00, 0x00, 0x00, 0x10,
    0x80, 0x00, 0xce, 0x60, 0x00, 0x00, 0x00, 0x00, 0x00, 0x00, 0x00, 0x00, 0x00, 0x00, 0x00, 0x00, 0x00, 0x10,
    0x80, 0x0c, 0x40, 0x00, 0x00, 0x00, 0x00, 0x00, 0x00, 0x00, 0x00, 0x00, 0x00, 0x00, 0x00, 0x00, 0x00, 0x10,
    0x80, 0x00, 0x00, 0x00, 0x00, 0x00, 0x00, 0x00, 0x00, 0x00, 0x00, 0x00, 0x00, 0x00, 0x00, 0x00, 0x00, 0x10,
    0x80, 0x00, 0x00, 0x00, 0x00, 0x00, 0x00, 0x00, 0x00, 0x00, 0x00, 0x00, 0x00, 0x00, 0x00, 0x00, 0x00, 0x10,
    0x80, 0x00, 0x00, 0x00, 0x00, 0x00, 0x00, 0x00, 0x00, 0x00, 0x00, 0x00, 0x00, 0x00, 0x00, 0x00, 0x00, 0x10,
    0x80, 0x01, 0x00, 0x00, 0x00, 0x00, 0x00, 0x00, 0x00, 0x00, 0x00, 0x00, 0x00, 0x00, 0x00, 0x00, 0x00, 0x10,
    0x80, 0x00, 0x00, 0x00, 0x00, 0x00, 0x00, 0x00, 0x00, 0x00, 0x00, 0x00, 0x00, 0x00, 0x00, 0x00, 0x00, 0x10,
    0x80, 0x00, 0x00, 0x00, 0x00, 0x00, 0x00, 0x00, 0x00, 0x00, 0x00, 0x00, 0x00, 0x00, 0x00, 0x00, 0x00, 0x10,
    0x80, 0x00, 0x00, 0x00, 0x00, 0x00, 0x00, 0x00, 0x00, 0x00, 0x00, 0x00, 0x00, 0x00, 0x00, 0x80, 0x00, 0x10,
    0x80, 0x00, 0x00, 0x00, 0x00, 0x00, 0x00, 0x00, 0x00, 0x00, 0x00, 0x00, 0x00, 0x00, 0x00, 0x00, 0x00, 0x10,
    0x80, 0x00, 0x00, 0x00, 0x00, 0x00, 0x00, 0x00, 0x00, 0x00, 0x00, 0x00, 0x00, 0x00, 0x00, 0x00, 0x00, 0x10,
    0x80, 0x00, 0x00, 0x00, 0x00, 0x00, 0x00, 0x00, 0x00, 0x00, 0x00, 0x00, 0x00, 0x00, 0x00, 0x00, 0x00, 0x10,
    0x80, 0x00, 0x00, 0x00, 0x00, 0x00, 0x00, 0x00, 0x00, 0x00, 0x00, 0x00, 0x00, 0x00, 0x00, 0x00, 0x00, 0x10,
    0x80, 0x00, 0x00, 0x00, 0x00, 0x00, 0x00, 0x00, 0x00, 0x00, 0x00, 0x00, 0x00, 0x00, 0x00, 0x00, 0x00, 0x10,
    0x82, 0x00, 0x00, 0x00, 0x02, 0x00, 0x00, 0x00, 0x00, 0x00, 0x00, 0x00, 0x00, 0x00, 0x00, 0x00, 0x00, 0x10,
    0x80, 0x00, 0x00, 0x00, 0x00, 0x00, 0x00, 0x00, 0x00, 0x00, 0x00, 0x00, 0x00, 0x00, 0x00, 0x00, 0x00, 0x10,
    0x80, 0x00, 0x00, 0x00, 0x00, 0x00, 0x00, 0x00, 0x00, 0x00, 0x00, 0x00, 0x00, 0x00, 0x00, 0x00, 0x00, 0x10,
    0x80, 0x00, 0x00, 0x00, 0x00, 0x00, 0x00, 0x00, 0x00, 0x00, 0x00, 0x00, 0x00, 0x00, 0x00, 0x00, 0x00, 0x10,
    0x80, 0x00, 0x00, 0x00, 0x00, 0x00, 0x00, 0x00, 0x00, 0x00, 0x00, 0x00, 0x00, 0x00, 0x00, 0x00, 0x00, 0x10,
    0xff, 0xff, 0xff, 0xff, 0xff, 0xff, 0xff, 0xff, 0xff, 0xff, 0xff, 0xff, 0xff, 0xff, 0xff, 0xff, 0xff, 0xf0,
};

static const lv_img_dsc_t gaming4 = {
    .header.cf = LV_IMG_CF_INDEXED_1BIT,
    .header.always_zero = 0,
    .header.reserved = 0,
    .header.w = 140,
    .header.h = 68,
    .data_size = 1232,
    .data = gaming4_map,
};

static const LV_ATTRIBUTE_MEM_ALIGN LV_ATTRIBUTE_LARGE_CONST uint8_t gaming5_map[] = {
#if CONFIG_NICE_VIEW_WIDGET_INVERTED
    0xff, 0xff, 0xff, 0xff, /*Color of index 0*/
    0x00, 0x00, 0x00, 0xff, /*Color of index 1*/
#else
    0x00, 0x00, 0x00, 0xff, /*Color of index 0*/
    0xff, 0xff, 0xff, 0xff, /*Color of index 1*/
#endif
    0xff, 0xff, 0xff, 0xff, 0xff, 0xff, 0xff, 0xff, 0xff, 0xff, 0xff, 0xff, 0xff, 0xff, 0xff, 0xff, 0xff, 0xf0,
    0x80, 0x00, 0x00, 0x00, 0x00, 0x00, 0x00, 0x00, 0x00, 0x00, 0x00, 0x00, 0x00, 0x00, 0x00, 0x00, 0x00, 0x10,
    0x80, 0x00, 0x00, 0x00, 0x00, 0x00, 0x00, 0x00, 0x00, 0x00, 0x00, 0x00, 0x00, 0x00, 0x00, 0x00, 0x00, 0x10,
    0x80, 0x00, 0x00, 0x00, 0x00, 0x00, 0x00, 0x00, 0x00, 0x00, 0x00, 0x00, 0x00, 0x00, 0x00, 0x00, 0x00, 0x10,
    0x80, 0x00, 0x04, 0x00, 0x00, 0x00, 0x00, 0x00, 0x00, 0x00, 0x00, 0x00, 0x00, 0x00, 0x00, 0x00, 0x00, 0x10,
    0x80, 0x00, 0x00, 0x00, 0x00, 0x00, 0x00, 0x00, 0x00, 0x00, 0x00, 0x00, 0x00, 0x00, 0x00, 0x00, 0x00, 0x10,
    0x80, 0x00, 0x00, 0x00, 0x00, 0x00, 0x00, 0x00, 0x00, 0x00, 0x00, 0x00, 0x00, 0x00, 0x00, 0x00, 0x00, 0x10,
    0x80, 0x00, 0x00, 0x00, 0x00, 0x00, 0x00, 0x00, 0x00, 0x00, 0x00, 0x00, 0x00, 0x00, 0x00, 0x00, 0x00, 0x10,
    0x80, 0x00, 0x00, 0x00, 0x00, 0x00, 0x00, 0x00, 0x00, 0x00, 0x00, 0x00, 0x00, 0x00, 0x00, 0x00, 0x00, 0x10,
    0x80, 0x00, 0x00, 0x00, 0x00, 0x00, 0x00, 0x00, 0x00, 0x00, 0x00, 0x00, 0x00, 0x00, 0x00, 0x00, 0x00, 0x10,
    0x80, 0x00, 0x00, 0x00, 0x00, 0x00, 0x00, 0x00, 0x00, 0x00, 0x00, 0x00, 0x00, 0x00, 0x00, 0x00, 0x00, 0x10,
    0x80, 0x00, 0x00, 0x00, 0x00, 0x00, 0x00, 0x00, 0x00, 0x00, 0x00, 0x00, 0x00, 0x00, 0x00, 0x00, 0x00, 0x10,
    0x80, 0x00, 0x00, 0x00, 0x00, 0x00, 0x00, 0x00, 0x00, 0x00, 0x00, 0x00, 0x00, 0x00, 0x00, 0x00, 0x00, 0x10,
    0x80, 0x00, 0x00, 0x00, 0x00, 0x00, 0x00, 0x00, 0x00, 0x00, 0x00, 0x00, 0x00, 0x20, 0x00, 0x00, 0x00, 0x10,
    0x80, 0x00, 0x00, 0x00, 0x00, 0x00, 0x00, 0x00, 0x00, 0x00, 0x00, 0x00, 0x00, 0x00, 0x00, 0x00, 0x00, 0x10,
    0x80, 0x00, 0x00, 0x00, 0x00, 0x00, 0x00, 0x00, 0x00, 0x00, 0x00, 0x00, 0x00, 0x00, 0x00, 0x00, 0x00, 0x10,
    0x80, 0x00, 0x00, 0x00, 0x00, 0x10, 0x00, 0x00, 0x00, 0x00, 0x00, 0x00, 0x00, 0x00, 0x00, 0x00, 0x00, 0x10,
    0x80, 0x00, 0x00, 0x00, 0x00, 0x00, 0x00, 0x00, 0x00, 0x00, 0x00, 0x00, 0x00, 0x00, 0x00, 0x00, 0x00, 0x10,
    0x80, 0x00, 0x00, 0x00, 0x00, 0x00, 0x00, 0x00, 0x00, 0x00, 0x00, 0x00, 0x00, 0x00, 0x00, 0x00, 0x00, 0x10,
    0x80, 0x00, 0x00, 0x00, 0x00, 0x00, 0x00, 0x00, 0x00, 0x00, 0x00, 0x00, 0x00, 0x00, 0x00, 0x00, 0x00, 0x10,
    0x80, 0x00, 0x00, 0x00, 0x00, 0x00, 0x00, 0x00, 0x00, 0x00, 0x00, 0x00, 0x00, 0x00, 0x00, 0x00, 0x00, 0x10,
    0x80, 0x00, 0x00, 0x00, 0x00, 0x00, 0x00, 0x00, 0x00, 0x00, 0x00, 0x00, 0x00, 0x00, 0x00, 0x00, 0x00, 0x10,
    0x80, 0x00, 0x00, 0x00, 0x00, 0x00, 0x00, 0x00, 0x00, 0x00, 0x00, 0x00, 0x00, 0x00, 0x00, 0x00, 0x00, 0x10,
    0x80, 0x00, 0x00, 0x00, 0x00, 0x00, 0x00, 0x00, 0x00, 0x00, 0x00, 0x00, 0x00, 0x00, 0x00, 0x00, 0x00, 0x10,
    0x80, 0x00, 0x00, 0x00, 0x00, 0x00, 0x00, 0x00, 0x00, 0x00, 0x00, 0x00, 0x00, 0x00, 0x00, 0x00, 0x00, 0x10,
    0x80, 0x00, 0x00, 0x00, 0x00, 0x00, 0x00, 0x00, 0x00, 0x00, 0x00, 0x00, 0x00, 0x00, 0x00, 0x00, 0x00, 0x10,
    0x80, 0x00, 0x00, 0x00, 0x00, 0x00, 0x00, 0x00, 0x00, 0x00, 0x00, 0x00, 0x00, 0x00, 0x00, 0x00, 0x00, 0x10,
    0x80, 0x00, 0x00, 0x00, 0x00, 0x00, 0x00, 0x00, 0x00, 0x00, 0x00, 0x00, 0x00, 0x00, 0x00, 0x00, 0x00, 0x10,
    0x80, 0x00, 0x00, 0x00, 0x00, 0x00, 0x00, 0x00, 0x00, 0x00, 0x00, 0x00, 0x00, 0x00, 0x01, 0x00, 0x00, 0x10,
    0x80, 0x00, 0x44, 0x00, 0x00, 0x00, 0x00, 0x00, 0x00, 0x00, 0x00, 0x00, 0x00, 0x00, 0x00, 0x00, 0x00, 0x10,
    0x80, 0x00, 0x06, 0x20, 0x00, 0x00, 0x00, 0x00, 0x00, 0x00, 0x00, 0x00, 0x00, 0x00, 0x00, 0x00, 0x00, 0x10,
    0x80, 0x00, 0x00, 0x33, 0x98, 0x00, 0x00, 0x00, 0x00, 0x00, 0x00, 0x00, 0x00, 0x00, 0x00, 0x00, 0x00, 0x10,
    0x80, 0x00, 0x00, 0x03, 0xbd, 0xc0, 0x00, 0x00, 0x00, 0x00, 0x00, 0x00, 0x00, 0x00, 0x02, 0x00, 0x00, 0x50,
    0x80, 0x00, 0x00, 0x03, 0x3f, 0xff, 0x00, 0x00, 0x00, 0x00, 0x00, 0x00, 0x00, 0x00, 0x00, 0x00, 0x00, 0x10,
    0x80, 0x00, 0x00, 0x00, 0x3f, 0xff, 0xc0, 0x00, 0x00, 0x00, 0x00, 0x00, 0x00, 0x00, 0x00, 0x00, 0x00, 0x10,
    0x80, 0x02, 0x00, 0x03, 0xff, 0xff, 0xe0, 0x00, 0x00, 0x00, 0x00, 0x00, 0x00, 0x00, 0x00, 0x00, 0x00, 0x10,
    0x80, 0x0f, 0xbe, 0x77, 0xff, 0xfa, 0xf0, 0x00, 0x00, 0x00, 0x00, 0x00, 0x00, 0x00, 0x00, 0x00, 0x00, 0x10,
    0x80, 0x9f, 0xff, 0xff, 0xff, 0xf5, 0x70, 0x00, 0x00, 0x00, 0x00, 0x00, 0x00, 0x00, 0x00, 0x00, 0x00, 0x10,
    0x83, 0xdf, 0xff, 0xff, 0xff, 0xea, 0xb0, 0x00, 0x00, 0x00, 0x00, 0x00, 0x00, 0x00, 0x00, 0x00, 0x00, 0x10,
    0x83, 0xff, 0xff, 0xff, 0xff, 0xdf, 0x58, 0x00, 0x00, 0x00, 0x00, 0x00, 0x00, 0x00, 0x00, 0x00, 0x00, 0x10,
    0x87, 0xff, 0xff, 0xff, 0xff, 0xaf, 0xb8, 0x00, 0x00, 0x00, 0x00, 0x00, 0x00, 0x00, 0x00, 0x00, 0x00, 0x10,
    0xf3, 0xef, 0xff, 0xff, 0xff, 0xdf, 0x58, 0x00, 0x00, 0x00, 0x00, 0x00, 0x00, 0x00, 0x00, 0x00, 0x00, 0x10,
    0xf1, 0xc2, 0x7f, 0xff, 0xff, 0xea, 0xb0, 0x00, 0x00, 0x00, 0x00, 0x00, 0x00, 0x00, 0x00, 0x00, 0x00, 0x10,
    0xf0, 0x00, 0x7f, 0xff, 0xff, 0xf5, 0x70, 0x00, 0x00, 0x00, 0x00, 0x00, 0x00, 0x00, 0x00, 0x00, 0x00, 0x10,
    0xa0, 0x00, 0x1f, 0xff, 0xff, 0xfa, 0xf0, 0x00, 0x00, 0x00, 0x00, 0x00, 0x00, 0x00, 0x00, 0x00, 0x00, 0x10,
    0x80, 0x00, 0x01, 0xff, 0xff, 0xff, 0xe0, 0x00, 0x00, 0x00, 0x00, 0x00, 0x00, 0x00, 0x00, 0x00, 0x00, 0x10,
    0x80, 0x00, 0x00, 0x73, 0xff, 0xff, 0xc0, 0x00, 0x00, 0x00, 0x00, 0x00, 0x00, 0x00, 0x00, 0x00, 0x00, 0x10,
    0x80, 0x00, 0x06, 0x33, 0x00, 0x3f, 0x00, 0x00, 0x00, 0x00, 0x00, 0x00, 0x00, 0x00, 0x00, 0x00, 0x00, 0x10,
    0x80, 0x00, 0x06, 0x00, 0x00, 0x00, 0x00, 0x00, 0x00, 0x00, 0x00, 0x00, 0x00, 0x00, 0x00, 0x00, 0x00, 0x10,
    0x80, 0x00, 0x00, 0x00, 0x00, 0x00, 0x00, 0x00, 0x00, 0x00, 0x00, 0x00, 0x00, 0x00, 0x00, 0x00, 0x00, 0x10,
    0x80, 0x00, 0x00, 0x00, 0x00, 0x00, 0x00, 0x00, 0x00, 0x00, 0x00, 0x00, 0x00, 0x00, 0x00, 0x00, 0x00, 0x10,
    0x80, 0x00, 0x00, 0x00, 0x00, 0x00, 0x00, 0x00, 0x00, 0x00, 0x00, 0x00, 0x00, 0x00, 0x00, 0x00, 0x00, 0x10,
    0x80, 0x00, 0x00, 0x04, 0x00, 0x00, 0x00, 0x00, 0x00, 0x00, 0x00, 0x00, 0x00, 0x00, 0x00, 0x00, 0x00, 0x10,
    0x80, 0x00, 0x00, 0x00, 0x00, 0x00, 0x00, 0x00, 0x00, 0x00, 0x00, 0x00, 0x00, 0x00, 0x00, 0x00, 0x00, 0x10,
    0x80, 0x00, 0x00, 0x00, 0x00, 0x00, 0x00, 0x00, 0x00, 0x00, 0x00, 0x00, 0x00, 0x00, 0x00, 0x00, 0x00, 0x10,
    0x80, 0x00, 0x00, 0x00, 0x00, 0x00, 0x00, 0x00, 0x00, 0x00, 0x00, 0x00, 0x00, 0x00, 0x00, 0x00, 0x00, 0x10,
    0x80, 0x00, 0x00, 0x00, 0x00, 0x00, 0x00, 0x00, 0x00, 0x00, 0x00, 0x00, 0x00, 0x00, 0x00, 0x80, 0x00, 0x10,
    0x80, 0x00, 0x00, 0x00, 0x00, 0x00, 0x00, 0x00, 0x00, 0x00, 0x00, 0x00, 0x00, 0x00, 0x00, 0x00, 0x00, 0x10,
    0x80, 0x00, 0x00, 0x00, 0x00, 0x00, 0x00, 0x00, 0x00, 0x00, 0x00, 0x00, 0x00, 0x00, 0x00, 0x00, 0x00, 0x10,
    0x80, 0x00, 0x00, 0x00, 0x00, 0x00, 0x00, 0x00, 0x00, 0x00, 0x00, 0x00, 0x00, 0x00, 0x00, 0x00, 0x00, 0x10,
    0x80, 0x00, 0x00, 0x00, 0x00, 0x00, 0x00, 0x00, 0x00, 0x00, 0x00, 0x00, 0x00, 0x00, 0x00, 0x00, 0x00, 0x10,
    0x80, 0x00, 0x00, 0x00, 0x00, 0x00, 0x00, 0x00, 0x00, 0x00, 0x00, 0x00, 0x00, 0x00, 0x00, 0x00, 0x00, 0x10,
    0x82, 0x00, 0x00, 0x00, 0x02, 0x00, 0x00, 0x00, 0x00, 0x00, 0x00, 0x00, 0x00, 0x00, 0x00, 0x00, 0x00, 0x10,
    0x80, 0x00, 0x00, 0x00, 0x00, 0x00, 0x00, 0x00, 0x00, 0x00, 0x00, 0x00, 0x00, 0x00, 0x00, 0x00, 0x00, 0x10,
    0x80, 0x00, 0x00, 0x00, 0x00, 0x00, 0x00, 0x00, 0x00, 0x00, 0x00, 0x00, 0x00, 0x00, 0x00, 0x00, 0x00, 0x10,
    0x80, 0x00, 0x00, 0x00, 0x00, 0x00, 0x00, 0x00, 0x00, 0x00, 0x00, 0x00, 0x00, 0x00, 0x00, 0x00, 0x00, 0x10,
    0x80, 0x00, 0x00, 0x00, 0x00, 0x00, 0x00, 0x00, 0x00, 0x00, 0x00, 0x00, 0x00, 0x00, 0x00, 0x00, 0x00, 0x10,
    0xff, 0xff, 0xff, 0xff, 0xff, 0xff, 0xff, 0xff, 0xff, 0xff, 0xff, 0xff, 0xff, 0xff, 0xff, 0xff, 0xff, 0xf0,
};

static const lv_img_dsc_t gaming5 = {
    .header.cf = LV_IMG_CF_INDEXED_1BIT,
    .header.always_zero = 0,
    .header.reserved = 0,
    .header.w = 140,
    .header.h = 68,
    .data_size = 1232,
    .data = gaming5_map,
};

static const LV_ATTRIBUTE_MEM_ALIGN LV_ATTRIBUTE_LARGE_CONST uint8_t gaming6_map[] = {
#if CONFIG_NICE_VIEW_WIDGET_INVERTED
    0xff, 0xff, 0xff, 0xff, /*Color of index 0*/
    0x00, 0x00, 0x00, 0xff, /*Color of index 1*/
#else
    0x00, 0x00, 0x00, 0xff, /*Color of index 0*/
    0xff, 0xff, 0xff, 0xff, /*Color of index 1*/
#endif
    0xff, 0xff, 0xff, 0xff, 0xff, 0xff, 0xff, 0xff, 0xff, 0xff, 0xff, 0xff, 0xff, 0xff, 0xff, 0xff, 0xff, 0xf0,
    0x80, 0x00, 0x00, 0x00, 0x00, 0x00, 0x00, 0x00, 0x00, 0x00, 0x00, 0x00, 0x00, 0x00, 0x00, 0x00, 0x00, 0x10,
    0x80, 0x00, 0x00, 0x00, 0x00, 0x00, 0x00, 0x00, 0x00, 0x00, 0x00, 0x00, 0x00, 0x00, 0x00, 0x00, 0x00, 0x10,
    0x80, 0x00, 0x00, 0x00, 0x00, 0x00, 0x00, 0x00, 0x00, 0x00, 0x00, 0x00, 0x00, 0x00, 0x00, 0x00, 0x00, 0x10,
    0x80, 0x00, 0x04, 0x00, 0x00, 0x00, 0x00, 0x00, 0x00, 0x00, 0x00, 0x00, 0x00, 0x00, 0x00, 0x00, 0x00, 0x10,
    0x80, 0x00, 0x00, 0x00, 0x00, 0x00, 0x00, 0x00, 0x00, 0x00, 0x00, 0x00, 0x00, 0x00, 0x00, 0x00, 0x00, 0x10,
    0x80, 0x00, 0x00, 0x00, 0x00, 0x00, 0x00, 0x00, 0x00, 0x00, 0x00, 0x00, 0x00, 0x00, 0x00, 0x00, 0x00, 0x10,
    0x80, 0x00, 0x00, 0x00, 0x00, 0x00, 0x00, 0x00, 0x00, 0x00, 0x00, 0x00, 0x00, 0x00, 0x00, 0x00, 0x00, 0x10,
    0x80, 0x00, 0x00, 0x00, 0x00, 0x00, 0x00, 0x00, 0x00, 0x00, 0x00, 0x00, 0x00, 0x00, 0x00, 0x00, 0x00, 0x10,
    0x80, 0x00, 0x00, 0x00, 0x00, 0x00, 0x00, 0x00, 0x00, 0x00, 0x00, 0x00, 0x00, 0x00, 0x00, 0x00, 0x00, 0x10,
    0x80, 0x00, 0x00, 0x00, 0x00, 0x00, 0x00, 0x00, 0x00, 0x00, 0x00, 0x00, 0x00, 0x00, 0x00, 0x00, 0x00, 0x10,
    0x80, 0x00, 0x00, 0x00, 0x00, 0x00, 0x00, 0x00, 0x00, 0x00, 0x00, 0x00, 0x00, 0x00, 0x00, 0x00, 0x00, 0x10,
    0x80, 0x00, 0x00, 0x00, 0x00, 0x00, 0x00, 0x00, 0x00, 0x00, 0x00, 0x00, 0x00, 0x00, 0x00, 0x00, 0x00, 0x10,
    0x80, 0x00, 0x00, 0x00, 0x00, 0x00, 0x00, 0x00, 0x00, 0x00, 0x00, 0x00, 0x00, 0x20, 0x00, 0x00, 0x00, 0x10,
    0x80, 0x00, 0x00, 0x00, 0x00, 0x00, 0x00, 0x00, 0x00, 0x00, 0x00, 0x00, 0x00, 0x00, 0x00, 0x00, 0x00, 0x10,
    0x80, 0x00, 0x00, 0x00, 0x00, 0x00, 0x00, 0x00, 0x00, 0x00, 0x00, 0x00, 0x00, 0x00, 0x00, 0x00, 0x00, 0x10,
    0x80, 0x00, 0x00, 0x00, 0x00, 0x10, 0x00, 0x00, 0x00, 0x00, 0x00, 0x00, 0x00, 0x00, 0x00, 0x00, 0x00, 0x10,
    0x80, 0x00, 0x00, 0x00, 0x00, 0x00, 0x00, 0x00, 0x00, 0x00, 0x00, 0x00, 0x00, 0x00, 0x00, 0x00, 0x00, 0x10,
    0x80, 0x00, 0x00, 0x00, 0x00, 0x00, 0x00, 0x00, 0x00, 0x00, 0x00, 0x00, 0x00, 0x00, 0x00, 0x00, 0x00, 0x10,
    0x80, 0x00, 0x00, 0x00, 0x00, 0x00, 0x00, 0x00, 0x00, 0x00, 0x00, 0x00, 0x00, 0x00, 0x00, 0x00, 0x00, 0x10,
    0x80, 0x00, 0x00, 0x00, 0x00, 0x00, 0x00, 0x00, 0x00, 0x00, 0x00, 0x00, 0x00, 0x00, 0x00, 0x00, 0x00, 0x10,
    0x80, 0x00, 0x00, 0x00, 0x00, 0x00, 0x00, 0x00, 0x00, 0x00, 0x00, 0x00, 0x00, 0x00, 0x00, 0x00, 0x00, 0x10,
    0x80, 0x00, 0x00, 0x00, 0x00, 0x00, 0x00, 0x00, 0x00, 0x00, 0x00, 0x00, 0x00, 0x00, 0x00, 0x00, 0x00, 0x10,
    0x80, 0x00, 0x00, 0x02, 0x00, 0x00, 0x00, 0x00, 0x00, 0x00, 0x00, 0x00, 0x00, 0x00, 0x00, 0x00, 0x00, 0x10,
    0x80, 0x00, 0x00, 0x00, 0x00, 0x00, 0x00, 0x00, 0x00, 0x00, 0x00, 0x00, 0x00, 0x00, 0x00, 0x00, 0x00, 0x10,
    0x80, 0x00, 0x00, 0x00, 0x00, 0x00, 0x00, 0x00, 0x00, 0x00, 0x00, 0x00, 0x00, 0x00, 0x00, 0x00, 0x00, 0x10,
    0x80, 0x00, 0x00, 0x01, 0x00, 0x00, 0x00, 0x00, 0x00, 0x00, 0x00, 0x00, 0x00, 0x00, 0x00, 0x00, 0x00, 0x10,
    0x80, 0x00, 0x00, 0x00, 0x10, 0x00, 0x00, 0x00, 0x00, 0x00, 0x00, 0x00, 0x00, 0x00, 0x00, 0x00, 0x00, 0x10,
    0x80, 0x00, 0x00, 0x03, 0x18, 0x00, 0x00, 0x00, 0x00, 0x00, 0x00, 0x00, 0x00, 0x00, 0x01, 0x00, 0x00, 0x10,
    0x80, 0x00, 0x00, 0x00, 0x18, 0xc6, 0x30, 0x00, 0x00, 0x00, 0x00, 0x00, 0x00, 0x00, 0x00, 0x00, 0x00, 0x10,
    0x80, 0x00, 0x00, 0x00, 0x01, 0xef, 0x7f, 0xf0, 0x00, 0x00, 0x00, 0x00, 0x00, 0x00, 0x00, 0x00, 0x00, 0x10,
    0x80, 0x00, 0x00, 0x00, 0x00, 0xcf, 0xff, 0xf8, 0x00, 0x02, 0x00, 0x00, 0x00, 0x00, 0x00, 0x00, 0x00, 0x10,
    0x80, 0x00, 0x00, 0x1e, 0x00, 0xff, 0xff, 0xfc, 0x00, 0x00, 0x00, 0x00, 0x00, 0x00, 0x02, 0x00, 0x00, 0x50,
    0x80, 0x00, 0x07, 0x3f, 0xff, 0xff, 0xff, 0x5e, 0x00, 0x00, 0x00, 0x00, 0x00, 0x00, 0x00, 0x00, 0x00, 0x10,
    0x80, 0x00, 0x0f, 0xff, 0xff, 0xff, 0xfa, 0xaf, 0x00, 0x00, 0x00, 0x00, 0x00, 0x00, 0x00, 0x00, 0x00, 0x10,
    0x80, 0x00, 0x1f, 0xff, 0xff, 0xff, 0xfd, 0x57, 0x00, 0x00, 0x00, 0x00, 0x00, 0x00, 0x00, 0x00, 0x00, 0x10,
    0x80, 0x01, 0x9f, 0xff, 0xff, 0xff, 0xfb, 0xeb, 0x00, 0x00, 0x00, 0x00, 0x00, 0x00, 0x00, 0x00, 0x00, 0x10,
    0x80, 0x03, 0xdf, 0xff, 0xff, 0xff, 0xf5, 0xf7, 0x00, 0x00, 0x00, 0x00, 0x00, 0x00, 0x00, 0x00, 0x00, 0x10,
    0x80, 0xe7, 0xff, 0xff, 0xff, 0xff, 0xfb, 0xeb, 0x00, 0x00, 0x00, 0x00, 0x00, 0x00, 0x00, 0x00, 0x00, 0x10,
    0x81, 0xe7, 0xff, 0xff, 0xff, 0xff, 0xf5, 0xd7, 0x00, 0x00, 0x00, 0x00, 0x00, 0x00, 0x00, 0x00, 0x00, 0x10,
    0x81, 0xe7, 0xe7, 0xbf, 0xff, 0xff, 0xfa, 0xaf, 0x00, 0x00, 0x00, 0x00, 0x00, 0x00, 0x00, 0x00, 0x00, 0x10,
    0x80, 0xc3, 0xc0, 0x0d, 0xff, 0xff, 0xfd, 0x57, 0x00, 0x00, 0x00, 0x00, 0x00, 0x00, 0x00, 0x00, 0x00, 0x10,
    0x80, 0x00, 0x00, 0x10, 0xff, 0xff, 0xfe, 0xbe, 0x00, 0x00, 0x00, 0x00, 0x00, 0x00, 0x00, 0x00, 0x00, 0x10,
    0x80, 0x00, 0x00, 0x00, 0x3f, 0xff, 0xff, 0xfc, 0x00, 0x00, 0x00, 0x00, 0x00, 0x00, 0x00, 0x00, 0x00, 0x10,
    0x80, 0x00, 0x00, 0x00, 0x19, 0xff, 0xff, 0xf8, 0x00, 0x00, 0x00, 0x00, 0x00, 0x00, 0x00, 0x00, 0x00, 0x10,
    0x80, 0x00, 0x00, 0x03, 0x18, 0x00, 0x0f, 0xf0, 0x00, 0x00, 0x00, 0x00, 0x00, 0x00, 0x00, 0x00, 0x00, 0x10,
    0x80, 0x00, 0x00, 0x00, 0x00, 0x00, 0x00, 0x00, 0x00, 0x00, 0x00, 0x00, 0x00, 0x00, 0x00, 0x00, 0x00, 0x10,
    0x80, 0x00, 0x00, 0x00, 0x00, 0x00, 0x00, 0x00, 0x00, 0x00, 0x00, 0x00, 0x00, 0x00, 0x00, 0x00, 0x00, 0x10,
    0x80, 0x00, 0x00, 0x00, 0x00, 0x00, 0x00, 0x00, 0x00, 0x00, 0x00, 0x00, 0x00, 0x00, 0x00, 0x00, 0x00, 0x10,
    0x80, 0x00, 0x00, 0x00, 0x00, 0x10, 0x00, 0x00, 0x00, 0x00, 0x00, 0x00, 0x00, 0x00, 0x00, 0x00, 0x00, 0x10,
    0x80, 0x00, 0x00, 0x00, 0x00, 0x00, 0x00, 0x00, 0x00, 0x00, 0x00, 0x00, 0x00, 0x00, 0x00, 0x00, 0x00, 0x10,
    0x80, 0x00, 0x00, 0x00, 0x00, 0x00, 0x00, 0x00, 0x00, 0x00, 0x00, 0x00, 0x00, 0x00, 0x00, 0x00, 0x00, 0x10,
    0x80, 0x00, 0x00, 0x00, 0x00, 0x00, 0x00, 0x00, 0x00, 0x00, 0x00, 0x00, 0x00, 0x00, 0x00, 0x00, 0x00, 0x10,
    0x80, 0x00, 0x00, 0x00, 0x00, 0x00, 0x00, 0x00, 0x00, 0x00, 0x00, 0x00, 0x00, 0x00, 0x00, 0x00, 0x00, 0x10,
    0x80, 0x00, 0x00, 0x00, 0x00, 0x00, 0x00, 0x00, 0x00, 0x00, 0x00, 0x00, 0x00, 0x00, 0x00, 0x00, 0x00, 0x10,
    0x80, 0x00, 0x00, 0x00, 0x00, 0x00, 0x00, 0x00, 0x00, 0x00, 0x00, 0x00, 0x00, 0x00, 0x00, 0x00, 0x00, 0x10,
    0x80, 0x00, 0x00, 0x00, 0x00, 0x00, 0x00, 0x00, 0x00, 0x00, 0x00, 0x00, 0x00, 0x00, 0x00, 0x80, 0x00, 0x10,
    0x80, 0x00, 0x00, 0x00, 0x00, 0x00, 0x00, 0x00, 0x00, 0x00, 0x00, 0x00, 0x00, 0x00, 0x00, 0x00, 0x00, 0x10,
    0x80, 0x00, 0x00, 0x00, 0x00, 0x00, 0x00, 0x00, 0x00, 0x00, 0x00, 0x00, 0x00, 0x00, 0x00, 0x00, 0x00, 0x10,
    0x80, 0x00, 0x00, 0x00, 0x00, 0x00, 0x00, 0x00, 0x00, 0x00, 0x00, 0x00, 0x00, 0x00, 0x00, 0x00, 0x00, 0x10,
    0x80, 0x00, 0x00, 0x00, 0x00, 0x00, 0x00, 0x00, 0x00, 0x00, 0x00, 0x00, 0x00, 0x00, 0x00, 0x00, 0x00, 0x10,
    0x80, 0x00, 0x00, 0x00, 0x00, 0x00, 0x00, 0x00, 0x00, 0x00, 0x00, 0x00, 0x00, 0x00, 0x00, 0x00, 0x00, 0x10,
    0x82, 0x00, 0x00, 0x00, 0x00, 0x00, 0x00, 0x00, 0x00, 0x00, 0x00, 0x00, 0x00, 0x00, 0x00, 0x00, 0x00, 0x10,
    0x80, 0x00, 0x00, 0x00, 0x00, 0x00, 0x00, 0x00, 0x00, 0x00, 0x00, 0x00, 0x00, 0x00, 0x00, 0x00, 0x00, 0x10,
    0x80, 0x00, 0x00, 0x00, 0x00, 0x00, 0x00, 0x00, 0x00, 0x00, 0x00, 0x00, 0x00, 0x00, 0x00, 0x00, 0x00, 0x10,
    0x80, 0x00, 0x00, 0x00, 0x00, 0x00, 0x00, 0x00, 0x00, 0x00, 0x00, 0x00, 0x00, 0x00, 0x00, 0x00, 0x00, 0x10,
    0x80, 0x00, 0x00, 0x00, 0x00, 0x00, 0x00, 0x00, 0x00, 0x00, 0x00, 0x00, 0x00, 0x00, 0x00, 0x00, 0x00, 0x10,
    0xff, 0xff, 0xff, 0xff, 0xff, 0xff, 0xff, 0xff, 0xff, 0xff, 0xff, 0xff, 0xff, 0xff, 0xff, 0xff, 0xff, 0xf0,
};

static const lv_img_dsc_t gaming6 = {
    .header.cf = LV_IMG_CF_INDEXED_1BIT,
    .header.always_zero = 0,
    .header.reserved = 0,
    .header.w = 140,
    .header.h = 68,
    .data_size = 1232,
    .data = gaming6_map,
};

static const LV_ATTRIBUTE_MEM_ALIGN LV_ATTRIBUTE_LARGE_CONST uint8_t gaming7_map[] = {
#if CONFIG_NICE_VIEW_WIDGET_INVERTED
    0xff, 0xff, 0xff, 0xff, /*Color of index 0*/
    0x00, 0x00, 0x00, 0xff, /*Color of index 1*/
#else
    0x00, 0x00, 0x00, 0xff, /*Color of index 0*/
    0xff, 0xff, 0xff, 0xff, /*Color of index 1*/
#endif
    0xff, 0xff, 0xff, 0xff, 0xff, 0xff, 0xff, 0xff, 0xff, 0xff, 0xff, 0xff, 0xff, 0xff, 0xff, 0xff, 0xff, 0xf0,
    0x80, 0x00, 0x00, 0x00, 0x00, 0x00, 0x00, 0x00, 0x00, 0x00, 0x00, 0x00, 0x00, 0x00, 0x00, 0x00, 0x00, 0x10,
    0x80, 0x00, 0x00, 0x00, 0x00, 0x00, 0x00, 0x00, 0x00, 0x00, 0x00, 0x00, 0x00, 0x00, 0x00, 0x00, 0x00, 0x10,
    0x80, 0x00, 0x00, 0x00, 0x00, 0x00, 0x00, 0x00, 0x00, 0x00, 0x00, 0x00, 0x00, 0x00, 0x00, 0x00, 0x00, 0x10,
    0x80, 0x00, 0x00, 0x00, 0x00, 0x00, 0x00, 0x00, 0x00, 0x00, 0x00, 0x00, 0x00, 0x00, 0x00, 0x00, 0x00, 0x10,
    0x80, 0x00, 0x00, 0x00, 0x00, 0x00, 0x00, 0x00, 0x00, 0x00, 0x00, 0x00, 0x00, 0x00, 0x00, 0x00, 0x00, 0x10,
    0x80, 0x00, 0x00, 0x00, 0x00, 0x00, 0x00, 0x00, 0x00, 0x00, 0x00, 0x00, 0x00, 0x00, 0x00, 0x00, 0x00, 0x10,
    0x80, 0x00, 0x00, 0x00, 0x00, 0x00, 0x00, 0x00, 0x00, 0x00, 0x00, 0x00, 0x00, 0x00, 0x00, 0x00, 0x00, 0x10,
    0x80, 0x00, 0x00, 0x00, 0x00, 0x00, 0x00, 0x00, 0x00, 0x00, 0x00, 0x00, 0x00, 0x00, 0x00, 0x00, 0x00, 0x10,
    0x80, 0x00, 0x00, 0x00, 0x00, 0x00, 0x00, 0x00, 0x00, 0x00, 0x00, 0x00, 0x00, 0x00, 0x00, 0x00, 0x00, 0x10,
    0x80, 0x00, 0x00, 0x00, 0x00, 0x00, 0x00, 0x00, 0x00, 0x00, 0x00, 0x00, 0x00, 0x00, 0x00, 0x00, 0x00, 0x10,
    0x80, 0x00, 0x00, 0x00, 0x00, 0x00, 0x00, 0x00, 0x00, 0x00, 0x00, 0x00, 0x00, 0x00, 0x00, 0x00, 0x00, 0x10,
    0x80, 0x00, 0x00, 0x00, 0x00, 0x00, 0x00, 0x00, 0x00, 0x00, 0x00, 0x00, 0x00, 0x00, 0x00, 0x00, 0x00, 0x10,
    0x80, 0x00, 0x00, 0x00, 0x00, 0x00, 0x00, 0x00, 0x00, 0x00, 0x00, 0x00, 0x00, 0x20, 0x00, 0x00, 0x00, 0x10,
    0x80, 0x00, 0x00, 0x00, 0x00, 0x00, 0x00, 0x00, 0x00, 0x00, 0x00, 0x00, 0x00, 0x00, 0x00, 0x00, 0x00, 0x10,
    0x80, 0x00, 0x00, 0x00, 0x00, 0x00, 0x00, 0x00, 0x00, 0x00, 0x00, 0x00, 0x00, 0x00, 0x00, 0x00, 0x00, 0x10,
    0x80, 0x00, 0x00, 0x00, 0x00, 0x10, 0x00, 0x00, 0x00, 0x00, 0x00, 0x00, 0x00, 0x00, 0x00, 0x00, 0x00, 0x10,
    0x80, 0x00, 0x00, 0x00, 0x00, 0x00, 0x00, 0x00, 0x00, 0x00, 0x00, 0x00, 0x00, 0x00, 0x00, 0x00, 0x00, 0x10,
    0x80, 0x00, 0x00, 0x00, 0x00, 0x00, 0x00, 0x00, 0x00, 0x00, 0x00, 0x00, 0x00, 0x00, 0x00, 0x00, 0x00, 0x10,
    0x80, 0x00, 0x00, 0x00, 0x00, 0x00, 0x00, 0x00, 0x00, 0x00, 0x00, 0x00, 0x00, 0x00, 0x00, 0x00, 0x00, 0x10,
    0x80, 0x00, 0x00, 0x00, 0x00, 0x00, 0x00, 0x00, 0x00, 0x00, 0x00, 0x00, 0x00, 0x00, 0x00, 0x00, 0x00, 0x10,
    0x80, 0x00, 0x00, 0x00, 0x00, 0x00, 0x00, 0x00, 0x00, 0x00, 0x00, 0x00, 0x00, 0x00, 0x00, 0x00, 0x00, 0x10,
    0x80, 0x00, 0x00, 0x00, 0x00, 0x04, 0x00, 0x00, 0x00, 0x00, 0x00, 0x00, 0x00, 0x00, 0x00, 0x00, 0x00, 0x10,
    0x80, 0x00, 0x00, 0x02, 0x00, 0x00, 0x00, 0x00, 0x00, 0x00, 0x00, 0x00, 0x00, 0x00, 0x00, 0x00, 0x00, 0x10,
    0x80, 0x00, 0x00, 0x00, 0x00, 0x00, 0x00, 0x00, 0x00, 0x00, 0x00, 0x00, 0x00, 0x00, 0x00, 0x00, 0x00, 0x10,
    0x80, 0x00, 0x00, 0x00, 0x01, 0x80, 0x40, 0x00, 0x00, 0x00, 0x00, 0x00, 0x00, 0x00, 0x00, 0x00, 0x00, 0x10,
    0x80, 0x00, 0x00, 0x00, 0x01, 0x0c, 0x71, 0x85, 0xfe, 0x00, 0x00, 0x00, 0x00, 0x00, 0x00, 0x00, 0x00, 0x10,
    0x80, 0x00, 0x00, 0x00, 0x00, 0x0c, 0x73, 0xff, 0xff, 0x00, 0x00, 0x00, 0x00, 0x00, 0x00, 0x00, 0x00, 0x10,
    0x80, 0x00, 0x00, 0x00, 0x06, 0x3f, 0x7f, 0xff, 0xff, 0xc0, 0x00, 0x00, 0x00, 0x00, 0x01, 0x00, 0x00, 0x10,
    0x80, 0x00, 0x00, 0x00, 0x1f, 0xff, 0xff, 0xff, 0xd7, 0xc0, 0x00, 0x00, 0x00, 0x00, 0x00, 0x00, 0x00, 0x10,
    0x80, 0x00, 0x00, 0x00, 0x3f, 0xff, 0xff, 0xff, 0xab, 0xe0, 0x00, 0x00, 0x00, 0x00, 0x00, 0x00, 0x00, 0x10,
    0x80, 0x00, 0x00, 0x07, 0xff, 0xff, 0xff, 0xff, 0x55, 0xe2, 0x00, 0x00, 0x00, 0x00, 0x00, 0x00, 0x00, 0x10,
    0x80, 0x01, 0xc0, 0x0f, 0xff, 0xff, 0xff, 0xfe, 0xba, 0xf0, 0x00, 0x00, 0x00, 0x00, 0x02, 0x00, 0x00, 0x50,
    0x80, 0x03, 0xe3, 0x9f, 0xff, 0xff, 0xff, 0xff, 0x7d, 0x70, 0x00, 0x00, 0x00, 0x00, 0x00, 0x00, 0x00, 0x10,
    0x80, 0x03, 0xe7, 0xdf, 0xff, 0xff, 0xff, 0xfe, 0xbe, 0xf0, 0x00, 0x00, 0x00, 0x00, 0x00, 0x00, 0x00, 0x10,
    0x80, 0x03, 0xcf, 0xff, 0xff, 0xff, 0xff, 0xff, 0x7d, 0x70, 0x00, 0x00, 0x00, 0x00, 0x00, 0x00, 0x00, 0x10,
    0x80, 0x00, 0x8f, 0xff, 0xff, 0xff, 0xff, 0xfe, 0xba, 0xf0, 0x00, 0x00, 0x00, 0x00, 0x00, 0x00, 0x00, 0x10,
    0x80, 0x00, 0x07, 0xff, 0xdf, 0xff, 0xff, 0xff, 0x55, 0xe0, 0x00, 0x00, 0x00, 0x00, 0x00, 0x00, 0x00, 0x10,
    0x80, 0x01, 0x07, 0xcf, 0x86, 0x7f, 0xff, 0xff, 0xab, 0xe0, 0x00, 0x00, 0x00, 0x00, 0x00, 0x00, 0x00, 0x10,
    0x80, 0x00, 0x01, 0x00, 0x00, 0x1f, 0xff, 0xff, 0xd7, 0xc0, 0x00, 0x00, 0x00, 0x00, 0x00, 0x00, 0x00, 0x10,
    0x80, 0x00, 0x00, 0x00, 0x00, 0x00, 0xff, 0xff, 0xff, 0xc0, 0x00, 0x00, 0x00, 0x00, 0x00, 0x00, 0x00, 0x10,
    0x80, 0x00, 0x00, 0x00, 0x00, 0x0c, 0x7f, 0xff, 0xff, 0x00, 0x00, 0x00, 0x00, 0x00, 0x00, 0x00, 0x00, 0x10,
    0x80, 0x00, 0x00, 0x00, 0x01, 0x0c, 0x71, 0xfd, 0xfe, 0x00, 0x00, 0x00, 0x00, 0x00, 0x00, 0x00, 0x00, 0x10,
    0x80, 0x00, 0x00, 0x00, 0x01, 0x80, 0x00, 0x00, 0x00, 0x00, 0x00, 0x00, 0x00, 0x00, 0x00, 0x00, 0x00, 0x10,
    0x80, 0x00, 0x00, 0x00, 0x00, 0x00, 0x00, 0x00, 0x00, 0x00, 0x00, 0x00, 0x00, 0x00, 0x00, 0x00, 0x00, 0x10,
    0x80, 0x00, 0x00, 0x00, 0x00, 0x00, 0x00, 0x00, 0x00, 0x00, 0x00, 0x00, 0x00, 0x00, 0x00, 0x00, 0x00, 0x10,
    0x80, 0x00, 0x00, 0x00, 0x00, 0x00, 0x00, 0x00, 0x00, 0x00, 0x00, 0x00, 0x00, 0x00, 0x00, 0x00, 0x00, 0x10,
    0x80, 0x00, 0x00, 0x00, 0x00, 0x00, 0x00, 0x00, 0x00, 0x00, 0x00, 0x00, 0x00, 0x00, 0x00, 0x00, 0x00, 0x10,
    0x80, 0x00, 0x00, 0x00, 0x00, 0x00, 0x00, 0x00, 0x00, 0x00, 0x00, 0x00, 0x00, 0x00, 0x00, 0x00, 0x00, 0x10,
    0x80, 0x00, 0x00, 0x00, 0x00, 0x00, 0x00, 0x00, 0x00, 0x00, 0x00, 0x00, 0x00, 0x00, 0x00, 0x00, 0x00, 0x10,
    0x80, 0x00, 0x00, 0x00, 0x04, 0x00, 0x00, 0x00, 0x00, 0x00, 0x00, 0x00, 0x00, 0x00, 0x00, 0x00, 0x00, 0x10,
    0x80, 0x00, 0x00, 0x00, 0x00, 0x00, 0x00, 0x00, 0x00, 0x00, 0x00, 0x00, 0x00, 0x00, 0x00, 0x00, 0x00, 0x10,
    0x80, 0x00, 0x00, 0x00, 0x00, 0x00, 0x00, 0x00, 0x00, 0x00, 0x00, 0x00, 0x00, 0x00, 0x00, 0x00, 0x00, 0x10,
    0x80, 0x00, 0x00, 0x00, 0x00, 0x00, 0x00, 0x00, 0x00, 0x00, 0x00, 0x00, 0x00, 0x00, 0x00, 0x00, 0x00, 0x10,
    0x80, 0x00, 0x00, 0x00, 0x00, 0x00, 0x00, 0x00, 0x00, 0x00, 0x00, 0x00, 0x00, 0x00, 0x00, 0x00, 0x00, 0x10,
    0x80, 0x00, 0x00, 0x00, 0x00, 0x00, 0x00, 0x00, 0x00, 0x00, 0x00, 0x00, 0x00, 0x00, 0x00, 0x00, 0x00, 0x10,
    0x80, 0x00, 0x00, 0x00, 0x00, 0x00, 0x00, 0x00, 0x00, 0x00, 0x00, 0x00, 0x00, 0x00, 0x00, 0x00, 0x00, 0x10,
    0x80, 0x00, 0x00, 0x00, 0x00, 0x00, 0x00, 0x00, 0x00, 0x00, 0x00, 0x00, 0x00, 0x00, 0x00, 0x00, 0x00, 0x10,
    0x80, 0x00, 0x00, 0x00, 0x00, 0x00, 0x00, 0x00, 0x00, 0x00, 0x00, 0x00, 0x00, 0x00, 0x00, 0x00, 0x00, 0x10,
    0x80, 0x00, 0x00, 0x00, 0x00, 0x00, 0x00, 0x00, 0x00, 0x00, 0x00, 0x00, 0x00, 0x00, 0x00, 0x00, 0x00, 0x10,
    0x80, 0x00, 0x00, 0x00, 0x00, 0x00, 0x00, 0x00, 0x00, 0x00, 0x00, 0x00, 0x00, 0x00, 0x00, 0x00, 0x00, 0x10,
    0x80, 0x00, 0x00, 0x00, 0x00, 0x00, 0x00, 0x00, 0x00, 0x00, 0x00, 0x00, 0x00, 0x00, 0x00, 0x00, 0x00, 0x10,
    0x80, 0x00, 0x00, 0x00, 0x00, 0x00, 0x00, 0x00, 0x00, 0x00, 0x00, 0x00, 0x00, 0x00, 0x00, 0x00, 0x00, 0x10,
    0x80, 0x00, 0x00, 0x00, 0x00, 0x00, 0x00, 0x00, 0x00, 0x00, 0x00, 0x00, 0x00, 0x00, 0x00, 0x00, 0x00, 0x10,
    0x80, 0x00, 0x00, 0x00, 0x00, 0x00, 0x00, 0x00, 0x00, 0x00, 0x00, 0x00, 0x00, 0x00, 0x00, 0x00, 0x00, 0x10,
    0x80, 0x00, 0x00, 0x00, 0x00, 0x00, 0x00, 0x00, 0x00, 0x00, 0x00, 0x00, 0x00, 0x00, 0x00, 0x00, 0x00, 0x10,
    0x80, 0x00, 0x00, 0x00, 0x00, 0x00, 0x00, 0x00, 0x00, 0x00, 0x00, 0x00, 0x00, 0x00, 0x00, 0x00, 0x00, 0x10,
    0xff, 0xff, 0xff, 0xff, 0xff, 0xff, 0xff, 0xff, 0xff, 0xff, 0xff, 0xff, 0xff, 0xff, 0xff, 0xff, 0xff, 0xf0,
};

static const lv_img_dsc_t gaming7 = {
    .header.cf = LV_IMG_CF_INDEXED_1BIT,
    .header.always_zero = 0,
    .header.reserved = 0,
    .header.w = 140,
    .header.h = 68,
    .data_size = 1232,
    .data = gaming7_map,
};

static const LV_ATTRIBUTE_MEM_ALIGN LV_ATTRIBUTE_LARGE_CONST uint8_t gaming8_map[] = {
#if CONFIG_NICE_VIEW_WIDGET_INVERTED
    0xff, 0xff, 0xff, 0xff, /*Color of index 0*/
    0x00, 0x00, 0x00, 0xff, /*Color of index 1*/
#else
    0x00, 0x00, 0x00, 0xff, /*Color of index 0*/
    0xff, 0xff, 0xff, 0xff, /*Color of index 1*/
#endif
    0xff, 0xff, 0xff, 0xff, 0xff, 0xff, 0xff, 0xff, 0xff, 0xff, 0xff, 0xff, 0xff, 0xff, 0xff, 0xff, 0xff, 0xf0,
    0x80, 0x00, 0x00, 0x00, 0x00, 0x00, 0x00, 0x00, 0x00, 0x00, 0x00, 0x00, 0x00, 0x00, 0x00, 0x00, 0x00, 0x10,
    0x80, 0x00, 0x00, 0x00, 0x00, 0x00, 0x00, 0x00, 0x00, 0x00, 0x00, 0x00, 0x00, 0x00, 0x00, 0x00, 0x00, 0x10,
    0x80, 0x00, 0x00, 0x00, 0x00, 0x00, 0x00, 0x00, 0x00, 0x00, 0x00, 0x00, 0x00, 0x00, 0x00, 0x00, 0x00, 0x10,
    0x80, 0x00, 0x00, 0x00, 0x00, 0x00, 0x00, 0x00, 0x00, 0x00, 0x00, 0x00, 0x00, 0x00, 0x00, 0x00, 0x00, 0x10,
    0x80, 0x00, 0x00, 0x00, 0x00, 0x00, 0x00, 0x00, 0x00, 0x00, 0x00, 0x00, 0x00, 0x00, 0x00, 0x00, 0x00, 0x10,
    0x80, 0x00, 0x00, 0x00, 0x00, 0x00, 0x00, 0x00, 0x00, 0x00, 0x00, 0x00, 0x00, 0x00, 0x00, 0x00, 0x00, 0x10,
    0x80, 0x00, 0x00, 0x00, 0x00, 0x00, 0x00, 0x00, 0x00, 0x00, 0x00, 0x00, 0x00, 0x00, 0x00, 0x00, 0x00, 0x10,
    0x80, 0x00, 0x00, 0x00, 0x00, 0x00, 0x00, 0x00, 0x00, 0x00, 0x00, 0x00, 0x00, 0x00, 0x00, 0x00, 0x00, 0x10,
    0x80, 0x00, 0x00, 0x00, 0x00, 0x00, 0x00, 0x00, 0x00, 0x00, 0x00, 0x00, 0x00, 0x00, 0x00, 0x00, 0x00, 0x10,
    0x80, 0x00, 0x00, 0x00, 0x00, 0x00, 0x00, 0x00, 0x00, 0x00, 0x00, 0x00, 0x00, 0x00, 0x00, 0x00, 0x00, 0x10,
    0x80, 0x00, 0x00, 0x00, 0x00, 0x00, 0x00, 0x00, 0x00, 0x00, 0x00, 0x00, 0x00, 0x00, 0x00, 0x00, 0x00, 0x10,
    0x80, 0x00, 0x00, 0x00, 0x00, 0x00, 0x00, 0x00, 0x00, 0x00, 0x00, 0x00, 0x00, 0x00, 0x00, 0x00, 0x00, 0x10,
    0x80, 0x00, 0x00, 0x00, 0x00, 0x00, 0x00, 0x00, 0x00, 0x00, 0x00, 0x00, 0x00, 0x20, 0x00, 0x00, 0x00, 0x10,
    0x80, 0x00, 0x00, 0x00, 0x00, 0x00, 0x00, 0x00, 0x00, 0x00, 0x00, 0x00, 0x00, 0x00, 0x00, 0x00, 0x00, 0x10,
    0x80, 0x00, 0x00, 0x00, 0x00, 0x00, 0x00, 0x00, 0x00, 0x00, 0x00, 0x00, 0x00, 0x00, 0x00, 0x00, 0x00, 0x10,
    0x80, 0x00, 0x00, 0x00, 0x00, 0x10, 0x00, 0x00, 0x00, 0x00, 0x00, 0x00, 0x00, 0x00, 0x00, 0x00, 0x00, 0x10,
    0x80, 0x00, 0x00, 0x00, 0x00, 0x00, 0x00, 0x00, 0x00, 0x00, 0x00, 0x00, 0x00, 0x00, 0x00, 0x00, 0x00, 0x10,
    0x80, 0x00, 0x00, 0x00, 0x00, 0x00, 0x00, 0x08, 0x00, 0x00, 0x00, 0x00, 0x00, 0x00, 0x00, 0x00, 0x00, 0x10,
    0x80, 0x00, 0x00, 0x00, 0x00, 0x00, 0x00, 0x00, 0x00, 0x00, 0x00, 0x00, 0x00, 0x00, 0x00, 0x00, 0x00, 0x10,
    0x80, 0x00, 0x00, 0x00, 0x00, 0x00, 0x00, 0x00, 0x00, 0x00, 0x00, 0x00, 0x00, 0x00, 0x00, 0x00, 0x00, 0x10,
    0x80, 0x00, 0x00, 0x00, 0x00, 0x00, 0x00, 0x00, 0x00, 0x0f, 0x00, 0x00, 0x00, 0x00, 0x00, 0x00, 0x00, 0x10,
    0x80, 0x00, 0x00, 0x00, 0x00, 0x00, 0xc2, 0x00, 0x80, 0x7f, 0xc0, 0x00, 0x00, 0x00, 0x00, 0x00, 0x00, 0x10,
    0x80, 0x00, 0x00, 0x02, 0x00, 0x00, 0x07, 0x1f, 0xff, 0xff, 0xf0, 0x00, 0x00, 0x00, 0x00, 0x00, 0x00, 0x10,
    0x80, 0x00, 0x00, 0x00, 0x00, 0x00, 0x1f, 0xff, 0xff, 0xff, 0xf8, 0x00, 0x00, 0x00, 0x00, 0x00, 0x00, 0x10,
    0x80, 0x00, 0x00, 0x00, 0x00, 0x02, 0x3f, 0xff, 0xff, 0xfd, 0x7c, 0x00, 0x00, 0x00, 0x00, 0x00, 0x00, 0x10,
    0x80, 0x00, 0x00, 0x00, 0x00, 0x0f, 0xff, 0xff, 0xff, 0xea, 0xbc, 0x00, 0x00, 0x00, 0x00, 0x00, 0x00, 0x10,
    0x80, 0x00, 0x03, 0xc0, 0x00, 0x1f, 0xff, 0xff, 0xff, 0xd5, 0x5e, 0x00, 0x00, 0x00, 0x00, 0x00, 0x00, 0x10,
    0x80, 0x00, 0x07, 0xc3, 0x87, 0xbf, 0xff, 0xff, 0xff, 0xaa, 0xae, 0x00, 0x00, 0x00, 0x00, 0x00, 0x00, 0x10,
    0x80, 0x00, 0x07, 0xcf, 0xcf, 0xff, 0xff, 0xff, 0xff, 0xd7, 0xde, 0x00, 0x00, 0x00, 0x00, 0x00, 0x00, 0x10,
    0x80, 0x00, 0x03, 0xcf, 0xff, 0xff, 0xff, 0xff, 0xff, 0xaf, 0xae, 0x00, 0x00, 0x00, 0x00, 0x00, 0x00, 0x10,
    0x80, 0x00, 0x01, 0x0f, 0xff, 0xff, 0xff, 0xff, 0xff, 0xdf, 0xd6, 0x00, 0x00, 0x00, 0x00, 0x00, 0x00, 0x10,
    0x80, 0x00, 0x00, 0x0f, 0xff, 0xff, 0xff, 0xff, 0xff, 0xaf, 0xae, 0x00, 0x00, 0x00, 0x02, 0x00, 0x00, 0x50,
    0x80, 0x00, 0x00, 0x0f, 0xdf, 0xff, 0xff, 0xff, 0xff, 0xd5, 0x5e, 0x00, 0x00, 0x00, 0x00, 0x00, 0x00, 0x10,
    0x80, 0x00, 0x00, 0x07, 0x9f, 0xff, 0xff, 0xff, 0xff, 0xea, 0xbe, 0x00, 0x00, 0x00, 0x00, 0x00, 0x00, 0x10,
    0x80, 0x00, 0x00, 0x00, 0x0f, 0xdf, 0xdf, 0xff, 0xff, 0xf5, 0x7c, 0x00, 0x00, 0x00, 0x00, 0x00, 0x00, 0x10,
    0x80, 0x00, 0x00, 0x00, 0x07, 0x83, 0x07, 0x7f, 0xff, 0xfa, 0xfc, 0x00, 0x00, 0x00, 0x00, 0x00, 0x00, 0x10,
    0x80, 0x00, 0x00, 0x00, 0x00, 0x00, 0x80, 0x1f, 0xff, 0xff, 0xf8, 0x00, 0x00, 0x00, 0x00, 0x00, 0x00, 0x10,
    0x80, 0x01, 0x00, 0x00, 0x00, 0x00, 0x00, 0x1c, 0xff, 0xff, 0xf0, 0x00, 0x00, 0x00, 0x00, 0x00, 0x00, 0x10,
    0x80, 0x00, 0x00, 0x00, 0x00, 0x00, 0x07, 0x3c, 0xff, 0xff, 0xc0, 0x00, 0x00, 0x00, 0x00, 0x00, 0x00, 0x10,
    0x80, 0x00, 0x00, 0x00, 0x00, 0x00, 0x87, 0x1c, 0x71, 0x8f, 0x00, 0x00, 0x00, 0x00, 0x00, 0x00, 0x00, 0x10,
    0x80, 0x00, 0x00, 0x00, 0x00, 0x00, 0x80, 0x00, 0x00, 0x00, 0x00, 0x00, 0x00, 0x00, 0x00, 0x00, 0x00, 0x10,
    0x80, 0x00, 0x00, 0x00, 0x00, 0x00, 0x00, 0x00, 0x00, 0x00, 0x00, 0x00, 0x00, 0x00, 0x00, 0x00, 0x00, 0x10,
    0x80, 0x00, 0x00, 0x00, 0x00, 0x00, 0x00, 0x00, 0x00, 0x00, 0x00, 0x00, 0x00, 0x00, 0x00, 0x00, 0x00, 0x10,
    0x80, 0x00, 0x00, 0x00, 0x00, 0x00, 0x00, 0x00, 0x00, 0x00, 0x00, 0x00, 0x00, 0x00, 0x00, 0x00, 0x00, 0x10,
    0x80, 0x00, 0x00, 0x00, 0x00, 0x00, 0x00, 0x00, 0x00, 0x00, 0x00, 0x00, 0x00, 0x00, 0x00, 0x00, 0x00, 0x10,
    0x80, 0x00, 0x00, 0x00, 0x00, 0x00, 0x08, 0x00, 0x00, 0x00, 0x00, 0x00, 0x00, 0x00, 0x00, 0x00, 0x00, 0x10,
    0x80, 0x00, 0x00, 0x00, 0x00, 0x00, 0x00, 0x00, 0x00, 0x00, 0x00, 0x00, 0x00, 0x00, 0x00, 0x00, 0x00, 0x10,
    0x80, 0x00, 0x00, 0x00, 0x00, 0x00, 0x00, 0x00, 0x00, 0x00, 0x00, 0x00, 0x00, 0x00, 0x00, 0x00, 0x00, 0x10,
    0x80, 0x00, 0x00, 0x00, 0x00, 0x00, 0x00, 0x00, 0x00, 0x00, 0x00, 0x00, 0x00, 0x00, 0x00, 0x00, 0x00, 0x10,
    0x80, 0x00, 0x00, 0x00, 0x00, 0x00, 0x00, 0x00, 0x00, 0x00, 0x00, 0x00, 0x00, 0x00, 0x00, 0x00, 0x00, 0x10,
    0x80, 0x00, 0x00, 0x00, 0x00, 0x00, 0x00, 0x00, 0x00, 0x00, 0x00, 0x00, 0x00, 0x00, 0x00, 0x00, 0x00, 0x10,
    0x80, 0x00, 0x00, 0x00, 0x00, 0x00, 0x00, 0x00, 0x00, 0x00, 0x00, 0x00, 0x00, 0x00, 0x00, 0x00, 0x00, 0x10,
    0x80, 0x00, 0x00, 0x00, 0x00, 0x00, 0x00, 0x00, 0x00, 0x00, 0x00, 0x00, 0x00, 0x00, 0x00, 0x00, 0x00, 0x10,
    0x80, 0x00, 0x00, 0x00, 0x00, 0x00, 0x00, 0x00, 0x00, 0x00, 0x00, 0x00, 0x00, 0x00, 0x00, 0x00, 0x00, 0x10,
    0x80, 0x00, 0x00, 0x00, 0x00, 0x00, 0x00, 0x00, 0x00, 0x00, 0x00, 0x00, 0x00, 0x00, 0x00, 0x00, 0x00, 0x10,
    0x80, 0x00, 0x00, 0x00, 0x00, 0x00, 0x00, 0x00, 0x00, 0x00, 0x00, 0x00, 0x00, 0x00, 0x00, 0x00, 0x00, 0x10,
    0x80, 0x00, 0x00, 0x00, 0x40, 0x00, 0x00, 0x00, 0x00, 0x00, 0x00, 0x00, 0x00, 0x00, 0x00, 0x00, 0x00, 0x10,
    0x80, 0x00, 0x00, 0x00, 0x00, 0x00, 0x00, 0x00, 0x00, 0x00, 0x00, 0x00, 0x00, 0x00, 0x00, 0x00, 0x00, 0x10,
    0x80, 0x00, 0x00, 0x00, 0x00, 0x00, 0x00, 0x00, 0x00, 0x00, 0x00, 0x00, 0x00, 0x00, 0x00, 0x00, 0x00, 0x10,
    0x80, 0x00, 0x00, 0x00, 0x00, 0x00, 0x00, 0x00, 0x00, 0x00, 0x00, 0x00, 0x00, 0x00, 0x00, 0x00, 0x00, 0x10,
    0x80, 0x00, 0x00, 0x00, 0x00, 0x00, 0x00, 0x00, 0x00, 0x00, 0x00, 0x00, 0x00, 0x00, 0x00, 0x00, 0x00, 0x10,
    0x80, 0x00, 0x00, 0x00, 0x00, 0x00, 0x00, 0x00, 0x00, 0x00, 0x00, 0x00, 0x00, 0x00, 0x00, 0x00, 0x00, 0x10,
    0x80, 0x00, 0x00, 0x00, 0x00, 0x00, 0x00, 0x00, 0x00, 0x00, 0x00, 0x00, 0x00, 0x00, 0x00, 0x00, 0x00, 0x10,
    0x80, 0x00, 0x00, 0x00, 0x00, 0x00, 0x00, 0x00, 0x00, 0x00, 0x00, 0x00, 0x00, 0x00, 0x00, 0x00, 0x00, 0x10,
    0x80, 0x00, 0x00, 0x00, 0x00, 0x00, 0x00, 0x00, 0x00, 0x00, 0x00, 0x00, 0x00, 0x00, 0x00, 0x00, 0x00, 0x10,
    0x80, 0x00, 0x00, 0x00, 0x00, 0x00, 0x00, 0x00, 0x00, 0x00, 0x00, 0x00, 0x00, 0x00, 0x00, 0x00, 0x00, 0x10,
    0xff, 0xff, 0xff, 0xff, 0xff, 0xff, 0xff, 0xff, 0xff, 0xff, 0xff, 0xff, 0xff, 0xff, 0xff, 0xff, 0xff, 0xf0,
};

static const lv_img_dsc_t gaming8 = {
    .header.cf = LV_IMG_CF_INDEXED_1BIT,
    .header.always_zero = 0,
    .header.reserved = 0,
    .header.w = 140,
    .header.h = 68,
    .data_size = 1232,
    .data = gaming8_map,
};

static const LV_ATTRIBUTE_MEM_ALIGN LV_ATTRIBUTE_LARGE_CONST uint8_t gaming9_map[] = {
#if CONFIG_NICE_VIEW_WIDGET_INVERTED
    0xff, 0xff, 0xff, 0xff, /*Color of index 0*/
    0x00, 0x00, 0x00, 0xff, /*Color of index 1*/
#else
    0x00, 0x00, 0x00, 0xff, /*Color of index 0*/
    0xff, 0xff, 0xff, 0xff, /*Color of index 1*/
#endif
    0xff, 0xff, 0xff, 0xff, 0xff, 0xff, 0xff, 0xff, 0xff, 0xff, 0xff, 0xff, 0xff, 0xff, 0xff, 0xff, 0xff, 0xf0,
    0x80, 0x00, 0x00, 0x00, 0x00, 0x00, 0x00, 0x00, 0x00, 0x00, 0x00, 0x00, 0x00, 0x00, 0x00, 0x00, 0x00, 0x10,
    0x80, 0x00, 0x00, 0x00, 0x00, 0x00, 0x00, 0x00, 0x00, 0x00, 0x00, 0x00, 0x00, 0x00, 0x00, 0x00, 0x00, 0x10,
    0x80, 0x00, 0x00, 0x00, 0x00, 0x00, 0x00, 0x00, 0x00, 0x00, 0x00, 0x00, 0x00, 0x00, 0x00, 0x00, 0x00, 0x10,
    0x80, 0x00, 0x00, 0x00, 0x00, 0x00, 0x00, 0x00, 0x00, 0x00, 0x00, 0x00, 0x00, 0x00, 0x00, 0x00, 0x00, 0x10,
    0x80, 0x00, 0x00, 0x00, 0x00, 0x00, 0x00, 0x00, 0x00, 0x00, 0x00, 0x00, 0x00, 0x00, 0x00, 0x00, 0x00, 0x10,
    0x80, 0x00, 0x00, 0x00, 0x00, 0x00, 0x04, 0x00, 0x00, 0x00, 0x00, 0x00, 0x00, 0x00, 0x00, 0x00, 0x00, 0x10,
    0x80, 0x00, 0x00, 0x00, 0x00, 0x00, 0x00, 0x00, 0x00, 0x00, 0x00, 0x00, 0x00, 0x00, 0x00, 0x00, 0x00, 0x10,
    0x80, 0x00, 0x00, 0x00, 0x00, 0x00, 0x00, 0x00, 0x00, 0x00, 0x00, 0x00, 0x00, 0x00, 0x00, 0x00, 0x00, 0x10,
    0x80, 0x00, 0x00, 0x00, 0x00, 0x00, 0x00, 0x00, 0x00, 0x00, 0x00, 0x00, 0x00, 0x00, 0x00, 0x00, 0x00, 0x10,
    0x80, 0x00, 0x00, 0x00, 0x00, 0x00, 0x00, 0x00, 0x00, 0x00, 0x00, 0x00, 0x00, 0x00, 0x00, 0x00, 0x00, 0x10,
    0x80, 0x00, 0x00, 0x00, 0x00, 0x00, 0x00, 0x00, 0x00, 0x00, 0x00, 0x00, 0x00, 0x00, 0x00, 0x00, 0x00, 0x10,
    0x80, 0x00, 0x00, 0x00, 0x00, 0x00, 0x00, 0x00, 0x00, 0x00, 0x00, 0x00, 0x00, 0x00, 0x00, 0x00, 0x00, 0x10,
    0x80, 0x00, 0x00, 0x00, 0x00, 0x00, 0x00, 0x00, 0x00, 0x00, 0x00, 0x00, 0x00, 0x20, 0x00, 0x00, 0x00, 0x10,
    0x80, 0x00, 0x00, 0x00, 0x00, 0x00, 0x00, 0x00, 0x00, 0x00, 0x00, 0x00, 0x00, 0x00, 0x00, 0x00, 0x00, 0x10,
    0x80, 0x00, 0x00, 0x00, 0x00, 0x00, 0x00, 0x20, 0x00, 0x20, 0x00, 0x00, 0x00, 0x00, 0x00, 0x00, 0x00, 0x10,
    0x80, 0x00, 0x00, 0x00, 0x00, 0x00, 0x00, 0x00, 0x00, 0x00, 0x00, 0x00, 0x00, 0x00, 0x00, 0x00, 0x00, 0x10,
    0x80, 0x00, 0x00, 0x00, 0x00, 0x00, 0x00, 0x00, 0x00, 0x00, 0x00, 0x00, 0x00, 0x00, 0x00, 0x00, 0x00, 0x10,
    0x80, 0x00, 0x00, 0x00, 0x00, 0x00, 0x00, 0x00, 0x00, 0x00, 0x03, 0xe0, 0x00, 0x00, 0x00, 0x00, 0x00, 0x10,
    0x80, 0x00, 0x00, 0x00, 0x00, 0x00, 0x00, 0x41, 0x86, 0x03, 0xff, 0xfc, 0x00, 0x00, 0x00, 0x00, 0x00, 0x10,
    0x80, 0x00, 0x00, 0x00, 0x00, 0x00, 0x00, 0x03, 0x8f, 0xff, 0xff, 0xfe, 0x00, 0x00, 0x00, 0x00, 0x00, 0x10,
    0x80, 0x00, 0x00, 0x00, 0x00, 0x00, 0x00, 0x07, 0xdf, 0xff, 0xff, 0xff, 0x00, 0x00, 0x00, 0x00, 0x00, 0x10,
    0x80, 0x00, 0x00, 0x00, 0x00, 0x00, 0x00, 0x0f, 0xff, 0xff, 0xff, 0xbf, 0x80, 0x00, 0x00, 0x00, 0x00, 0x10,
    0x80, 0x00, 0x00, 0x00, 0x00, 0x00, 0x00, 0x3f, 0xff, 0xff, 0xfd, 0x57, 0xc0, 0x00, 0x00, 0x00, 0x00, 0x10,
    0x80, 0x00, 0x00, 0x07, 0x0f, 0xc0, 0x0f, 0xff, 0xff, 0xff, 0xfa, 0xab, 0xc0, 0x00, 0x00, 0x00, 0x00, 0x10,
    0x80, 0x00, 0x00, 0x0f, 0x8f, 0xcf, 0xdf, 0xff, 0xff, 0xff, 0xf5, 0x55, 0xe0, 0x00, 0x00, 0x00, 0x00, 0x10,
    0x80, 0x00, 0x00, 0x0f, 0x9f, 0xff, 0xff, 0xff, 0xff, 0xff, 0xfa, 0xea, 0xe0, 0x00, 0x00, 0x00, 0x00, 0x10,
    0x80, 0x00, 0x00, 0x0f, 0x9f, 0xff, 0xff, 0xff, 0xff, 0xff, 0xf5, 0xf5, 0xe0, 0x00, 0x00, 0x00, 0x00, 0x10,
    0x80, 0x00, 0x00, 0x07, 0x9f, 0xff, 0xff, 0xff, 0xff, 0xff, 0xeb, 0xfa, 0xe0, 0x00, 0x00, 0x00, 0x00, 0x10,
    0x80, 0x00, 0x00, 0x00, 0x0f, 0xff, 0xff, 0xff, 0xff, 0xff, 0xf5, 0xf5, 0xe0, 0x00, 0x00, 0x00, 0x00, 0x10,
    0x80, 0x00, 0x00, 0x00, 0x07, 0x9f, 0xff, 0xff, 0xff, 0xff, 0xfa, 0xeb, 0xe0, 0x00, 0x00, 0x00, 0x00, 0x10,
    0x80, 0x00, 0x00, 0x00, 0x00, 0x1f, 0xff, 0xff, 0xff, 0xff, 0xf5, 0x55, 0xc0, 0x00, 0x00, 0x00, 0x00, 0x10,
    0x80, 0x00, 0x00, 0x00, 0x00, 0x0f, 0xff, 0xff, 0xff, 0xff, 0xfa, 0xab, 0xc0, 0x00, 0x02, 0x00, 0x00, 0x10,
    0x80, 0x00, 0x00, 0x00, 0x00, 0x07, 0xdf, 0xff, 0xff, 0xff, 0xfd, 0x57, 0xc0, 0x00, 0x00, 0x00, 0x00, 0x10,
    0x80, 0x00, 0x00, 0x00, 0x00, 0x00, 0x0f, 0xe7, 0xff, 0xff, 0xff, 0xbf, 0x80, 0x00, 0x00, 0x00, 0x00, 0x10,
    0x80, 0x00, 0x00, 0x00, 0x00, 0x00, 0x00, 0x02, 0x07, 0xff, 0xff, 0xff, 0x00, 0x00, 0x00, 0x00, 0x00, 0x10,
    0x80, 0x00, 0x00, 0x00, 0x00, 0x00, 0x00, 0x00, 0x06, 0x3f, 0xff, 0xfe, 0x00, 0x00, 0x00, 0x00, 0x00, 0x10,
    0x80, 0x00, 0x00, 0x00, 0x00, 0x00, 0x00, 0x00, 0x0f, 0x7f, 0xff, 0xfc, 0x00, 0x00, 0x00, 0x00, 0x00, 0x10,
    0x80, 0x01, 0x00, 0x00, 0x00, 0x00, 0x00, 0x01, 0x8f, 0x3e, 0xfb, 0xe0, 0x00, 0x00, 0x00, 0x00, 0x00, 0x10,
    0x80, 0x00, 0x00, 0x00, 0x00, 0x00, 0x00, 0x41, 0x86, 0x1c, 0x60, 0x00, 0x00, 0x00, 0x00, 0x00, 0x00, 0x10,
    0x80, 0x00, 0x00, 0x00, 0x00, 0x00, 0x00, 0x40, 0x00, 0x00, 0x00, 0x00, 0x00, 0x00, 0x00, 0x00, 0x00, 0x10,
    0x80, 0x00, 0x00, 0x00, 0x00, 0x00, 0x00, 0x00, 0x00, 0x00, 0x00, 0x00, 0x00, 0x00, 0x00, 0x00, 0x00, 0x10,
    0x80, 0x00, 0x00, 0x00, 0x00, 0x00, 0x00, 0x00, 0x00, 0x00, 0x00, 0x00, 0x00, 0x00, 0x00, 0x00, 0x00, 0x10,
    0x80, 0x00, 0x00, 0x00, 0x00, 0x00, 0x00, 0x00, 0x20, 0x00, 0x00, 0x00, 0x00, 0x00, 0x00, 0x00, 0x00, 0x10,
    0x80, 0x00, 0x00, 0x00, 0x00, 0x00, 0x00, 0x00, 0x00, 0x00, 0x00, 0x00, 0x00, 0x00, 0x00, 0x00, 0x00, 0x10,
    0x80, 0x00, 0x00, 0x00, 0x00, 0x00, 0x00, 0x00, 0x00, 0x00, 0x00, 0x00, 0x00, 0x00, 0x00, 0x00, 0x00, 0x10,
    0x80, 0x00, 0x00, 0x00, 0x00, 0x00, 0x00, 0x00, 0x00, 0x00, 0x00, 0x00, 0x00, 0x00, 0x00, 0x00, 0x00, 0x10,
    0x80, 0x00, 0x00, 0x00, 0x00, 0x00, 0x00, 0x00, 0x00, 0x00, 0x00, 0x00, 0x00, 0x00, 0x00, 0x00, 0x00, 0x10,
    0x80, 0x00, 0x00, 0x00, 0x00, 0x00, 0x00, 0x00, 0x00, 0x00, 0x00, 0x00, 0x00, 0x00, 0x00, 0x00, 0x00, 0x10,
    0x80, 0x00, 0x00, 0x00, 0x00, 0x00, 0x00, 0x00, 0x00, 0x00, 0x00, 0x00, 0x00, 0x00, 0x00, 0x00, 0x00, 0x10,
    0x80, 0x00, 0x00, 0x00, 0x00, 0x00, 0x00, 0x00, 0x00, 0x00, 0x00, 0x00, 0x00, 0x00, 0x00, 0x00, 0x00, 0x10,
    0x80, 0x00, 0x00, 0x00, 0x00, 0x00, 0x00, 0x00, 0x00, 0x00, 0x00, 0x00, 0x00, 0x00, 0x00, 0x00, 0x00, 0x10,
    0x80, 0x00, 0x00, 0x00, 0x00, 0x00, 0x00, 0x00, 0x00, 0x00, 0x00, 0x00, 0x00, 0x00, 0x00, 0x00, 0x00, 0x10,
    0x80, 0x00, 0x00, 0x00, 0x00, 0x00, 0x00, 0x00, 0x00, 0x00, 0x00, 0x00, 0x00, 0x00, 0x00, 0x00, 0x00, 0x10,
    0x80, 0x00, 0x00, 0x00, 0x00, 0x00, 0x00, 0x00, 0x00, 0x00, 0x00, 0x00, 0x00, 0x00, 0x00, 0x00, 0x00, 0x10,
    0x80, 0x00, 0x00, 0x00, 0x00, 0x00, 0x00, 0x00, 0x00, 0x00, 0x00, 0x00, 0x00, 0x00, 0x00, 0x00, 0x00, 0x10,
    0x80, 0x00, 0x00, 0x00, 0x00, 0x00, 0x00, 0x00, 0x00, 0x00, 0x00, 0x00, 0x00, 0x00, 0x00, 0x00, 0x00, 0x10,
    0x80, 0x00, 0x00, 0x00, 0x40, 0x00, 0x00, 0x00, 0x00, 0x00, 0x00, 0x00, 0x00, 0x00, 0x00, 0x00, 0x00, 0x10,
    0x80, 0x00, 0x00, 0x00, 0x00, 0x00, 0x00, 0x00, 0x00, 0x00, 0x00, 0x00, 0x00, 0x00, 0x00, 0x00, 0x00, 0x10,
    0x80, 0x00, 0x00, 0x00, 0x00, 0x00, 0x00, 0x00, 0x00, 0x00, 0x00, 0x00, 0x00, 0x00, 0x00, 0x00, 0x00, 0x10,
    0x80, 0x00, 0x00, 0x00, 0x00, 0x00, 0x00, 0x00, 0x00, 0x00, 0x00, 0x00, 0x00, 0x00, 0x00, 0x00, 0x00, 0x10,
    0x80, 0x00, 0x00, 0x00, 0x00, 0x00, 0x00, 0x00, 0x00, 0x00, 0x00, 0x00, 0x00, 0x00, 0x00, 0x00, 0x00, 0x10,
    0x80, 0x00, 0x00, 0x00, 0x00, 0x00, 0x00, 0x00, 0x00, 0x00, 0x00, 0x00, 0x00, 0x00, 0x00, 0x00, 0x00, 0x10,
    0x80, 0x00, 0x00, 0x00, 0x00, 0x00, 0x00, 0x00, 0x00, 0x00, 0x00, 0x00, 0x00, 0x00, 0x00, 0x00, 0x00, 0x10,
    0x80, 0x00, 0x00, 0x00, 0x00, 0x00, 0x00, 0x00, 0x00, 0x00, 0x00, 0x00, 0x00, 0x00, 0x00, 0x00, 0x00, 0x10,
    0x80, 0x00, 0x00, 0x00, 0x00, 0x00, 0x00, 0x00, 0x00, 0x00, 0x00, 0x00, 0x00, 0x00, 0x00, 0x00, 0x00, 0x10,
    0x80, 0x00, 0x00, 0x00, 0x00, 0x00, 0x00, 0x00, 0x00, 0x00, 0x00, 0x00, 0x00, 0x00, 0x00, 0x00, 0x00, 0x10,
    0xff, 0xff, 0xff, 0xff, 0xff, 0xff, 0xff, 0xff, 0xff, 0xff, 0xff, 0xff, 0xff, 0xff, 0xff, 0xff, 0xff, 0xf0,
};

static const lv_img_dsc_t gaming9 = {
    .header.cf = LV_IMG_CF_INDEXED_1BIT,
    .header.always_zero = 0,
    .header.reserved = 0,
    .header.w = 140,
    .header.h = 68,
    .data_size = 1232,
    .data = gaming9_map,
};

static const LV_ATTRIBUTE_MEM_ALIGN LV_ATTRIBUTE_LARGE_CONST uint8_t gaming10_map[] = {
#if CONFIG_NICE_VIEW_WIDGET_INVERTED
    0xff, 0xff, 0xff, 0xff, /*Color of index 0*/
    0x00, 0x00, 0x00, 0xff, /*Color of index 1*/
#else
    0x00, 0x00, 0x00, 0xff, /*Color of index 0*/
    0xff, 0xff, 0xff, 0xff, /*Color of index 1*/
#endif
    0xff, 0xff, 0xff, 0xff, 0xff, 0xff, 0xff, 0xff, 0xff, 0xff, 0xff, 0xff, 0xff, 0xff, 0xff, 0xff, 0xff, 0xf0,
    0x80, 0x00, 0x00, 0x00, 0x00, 0x00, 0x00, 0x00, 0x00, 0x00, 0x00, 0x00, 0x00, 0x00, 0x00, 0x00, 0x00, 0x10,
    0x80, 0x00, 0x00, 0x00, 0x00, 0x00, 0x00, 0x00, 0x00, 0x00, 0x00, 0x00, 0x00, 0x00, 0x00, 0x00, 0x00, 0x10,
    0x80, 0x00, 0x00, 0x00, 0x00, 0x00, 0x00, 0x00, 0x00, 0x00, 0x00, 0x00, 0x00, 0x00, 0x00, 0x00, 0x00, 0x10,
    0x80, 0x00, 0x00, 0x00, 0x00, 0x00, 0x00, 0x00, 0x00, 0x00, 0x00, 0x00, 0x00, 0x00, 0x00, 0x00, 0x00, 0x10,
    0x80, 0x00, 0x00, 0x00, 0x00, 0x00, 0x00, 0x00, 0x00, 0x00, 0x00, 0x00, 0x00, 0x00, 0x00, 0x00, 0x00, 0x10,
    0x80, 0x00, 0x00, 0x00, 0x00, 0x00, 0x04, 0x00, 0x00, 0x00, 0x00, 0x00, 0x00, 0x00, 0x00, 0x00, 0x00, 0x10,
    0x80, 0x00, 0x00, 0x00, 0x00, 0x00, 0x00, 0x00, 0x00, 0x00, 0x00, 0x00, 0x00, 0x00, 0x00, 0x00, 0x00, 0x10,
    0x80, 0x00, 0x00, 0x00, 0x00, 0x00, 0x00, 0x00, 0x00, 0x00, 0x00, 0x00, 0x00, 0x00, 0x00, 0x00, 0x00, 0x10,
    0x80, 0x00, 0x00, 0x00, 0x00, 0x00, 0x00, 0x00, 0x00, 0x00, 0x00, 0x00, 0x00, 0x00, 0x00, 0x00, 0x00, 0x10,
    0x80, 0x00, 0x00, 0x00, 0x00, 0x00, 0x00, 0x00, 0x00, 0x00, 0x00, 0x00, 0x00, 0x00, 0x00, 0x00, 0x00, 0x10,
    0x80, 0x00, 0x00, 0x00, 0x00, 0x00, 0x00, 0x00, 0x08, 0x00, 0x00, 0x00, 0x00, 0x00, 0x00, 0x00, 0x00, 0x10,
    0x80, 0x00, 0x00, 0x00, 0x00, 0x00, 0x00, 0x00, 0x00, 0x00, 0x00, 0x00, 0x00, 0x00, 0x00, 0x00, 0x00, 0x10,
    0x80, 0x00, 0x00, 0x00, 0x00, 0x00, 0x00, 0x00, 0x00, 0x00, 0x00, 0x00, 0x00, 0x20, 0x00, 0x00, 0x00, 0x10,
    0x80, 0x00, 0x00, 0x00, 0x00, 0x00, 0x00, 0x00, 0x00, 0x00, 0x00, 0x00, 0x00, 0x00, 0x00, 0x00, 0x00, 0x10,
    0x80, 0x00, 0x00, 0x00, 0x00, 0x00, 0x00, 0x00, 0x00, 0x80, 0x00, 0x00, 0x00, 0x00, 0x00, 0x00, 0x00, 0x10,
    0x80, 0x00, 0x00, 0x00, 0x00, 0x00, 0x00, 0x00, 0x00, 0x00, 0x00, 0x00, 0x10, 0x00, 0x00, 0x00, 0x00, 0x10,
    0x80, 0x00, 0x00, 0x00, 0x00, 0x00, 0x00, 0x00, 0x20, 0xc3, 0x87, 0x7d, 0xff, 0x00, 0x00, 0x00, 0x00, 0x10,
    0x80, 0x00, 0x00, 0x00, 0x00, 0x00, 0x00, 0x00, 0x00, 0xe3, 0xef, 0xff, 0xff, 0xc0, 0x00, 0x00, 0x00, 0x10,
    0x80, 0x00, 0x00, 0x00, 0x00, 0x00, 0x00, 0x00, 0x00, 0xc3, 0xff, 0xff, 0xff, 0xe0, 0x00, 0x00, 0x00, 0x10,
    0x80, 0x00, 0x00, 0x00, 0x00, 0x00, 0x00, 0x00, 0x00, 0x0f, 0xff, 0xff, 0xff, 0xf0, 0x00, 0x00, 0x00, 0x10,
    0x80, 0x00, 0x00, 0x00, 0x00, 0x00, 0x00, 0x00, 0x07, 0xff, 0xff, 0xff, 0xd5, 0xf8, 0x00, 0x00, 0x00, 0x10,
    0x80, 0x00, 0x00, 0x00, 0x00, 0x0f, 0x87, 0xc1, 0xcf, 0xff, 0xff, 0xff, 0xaa, 0xf8, 0x00, 0x00, 0x00, 0x10,
    0x80, 0x00, 0x00, 0x02, 0x00, 0x1f, 0xcf, 0xe7, 0xff, 0xff, 0xff, 0xff, 0x55, 0x7c, 0x00, 0x00, 0x00, 0x10,
    0x80, 0x00, 0x00, 0x00, 0x00, 0x1f, 0xff, 0xff, 0xff, 0xff, 0xff, 0xfe, 0xaa, 0xbc, 0x00, 0x00, 0x00, 0x10,
    0x80, 0x00, 0x00, 0x00, 0x0f, 0x1f, 0xff, 0xff, 0xff, 0xff, 0xff, 0xfd, 0x5d, 0x5c, 0x00, 0x00, 0x80, 0x10,
    0x80, 0x00, 0x00, 0x00, 0x1f, 0x9f, 0xff, 0xff, 0xff, 0xff, 0xff, 0xfe, 0xbe, 0xbc, 0x00, 0x00, 0x00, 0x10,
    0x80, 0x00, 0x00, 0x00, 0x1f, 0x9f, 0xff, 0xff, 0xff, 0xff, 0xff, 0xfd, 0x7f, 0x5e, 0x00, 0x00, 0x00, 0x10,
    0x80, 0x00, 0x00, 0x00, 0x1f, 0x0f, 0x9f, 0xff, 0xff, 0xff, 0xff, 0xfe, 0xbe, 0xbc, 0x00, 0x00, 0x00, 0x10,
    0x80, 0x00, 0x00, 0x00, 0x0f, 0x03, 0x1f, 0xff, 0xff, 0xff, 0xff, 0xfd, 0x5d, 0x5c, 0x00, 0x00, 0x00, 0x10,
    0x80, 0x00, 0x00, 0x00, 0x00, 0x00, 0x0f, 0xff, 0xff, 0xff, 0xff, 0xfe, 0xaa, 0xbc, 0x00, 0x00, 0x00, 0x10,
    0x80, 0x00, 0x00, 0x00, 0x00, 0x00, 0x07, 0xdf, 0xff, 0xff, 0xff, 0xff, 0x55, 0x7c, 0x00, 0x00, 0x00, 0x10,
    0x80, 0x00, 0x00, 0x00, 0x00, 0x00, 0x00, 0x1f, 0xff, 0xff, 0xff, 0xff, 0xaa, 0xf8, 0x02, 0x00, 0x00, 0x10,
    0x80, 0x00, 0x00, 0x00, 0x00, 0x00, 0x00, 0x0f, 0xff, 0xff, 0xff, 0xff, 0xd5, 0xf8, 0x00, 0x00, 0x00, 0x10,
    0x80, 0x00, 0x00, 0x00, 0x00, 0x00, 0x00, 0x03, 0xe7, 0xff, 0xff, 0xff, 0xff, 0xf0, 0x00, 0x00, 0x00, 0x10,
    0x80, 0x00, 0x00, 0x00, 0x00, 0x00, 0x00, 0x00, 0x00, 0xc8, 0xff, 0xff, 0xff, 0xe0, 0x00, 0x00, 0x00, 0x10,
    0x80, 0x00, 0x00, 0x00, 0x00, 0x00, 0x00, 0x00, 0x00, 0x03, 0xdf, 0xff, 0xff, 0xc0, 0x00, 0x00, 0x00, 0x10,
    0x80, 0x00, 0x00, 0x00, 0x00, 0x00, 0x00, 0x00, 0x00, 0xc3, 0xdf, 0xbf, 0xff, 0x00, 0x00, 0x00, 0x00, 0x10,
    0x80, 0x01, 0x00, 0x00, 0x00, 0x00, 0x00, 0x00, 0x00, 0xe3, 0xcf, 0xbf, 0x10, 0x00, 0x00, 0x00, 0x00, 0x10,
    0x80, 0x00, 0x00, 0x00, 0x00, 0x00, 0x00, 0x00, 0x20, 0xc3, 0x87, 0x0c, 0x00, 0x00, 0x00, 0x00, 0x00, 0x10,
    0x80, 0x00, 0x00, 0x00, 0x00, 0x00, 0x00, 0x00, 0x00, 0x00, 0x00, 0x00, 0x00, 0x00, 0x00, 0x00, 0x00, 0x10,
    0x80, 0x00, 0x00, 0x00, 0x00, 0x00, 0x00, 0x00, 0x00, 0x00, 0x80, 0x00, 0x00, 0x00, 0x00, 0x00, 0x00, 0x10,
    0x80, 0x00, 0x00, 0x00, 0x00, 0x00, 0x00, 0x00, 0x00, 0x00, 0x00, 0x00, 0x00, 0x00, 0x00, 0x00, 0x00, 0x10,
    0x80, 0x00, 0x00, 0x00, 0x00, 0x00, 0x00, 0x00, 0x00, 0x00, 0x00, 0x00, 0x00, 0x00, 0x00, 0x00, 0x00, 0x10,
    0x80, 0x00, 0x00, 0x00, 0x00, 0x00, 0x00, 0x00, 0x00, 0x00, 0x00, 0x00, 0x00, 0x00, 0x00, 0x00, 0x00, 0x10,
    0x80, 0x00, 0x00, 0x00, 0x10, 0x00, 0x00, 0x00, 0x00, 0x00, 0x00, 0x00, 0x00, 0x00, 0x00, 0x00, 0x00, 0x10,
    0x80, 0x00, 0x00, 0x00, 0x00, 0x00, 0x00, 0x00, 0x00, 0x00, 0x00, 0x00, 0x00, 0x00, 0x00, 0x00, 0x00, 0x10,
    0x80, 0x00, 0x00, 0x00, 0x00, 0x00, 0x00, 0x00, 0x00, 0x00, 0x00, 0x00, 0x00, 0x00, 0x00, 0x00, 0x00, 0x10,
    0x80, 0x00, 0x00, 0x00, 0x00, 0x00, 0x00, 0x00, 0x00, 0x00, 0x00, 0x00, 0x00, 0x00, 0x00, 0x00, 0x00, 0x10,
    0x80, 0x00, 0x00, 0x00, 0x00, 0x00, 0x00, 0x00, 0x00, 0x00, 0x00, 0x00, 0x00, 0x00, 0x00, 0x00, 0x00, 0x10,
    0x80, 0x00, 0x00, 0x00, 0x00, 0x00, 0x00, 0x00, 0x00, 0x00, 0x00, 0x00, 0x00, 0x00, 0x00, 0x00, 0x00, 0x10,
    0x80, 0x00, 0x00, 0x00, 0x00, 0x00, 0x00, 0x00, 0x00, 0x00, 0x00, 0x00, 0x00, 0x00, 0x00, 0x00, 0x00, 0x10,
    0x80, 0x00, 0x00, 0x00, 0x00, 0x00, 0x00, 0x00, 0x00, 0x00, 0x00, 0x00, 0x00, 0x00, 0x00, 0x00, 0x00, 0x10,
    0x80, 0x00, 0x00, 0x00, 0x00, 0x00, 0x00, 0x00, 0x00, 0x00, 0x00, 0x00, 0x00, 0x00, 0x00, 0x00, 0x00, 0x10,
    0x80, 0x00, 0x00, 0x00, 0x00, 0x00, 0x00, 0x00, 0x00, 0x00, 0x00, 0x00, 0x00, 0x00, 0x00, 0x00, 0x00, 0x10,
    0x80, 0x00, 0x00, 0x00, 0x00, 0x00, 0x00, 0x00, 0x00, 0x00, 0x00, 0x00, 0x00, 0x00, 0x00, 0x00, 0x00, 0x10,
    0x80, 0x00, 0x00, 0x00, 0x00, 0x00, 0x00, 0x00, 0x00, 0x00, 0x00, 0x00, 0x00, 0x00, 0x00, 0x00, 0x00, 0x10,
    0x80, 0x00, 0x00, 0x00, 0x40, 0x00, 0x00, 0x00, 0x00, 0x00, 0x00, 0x00, 0x00, 0x00, 0x00, 0x00, 0x00, 0x10,
    0x80, 0x00, 0x00, 0x00, 0x00, 0x00, 0x00, 0x00, 0x00, 0x00, 0x00, 0x00, 0x00, 0x00, 0x00, 0x00, 0x00, 0x10,
    0x80, 0x00, 0x00, 0x00, 0x00, 0x00, 0x00, 0x00, 0x00, 0x00, 0x00, 0x00, 0x00, 0x00, 0x00, 0x00, 0x00, 0x10,
    0x80, 0x00, 0x00, 0x00, 0x00, 0x00, 0x00, 0x00, 0x00, 0x00, 0x00, 0x00, 0x00, 0x00, 0x00, 0x00, 0x00, 0x10,
    0x80, 0x00, 0x00, 0x00, 0x00, 0x00, 0x00, 0x00, 0x00, 0x00, 0x00, 0x00, 0x00, 0x00, 0x00, 0x00, 0x00, 0x10,
    0x80, 0x00, 0x00, 0x00, 0x00, 0x00, 0x00, 0x00, 0x00, 0x00, 0x00, 0x00, 0x00, 0x00, 0x00, 0x00, 0x00, 0x10,
    0x80, 0x00, 0x00, 0x00, 0x00, 0x00, 0x00, 0x00, 0x00, 0x00, 0x00, 0x00, 0x00, 0x00, 0x00, 0x00, 0x00, 0x10,
    0x80, 0x00, 0x00, 0x00, 0x00, 0x00, 0x00, 0x00, 0x00, 0x00, 0x00, 0x00, 0x00, 0x00, 0x00, 0x00, 0x00, 0x10,
    0x80, 0x00, 0x00, 0x00, 0x00, 0x00, 0x00, 0x00, 0x00, 0x00, 0x00, 0x00, 0x00, 0x00, 0x00, 0x00, 0x00, 0x10,
    0x80, 0x00, 0x00, 0x00, 0x00, 0x00, 0x00, 0x00, 0x00, 0x00, 0x00, 0x00, 0x00, 0x00, 0x00, 0x00, 0x00, 0x10,
    0xff, 0xff, 0xff, 0xff, 0xff, 0xff, 0xff, 0xff, 0xff, 0xff, 0xff, 0xff, 0xff, 0xff, 0xff, 0xff, 0xff, 0xf0,
};

static const lv_img_dsc_t gaming10 = {
    .header.cf = LV_IMG_CF_INDEXED_1BIT,
    .header.always_zero = 0,
    .header.reserved = 0,
    .header.w = 140,
    .header.h = 68,
    .data_size = 1232,
    .data = gaming10_map,
};

static const LV_ATTRIBUTE_MEM_ALIGN LV_ATTRIBUTE_LARGE_CONST uint8_t gaming11_map[] = {
#if CONFIG_NICE_VIEW_WIDGET_INVERTED
    0xff, 0xff, 0xff, 0xff, /*Color of index 0*/
    0x00, 0x00, 0x00, 0xff, /*Color of index 1*/
#else
    0x00, 0x00, 0x00, 0xff, /*Color of index 0*/
    0xff, 0xff, 0xff, 0xff, /*Color of index 1*/
#endif
    0xff, 0xff, 0xff, 0xff, 0xff, 0xff, 0xff, 0xff, 0xff, 0xff, 0xff, 0xff, 0xff, 0xff, 0xff, 0xff, 0xff, 0xf0,
    0x80, 0x00, 0x00, 0x00, 0x00, 0x00, 0x00, 0x00, 0x00, 0x00, 0x00, 0x00, 0x10, 0x00, 0x00, 0x00, 0x00, 0x10,
    0x80, 0x00, 0x00, 0x00, 0x00, 0x00, 0x00, 0x00, 0x00, 0x00, 0x00, 0x00, 0x30, 0x00, 0x00, 0x00, 0x00, 0x10,
    0x80, 0x00, 0x00, 0x00, 0x00, 0x00, 0x00, 0x00, 0x00, 0x00, 0x00, 0x00, 0x30, 0x00, 0x00, 0x00, 0x00, 0x10,
    0x80, 0x00, 0x00, 0x00, 0x00, 0x00, 0x00, 0x00, 0x00, 0x00, 0x00, 0x00, 0x30, 0x00, 0x00, 0x00, 0x00, 0x10,
    0x80, 0x00, 0x00, 0x00, 0x00, 0x00, 0x00, 0x00, 0x00, 0x00, 0x00, 0x00, 0x30, 0x00, 0x00, 0x00, 0x00, 0x10,
    0x80, 0x00, 0x00, 0x00, 0x00, 0x00, 0x04, 0x00, 0x00, 0x00, 0x10, 0x00, 0x30, 0x00, 0x10, 0x00, 0x00, 0x10,
    0x80, 0x00, 0x00, 0x00, 0x00, 0x00, 0x00, 0x00, 0x00, 0x00, 0x18, 0x00, 0x38, 0x00, 0x30, 0x00, 0x00, 0x10,
    0x80, 0x00, 0x00, 0x00, 0x00, 0x00, 0x00, 0x00, 0x00, 0x00, 0x1c, 0x00, 0x38, 0x00, 0x70, 0x00, 0x00, 0x10,
    0x80, 0x00, 0x00, 0x00, 0x00, 0x00, 0x00, 0x00, 0x00, 0x00, 0x0c, 0x00, 0x38, 0x00, 0x60, 0x00, 0x00, 0x10,
    0x80, 0x00, 0x00, 0x00, 0x00, 0x00, 0x00, 0x00, 0x00, 0x00, 0x0e, 0x00, 0x38, 0x00, 0xe0, 0x00, 0x00, 0x10,
    0x80, 0x00, 0x00, 0x00, 0x00, 0x00, 0x00, 0x00, 0x00, 0x00, 0x06, 0x00, 0x38, 0x00, 0xc0, 0x00, 0x00, 0x10,
    0x80, 0x00, 0x00, 0x00, 0x00, 0x00, 0x00, 0x00, 0x00, 0x00, 0x03, 0x00, 0x38, 0x01, 0x80, 0x00, 0x00, 0x10,
    0x80, 0x00, 0x00, 0x00, 0x00, 0x00, 0x00, 0x00, 0x00, 0x00, 0x03, 0x87, 0xff, 0xe3, 0x80, 0x00, 0x00, 0x10,
    0x80, 0x00, 0x00, 0x00, 0x00, 0x00, 0x00, 0x00, 0x00, 0x00, 0x01, 0xbf, 0xff, 0xfb, 0x00, 0x00, 0x00, 0x10,
    0x80, 0x00, 0x00, 0x00, 0x00, 0x00, 0x00, 0x00, 0x00, 0x00, 0x01, 0xff, 0xff, 0xff, 0x00, 0x00, 0x00, 0x10,
    0x80, 0x00, 0x00, 0x00, 0x00, 0x00, 0x00, 0x00, 0x00, 0x00, 0x01, 0xff, 0xff, 0xff, 0x00, 0x00, 0x00, 0x10,
    0x80, 0x00, 0x00, 0x00, 0x00, 0x00, 0x00, 0x00, 0x00, 0x00, 0x03, 0xff, 0xff, 0xff, 0x80, 0x00, 0x00, 0x10,
    0x80, 0x00, 0x00, 0x00, 0x00, 0x00, 0x00, 0x00, 0x01, 0xc0, 0x0f, 0xff, 0xff, 0xff, 0xe0, 0x07, 0x00, 0x10,
    0x80, 0x00, 0x00, 0x00, 0x00, 0x00, 0x00, 0x00, 0x00, 0xf0, 0x1f, 0xff, 0xff, 0xff, 0xf0, 0x1e, 0x00, 0x10,
    0x80, 0x00, 0x00, 0x00, 0x00, 0x00, 0x00, 0x00, 0x00, 0x78, 0x1f, 0xff, 0xff, 0xff, 0xf0, 0x3c, 0x00, 0x10,
    0x80, 0x00, 0x00, 0x00, 0x00, 0x00, 0x00, 0x00, 0x00, 0x1e, 0x3f, 0xff, 0xff, 0xff, 0xf8, 0xf0, 0x00, 0x10,
    0x80, 0x00, 0x00, 0x00, 0x00, 0x00, 0x00, 0x00, 0x00, 0x07, 0xff, 0xff, 0xef, 0xff, 0xff, 0xc0, 0x00, 0x10,
    0x80, 0x00, 0x00, 0x02, 0x00, 0x00, 0x00, 0x00, 0x00, 0x03, 0xff, 0xff, 0x55, 0xff, 0xff, 0x80, 0x00, 0x10,
    0x80, 0x00, 0x00, 0x00, 0x00, 0x00, 0x00, 0x00, 0x00, 0x00, 0xff, 0xfa, 0xaa, 0xbf, 0xfe, 0x00, 0x00, 0x10,
    0x80, 0x00, 0x00, 0x00, 0x00, 0x00, 0x00, 0x00, 0x00, 0x01, 0xff, 0xf5, 0x55, 0x5f, 0xff, 0x00, 0x80, 0x10,
    0x80, 0x00, 0x00, 0x00, 0x00, 0x00, 0x00, 0x00, 0x00, 0x01, 0xff, 0xea, 0xaa, 0xaf, 0xff, 0x00, 0x00, 0x10,
    0x80, 0x00, 0x00, 0x00, 0x00, 0x00, 0x00, 0x00, 0x00, 0x01, 0xff, 0xd5, 0x55, 0x57, 0xff, 0x00, 0x00, 0x10,
    0x80, 0x00, 0x00, 0x00, 0x00, 0x00, 0x00, 0x00, 0x00, 0x03, 0xff, 0xaa, 0xaa, 0xab, 0xff, 0x80, 0x00, 0x10,
    0x80, 0x00, 0x00, 0x00, 0x00, 0x00, 0x00, 0x00, 0x00, 0x03, 0xff, 0xd5, 0x55, 0x57, 0xff, 0x80, 0x00, 0x10,
    0x80, 0x00, 0x00, 0x00, 0x00, 0x00, 0x00, 0x00, 0x00, 0x03, 0xff, 0xaa, 0xaa, 0xab, 0xff, 0x80, 0x00, 0x10,
    0x80, 0x00, 0x00, 0x00, 0x00, 0x00, 0x00, 0x00, 0x00, 0x03, 0xff, 0x55, 0x55, 0x55, 0xff, 0x80, 0x00, 0x10,
    0x80, 0x00, 0x00, 0x00, 0x00, 0x00, 0x00, 0x00, 0x00, 0x03, 0xff, 0xaa, 0xaa, 0xab, 0xff, 0x80, 0x00, 0x10,
    0x80, 0x00, 0x00, 0x00, 0x00, 0x00, 0x00, 0x00, 0x1f, 0xff, 0xff, 0x55, 0x55, 0x55, 0xff, 0xff, 0xf0, 0x10,
    0x80, 0x00, 0x00, 0x00, 0x00, 0x00, 0x00, 0x00, 0x3f, 0xff, 0xfe, 0xaa, 0xaa, 0xaa, 0xff, 0xff, 0xf8, 0x10,
    0x80, 0x00, 0x00, 0x00, 0x00, 0x00, 0x00, 0x00, 0x1f, 0xff, 0xff, 0x55, 0x55, 0x55, 0xff, 0x80, 0x00, 0x10,
    0x80, 0x00, 0x00, 0x00, 0x00, 0x00, 0x00, 0x00, 0x00, 0x03, 0xff, 0xaa, 0xaa, 0xab, 0xff, 0x80, 0x00, 0x10,
    0x80, 0x00, 0x00, 0x00, 0x00, 0x00, 0x00, 0x00, 0x00, 0x03, 0xff, 0x55, 0x55, 0x55, 0xff, 0x80, 0x00, 0x10,
    0x80, 0x01, 0x00, 0x00, 0x00, 0x00, 0x00, 0x00, 0x00, 0x03, 0xff, 0xaa, 0xaa, 0xab, 0xff, 0x80, 0x00, 0x10,
    0x80, 0x00, 0x00, 0x00, 0x00, 0x00, 0x00, 0x00, 0x00, 0x03, 0xff, 0xd5, 0x55, 0x57, 0xff, 0x80, 0x00, 0x10,
    0x80, 0x00, 0x00, 0x00, 0x00, 0x00, 0x00, 0x00, 0x00, 0x03, 0xff, 0xaa, 0xaa, 0xab, 0xff, 0x80, 0x00, 0x10,
    0x80, 0x00, 0x00, 0x00, 0x00, 0x00, 0x00, 0x00, 0x00, 0x01, 0xff, 0xd5, 0x55, 0x57, 0xff, 0x00, 0x00, 0x10,
    0x80, 0x00, 0x00, 0x00, 0x00, 0x00, 0x00, 0x00, 0x00, 0x01, 0xff, 0xea, 0xaa, 0xaf, 0xff, 0x00, 0x00, 0x10,
    0x80, 0x00, 0x00, 0x00, 0x00, 0x00, 0x00, 0x00, 0x00, 0x01, 0xff, 0xf5, 0x55, 0x5f, 0xff, 0x00, 0x00, 0x10,
    0x80, 0x00, 0x00, 0x00, 0x00, 0x00, 0x00, 0x00, 0x00, 0x00, 0xff, 0xfa, 0xaa, 0xbf, 0xfe, 0x00, 0x00, 0x10,
    0x80, 0x00, 0x00, 0x00, 0x10, 0x00, 0x00, 0x00, 0x00, 0x03, 0xff, 0xff, 0x55, 0xff, 0xff, 0x80, 0x00, 0x10,
    0x80, 0x00, 0x00, 0x00, 0x00, 0x00, 0x00, 0x00, 0x00, 0x07, 0xff, 0xff, 0xef, 0xff, 0xff, 0xc0, 0x00, 0x10,
    0x80, 0x00, 0x00, 0x00, 0x00, 0x00, 0x00, 0x00, 0x00, 0x1e, 0x3f, 0xff, 0xff, 0xff, 0xf8, 0xf0, 0x00, 0x10,
    0x80, 0x00, 0x00, 0x00, 0x00, 0x00, 0x00, 0x00, 0x00, 0x78, 0x1f, 0xff, 0xff, 0xff, 0xf0, 0x3c, 0x00, 0x10,
    0x80, 0x00, 0x00, 0x00, 0x00, 0x00, 0x00, 0x00, 0x00, 0xf0, 0x1f, 0xff, 0xff, 0xff, 0xf0, 0x1e, 0x00, 0x10,
    0x80, 0x00, 0x00, 0x00, 0x00, 0x00, 0x00, 0x00, 0x01, 0xc0, 0x0f, 0xff, 0xff, 0xff, 0xe0, 0x07, 0x00, 0x10,
    0x80, 0x00, 0x00, 0x00, 0x00, 0x00, 0x00, 0x00, 0x00, 0x00, 0x03, 0xff, 0xff, 0xff, 0x80, 0x00, 0x00, 0x10,
    0x80, 0x00, 0x00, 0x00, 0x00, 0x00, 0x00, 0x00, 0x00, 0x00, 0x01, 0xff, 0xff, 0xff, 0x00, 0x00, 0x00, 0x10,
    0x80, 0x00, 0x00, 0x00, 0x00, 0x00, 0x00, 0x00, 0x00, 0x00, 0x01, 0xff, 0xff, 0xff, 0x00, 0x00, 0x00, 0x10,
    0x80, 0x00, 0x00, 0x00, 0x00, 0x00, 0x00, 0x00, 0x00, 0x00, 0x01, 0xbf, 0xff, 0xfb, 0x00, 0x00, 0x00, 0x10,
    0x80, 0x00, 0x00, 0x00, 0x00, 0x00, 0x00, 0x00, 0x00, 0x00, 0x03, 0x87, 0xff, 0xc3, 0x80, 0x00, 0x00, 0x10,
    0x80, 0x00, 0x00, 0x00, 0x00, 0x00, 0x00, 0x00, 0x00, 0x00, 0x03, 0x00, 0x38, 0x01, 0x80, 0x00, 0x00, 0x10,
    0x80, 0x00, 0x00, 0x00, 0x40, 0x00, 0x00, 0x00, 0x00, 0x00, 0x06, 0x00, 0x38, 0x00, 0xc0, 0x00, 0x00, 0x10,
    0x80, 0x00, 0x00, 0x00, 0x00, 0x00, 0x00, 0x00, 0x00, 0x00, 0x0e, 0x00, 0x38, 0x00, 0xe0, 0x00, 0x00, 0x10,
    0x80, 0x40, 0x00, 0x00, 0x00, 0x00, 0x00, 0x00, 0x00, 0x00, 0x0c, 0x00, 0x38, 0x00, 0x60, 0x00, 0x00, 0x10,
    0x80, 0x00, 0x00, 0x00, 0x00, 0x00, 0x00, 0x00, 0x00, 0x00, 0x1c, 0x00, 0x38, 0x00, 0x70, 0x00, 0x00, 0x10,
    0x80, 0x00, 0x00, 0x00, 0x00, 0x00, 0x00, 0x00, 0x00, 0x00, 0x18, 0x00, 0x38, 0x00, 0x30, 0x00, 0x00, 0x10,
    0x80, 0x00, 0x00, 0x00, 0x00, 0x00, 0x00, 0x00, 0x00, 0x00, 0x10, 0x00, 0x38, 0x00, 0x10, 0x00, 0x00, 0x10,
    0x80, 0x00, 0x00, 0x00, 0x00, 0x00, 0x00, 0x00, 0x00, 0x00, 0x00, 0x00, 0x38, 0x00, 0x00, 0x00, 0x00, 0x10,
    0x80, 0x00, 0x00, 0x00, 0x00, 0x00, 0x00, 0x00, 0x00, 0x00, 0x00, 0x00, 0x38, 0x00, 0x00, 0x00, 0x00, 0x10,
    0x80, 0x00, 0x00, 0x00, 0x00, 0x00, 0x00, 0x00, 0x00, 0x00, 0x00, 0x00, 0x38, 0x00, 0x00, 0x00, 0x00, 0x10,
    0x80, 0x00, 0x00, 0x00, 0x00, 0x00, 0x00, 0x00, 0x00, 0x00, 0x00, 0x00, 0x38, 0x00, 0x00, 0x00, 0x00, 0x10,
    0xff, 0xff, 0xff, 0xff, 0xff, 0xff, 0xff, 0xff, 0xff, 0xff, 0xff, 0xff, 0xff, 0xff, 0xff, 0xff, 0xff, 0xf0,
};

static const lv_img_dsc_t gaming11 = {
    .header.cf = LV_IMG_CF_INDEXED_1BIT,
    .header.always_zero = 0,
    .header.reserved = 0,
    .header.w = 140,
    .header.h = 68,
    .data_size = 1232,
    .data = gaming11_map,
};

static const LV_ATTRIBUTE_MEM_ALIGN LV_ATTRIBUTE_LARGE_CONST uint8_t gaming12_map[] = {
#if CONFIG_NICE_VIEW_WIDGET_INVERTED
    0xff, 0xff, 0xff, 0xff, /*Color of index 0*/
    0x00, 0x00, 0x00, 0xff, /*Color of index 1*/
#else
    0x00, 0x00, 0x00, 0xff, /*Color of index 0*/
    0xff, 0xff, 0xff, 0xff, /*Color of index 1*/
#endif
    0xff, 0xff, 0xff, 0xff, 0xff, 0xff, 0xff, 0xff, 0xff, 0xff, 0xff, 0xff, 0xff, 0xff, 0xff, 0xff, 0xff, 0xf0,
    0x80, 0x00, 0x00, 0x00, 0x00, 0x00, 0x00, 0x00, 0x00, 0x00, 0x00, 0x7c, 0x00, 0xf0, 0x00, 0x00, 0x00, 0x10,
    0x80, 0x00, 0x00, 0x00, 0x00, 0x00, 0x00, 0x00, 0x00, 0x00, 0x00, 0x7c, 0x00, 0xf8, 0x00, 0x00, 0x00, 0x10,
    0x80, 0x00, 0x00, 0x00, 0x00, 0x00, 0x00, 0x00, 0x00, 0x00, 0x00, 0x7c, 0x10, 0xf0, 0x00, 0x00, 0x00, 0x10,
    0x80, 0x00, 0x00, 0x00, 0x00, 0x00, 0x00, 0x00, 0x00, 0x00, 0x00, 0x3f, 0xff, 0xe0, 0x00, 0x00, 0x00, 0x10,
    0x80, 0x00, 0x00, 0x00, 0x00, 0x00, 0x00, 0x00, 0x00, 0x00, 0x00, 0x7f, 0xff, 0xfc, 0x00, 0x00, 0x00, 0x10,
    0x80, 0x00, 0x00, 0x00, 0x00, 0x00, 0x04, 0x00, 0x00, 0x00, 0x03, 0xff, 0xff, 0xff, 0x83, 0x80, 0x00, 0x10,
    0x80, 0x00, 0x00, 0x00, 0x00, 0x00, 0x00, 0x00, 0x00, 0x0f, 0x0f, 0xff, 0xff, 0xff, 0xe7, 0xc0, 0x00, 0x10,
    0x80, 0x00, 0x00, 0x00, 0x00, 0x00, 0x00, 0x00, 0x00, 0x0f, 0x9f, 0xff, 0xef, 0xff, 0xf7, 0xc0, 0x00, 0x10,
    0x80, 0x00, 0x00, 0x00, 0x00, 0x00, 0x00, 0x00, 0x00, 0x0f, 0xff, 0xf0, 0x00, 0x1f, 0xff, 0xc0, 0x00, 0x10,
    0x80, 0x00, 0x00, 0x00, 0x00, 0x00, 0x00, 0x00, 0x00, 0x0f, 0xff, 0x80, 0x00, 0x03, 0xff, 0x00, 0x00, 0x10,
    0x80, 0x00, 0x00, 0x00, 0x00, 0x00, 0x00, 0x00, 0x00, 0x07, 0xfe, 0x00, 0x00, 0x00, 0xff, 0x00, 0x00, 0x10,
    0x80, 0x00, 0x00, 0x00, 0x00, 0x00, 0x00, 0x00, 0x00, 0x03, 0xfc, 0x00, 0x10, 0x00, 0x7f, 0x80, 0x00, 0x10,
    0x80, 0x00, 0x00, 0x00, 0x00, 0x00, 0x00, 0x00, 0x00, 0x07, 0xf0, 0x02, 0x22, 0x20, 0x1f, 0xc0, 0x00, 0x10,
    0x80, 0x00, 0x00, 0x00, 0x00, 0x00, 0x00, 0x00, 0x00, 0x0f, 0xe0, 0x15, 0x55, 0x50, 0x0f, 0xe0, 0x00, 0x10,
    0x80, 0x00, 0x00, 0x00, 0x00, 0x00, 0x00, 0x00, 0x00, 0x1f, 0xc0, 0x00, 0x00, 0x00, 0x07, 0xf0, 0x00, 0x10,
    0x80, 0x00, 0x00, 0x00, 0x00, 0x00, 0x00, 0x00, 0x00, 0x3f, 0x81, 0x55, 0x55, 0x55, 0x03, 0xf8, 0x00, 0x10,
    0x80, 0x00, 0x00, 0x00, 0x00, 0x00, 0x00, 0x00, 0x00, 0x3f, 0x02, 0x22, 0x22, 0x22, 0x01, 0xf9, 0xc0, 0x10,
    0x80, 0x00, 0x00, 0x00, 0x00, 0x00, 0x00, 0x00, 0x04, 0x7e, 0x05, 0x55, 0x55, 0x55, 0x40, 0xfd, 0xe0, 0x10,
    0x80, 0x00, 0x00, 0x00, 0x00, 0x00, 0x00, 0x00, 0x1e, 0xfc, 0x00, 0x00, 0x00, 0x00, 0x00, 0x7f, 0xe0, 0x10,
    0x80, 0x00, 0x00, 0x00, 0x00, 0x00, 0x00, 0x00, 0x1f, 0xfc, 0x15, 0x55, 0x55, 0x55, 0x50, 0x7f, 0xe0, 0x10,
    0x80, 0x00, 0x00, 0x00, 0x00, 0x00, 0x00, 0x00, 0x1f, 0xf8, 0x22, 0x22, 0x22, 0x22, 0x20, 0x3f, 0xc0, 0x10,
    0x80, 0x00, 0x00, 0x00, 0x00, 0x00, 0x00, 0x00, 0x1f, 0xf0, 0x55, 0x55, 0x55, 0x55, 0x54, 0x1f, 0x00, 0x10,
    0x80, 0x00, 0x00, 0x02, 0x00, 0x00, 0x00, 0x00, 0x01, 0xf0, 0x00, 0x00, 0x00, 0x00, 0x00, 0x1f, 0x00, 0x10,
    0x80, 0x00, 0x00, 0x00, 0x00, 0x00, 0x00, 0x00, 0x03, 0xe0, 0x55, 0x55, 0x55, 0x55, 0x54, 0x0f, 0x80, 0x10,
    0x80, 0x00, 0x00, 0x00, 0x00, 0x00, 0x00, 0x00, 0x03, 0xe0, 0x22, 0x22, 0x22, 0x22, 0x22, 0x0f, 0x80, 0x10,
    0x80, 0x00, 0x00, 0x00, 0x00, 0x00, 0x00, 0x00, 0x03, 0xe1, 0x55, 0x57, 0x55, 0x55, 0x55, 0x0f, 0x80, 0x10,
    0x80, 0x00, 0x00, 0x00, 0x00, 0x00, 0x00, 0x00, 0x07, 0xc0, 0x00, 0x07, 0xfe, 0x00, 0x00, 0x07, 0xc0, 0x10,
    0x80, 0x00, 0x00, 0x00, 0x00, 0x00, 0x00, 0x00, 0x07, 0xc1, 0x55, 0x57, 0xd5, 0x55, 0x55, 0x07, 0xc0, 0x10,
    0x80, 0x00, 0x00, 0x00, 0x00, 0x00, 0x00, 0x00, 0x07, 0xc2, 0x22, 0x2f, 0x22, 0x22, 0x22, 0x07, 0xc0, 0x10,
    0x80, 0x00, 0x00, 0x00, 0x00, 0x00, 0x00, 0x00, 0x07, 0xc1, 0x55, 0x5f, 0x55, 0x55, 0x55, 0x07, 0xc0, 0x10,
    0x80, 0x00, 0x00, 0x00, 0x00, 0x00, 0x00, 0x00, 0x07, 0xc2, 0x00, 0x0a, 0x03, 0x80, 0x00, 0x07, 0xdc, 0x10,
    0x80, 0x00, 0x00, 0x00, 0x00, 0x00, 0x00, 0x00, 0x07, 0xc1, 0x55, 0x55, 0x55, 0x55, 0x57, 0x07, 0xfe, 0x10,
    0x80, 0x00, 0x00, 0x00, 0x00, 0x00, 0x00, 0x00, 0x77, 0xc2, 0x22, 0x22, 0x23, 0x22, 0x22, 0x07, 0xfe, 0x10,
    0x80, 0x00, 0x00, 0x00, 0x00, 0x00, 0x00, 0x00, 0xff, 0x85, 0x55, 0x55, 0x57, 0xd5, 0x55, 0x43, 0xfe, 0x10,
    0x80, 0x00, 0x00, 0x00, 0x00, 0x00, 0x00, 0x00, 0xff, 0xc0, 0x00, 0x00, 0x03, 0x80, 0x00, 0x07, 0xdc, 0x10,
    0x80, 0x00, 0x00, 0x00, 0x00, 0x00, 0x00, 0x00, 0xff, 0xc1, 0x55, 0x57, 0x55, 0xd5, 0x55, 0x07, 0xc0, 0x10,
    0x80, 0x00, 0x00, 0x00, 0x00, 0x00, 0x00, 0x00, 0x77, 0xc2, 0x22, 0x27, 0x23, 0xe2, 0x22, 0x07, 0xc0, 0x10,
    0x80, 0x00, 0x00, 0x00, 0x00, 0x00, 0x00, 0x00, 0x07, 0xc1, 0x55, 0x5f, 0x55, 0xd5, 0x55, 0x07, 0xc0, 0x10,
    0x80, 0x00, 0x00, 0x00, 0x00, 0x00, 0x00, 0x00, 0x07, 0xc0, 0x00, 0x07, 0xe0, 0x00, 0x00, 0x07, 0xc0, 0x10,
    0x80, 0x00, 0x00, 0x00, 0x00, 0x00, 0x00, 0x00, 0x07, 0xc1, 0x55, 0x57, 0xf5, 0x55, 0x55, 0x07, 0xc0, 0x10,
    0x80, 0x00, 0x00, 0x00, 0x00, 0x00, 0x00, 0x00, 0x07, 0xc0, 0x22, 0x27, 0xfa, 0x22, 0x22, 0x07, 0xc0, 0x10,
    0x80, 0x00, 0x00, 0x00, 0x00, 0x00, 0x00, 0x00, 0x03, 0xe1, 0x55, 0x57, 0x55, 0x55, 0x55, 0x0f, 0x80, 0x10,
    0x80, 0x00, 0x00, 0x00, 0x00, 0x00, 0x00, 0x00, 0x03, 0xe0, 0x00, 0x00, 0x00, 0x00, 0x00, 0x0f, 0x80, 0x10,
    0x80, 0x00, 0x00, 0x00, 0x00, 0x00, 0x00, 0x00, 0x03, 0xe0, 0x55, 0x55, 0x55, 0x55, 0x54, 0x0f, 0x80, 0x10,
    0x80, 0x00, 0x00, 0x00, 0x10, 0x00, 0x00, 0x00, 0x01, 0xf0, 0x22, 0x22, 0x22, 0x22, 0x22, 0x1f, 0x00, 0x10,
    0x80, 0x00, 0x00, 0x00, 0x00, 0x00, 0x00, 0x00, 0x01, 0xf0, 0x55, 0x55, 0x55, 0x55, 0x54, 0x1f, 0xf0, 0x10,
    0x80, 0x00, 0x00, 0x00, 0x00, 0x00, 0x00, 0x00, 0x07, 0xf8, 0x00, 0x00, 0x00, 0x00, 0x00, 0x3f, 0xf0, 0x10,
    0x80, 0x00, 0x00, 0x00, 0x00, 0x00, 0x00, 0x00, 0x0f, 0xfc, 0x15, 0x55, 0x55, 0x55, 0x50, 0x7f, 0xf0, 0x10,
    0x80, 0x00, 0x00, 0x00, 0x00, 0x00, 0x00, 0x00, 0x0f, 0xfc, 0x02, 0x22, 0x22, 0x22, 0x20, 0x7e, 0xf0, 0x10,
    0x80, 0x00, 0x00, 0x00, 0x00, 0x00, 0x00, 0x00, 0x0f, 0x7e, 0x05, 0x55, 0x55, 0x55, 0x40, 0xfc, 0x40, 0x10,
    0x80, 0x00, 0x00, 0x00, 0x00, 0x00, 0x00, 0x00, 0x07, 0x3f, 0x00, 0x00, 0x00, 0x00, 0x01, 0xf8, 0x00, 0x10,
    0x80, 0x00, 0x00, 0x00, 0x00, 0x00, 0x00, 0x00, 0x00, 0x3f, 0x81, 0x55, 0x55, 0x55, 0x03, 0xf8, 0x00, 0x10,
    0x80, 0x00, 0x00, 0x00, 0x00, 0x00, 0x00, 0x00, 0x00, 0x1f, 0xc0, 0x22, 0x22, 0x22, 0x07, 0xf0, 0x00, 0x10,
    0x80, 0x00, 0x00, 0x00, 0x00, 0x00, 0x00, 0x00, 0x00, 0x0f, 0xe0, 0x15, 0x55, 0x50, 0x0f, 0xe0, 0x00, 0x10,
    0x80, 0x00, 0x00, 0x00, 0x00, 0x00, 0x00, 0x00, 0x00, 0x07, 0xf0, 0x00, 0x00, 0x00, 0x1f, 0xc0, 0x00, 0x10,
    0x80, 0x00, 0x00, 0x00, 0x00, 0x00, 0x00, 0x00, 0x00, 0x03, 0xfc, 0x00, 0x10, 0x00, 0x7f, 0x80, 0x00, 0x10,
    0x80, 0x00, 0x00, 0x00, 0x40, 0x00, 0x00, 0x00, 0x00, 0x01, 0xfe, 0x00, 0x00, 0x00, 0xff, 0xc0, 0x00, 0x10,
    0x80, 0x00, 0x00, 0x00, 0x00, 0x00, 0x00, 0x00, 0x00, 0x01, 0xff, 0x80, 0x00, 0x03, 0xff, 0xe0, 0x00, 0x10,
    0x80, 0x40, 0x00, 0x00, 0x00, 0x00, 0x00, 0x00, 0x00, 0x07, 0xff, 0xf0, 0x00, 0x1f, 0xff, 0xe0, 0x00, 0x10,
    0x80, 0x00, 0x00, 0x00, 0x00, 0x00, 0x00, 0x00, 0x00, 0x07, 0xdf, 0xff, 0xef, 0xff, 0xf3, 0xe0, 0x00, 0x10,
    0x80, 0x00, 0x00, 0x00, 0x00, 0x00, 0x00, 0x00, 0x00, 0x07, 0xcf, 0xff, 0xff, 0xff, 0xe1, 0xe0, 0x00, 0x10,
    0x80, 0x00, 0x00, 0x00, 0x00, 0x00, 0x00, 0x00, 0x00, 0x03, 0x83, 0xff, 0xff, 0xff, 0x80, 0x00, 0x00, 0x10,
    0x80, 0x00, 0x00, 0x00, 0x00, 0x00, 0x00, 0x00, 0x00, 0x00, 0x00, 0x7f, 0xff, 0xfc, 0x00, 0x00, 0x00, 0x10,
    0x80, 0x00, 0x00, 0x00, 0x00, 0x00, 0x00, 0x00, 0x00, 0x00, 0x00, 0x0f, 0xff, 0xf8, 0x00, 0x00, 0x00, 0x10,
    0x80, 0x00, 0x00, 0x00, 0x00, 0x00, 0x00, 0x00, 0x00, 0x00, 0x00, 0x1e, 0x10, 0x7c, 0x00, 0x00, 0x00, 0x10,
    0x80, 0x00, 0x00, 0x00, 0x00, 0x00, 0x00, 0x00, 0x00, 0x00, 0x00, 0x3e, 0x00, 0x7c, 0x00, 0x00, 0x00, 0x10,
    0xff, 0xff, 0xff, 0xff, 0xff, 0xff, 0xff, 0xff, 0xff, 0xff, 0xff, 0xff, 0xff, 0xff, 0xff, 0xff, 0xff, 0xf0,
};

static const lv_img_dsc_t gaming12 = {
    .header.cf = LV_IMG_CF_INDEXED_1BIT,
    .header.always_zero = 0,
    .header.reserved = 0,
    .header.w = 140,
    .header.h = 68,
    .data_size = 1232,
    .data = gaming12_map,
};

static const LV_ATTRIBUTE_MEM_ALIGN LV_ATTRIBUTE_LARGE_CONST uint8_t gaming13_map[] = {
#if CONFIG_NICE_VIEW_WIDGET_INVERTED
    0xff, 0xff, 0xff, 0xff, /*Color of index 0*/
    0x00, 0x00, 0x00, 0xff, /*Color of index 1*/
#else
    0x00, 0x00, 0x00, 0xff, /*Color of index 0*/
    0xff, 0xff, 0xff, 0xff, /*Color of index 1*/
#endif
    0xff, 0xff, 0xff, 0xff, 0xff, 0xff, 0xff, 0xff, 0xff, 0xff, 0xff, 0xff, 0xff, 0xff, 0xff, 0xff, 0xff, 0xf0,
    0x80, 0x00, 0x00, 0x00, 0x00, 0x00, 0x00, 0x00, 0x00, 0x02, 0xaa, 0x00, 0x00, 0x00, 0xaa, 0x80, 0x00, 0x10,
    0x80, 0x00, 0x00, 0x00, 0x00, 0x00, 0x00, 0x00, 0x00, 0x15, 0x50, 0x00, 0x00, 0x00, 0x15, 0x50, 0x00, 0x10,
    0x80, 0x00, 0x00, 0x00, 0x00, 0x00, 0x00, 0x00, 0x00, 0x2a, 0xa0, 0x00, 0x00, 0x00, 0x0a, 0xa8, 0x00, 0x10,
    0x80, 0x00, 0x00, 0x00, 0x00, 0x00, 0x00, 0x00, 0x00, 0x55, 0x00, 0x00, 0x10, 0x00, 0x01, 0x54, 0x00, 0x10,
    0x80, 0x00, 0x00, 0x00, 0x00, 0x00, 0x00, 0x00, 0x00, 0xaa, 0x00, 0x00, 0x00, 0x00, 0x00, 0xaa, 0x00, 0x10,
    0x80, 0x00, 0x00, 0x00, 0x00, 0x00, 0x04, 0x00, 0x01, 0x54, 0x00, 0x44, 0x44, 0x44, 0x00, 0x55, 0x00, 0x10,
    0x80, 0x00, 0x00, 0x00, 0x00, 0x00, 0x00, 0x00, 0x02, 0xa8, 0x00, 0x00, 0x00, 0x00, 0x00, 0x2a, 0x80, 0x10,
    0x80, 0x00, 0x00, 0x00, 0x00, 0x00, 0x00, 0x00, 0x05, 0x50, 0x01, 0x11, 0x11, 0x11, 0x00, 0x15, 0x40, 0x10,
    0x80, 0x00, 0x00, 0x00, 0x00, 0x00, 0x00, 0x00, 0x0a, 0xa0, 0x00, 0x00, 0x00, 0x00, 0x00, 0x0a, 0xa0, 0x10,
    0x80, 0x00, 0x00, 0x00, 0x00, 0x00, 0x00, 0x00, 0x15, 0x40, 0x44, 0x44, 0x44, 0x44, 0x44, 0x05, 0x50, 0x10,
    0x80, 0x00, 0x00, 0x00, 0x00, 0x00, 0x00, 0x00, 0x0a, 0x80, 0x00, 0x00, 0x00, 0x00, 0x00, 0x02, 0xa0, 0x10,
    0x80, 0x00, 0x00, 0x00, 0x00, 0x00, 0x00, 0x00, 0x15, 0x01, 0x11, 0x11, 0x11, 0x11, 0x11, 0x01, 0x50, 0x10,
    0x80, 0x00, 0x00, 0x00, 0x00, 0x00, 0x00, 0x00, 0x2a, 0x00, 0x00, 0x00, 0x00, 0x00, 0x00, 0x00, 0xa8, 0x10,
    0x80, 0x00, 0x00, 0x00, 0x00, 0x00, 0x00, 0x00, 0x54, 0x04, 0x44, 0x44, 0x44, 0x44, 0x44, 0x40, 0x54, 0x10,
    0x80, 0x00, 0x00, 0x00, 0x00, 0x00, 0x00, 0x00, 0xa8, 0x00, 0x00, 0x00, 0x00, 0x00, 0x00, 0x00, 0x2a, 0x10,
    0x80, 0x00, 0x00, 0x00, 0x00, 0x00, 0x00, 0x00, 0x50, 0x11, 0x11, 0x11, 0x11, 0x11, 0x11, 0x10, 0x14, 0x10,
    0x80, 0x00, 0x00, 0x00, 0x00, 0x00, 0x00, 0x00, 0xa8, 0x00, 0x00, 0x00, 0x00, 0x00, 0x00, 0x00, 0x2a, 0x10,
    0x80, 0x00, 0x00, 0x00, 0x00, 0x00, 0x00, 0x01, 0x50, 0x04, 0x44, 0x44, 0x44, 0x44, 0x44, 0x40, 0x15, 0x10,
    0x80, 0x00, 0x00, 0x00, 0x00, 0x00, 0x00, 0x02, 0xa0, 0x00, 0x04, 0x08, 0xe8, 0x00, 0x00, 0x00, 0x0a, 0x90,
    0x80, 0x00, 0x00, 0x00, 0x40, 0x00, 0x00, 0x01, 0x40, 0x11, 0x1f, 0x1d, 0x5d, 0x11, 0x11, 0x10, 0x05, 0x10,
    0x80, 0x00, 0x00, 0x00, 0x00, 0x00, 0x00, 0x02, 0xa0, 0x00, 0x04, 0x08, 0x08, 0x00, 0x00, 0x00, 0x0a, 0x90,
    0x80, 0x00, 0x00, 0x00, 0x00, 0x00, 0x00, 0x05, 0x40, 0x44, 0x44, 0xc4, 0x44, 0x44, 0x44, 0x44, 0x05, 0x50,
    0x80, 0x00, 0x00, 0x02, 0x00, 0x00, 0x00, 0x02, 0x80, 0x00, 0x01, 0xc0, 0x00, 0x00, 0x00, 0x00, 0x02, 0x90,
    0x80, 0x00, 0x00, 0x00, 0x00, 0x00, 0x00, 0x05, 0x41, 0x11, 0x11, 0x91, 0x11, 0x11, 0x11, 0x11, 0x05, 0x50,
    0x80, 0x00, 0x00, 0x00, 0x00, 0x00, 0x00, 0x02, 0x80, 0x00, 0x7a, 0x00, 0x00, 0x00, 0x00, 0x00, 0x82, 0x90,
    0x80, 0x00, 0x00, 0x00, 0x00, 0x00, 0x00, 0x05, 0x00, 0x44, 0xf7, 0x44, 0x44, 0x44, 0x44, 0x44, 0x01, 0x50,
    0x80, 0x00, 0x00, 0x00, 0x00, 0x00, 0x00, 0x0a, 0x80, 0x00, 0x42, 0x00, 0x00, 0xe0, 0x00, 0x00, 0x02, 0xb0,
    0x80, 0x00, 0x00, 0x00, 0x00, 0x00, 0x00, 0x05, 0x01, 0x11, 0x11, 0x11, 0x11, 0x51, 0x11, 0x11, 0x01, 0x50,
    0x80, 0x00, 0x00, 0x00, 0x00, 0x00, 0x00, 0x0a, 0x80, 0x00, 0x00, 0x00, 0x00, 0x00, 0x00, 0x00, 0x02, 0xb0,
    0x80, 0x00, 0x00, 0x00, 0x00, 0x00, 0x00, 0x05, 0x00, 0x44, 0x44, 0x44, 0x44, 0x44, 0x44, 0x44, 0x01, 0x50,
    0x80, 0x00, 0x00, 0x00, 0x00, 0x00, 0x00, 0x0a, 0x80, 0x02, 0x00, 0x00, 0x00, 0x00, 0x00, 0x00, 0x02, 0xb0,
    0x80, 0x00, 0x00, 0x00, 0x00, 0x00, 0x00, 0x05, 0x01, 0x11, 0x11, 0x11, 0x11, 0x91, 0x11, 0x11, 0x01, 0x50,
    0x80, 0x00, 0x00, 0x00, 0x00, 0x00, 0x00, 0x0a, 0x80, 0x00, 0x00, 0x00, 0x03, 0xc0, 0x00, 0x00, 0x02, 0xb0,
    0x80, 0x00, 0x00, 0x00, 0x00, 0x00, 0x00, 0x15, 0x04, 0x44, 0x44, 0x44, 0x47, 0xc4, 0x44, 0x44, 0x41, 0x50,
    0x80, 0x00, 0x00, 0x00, 0x00, 0x00, 0x00, 0x0a, 0x80, 0x00, 0x00, 0x00, 0x02, 0x00, 0x00, 0x00, 0x02, 0xb0,
    0x80, 0x00, 0x00, 0x00, 0x00, 0x00, 0x00, 0x05, 0x01, 0x11, 0x11, 0x11, 0x11, 0x91, 0x11, 0x11, 0x01, 0x50,
    0x80, 0x00, 0x00, 0x00, 0x00, 0x00, 0x00, 0x0a, 0x80, 0x00, 0x00, 0x00, 0x03, 0xc0, 0x00, 0x00, 0x02, 0xb0,
    0x80, 0x00, 0x00, 0x00, 0x00, 0x00, 0x00, 0x05, 0x00, 0x44, 0x44, 0x44, 0x45, 0xc4, 0x44, 0x44, 0x01, 0x50,
    0x80, 0x00, 0x00, 0x00, 0x00, 0x00, 0x00, 0x0a, 0x80, 0x00, 0x00, 0x00, 0x00, 0xe0, 0x00, 0x00, 0x02, 0xb0,
    0x80, 0x00, 0x00, 0x00, 0x00, 0x00, 0x00, 0x05, 0x01, 0x11, 0x1d, 0x11, 0x11, 0x51, 0x11, 0x11, 0x01, 0x50,
    0x80, 0x00, 0x00, 0x00, 0x00, 0x00, 0x00, 0x0a, 0x80, 0x00, 0x1e, 0x00, 0x00, 0x00, 0x00, 0x00, 0x02, 0xb0,
    0x80, 0x00, 0x00, 0x00, 0x00, 0x00, 0x00, 0x05, 0x00, 0x44, 0x4c, 0x44, 0x44, 0x44, 0x44, 0x44, 0x01, 0x50,
    0x80, 0x00, 0x00, 0x00, 0x00, 0x00, 0x00, 0x02, 0x80, 0x00, 0x01, 0x00, 0x00, 0x00, 0x00, 0x00, 0x02, 0x90,
    0x80, 0x00, 0x00, 0x00, 0x00, 0x00, 0x00, 0x05, 0x41, 0x11, 0x13, 0x91, 0x11, 0x11, 0x11, 0x11, 0x05, 0x50,
    0x80, 0x00, 0x00, 0x00, 0x10, 0x00, 0x00, 0x02, 0x80, 0x00, 0x01, 0x40, 0x00, 0x00, 0x00, 0x00, 0x02, 0x90,
    0x80, 0x00, 0x00, 0x00, 0x00, 0x00, 0x00, 0x05, 0x40, 0x44, 0x44, 0xf4, 0x44, 0x44, 0x44, 0x44, 0x05, 0x50,
    0x80, 0x00, 0x00, 0x00, 0x00, 0x00, 0x00, 0x02, 0xa0, 0x00, 0x02, 0x7e, 0x00, 0x00, 0x00, 0x00, 0x0a, 0x90,
    0x80, 0x00, 0x00, 0x00, 0x00, 0x00, 0x00, 0x01, 0x40, 0x11, 0x17, 0x15, 0x11, 0x11, 0x11, 0x10, 0x05, 0x10,
    0x80, 0x00, 0x00, 0x00, 0x00, 0x00, 0x00, 0x02, 0xa0, 0x00, 0x02, 0x03, 0x80, 0x00, 0x00, 0x00, 0x0a, 0x90,
    0x80, 0x00, 0x00, 0x00, 0x00, 0x00, 0x00, 0x01, 0x50, 0x04, 0x44, 0x45, 0x44, 0x44, 0x44, 0x40, 0x15, 0x10,
    0x80, 0x00, 0x00, 0x00, 0x00, 0x00, 0x00, 0x00, 0xa8, 0x00, 0x00, 0x00, 0x00, 0x00, 0x00, 0x00, 0x2a, 0x10,
    0x80, 0x00, 0x00, 0x00, 0x00, 0x00, 0x00, 0x00, 0x50, 0x11, 0x11, 0x11, 0x11, 0x11, 0x11, 0x10, 0x14, 0x10,
    0x80, 0x00, 0x00, 0x00, 0x00, 0x00, 0x00, 0x00, 0xa8, 0x00, 0x00, 0x00, 0x00, 0x00, 0x00, 0x00, 0x2a, 0x10,
    0x80, 0x00, 0x00, 0x00, 0x00, 0x00, 0x00, 0x00, 0x54, 0x04, 0x44, 0x44, 0x44, 0x44, 0x44, 0x40, 0x54, 0x10,
    0x80, 0x00, 0x00, 0x00, 0x00, 0x00, 0x00, 0x00, 0x2a, 0x00, 0x00, 0x00, 0x00, 0x00, 0x00, 0x00, 0xa8, 0x10,
    0x80, 0x00, 0x00, 0x00, 0x00, 0x00, 0x00, 0x00, 0x15, 0x01, 0x11, 0x11, 0x11, 0x11, 0x11, 0x01, 0x50, 0x10,
    0x80, 0x00, 0x00, 0x00, 0x40, 0x00, 0x00, 0x00, 0x0a, 0x80, 0x00, 0x00, 0x00, 0x00, 0x00, 0x02, 0xa0, 0x10,
    0x80, 0x00, 0x00, 0x00, 0x00, 0x00, 0x00, 0x00, 0x15, 0x40, 0x44, 0x44, 0x44, 0x44, 0x44, 0x05, 0x50, 0x10,
    0x80, 0x40, 0x00, 0x00, 0x00, 0x00, 0x00, 0x00, 0x0a, 0xa0, 0x00, 0x00, 0x00, 0x00, 0x00, 0x0a, 0xa0, 0x10,
    0x80, 0x00, 0x00, 0x00, 0x00, 0x00, 0x00, 0x00, 0x05, 0x50, 0x01, 0x11, 0x11, 0x11, 0x00, 0x15, 0x40, 0x10,
    0x80, 0x00, 0x00, 0x00, 0x00, 0x00, 0x00, 0x00, 0x02, 0xa8, 0x00, 0x00, 0x00, 0x00, 0x00, 0x2a, 0x80, 0x10,
    0x80, 0x00, 0x00, 0x00, 0x00, 0x00, 0x00, 0x00, 0x01, 0x54, 0x00, 0x44, 0x44, 0x44, 0x00, 0x55, 0x00, 0x10,
    0x80, 0x00, 0x00, 0x00, 0x00, 0x00, 0x00, 0x00, 0x00, 0xaa, 0x00, 0x00, 0x00, 0x00, 0x00, 0xaa, 0x00, 0x10,
    0x80, 0x00, 0x00, 0x00, 0x00, 0x00, 0x00, 0x00, 0x00, 0x55, 0x00, 0x00, 0x10, 0x00, 0x01, 0x54, 0x00, 0x10,
    0x80, 0x00, 0x00, 0x00, 0x00, 0x00, 0x00, 0x00, 0x00, 0x2a, 0xa0, 0x00, 0x00, 0x00, 0x0a, 0xa8, 0x00, 0x10,
    0x80, 0x00, 0x00, 0x00, 0x00, 0x00, 0x00, 0x00, 0x00, 0x15, 0x50, 0x00, 0x00, 0x00, 0x15, 0x50, 0x00, 0x10,
    0xff, 0xff, 0xff, 0xff, 0xff, 0xff, 0xff, 0xff, 0xff, 0xff, 0xff, 0xff, 0xff, 0xff, 0xff, 0xff, 0xff, 0xf0,
};

static const lv_img_dsc_t gaming13 = {
    .header.cf = LV_IMG_CF_INDEXED_1BIT,
    .header.always_zero = 0,
    .header.reserved = 0,
    .header.w = 140,
    .header.h = 68,
    .data_size = 1232,
    .data = gaming13_map,
};

static const LV_ATTRIBUTE_MEM_ALIGN LV_ATTRIBUTE_LARGE_CONST uint8_t gaming14_map[] = {
#if CONFIG_NICE_VIEW_WIDGET_INVERTED
    0xff, 0xff, 0xff, 0xff, /*Color of index 0*/
    0x00, 0x00, 0x00, 0xff, /*Color of index 1*/
#else
    0x00, 0x00, 0x00, 0xff, /*Color of index 0*/
    0xff, 0xff, 0xff, 0xff, /*Color of index 1*/
#endif
    0xff, 0xff, 0xff, 0xff, 0xff, 0xff, 0xff, 0xff, 0xff, 0xff, 0xff, 0xff, 0xff, 0xff, 0xff, 0xff, 0xff, 0xf0,
    0x80, 0x00, 0x00, 0x00, 0x00, 0x00, 0x00, 0x00, 0x00, 0x00, 0x00, 0x00, 0x00, 0x00, 0x00, 0x00, 0x00, 0x10,
    0x80, 0x00, 0x00, 0x00, 0x00, 0x00, 0x00, 0x00, 0x00, 0x00, 0x00, 0x00, 0x00, 0x00, 0x00, 0x00, 0x00, 0x10,
    0x80, 0x00, 0x00, 0x00, 0x00, 0x00, 0x00, 0x00, 0x00, 0x00, 0x00, 0x00, 0x00, 0x00, 0x00, 0x00, 0x00, 0x10,
    0x80, 0x00, 0x00, 0x00, 0x00, 0x00, 0x00, 0x00, 0x00, 0x00, 0x00, 0x00, 0x00, 0x00, 0x00, 0x00, 0x00, 0x10,
    0x80, 0x00, 0x00, 0x00, 0x00, 0x00, 0x00, 0x00, 0x00, 0x00, 0x00, 0x00, 0x00, 0x00, 0x00, 0x00, 0x00, 0x10,
    0x80, 0x00, 0x00, 0x00, 0x00, 0x00, 0x04, 0x00, 0x00, 0x00, 0x00, 0x00, 0x00, 0x00, 0x00, 0x00, 0x00, 0x10,
    0x80, 0x00, 0x00, 0x00, 0x00, 0x00, 0x00, 0x00, 0x00, 0x00, 0x00, 0x00, 0x00, 0x00, 0x00, 0x00, 0x00, 0x10,
    0x80, 0x00, 0x00, 0x00, 0x00, 0x00, 0x00, 0x00, 0x00, 0x00, 0x00, 0x00, 0x00, 0x00, 0x00, 0x00, 0x00, 0x10,
    0x80, 0x00, 0x00, 0x00, 0x00, 0x00, 0x00, 0x00, 0x00, 0x00, 0x00, 0x00, 0x00, 0x00, 0x00, 0x00, 0x00, 0x10,
    0x80, 0x00, 0x00, 0x00, 0x00, 0x00, 0x00, 0x00, 0x00, 0x00, 0x00, 0x00, 0x00, 0x00, 0x00, 0x00, 0x00, 0x10,
    0x80, 0x00, 0x00, 0x00, 0x00, 0x00, 0x00, 0x00, 0x00, 0x00, 0x00, 0x11, 0x00, 0x00, 0x00, 0x00, 0x00, 0x10,
    0x80, 0x00, 0x00, 0x00, 0x00, 0x00, 0x00, 0x00, 0x00, 0x40, 0x08, 0x3b, 0x80, 0x00, 0x00, 0x00, 0x00, 0x10,
    0x80, 0x00, 0x00, 0x00, 0x00, 0x00, 0x00, 0x00, 0x00, 0xe0, 0x1c, 0x11, 0x00, 0x00, 0x00, 0x00, 0x00, 0x10,
    0x80, 0x00, 0x00, 0x00, 0x00, 0x00, 0x00, 0x00, 0x00, 0x40, 0x08, 0x00, 0x00, 0x00, 0x00, 0x00, 0x00, 0x10,
    0x80, 0x00, 0x00, 0x00, 0x00, 0x00, 0x00, 0x00, 0x00, 0x00, 0x00, 0x00, 0x00, 0x00, 0x00, 0x00, 0x00, 0x10,
    0x80, 0x00, 0x00, 0x00, 0x00, 0x00, 0x00, 0x00, 0x00, 0x02, 0x00, 0x00, 0x00, 0x00, 0x00, 0x00, 0x00, 0x10,
    0x80, 0x00, 0x00, 0x00, 0x00, 0x00, 0x00, 0x00, 0x00, 0x07, 0x00, 0x00, 0x00, 0x00, 0x00, 0x00, 0x00, 0x10,
    0x80, 0x00, 0x00, 0x00, 0x00, 0x00, 0x00, 0x00, 0x00, 0x02, 0x00, 0x00, 0x00, 0x00, 0x00, 0x00, 0x00, 0x10,
    0x80, 0x00, 0x00, 0x00, 0x00, 0x00, 0x00, 0x00, 0x02, 0x00, 0x00, 0x00, 0x00, 0x00, 0x00, 0x00, 0x00, 0x10,
    0x80, 0x00, 0x00, 0x00, 0x40, 0x00, 0x00, 0x00, 0x07, 0x00, 0x00, 0x00, 0x00, 0x00, 0x00, 0x00, 0x00, 0x10,
    0x80, 0x00, 0x00, 0x00, 0x00, 0x00, 0x00, 0x00, 0x12, 0x20, 0x00, 0x00, 0x00, 0x00, 0x00, 0x00, 0x00, 0x10,
    0x80, 0x00, 0x00, 0x00, 0x00, 0x00, 0x00, 0x00, 0x38, 0x70, 0x00, 0x00, 0x00, 0x00, 0x00, 0x00, 0x00, 0x10,
    0x80, 0x00, 0x00, 0x00, 0x00, 0x00, 0x00, 0x00, 0x10, 0x20, 0x00, 0x00, 0x01, 0x00, 0x00, 0x00, 0x00, 0x10,
    0x80, 0x00, 0x00, 0x00, 0x00, 0x00, 0x00, 0x00, 0x00, 0x00, 0x00, 0x00, 0x03, 0x80, 0x00, 0x00, 0x00, 0x10,
    0x80, 0x00, 0x00, 0x00, 0x00, 0x00, 0x00, 0x00, 0x00, 0x00, 0x00, 0x00, 0x01, 0x00, 0x00, 0x00, 0x80, 0x10,
    0x80, 0x00, 0x00, 0x00, 0x00, 0x00, 0x00, 0x00, 0x00, 0x00, 0x00, 0x00, 0x00, 0x00, 0x00, 0x00, 0x00, 0x10,
    0x80, 0x00, 0x00, 0x00, 0x00, 0x00, 0x00, 0x00, 0x00, 0x00, 0x00, 0x00, 0x00, 0x00, 0x00, 0x00, 0x00, 0x10,
    0x80, 0x00, 0x00, 0x00, 0x00, 0x00, 0x00, 0x00, 0x00, 0x00, 0x00, 0x00, 0x00, 0x00, 0x00, 0x00, 0x00, 0x10,
    0x80, 0x00, 0x00, 0x00, 0x00, 0x00, 0x00, 0x00, 0x00, 0x00, 0x00, 0x00, 0x00, 0x00, 0x00, 0x00, 0x00, 0x10,
    0x80, 0x00, 0x00, 0x00, 0x00, 0x00, 0x00, 0x00, 0x00, 0x00, 0x00, 0x00, 0x00, 0x00, 0x00, 0x00, 0x00, 0x10,
    0x80, 0x00, 0x00, 0x00, 0x00, 0x00, 0x00, 0x00, 0x00, 0x00, 0x00, 0x00, 0x00, 0x00, 0x00, 0x00, 0x00, 0x10,
    0x80, 0x00, 0x00, 0x00, 0x00, 0x00, 0x00, 0x00, 0x00, 0x00, 0x00, 0x00, 0x04, 0x00, 0x00, 0x00, 0x00, 0x10,
    0x80, 0x00, 0x00, 0x00, 0x00, 0x00, 0x00, 0x00, 0x00, 0x00, 0x00, 0x00, 0x1e, 0x00, 0x00, 0x00, 0x00, 0x10,
    0x80, 0x00, 0x00, 0x00, 0x00, 0x00, 0x00, 0x00, 0x00, 0x00, 0x00, 0x00, 0x3c, 0x00, 0x00, 0x00, 0x00, 0x10,
    0x80, 0x00, 0x00, 0x00, 0x00, 0x00, 0x00, 0x00, 0x00, 0x00, 0x00, 0x00, 0x10, 0x00, 0x00, 0x00, 0x00, 0x10,
    0x80, 0x00, 0x00, 0x00, 0x00, 0x00, 0x00, 0x00, 0x00, 0x00, 0x00, 0x00, 0x00, 0x00, 0x00, 0x00, 0x00, 0x10,
    0x80, 0x00, 0x00, 0x00, 0x00, 0x00, 0x00, 0x00, 0x00, 0x00, 0x00, 0x00, 0x0c, 0x00, 0x00, 0x00, 0x00, 0x10,
    0x80, 0x00, 0x00, 0x00, 0x00, 0x00, 0x00, 0x00, 0x00, 0x00, 0x00, 0x00, 0x1e, 0x00, 0x00, 0x00, 0x00, 0x10,
    0x80, 0x00, 0x00, 0x00, 0x00, 0x00, 0x00, 0x00, 0x00, 0x00, 0x00, 0x00, 0x0c, 0x00, 0x00, 0x00, 0x00, 0x10,
    0x80, 0x00, 0x00, 0x00, 0x00, 0x00, 0x00, 0x00, 0x00, 0x00, 0x00, 0x00, 0x00, 0x00, 0x00, 0x00, 0x00, 0x10,
    0x80, 0x00, 0x00, 0x00, 0x00, 0x00, 0x00, 0x00, 0x00, 0x00, 0x00, 0x00, 0x00, 0x80, 0x00, 0x00, 0x00, 0x10,
    0x80, 0x00, 0x00, 0x00, 0x00, 0x00, 0x00, 0x00, 0x00, 0x00, 0x00, 0x00, 0x01, 0xc0, 0x00, 0x00, 0x00, 0x10,
    0x80, 0x00, 0x00, 0x00, 0x00, 0x00, 0x00, 0x00, 0x00, 0x40, 0x00, 0x00, 0x00, 0x80, 0x00, 0x00, 0x00, 0x10,
    0x80, 0x00, 0x00, 0x00, 0x00, 0x00, 0x00, 0x00, 0x01, 0xe0, 0x00, 0x00, 0x00, 0x00, 0x00, 0x00, 0x00, 0x10,
    0x80, 0x00, 0x00, 0x00, 0x10, 0x00, 0x00, 0x00, 0x03, 0xc0, 0x00, 0x00, 0x00, 0x00, 0x00, 0x00, 0x00, 0x10,
    0x80, 0x00, 0x00, 0x00, 0x00, 0x00, 0x00, 0x00, 0x01, 0x00, 0x00, 0x00, 0x00, 0x00, 0x00, 0x00, 0x00, 0x10,
    0x80, 0x00, 0x00, 0x00, 0x00, 0x00, 0x00, 0x00, 0x00, 0x04, 0x00, 0x00, 0x00, 0x00, 0x00, 0x00, 0x00, 0x10,
    0x80, 0x00, 0x00, 0x00, 0x00, 0x00, 0x00, 0x00, 0x00, 0x0e, 0x00, 0x00, 0x00, 0x00, 0x00, 0x00, 0x00, 0x10,
    0x80, 0x00, 0x00, 0x00, 0x00, 0x00, 0x00, 0x00, 0x00, 0x04, 0x00, 0x00, 0x00, 0x00, 0x00, 0x00, 0x00, 0x10,
    0x80, 0x00, 0x00, 0x00, 0x00, 0x00, 0x00, 0x00, 0x00, 0x00, 0x80, 0x00, 0x00, 0x00, 0x00, 0x00, 0x00, 0x10,
    0x80, 0x00, 0x00, 0x00, 0x00, 0x00, 0x00, 0x00, 0x00, 0x01, 0xc0, 0x00, 0x00, 0x00, 0x00, 0x00, 0x00, 0x10,
    0x80, 0x00, 0x00, 0x00, 0x00, 0x00, 0x00, 0x00, 0x00, 0x00, 0xa4, 0x00, 0x00, 0x00, 0x00, 0x00, 0x00, 0x10,
    0x80, 0x00, 0x00, 0x00, 0x00, 0x00, 0x00, 0x00, 0x00, 0x00, 0x7e, 0x00, 0x00, 0x00, 0x00, 0x00, 0x00, 0x10,
    0x80, 0x00, 0x00, 0x00, 0x00, 0x00, 0x00, 0x00, 0x00, 0x20, 0x24, 0x00, 0x00, 0x00, 0x00, 0x00, 0x00, 0x10,
    0x80, 0x00, 0x00, 0x00, 0x00, 0x00, 0x00, 0x00, 0x00, 0x70, 0x00, 0x40, 0x00, 0x00, 0x00, 0x00, 0x00, 0x10,
    0x80, 0x00, 0x00, 0x00, 0x00, 0x00, 0x00, 0x00, 0x00, 0x20, 0x00, 0xe0, 0x00, 0x00, 0x00, 0x00, 0x00, 0x10,
    0x80, 0x00, 0x00, 0x00, 0x40, 0x00, 0x00, 0x00, 0x00, 0x00, 0x00, 0x40, 0x00, 0x00, 0x00, 0x00, 0x00, 0x10,
    0x80, 0x00, 0x00, 0x00, 0x00, 0x00, 0x00, 0x00, 0x00, 0x00, 0x00, 0x00, 0x00, 0x00, 0x00, 0x00, 0x00, 0x10,
    0x80, 0x40, 0x00, 0x00, 0x00, 0x00, 0x00, 0x00, 0x00, 0x00, 0x00, 0x00, 0x00, 0x00, 0x00, 0x00, 0x00, 0x10,
    0x80, 0x00, 0x00, 0x00, 0x00, 0x00, 0x00, 0x00, 0x00, 0x00, 0x00, 0x00, 0x00, 0x00, 0x00, 0x00, 0x00, 0x10,
    0x80, 0x00, 0x00, 0x00, 0x00, 0x00, 0x00, 0x00, 0x00, 0x00, 0x00, 0x00, 0x00, 0x00, 0x00, 0x00, 0x00, 0x10,
    0x80, 0x00, 0x00, 0x00, 0x02, 0x00, 0x00, 0x00, 0x00, 0x00, 0x00, 0x00, 0x00, 0x00, 0x00, 0x00, 0x00, 0x10,
    0x80, 0x00, 0x00, 0x00, 0x00, 0x00, 0x00, 0x00, 0x00, 0x00, 0x00, 0x00, 0x00, 0x00, 0x00, 0x00, 0x00, 0x10,
    0x80, 0x00, 0x00, 0x00, 0x00, 0x00, 0x00, 0x00, 0x00, 0x00, 0x00, 0x00, 0x00, 0x00, 0x00, 0x00, 0x00, 0x10,
    0x80, 0x00, 0x00, 0x00, 0x00, 0x00, 0x00, 0x00, 0x00, 0x00, 0x00, 0x00, 0x00, 0x00, 0x00, 0x00, 0x00, 0x10,
    0x80, 0x00, 0x00, 0x00, 0x00, 0x00, 0x00, 0x00, 0x00, 0x00, 0x00, 0x00, 0x00, 0x00, 0x00, 0x00, 0x00, 0x10,
    0xff, 0xff, 0xff, 0xff, 0xff, 0xff, 0xff, 0xff, 0xff, 0xff, 0xff, 0xff, 0xff, 0xff, 0xff, 0xff, 0xff, 0xf0,
};

static const lv_img_dsc_t gaming14 = {
    .header.cf = LV_IMG_CF_INDEXED_1BIT,
    .header.always_zero = 0,
    .header.reserved = 0,
    .header.w = 140,
    .header.h = 68,
    .data_size = 1232,
    .data = gaming14_map,
};

static const LV_ATTRIBUTE_MEM_ALIGN LV_ATTRIBUTE_LARGE_CONST uint8_t gaming15_map[] = {
#if CONFIG_NICE_VIEW_WIDGET_INVERTED
    0xff, 0xff, 0xff, 0xff, /*Color of index 0*/
    0x00, 0x00, 0x00, 0xff, /*Color of index 1*/
#else
    0x00, 0x00, 0x00, 0xff, /*Color of index 0*/
    0xff, 0xff, 0xff, 0xff, /*Color of index 1*/
#endif
    0xff, 0xff, 0xff, 0xff, 0xff, 0xff, 0xff, 0xff, 0xff, 0xff, 0xff, 0xff, 0xff, 0xff, 0xff, 0xff, 0xff, 0xf0,
    0x80, 0x00, 0x00, 0x00, 0x00, 0x00, 0x00, 0x00, 0x00, 0x00, 0x00, 0x00, 0x00, 0x00, 0x00, 0x00, 0x00, 0x10,
    0x80, 0x00, 0x00, 0x00, 0x00, 0x00, 0x00, 0x00, 0x00, 0x00, 0x00, 0x00, 0x00, 0x00, 0x00, 0x00, 0x00, 0x10,
    0x80, 0x00, 0x00, 0x00, 0x00, 0x00, 0x00, 0x00, 0x00, 0x00, 0x00, 0x00, 0x00, 0x00, 0x00, 0x00, 0x00, 0x10,
    0x80, 0x00, 0x04, 0x00, 0x00, 0x00, 0x00, 0x00, 0x00, 0x00, 0x20, 0x80, 0x00, 0x00, 0x00, 0x00, 0x00, 0x10,
    0x80, 0x00, 0x00, 0x00, 0x00, 0x00, 0x00, 0x20, 0x00, 0x40, 0x01, 0xc0, 0x00, 0x00, 0x00, 0x00, 0x00, 0x10,
    0x80, 0x00, 0x00, 0x00, 0x00, 0x00, 0x04, 0x70, 0x00, 0xe0, 0x00, 0x80, 0x00, 0x00, 0x00, 0x00, 0x00, 0x10,
    0x80, 0x00, 0x00, 0x00, 0x00, 0x00, 0x00, 0x20, 0x00, 0x40, 0x00, 0x00, 0x00, 0x00, 0x00, 0x00, 0x00, 0x10,
    0x80, 0x00, 0x00, 0x00, 0x00, 0x00, 0x00, 0x00, 0x00, 0x00, 0x00, 0x00, 0x00, 0x00, 0x00, 0x00, 0x00, 0x10,
    0x80, 0x00, 0x00, 0x00, 0x00, 0x00, 0x00, 0x00, 0x00, 0x00, 0x00, 0x00, 0x00, 0x00, 0x00, 0x00, 0x00, 0x10,
    0x80, 0x00, 0x00, 0x00, 0x00, 0x00, 0x00, 0x00, 0x00, 0x00, 0x00, 0x00, 0x00, 0x00, 0x00, 0x00, 0x00, 0x10,
    0x80, 0x00, 0x00, 0x00, 0x00, 0x00, 0x00, 0x00, 0x80, 0x00, 0x00, 0x00, 0x00, 0x00, 0x00, 0x00, 0x00, 0x10,
    0x80, 0x00, 0x00, 0x00, 0x00, 0x00, 0x00, 0x00, 0x00, 0x00, 0x00, 0x00, 0x00, 0x00, 0x00, 0x00, 0x00, 0x10,
    0x80, 0x00, 0x00, 0x00, 0x00, 0x00, 0x00, 0x00, 0x00, 0x00, 0x00, 0x00, 0x00, 0x00, 0x00, 0x00, 0x00, 0x10,
    0x80, 0x00, 0x00, 0x00, 0x00, 0x00, 0x00, 0x00, 0x00, 0x00, 0x00, 0x00, 0x00, 0x00, 0x00, 0x00, 0x00, 0x10,
    0x80, 0x00, 0x00, 0x00, 0x00, 0x00, 0x02, 0x00, 0x00, 0x00, 0x00, 0x00, 0x00, 0x00, 0x00, 0x00, 0x00, 0x10,
    0x80, 0x00, 0x00, 0x00, 0x00, 0x00, 0x07, 0x00, 0x00, 0x00, 0x00, 0x00, 0x00, 0x00, 0x00, 0x00, 0x00, 0x10,
    0x80, 0x00, 0x00, 0x00, 0x00, 0x00, 0x02, 0x00, 0x00, 0x00, 0x00, 0x00, 0x00, 0x00, 0x00, 0x00, 0x00, 0x10,
    0x80, 0x00, 0x00, 0x00, 0x00, 0x00, 0x10, 0x08, 0x00, 0x00, 0x00, 0x00, 0x00, 0x00, 0x00, 0x00, 0x00, 0x10,
    0x80, 0x00, 0x00, 0x00, 0x00, 0x00, 0x00, 0x00, 0x00, 0x00, 0x00, 0x00, 0x40, 0x00, 0x00, 0x00, 0x00, 0x10,
    0x80, 0x00, 0x00, 0x00, 0x40, 0x00, 0x00, 0x00, 0x00, 0x00, 0x00, 0x00, 0xe0, 0x00, 0x00, 0x00, 0x00, 0x10,
    0x80, 0x00, 0x00, 0x00, 0x00, 0x00, 0x00, 0x00, 0x00, 0x00, 0x00, 0x00, 0x40, 0x00, 0x00, 0x00, 0x00, 0x10,
    0x80, 0x00, 0x00, 0x00, 0x00, 0x00, 0x00, 0x00, 0x00, 0x00, 0x00, 0x00, 0x00, 0x00, 0x00, 0x00, 0x00, 0x10,
    0x80, 0x00, 0x00, 0x00, 0x00, 0x00, 0x00, 0x00, 0x00, 0x00, 0x00, 0x00, 0x00, 0x00, 0x00, 0x00, 0x00, 0x10,
    0x80, 0x00, 0x00, 0x00, 0x00, 0x00, 0x00, 0x00, 0x00, 0x00, 0x00, 0x00, 0x00, 0x00, 0x00, 0x00, 0x00, 0x10,
    0x80, 0x00, 0x00, 0x00, 0x00, 0x00, 0x00, 0x00, 0x00, 0x00, 0x00, 0x00, 0x00, 0x00, 0x00, 0x00, 0x80, 0x10,
    0x80, 0x00, 0x00, 0x00, 0x00, 0x00, 0x00, 0x00, 0x00, 0x00, 0x00, 0x00, 0x00, 0x00, 0x00, 0x00, 0x00, 0x10,
    0x80, 0x00, 0x00, 0x00, 0x00, 0x00, 0x00, 0x00, 0x00, 0x00, 0x00, 0x00, 0x00, 0x00, 0x00, 0x00, 0x00, 0x10,
    0x80, 0x00, 0x00, 0x00, 0x00, 0x00, 0x00, 0x00, 0x00, 0x00, 0x00, 0x00, 0x00, 0x00, 0x00, 0x00, 0x00, 0x10,
    0x80, 0x00, 0x00, 0x00, 0x00, 0x00, 0x00, 0x00, 0x00, 0x00, 0x00, 0x00, 0x00, 0x00, 0x00, 0x00, 0x00, 0x10,
    0x80, 0x00, 0x00, 0x00, 0x00, 0x00, 0x00, 0x00, 0x00, 0x00, 0x00, 0x00, 0x00, 0x00, 0x00, 0x00, 0x00, 0x10,
    0x80, 0x00, 0x00, 0x00, 0x00, 0x00, 0x00, 0x00, 0x00, 0x00, 0x00, 0x00, 0x00, 0x00, 0x00, 0x00, 0x00, 0x10,
    0x80, 0x00, 0x00, 0x00, 0x00, 0x00, 0x00, 0x00, 0x00, 0x00, 0x00, 0x00, 0x80, 0x00, 0x00, 0x00, 0x00, 0x10,
    0x80, 0x00, 0x00, 0x00, 0x00, 0x00, 0x00, 0x00, 0x00, 0x00, 0x00, 0x00, 0x00, 0x00, 0x00, 0x00, 0x00, 0x10,
    0x80, 0x00, 0x00, 0x00, 0x00, 0x00, 0x00, 0x00, 0x00, 0x00, 0x00, 0x04, 0x00, 0x00, 0x00, 0x00, 0x00, 0x10,
    0x80, 0x00, 0x00, 0x00, 0x00, 0x00, 0x00, 0x00, 0x00, 0x00, 0x00, 0x00, 0x00, 0x00, 0x00, 0x00, 0x00, 0x10,
    0x80, 0x00, 0x00, 0x00, 0x00, 0x00, 0x00, 0x00, 0x00, 0x00, 0x00, 0x00, 0x00, 0x00, 0x00, 0x00, 0x00, 0x10,
    0x80, 0x00, 0x00, 0x00, 0x00, 0x00, 0x00, 0x00, 0x00, 0x00, 0x00, 0x00, 0x00, 0x00, 0x00, 0x00, 0x00, 0x10,
    0x80, 0x00, 0x00, 0x00, 0x00, 0x00, 0x00, 0x00, 0x00, 0x00, 0x00, 0x00, 0x00, 0x00, 0x00, 0x00, 0x00, 0x10,
    0x80, 0x00, 0x00, 0x00, 0x00, 0x00, 0x00, 0x00, 0x00, 0x00, 0x00, 0x02, 0x00, 0x00, 0x00, 0x00, 0x00, 0x10,
    0x80, 0x00, 0x00, 0x00, 0x00, 0x00, 0x00, 0x00, 0x00, 0x00, 0x00, 0x01, 0x00, 0x00, 0x00, 0x00, 0x00, 0x10,
    0x80, 0x00, 0x00, 0x00, 0x00, 0x00, 0x00, 0x00, 0x00, 0x00, 0x00, 0x00, 0x00, 0x00, 0x00, 0x00, 0x00, 0x10,
    0x80, 0x00, 0x00, 0x00, 0x00, 0x00, 0x00, 0x00, 0x00, 0x00, 0x00, 0x00, 0x00, 0x00, 0x00, 0x00, 0x00, 0x10,
    0x80, 0x00, 0x00, 0x00, 0x00, 0x00, 0x00, 0x00, 0x00, 0x00, 0x00, 0x00, 0x00, 0x00, 0x00, 0x00, 0x00, 0x10,
    0x80, 0x00, 0x00, 0x00, 0x00, 0x00, 0x00, 0x00, 0x00, 0x00, 0x00, 0x00, 0x10, 0x00, 0x00, 0x00, 0x00, 0x10,
    0x80, 0x00, 0x00, 0x00, 0x10, 0x00, 0x00, 0x00, 0x00, 0x00, 0x00, 0x00, 0x00, 0x00, 0x00, 0x00, 0x00, 0x10,
    0x80, 0x00, 0x00, 0x00, 0x00, 0x00, 0x00, 0x20, 0x00, 0x00, 0x00, 0x00, 0x00, 0x00, 0x00, 0x00, 0x00, 0x10,
    0x80, 0x00, 0x00, 0x00, 0x00, 0x00, 0x00, 0x70, 0x00, 0x00, 0x00, 0x00, 0x00, 0x00, 0x00, 0x00, 0x00, 0x10,
    0x80, 0x00, 0x00, 0x00, 0x00, 0x00, 0x01, 0x20, 0x00, 0x00, 0x00, 0x00, 0x00, 0x00, 0x00, 0x00, 0x00, 0x10,
    0x80, 0x00, 0x00, 0x00, 0x00, 0x00, 0x03, 0x80, 0x00, 0x00, 0x00, 0x00, 0x00, 0x00, 0x00, 0x00, 0x00, 0x10,
    0x80, 0x00, 0x00, 0x00, 0x00, 0x00, 0x01, 0x00, 0x00, 0x00, 0x00, 0x00, 0x00, 0x00, 0x00, 0x00, 0x00, 0x10,
    0x80, 0x00, 0x00, 0x00, 0x00, 0x00, 0x00, 0x00, 0x00, 0x00, 0x00, 0x00, 0x00, 0x00, 0x00, 0x00, 0x00, 0x10,
    0x80, 0x00, 0x00, 0x00, 0x00, 0x00, 0x00, 0x00, 0x00, 0x00, 0x00, 0x00, 0x00, 0x00, 0x00, 0x00, 0x00, 0x10,
    0x80, 0x00, 0x00, 0x00, 0x00, 0x00, 0x00, 0x01, 0x00, 0x00, 0x00, 0x00, 0x00, 0x00, 0x00, 0x00, 0x00, 0x10,
    0x80, 0x00, 0x00, 0x00, 0x00, 0x00, 0x00, 0x00, 0x00, 0x00, 0x00, 0x00, 0x00, 0x00, 0x00, 0x00, 0x00, 0x10,
    0x80, 0x00, 0x00, 0x00, 0x00, 0x00, 0x00, 0x00, 0x00, 0x00, 0x00, 0x00, 0x00, 0x00, 0x00, 0x00, 0x00, 0x10,
    0x80, 0x00, 0x00, 0x00, 0x00, 0x00, 0x00, 0x00, 0x00, 0x00, 0x00, 0x00, 0x00, 0x00, 0x00, 0x80, 0x00, 0x10,
    0x80, 0x00, 0x00, 0x00, 0x40, 0x00, 0x00, 0x00, 0x10, 0x00, 0x00, 0x00, 0x00, 0x00, 0x00, 0x00, 0x00, 0x10,
    0x80, 0x00, 0x00, 0x00, 0x00, 0x00, 0x00, 0x00, 0x00, 0x20, 0x00, 0x00, 0x00, 0x00, 0x00, 0x00, 0x00, 0x10,
    0x80, 0x40, 0x00, 0x00, 0x00, 0x00, 0x00, 0x00, 0x02, 0x70, 0x00, 0x00, 0x00, 0x00, 0x00, 0x00, 0x00, 0x10,
    0x80, 0x00, 0x00, 0x00, 0x00, 0x00, 0x00, 0x00, 0x07, 0x20, 0x00, 0x00, 0x00, 0x00, 0x00, 0x00, 0x00, 0x10,
    0x80, 0x00, 0x00, 0x00, 0x00, 0x00, 0x00, 0x00, 0x02, 0x00, 0x00, 0x00, 0x00, 0x00, 0x00, 0x00, 0x00, 0x10,
    0x82, 0x00, 0x00, 0x00, 0x02, 0x00, 0x00, 0x00, 0x00, 0x00, 0x00, 0x00, 0x00, 0x00, 0x00, 0x00, 0x00, 0x10,
    0x80, 0x00, 0x00, 0x00, 0x00, 0x00, 0x00, 0x08, 0x00, 0x01, 0x00, 0x00, 0x00, 0x00, 0x00, 0x00, 0x00, 0x10,
    0x80, 0x00, 0x00, 0x00, 0x00, 0x00, 0x00, 0x00, 0x00, 0x00, 0x00, 0x00, 0x00, 0x00, 0x00, 0x00, 0x00, 0x10,
    0x80, 0x00, 0x00, 0x00, 0x00, 0x00, 0x00, 0x00, 0x00, 0x00, 0x00, 0x00, 0x00, 0x00, 0x00, 0x00, 0x00, 0x10,
    0x80, 0x00, 0x00, 0x00, 0x00, 0x00, 0x00, 0x00, 0x00, 0x00, 0x00, 0x00, 0x00, 0x00, 0x00, 0x00, 0x00, 0x10,
    0xff, 0xff, 0xff, 0xff, 0xff, 0xff, 0xff, 0xff, 0xff, 0xff, 0xff, 0xff, 0xff, 0xff, 0xff, 0xff, 0xff, 0xf0,
};

static const lv_img_dsc_t gaming15 = {
    .header.cf = LV_IMG_CF_INDEXED_1BIT,
    .header.always_zero = 0,
    .header.reserved = 0,
    .header.w = 140,
    .header.h = 68,
    .data_size = 1232,
    .data = gaming15_map,
};

static const LV_ATTRIBUTE_MEM_ALIGN LV_ATTRIBUTE_LARGE_CONST uint8_t gaming16_map[] = {
#if CONFIG_NICE_VIEW_WIDGET_INVERTED
    0xff, 0xff, 0xff, 0xff, /*Color of index 0*/
    0x00, 0x00, 0x00, 0xff, /*Color of index 1*/
#else
    0x00, 0x00, 0x00, 0xff, /*Color of index 0*/
    0xff, 0xff, 0xff, 0xff, /*Color of index 1*/
#endif
    0xff, 0xff, 0xff, 0xff, 0xff, 0xff, 0xff, 0xff, 0xff, 0xff, 0xff, 0xff, 0xff, 0xff, 0xff, 0xff, 0xff, 0xf0,
    0x80, 0x00, 0x00, 0x00, 0x00, 0x00, 0x00, 0x00, 0x00, 0x00, 0x00, 0x00, 0x00, 0x00, 0x00, 0x00, 0x00, 0x10,
    0x80, 0x00, 0x00, 0x00, 0x00, 0x00, 0x00, 0x00, 0x00, 0x00, 0x00, 0x00, 0x00, 0x00, 0x00, 0x00, 0x00, 0x10,
    0x80, 0x00, 0x00, 0x00, 0x00, 0x00, 0x00, 0x00, 0x00, 0x00, 0x00, 0x00, 0x00, 0x00, 0x00, 0x00, 0x00, 0x10,
    0x80, 0x00, 0x04, 0x00, 0x00, 0x00, 0x00, 0x00, 0x00, 0x00, 0x00, 0x00, 0x00, 0x00, 0x00, 0x00, 0x00, 0x10,
    0x80, 0x00, 0x00, 0x00, 0x00, 0x00, 0x80, 0x00, 0x00, 0x00, 0x00, 0x00, 0x00, 0x00, 0x00, 0x00, 0x00, 0x10,
    0x80, 0x00, 0x00, 0x00, 0x00, 0x01, 0xc4, 0x00, 0x00, 0x00, 0x00, 0x00, 0x00, 0x00, 0x00, 0x00, 0x00, 0x10,
    0x80, 0x00, 0x00, 0x00, 0x00, 0x00, 0x80, 0x00, 0x00, 0x00, 0x00, 0x00, 0x00, 0x00, 0x00, 0x00, 0x00, 0x10,
    0x80, 0x00, 0x00, 0x00, 0x00, 0x00, 0x00, 0x00, 0x00, 0x00, 0x00, 0x00, 0x00, 0x00, 0x00, 0x00, 0x00, 0x10,
    0x80, 0x00, 0x00, 0x00, 0x00, 0x00, 0x00, 0x00, 0x00, 0x00, 0x00, 0x00, 0x00, 0x00, 0x00, 0x00, 0x00, 0x10,
    0x80, 0x00, 0x00, 0x00, 0x00, 0x00, 0x00, 0x00, 0x00, 0x00, 0x00, 0x00, 0x00, 0x00, 0x00, 0x00, 0x00, 0x10,
    0x80, 0x00, 0x00, 0x00, 0x00, 0x00, 0x00, 0x00, 0x00, 0x00, 0x00, 0x00, 0x00, 0x00, 0x00, 0x00, 0x00, 0x10,
    0x80, 0x00, 0x00, 0x00, 0x00, 0x00, 0x00, 0x00, 0x00, 0x00, 0x00, 0x00, 0x00, 0x00, 0x00, 0x00, 0x00, 0x10,
    0x80, 0x00, 0x00, 0x00, 0x00, 0x00, 0x00, 0x00, 0x00, 0x00, 0x00, 0x00, 0x00, 0x00, 0x00, 0x00, 0x00, 0x10,
    0x80, 0x00, 0x00, 0x00, 0x00, 0x00, 0x00, 0x00, 0x00, 0x00, 0x00, 0x00, 0x00, 0x00, 0x00, 0x00, 0x00, 0x10,
    0x80, 0x00, 0x00, 0x00, 0x00, 0x00, 0x00, 0x00, 0x00, 0x00, 0x00, 0x00, 0x00, 0x00, 0x00, 0x00, 0x00, 0x10,
    0x80, 0x00, 0x00, 0x00, 0x00, 0x00, 0x00, 0x00, 0x00, 0x00, 0x00, 0x00, 0x00, 0x00, 0x00, 0x00, 0x00, 0x10,
    0x80, 0x00, 0x00, 0x00, 0x00, 0x00, 0x00, 0x00, 0x00, 0x00, 0x00, 0x40, 0x00, 0x00, 0x00, 0x00, 0x00, 0x10,
    0x80, 0x00, 0x00, 0x00, 0x00, 0x00, 0x00, 0x00, 0x00, 0x00, 0x00, 0x00, 0x00, 0x00, 0x00, 0x00, 0x00, 0x10,
    0x80, 0x00, 0x00, 0x00, 0x00, 0x00, 0x00, 0x00, 0x00, 0x00, 0x00, 0x00, 0x00, 0x00, 0x00, 0x00, 0x00, 0x10,
    0x80, 0x00, 0x00, 0x00, 0x40, 0x00, 0x00, 0x00, 0x00, 0x00, 0x00, 0x00, 0x00, 0x00, 0x00, 0x00, 0x00, 0x10,
    0x80, 0x00, 0x00, 0x00, 0x00, 0x00, 0x00, 0x00, 0x00, 0x00, 0x00, 0x00, 0x00, 0x00, 0x00, 0x00, 0x00, 0x10,
    0x80, 0x00, 0x00, 0x00, 0x00, 0x00, 0x00, 0x00, 0x00, 0x00, 0x00, 0x00, 0x00, 0x00, 0x00, 0x00, 0x00, 0x10,
    0x80, 0x00, 0x00, 0x00, 0x00, 0x00, 0x00, 0x00, 0x00, 0x00, 0x00, 0x00, 0x00, 0x00, 0x00, 0x00, 0x00, 0x10,
    0x80, 0x00, 0x00, 0x00, 0x00, 0x00, 0x00, 0x00, 0x00, 0x00, 0x00, 0x00, 0x00, 0x00, 0x00, 0x00, 0x00, 0x10,
    0x80, 0x00, 0x00, 0x00, 0x00, 0x00, 0x00, 0x00, 0x00, 0x00, 0x00, 0x00, 0x00, 0x00, 0x00, 0x00, 0x80, 0x10,
    0x80, 0x00, 0x00, 0x00, 0x00, 0x00, 0x00, 0x00, 0x00, 0x00, 0x00, 0x00, 0x00, 0x00, 0x00, 0x00, 0x00, 0x10,
    0x80, 0x00, 0x00, 0x00, 0x00, 0x00, 0x00, 0x00, 0x00, 0x00, 0x00, 0x00, 0x00, 0x00, 0x00, 0x00, 0x00, 0x10,
    0x80, 0x00, 0x00, 0x00, 0x00, 0x00, 0x00, 0x00, 0x00, 0x00, 0x00, 0x00, 0x00, 0x00, 0x01, 0x00, 0x00, 0x10,
    0x80, 0x00, 0x00, 0x00, 0x00, 0x00, 0x00, 0x00, 0x00, 0x00, 0x00, 0x00, 0x00, 0x00, 0x00, 0x00, 0x00, 0x10,
    0x80, 0x00, 0x00, 0x00, 0x00, 0x00, 0x00, 0x00, 0x00, 0x00, 0x00, 0x00, 0x00, 0x00, 0x00, 0x00, 0x00, 0x10,
    0x80, 0x00, 0x00, 0x00, 0x00, 0x00, 0x00, 0x00, 0x00, 0x00, 0x01, 0x00, 0x00, 0x00, 0x00, 0x00, 0x00, 0x10,
    0x80, 0x00, 0x00, 0x00, 0x00, 0x00, 0x00, 0x00, 0x00, 0x00, 0x03, 0x80, 0x00, 0x00, 0x00, 0x00, 0x00, 0x10,
    0x80, 0x00, 0x00, 0x00, 0x00, 0x00, 0x00, 0x00, 0x00, 0x00, 0x01, 0x00, 0x00, 0x00, 0x00, 0x00, 0x00, 0x10,
    0x80, 0x00, 0x00, 0x00, 0x00, 0x00, 0x00, 0x00, 0x00, 0x00, 0x00, 0x00, 0x00, 0x00, 0x00, 0x00, 0x00, 0x10,
    0x80, 0x00, 0x00, 0x00, 0x00, 0x00, 0x00, 0x00, 0x00, 0x00, 0x00, 0x00, 0x00, 0x00, 0x00, 0x00, 0x00, 0x10,
    0x80, 0x00, 0x00, 0x00, 0x00, 0x00, 0x00, 0x00, 0x00, 0x00, 0x00, 0x00, 0x00, 0x00, 0x00, 0x00, 0x00, 0x10,
    0x80, 0x00, 0x00, 0x00, 0x00, 0x00, 0x00, 0x00, 0x00, 0x00, 0x00, 0x00, 0x00, 0x00, 0x00, 0x00, 0x00, 0x10,
    0x80, 0x00, 0x00, 0x00, 0x00, 0x00, 0x00, 0x00, 0x00, 0x00, 0x00, 0x00, 0x00, 0x00, 0x00, 0x00, 0x00, 0x10,
    0x80, 0x00, 0x00, 0x00, 0x00, 0x00, 0x00, 0x00, 0x00, 0x00, 0x00, 0x00, 0x00, 0x00, 0x00, 0x00, 0x00, 0x10,
    0x80, 0x00, 0x00, 0x00, 0x00, 0x00, 0x00, 0x00, 0x00, 0x00, 0x06, 0x00, 0x00, 0x00, 0x00, 0x00, 0x00, 0x10,
    0x80, 0x00, 0x00, 0x00, 0x00, 0x00, 0x00, 0x00, 0x00, 0x00, 0x0f, 0x00, 0x00, 0x00, 0x00, 0x00, 0x00, 0x10,
    0x80, 0x00, 0x00, 0x00, 0x00, 0x00, 0x00, 0x00, 0x00, 0x00, 0x06, 0x00, 0x00, 0x00, 0x00, 0x00, 0x00, 0x10,
    0x80, 0x00, 0x00, 0x00, 0x00, 0x00, 0x00, 0x00, 0x00, 0x00, 0x00, 0x00, 0x00, 0x00, 0x00, 0x00, 0x00, 0x10,
    0x80, 0x00, 0x00, 0x00, 0x00, 0x00, 0x00, 0x00, 0x00, 0x00, 0x00, 0x00, 0x00, 0x00, 0x00, 0x00, 0x00, 0x10,
    0x80, 0x00, 0x00, 0x00, 0x10, 0x00, 0x00, 0x00, 0x00, 0x00, 0x00, 0x00, 0x00, 0x00, 0x00, 0x00, 0x00, 0x10,
    0x80, 0x00, 0x00, 0x00, 0x00, 0x00, 0x00, 0x00, 0x00, 0x00, 0x00, 0x00, 0x00, 0x00, 0x00, 0x00, 0x00, 0x10,
    0x80, 0x00, 0x00, 0x00, 0x00, 0x00, 0x00, 0x00, 0x00, 0x00, 0x00, 0x00, 0x00, 0x00, 0x00, 0x00, 0x00, 0x10,
    0x80, 0x00, 0x00, 0x00, 0x00, 0x00, 0x00, 0x00, 0x00, 0x00, 0x00, 0x00, 0x00, 0x00, 0x00, 0x00, 0x00, 0x10,
    0x80, 0x00, 0x00, 0x00, 0x00, 0x00, 0x00, 0x00, 0x00, 0x00, 0x00, 0x00, 0x00, 0x00, 0x00, 0x00, 0x00, 0x10,
    0x80, 0x00, 0x00, 0x00, 0x00, 0x80, 0x00, 0x00, 0x00, 0x00, 0x00, 0x00, 0x00, 0x00, 0x00, 0x00, 0x00, 0x10,
    0x80, 0x00, 0x00, 0x00, 0x00, 0x00, 0x00, 0x00, 0x00, 0x00, 0x00, 0x00, 0x00, 0x00, 0x00, 0x00, 0x00, 0x10,
    0x80, 0x00, 0x00, 0x00, 0x08, 0x00, 0x00, 0x00, 0x00, 0x00, 0x00, 0x00, 0x00, 0x00, 0x00, 0x00, 0x00, 0x10,
    0x80, 0x00, 0x00, 0x00, 0x00, 0x00, 0x00, 0x00, 0x00, 0x00, 0x00, 0x00, 0x00, 0x00, 0x00, 0x00, 0x00, 0x10,
    0x80, 0x00, 0x00, 0x00, 0x00, 0x00, 0x00, 0x00, 0x00, 0x00, 0x00, 0x00, 0x00, 0x00, 0x00, 0x00, 0x00, 0x10,
    0x80, 0x00, 0x00, 0x00, 0x00, 0x00, 0x00, 0x00, 0x00, 0x00, 0x00, 0x00, 0x00, 0x00, 0x00, 0x00, 0x00, 0x10,
    0x80, 0x00, 0x00, 0x00, 0x00, 0x00, 0x00, 0x00, 0x00, 0x00, 0x00, 0x00, 0x00, 0x00, 0x00, 0x80, 0x00, 0x10,
    0x80, 0x00, 0x00, 0x00, 0x00, 0x02, 0x00, 0x00, 0x00, 0x00, 0x00, 0x00, 0x00, 0x00, 0x00, 0x00, 0x00, 0x10,
    0x80, 0x00, 0x00, 0x00, 0x00, 0x07, 0x00, 0x00, 0x00, 0x00, 0x00, 0x00, 0x00, 0x00, 0x00, 0x00, 0x00, 0x10,
    0x80, 0x40, 0x00, 0x00, 0x00, 0x02, 0x00, 0x00, 0x00, 0x00, 0x00, 0x00, 0x00, 0x00, 0x00, 0x00, 0x00, 0x10,
    0x80, 0x00, 0x00, 0x00, 0x00, 0x00, 0x00, 0x00, 0x00, 0x00, 0x00, 0x00, 0x00, 0x00, 0x00, 0x00, 0x00, 0x10,
    0x80, 0x00, 0x00, 0x00, 0x00, 0x00, 0x00, 0x00, 0x00, 0x00, 0x00, 0x00, 0x00, 0x00, 0x00, 0x00, 0x00, 0x10,
    0x82, 0x00, 0x00, 0x00, 0x02, 0x00, 0x00, 0x00, 0x00, 0x00, 0x00, 0x00, 0x00, 0x00, 0x00, 0x00, 0x00, 0x10,
    0x80, 0x00, 0x00, 0x00, 0x00, 0x00, 0x00, 0x00, 0x00, 0x00, 0x00, 0x00, 0x00, 0x00, 0x00, 0x00, 0x00, 0x10,
    0x80, 0x00, 0x00, 0x00, 0x00, 0x00, 0x00, 0x00, 0x00, 0x00, 0x00, 0x00, 0x00, 0x00, 0x00, 0x00, 0x00, 0x10,
    0x80, 0x00, 0x00, 0x00, 0x00, 0x00, 0x00, 0x00, 0x00, 0x00, 0x00, 0x00, 0x00, 0x00, 0x00, 0x00, 0x00, 0x10,
    0x80, 0x00, 0x00, 0x00, 0x00, 0x00, 0x00, 0x08, 0x00, 0x00, 0x00, 0x00, 0x00, 0x00, 0x00, 0x00, 0x00, 0x10,
    0xff, 0xff, 0xff, 0xff, 0xff, 0xff, 0xff, 0xff, 0xff, 0xff, 0xff, 0xff, 0xff, 0xff, 0xff, 0xff, 0xff, 0xf0,
};

static const lv_img_dsc_t gaming16 = {
    .header.cf = LV_IMG_CF_INDEXED_1BIT,
    .header.always_zero = 0,
    .header.reserved = 0,
    .header.w = 140,
    .header.h = 68,
    .data_size = 1232,
    .data = gaming16_map,
};

static const LV_ATTRIBUTE_MEM_ALIGN LV_ATTRIBUTE_LARGE_CONST uint8_t gaming17_map[] = {
#if CONFIG_NICE_VIEW_WIDGET_INVERTED
    0xff, 0xff, 0xff, 0xff, /*Color of index 0*/
    0x00, 0x00, 0x00, 0xff, /*Color of index 1*/
#else
    0x00, 0x00, 0x00, 0xff, /*Color of index 0*/
    0xff, 0xff, 0xff, 0xff, /*Color of index 1*/
#endif
    0xff, 0xff, 0xff, 0xff, 0xff, 0xff, 0xff, 0xff, 0xff, 0xff, 0xff, 0xff, 0xff, 0xff, 0xff, 0xff, 0xff, 0xf0,
    0x80, 0x00, 0x00, 0x00, 0x00, 0x00, 0x00, 0x00, 0x00, 0x00, 0x00, 0x00, 0x00, 0x00, 0x00, 0x04, 0x00, 0x10,
    0x80, 0x00, 0x00, 0x00, 0x00, 0x00, 0x00, 0x00, 0x00, 0x00, 0x00, 0x00, 0x00, 0x00, 0x00, 0x0d, 0x55, 0x50,
    0x80, 0x00, 0x00, 0x00, 0x00, 0x00, 0x00, 0x00, 0x00, 0x00, 0x00, 0x00, 0x00, 0x00, 0x00, 0x08, 0x00, 0x10,
    0x80, 0x00, 0x00, 0x00, 0x00, 0x00, 0x00, 0x00, 0x00, 0x00, 0x00, 0x00, 0x00, 0x00, 0x00, 0x15, 0x55, 0x50,
    0x80, 0x00, 0x00, 0x00, 0x00, 0x00, 0x00, 0x00, 0x00, 0x00, 0x00, 0x00, 0x00, 0x00, 0x00, 0x10, 0x00, 0x10,
    0x80, 0x00, 0x00, 0x00, 0x00, 0x00, 0x00, 0x00, 0x00, 0x00, 0x00, 0x00, 0x00, 0x00, 0x00, 0x15, 0x55, 0x50,
    0x80, 0x00, 0x00, 0x00, 0x00, 0x00, 0x00, 0x00, 0x00, 0x00, 0x00, 0x00, 0x00, 0x00, 0x00, 0x10, 0x00, 0x10,
    0x80, 0x00, 0x00, 0x00, 0x00, 0x00, 0x00, 0x00, 0x00, 0x00, 0x00, 0x00, 0x00, 0x00, 0x00, 0x35, 0x55, 0x50,
    0x80, 0x00, 0x00, 0x00, 0x00, 0x00, 0x00, 0x00, 0x00, 0x00, 0x00, 0x00, 0x00, 0x00, 0x00, 0x10, 0x00, 0x10,
    0x80, 0x00, 0x00, 0x00, 0x00, 0x00, 0x00, 0x00, 0x00, 0x00, 0x00, 0x00, 0x00, 0x00, 0x00, 0x15, 0x55, 0x50,
    0x80, 0x00, 0x00, 0x00, 0x00, 0x00, 0x00, 0x00, 0x00, 0x00, 0x00, 0x00, 0x00, 0x00, 0x00, 0x10, 0x00, 0x10,
    0x80, 0x00, 0x00, 0x00, 0x00, 0x00, 0x00, 0x00, 0x00, 0x00, 0x00, 0x00, 0x00, 0x00, 0x00, 0x15, 0x55, 0x50,
    0x80, 0x00, 0x00, 0x00, 0x00, 0x00, 0x00, 0x00, 0x00, 0x00, 0x00, 0x00, 0x00, 0x00, 0x00, 0x08, 0x00, 0x10,
    0x80, 0x00, 0x00, 0x00, 0x00, 0x00, 0x00, 0x00, 0x00, 0x00, 0x00, 0x00, 0x00, 0x00, 0x00, 0x0d, 0x55, 0xd0,
    0x80, 0x00, 0x00, 0x00, 0x00, 0x00, 0x00, 0x00, 0x00, 0x00, 0x00, 0x00, 0x00, 0x00, 0x00, 0x04, 0x0e, 0x10,
    0x80, 0x00, 0x00, 0x00, 0x00, 0x00, 0x00, 0x00, 0x00, 0x00, 0x00, 0x00, 0x00, 0x00, 0x00, 0x03, 0x75, 0x50,
    0x80, 0x00, 0x00, 0x00, 0x00, 0x00, 0x00, 0x00, 0x00, 0x00, 0x00, 0x00, 0x00, 0x00, 0x00, 0x01, 0xe0, 0x10,
    0x80, 0x00, 0x00, 0x00, 0x00, 0x00, 0x00, 0x00, 0x00, 0x00, 0x00, 0x00, 0x00, 0x00, 0x00, 0x00, 0xfd, 0x50,
    0x80, 0x00, 0x00, 0x00, 0x00, 0x00, 0x00, 0x00, 0x00, 0x00, 0x00, 0x00, 0x00, 0x00, 0x00, 0x80, 0x80, 0x10,
    0x80, 0x00, 0x00, 0x00, 0x00, 0x00, 0x00, 0x00, 0x00, 0x00, 0x00, 0x00, 0x00, 0x00, 0x00, 0x01, 0x55, 0x50,
    0x80, 0x00, 0x00, 0x00, 0x00, 0x00, 0x00, 0x00, 0x00, 0x00, 0x00, 0x00, 0x00, 0x00, 0x00, 0x03, 0x00, 0x10,
    0x80, 0x00, 0x00, 0x00, 0x00, 0x00, 0x00, 0x00, 0x00, 0x00, 0x00, 0x00, 0x00, 0x00, 0x00, 0x03, 0x55, 0x50,
    0x80, 0x00, 0x00, 0x00, 0x00, 0x00, 0x00, 0x00, 0x00, 0x00, 0x00, 0x00, 0x00, 0x00, 0x00, 0x02, 0x00, 0x10,
    0x80, 0x00, 0x00, 0x00, 0x00, 0x00, 0x00, 0x00, 0x00, 0x00, 0x00, 0x00, 0x00, 0x00, 0x00, 0x07, 0x55, 0x50,
    0x80, 0x00, 0x00, 0x00, 0x00, 0x00, 0x00, 0x00, 0x00, 0x00, 0x00, 0x00, 0x00, 0x00, 0x00, 0x1a, 0x00, 0x10,
    0x80, 0x00, 0x00, 0x00, 0x00, 0x00, 0x00, 0x00, 0x00, 0x00, 0x00, 0x00, 0x00, 0x00, 0x00, 0x77, 0x55, 0x50,
    0x80, 0x00, 0x00, 0x00, 0x00, 0x00, 0x00, 0x00, 0x00, 0x00, 0x00, 0x00, 0x00, 0x00, 0x00, 0xc2, 0x00, 0x10,
    0x80, 0x00, 0x00, 0x00, 0x00, 0x00, 0x00, 0x00, 0x00, 0x00, 0x00, 0x00, 0x00, 0x00, 0x00, 0xd7, 0x55, 0x50,
    0x80, 0x00, 0x00, 0x00, 0x00, 0x00, 0x00, 0x00, 0x00, 0x00, 0x00, 0x00, 0x00, 0x00, 0x01, 0x02, 0x00, 0x10,
    0x80, 0x00, 0x00, 0x00, 0x00, 0x00, 0x00, 0x00, 0x00, 0x00, 0x00, 0x00, 0x00, 0x00, 0x01, 0x57, 0x55, 0x50,
    0x80, 0x00, 0x00, 0x00, 0x00, 0x00, 0x00, 0x00, 0x00, 0x00, 0x00, 0x00, 0x00, 0x00, 0x01, 0x01, 0x0c, 0x10,
    0x80, 0x00, 0x00, 0x00, 0x00, 0x00, 0x00, 0x00, 0x00, 0x00, 0x00, 0x00, 0x00, 0x00, 0x01, 0x55, 0x75, 0x50,
    0x80, 0x00, 0x00, 0x00, 0x00, 0x00, 0x00, 0x00, 0x00, 0x00, 0x00, 0x00, 0x00, 0x00, 0x01, 0x01, 0x80, 0x10,
    0x80, 0x00, 0x00, 0x00, 0x00, 0x00, 0x00, 0x00, 0x00, 0x00, 0x00, 0x00, 0x00, 0x00, 0x01, 0x57, 0x55, 0x50,
    0x80, 0x00, 0x00, 0x00, 0x00, 0x00, 0x00, 0x00, 0x00, 0x00, 0x00, 0x00, 0x00, 0x00, 0x01, 0x04, 0x30, 0x10,
    0x80, 0x00, 0x00, 0x00, 0x00, 0x00, 0x00, 0x00, 0x00, 0x00, 0x00, 0x00, 0x00, 0x00, 0x01, 0x5d, 0x5d, 0x50,
    0x80, 0x00, 0x00, 0x00, 0x00, 0x00, 0x00, 0x00, 0x00, 0x00, 0x00, 0x00, 0x00, 0x00, 0x00, 0x98, 0x03, 0x90,
    0x80, 0x00, 0x00, 0x00, 0x00, 0x00, 0x00, 0x00, 0x00, 0x00, 0x00, 0x00, 0x00, 0x00, 0x00, 0xd5, 0x55, 0x50,
    0x80, 0x00, 0x00, 0x00, 0x00, 0x00, 0x00, 0x00, 0x00, 0x00, 0x00, 0x00, 0x00, 0x00, 0x00, 0x70, 0x00, 0x10,
    0x80, 0x00, 0x00, 0x00, 0x00, 0x00, 0x00, 0x00, 0x00, 0x00, 0x00, 0x00, 0x00, 0x00, 0x00, 0x3d, 0x55, 0x50,
    0x80, 0x00, 0x00, 0x00, 0x00, 0x00, 0x00, 0x00, 0x00, 0x00, 0x00, 0x00, 0x00, 0x00, 0x00, 0x26, 0x00, 0x10,
    0x80, 0x00, 0x00, 0x00, 0x00, 0x00, 0x00, 0x00, 0x00, 0x00, 0x00, 0x00, 0x00, 0x00, 0x00, 0x35, 0x55, 0x50,
    0x80, 0x00, 0x00, 0x00, 0x00, 0x00, 0x00, 0x00, 0x00, 0x00, 0x00, 0x00, 0x00, 0x00, 0x00, 0x20, 0x00, 0x10,
    0x80, 0x00, 0x00, 0x00, 0x00, 0x00, 0x00, 0x00, 0x00, 0x00, 0x00, 0x00, 0x00, 0x00, 0x00, 0x35, 0x55, 0x50,
    0x80, 0x00, 0x00, 0x00, 0x00, 0x00, 0x00, 0x00, 0x00, 0x00, 0x00, 0x00, 0x00, 0x00, 0x02, 0x20, 0x00, 0x10,
    0x80, 0x00, 0x00, 0x00, 0x00, 0x00, 0x00, 0x00, 0x00, 0x00, 0x00, 0x00, 0x00, 0x00, 0x00, 0x35, 0x55, 0x50,
    0x80, 0x00, 0x00, 0x00, 0x00, 0x00, 0x00, 0x00, 0x00, 0x00, 0x00, 0x00, 0x00, 0x00, 0x00, 0x20, 0x00, 0x10,
    0x80, 0x00, 0x00, 0x00, 0x00, 0x00, 0x00, 0x00, 0x00, 0x00, 0x00, 0x00, 0x00, 0x00, 0x00, 0x35, 0x55, 0x50,
    0x80, 0x00, 0x00, 0x00, 0x00, 0x00, 0x00, 0x00, 0x00, 0x00, 0x00, 0x00, 0x00, 0x00, 0x00, 0x10, 0x00, 0x10,
    0x80, 0x00, 0x00, 0x00, 0x00, 0x00, 0x00, 0x00, 0x00, 0x00, 0x00, 0x00, 0x00, 0x00, 0x00, 0x15, 0x57, 0x50,
    0x80, 0x00, 0x00, 0x00, 0x00, 0x00, 0x00, 0x00, 0x00, 0x00, 0x00, 0x00, 0x00, 0x00, 0x00, 0x08, 0x18, 0x10,
    0x80, 0x00, 0x00, 0x00, 0x00, 0x00, 0x00, 0x00, 0x00, 0x00, 0x00, 0x00, 0x00, 0x00, 0x00, 0x0d, 0x75, 0x50,
    0x80, 0x00, 0x00, 0x00, 0x00, 0x00, 0x00, 0x00, 0x00, 0x00, 0x00, 0x00, 0x00, 0x00, 0x00, 0x06, 0xc0, 0x10,
    0x80, 0x00, 0x00, 0x00, 0x00, 0x00, 0x00, 0x00, 0x00, 0x00, 0x00, 0x00, 0x00, 0x00, 0x00, 0x03, 0xd5, 0x50,
    0x80, 0x00, 0x00, 0x00, 0x00, 0x00, 0x00, 0x00, 0x00, 0x00, 0x00, 0x00, 0x00, 0x00, 0x00, 0x01, 0xc0, 0x10,
    0x80, 0x00, 0x00, 0x00, 0x00, 0x00, 0x00, 0x00, 0x00, 0x00, 0x00, 0x00, 0x00, 0x00, 0x00, 0x03, 0x7d, 0x50,
    0x80, 0x00, 0x00, 0x00, 0x00, 0x00, 0x00, 0x00, 0x00, 0x00, 0x00, 0x00, 0x00, 0x00, 0x00, 0x02, 0x00, 0x10,
    0x80, 0x00, 0x00, 0x00, 0x00, 0x00, 0x00, 0x00, 0x00, 0x00, 0x00, 0x00, 0x00, 0x00, 0x00, 0x03, 0x55, 0x50,
    0x80, 0x00, 0x00, 0x00, 0x00, 0x00, 0x00, 0x00, 0x00, 0x00, 0x00, 0x00, 0x00, 0x00, 0x00, 0x02, 0x00, 0x10,
    0x80, 0x00, 0x00, 0x00, 0x00, 0x00, 0x00, 0x00, 0x00, 0x00, 0x00, 0x00, 0x00, 0x00, 0x00, 0x03, 0x55, 0x50,
    0x80, 0x00, 0x00, 0x00, 0x00, 0x00, 0x00, 0x00, 0x00, 0x00, 0x00, 0x00, 0x00, 0x00, 0x00, 0x02, 0x00, 0x10,
    0x80, 0x00, 0x00, 0x00, 0x00, 0x00, 0x00, 0x00, 0x00, 0x00, 0x00, 0x00, 0x00, 0x00, 0x00, 0x03, 0x55, 0x50,
    0x80, 0x00, 0x00, 0x00, 0x00, 0x00, 0x00, 0x00, 0x00, 0x00, 0x00, 0x00, 0x00, 0x00, 0x00, 0x02, 0x00, 0x10,
    0x80, 0x00, 0x00, 0x00, 0x00, 0x00, 0x00, 0x00, 0x00, 0x00, 0x00, 0x00, 0x00, 0x00, 0x00, 0x03, 0x55, 0x50,
    0x80, 0x00, 0x00, 0x00, 0x00, 0x00, 0x00, 0x00, 0x00, 0x00, 0x00, 0x00, 0x00, 0x00, 0x00, 0x01, 0x00, 0x10,
    0x80, 0x00, 0x00, 0x00, 0x00, 0x00, 0x00, 0x00, 0x00, 0x00, 0x00, 0x00, 0x00, 0x00, 0x00, 0x01, 0x55, 0x50,
    0xff, 0xff, 0xff, 0xff, 0xff, 0xff, 0xff, 0xff, 0xff, 0xff, 0xff, 0xff, 0xff, 0xff, 0xff, 0xff, 0xff, 0xf0,
};

static const lv_img_dsc_t gaming17 = {
    .header.cf = LV_IMG_CF_INDEXED_1BIT,
    .header.always_zero = 0,
    .header.reserved = 0,
    .header.w = 140,
    .header.h = 68,
    .data_size = 1232,
    .data = gaming17_map,
};

static const LV_ATTRIBUTE_MEM_ALIGN LV_ATTRIBUTE_LARGE_CONST uint8_t gaming18_map[] = {
#if CONFIG_NICE_VIEW_WIDGET_INVERTED
    0xff, 0xff, 0xff, 0xff, /*Color of index 0*/
    0x00, 0x00, 0x00, 0xff, /*Color of index 1*/
#else
    0x00, 0x00, 0x00, 0xff, /*Color of index 0*/
    0xff, 0xff, 0xff, 0xff, /*Color of index 1*/
#endif
    0xff, 0xff, 0xff, 0xff, 0xff, 0xff, 0xff, 0xff, 0xff, 0xff, 0xff, 0xff, 0xff, 0xff, 0xff, 0xff, 0xff, 0xf0,
    0x80, 0x00, 0x00, 0x00, 0x00, 0x00, 0x00, 0x00, 0x00, 0x00, 0x00, 0x00, 0x00, 0x00, 0x00, 0x02, 0x00, 0x10,
    0x80, 0x00, 0x00, 0x00, 0x00, 0x00, 0x00, 0x00, 0x00, 0x00, 0x00, 0x00, 0x00, 0x00, 0x00, 0x05, 0x55, 0x50,
    0x80, 0x00, 0x00, 0x00, 0x00, 0x00, 0x00, 0x00, 0x00, 0x00, 0x00, 0x00, 0x00, 0x00, 0x00, 0x08, 0x00, 0x10,
    0x80, 0x00, 0x00, 0x00, 0x00, 0x00, 0x00, 0x00, 0x00, 0x00, 0x00, 0x00, 0x00, 0x00, 0x00, 0x0d, 0x55, 0x50,
    0x80, 0x00, 0x00, 0x00, 0x00, 0x00, 0x00, 0x00, 0x00, 0x00, 0x00, 0x00, 0x00, 0x00, 0x00, 0x10, 0x00, 0x10,
    0x80, 0x00, 0x00, 0x00, 0x00, 0x00, 0x00, 0x00, 0x00, 0x00, 0x00, 0x00, 0x00, 0x00, 0x00, 0x15, 0x55, 0x50,
    0x80, 0x00, 0x00, 0x00, 0x00, 0x00, 0x00, 0x00, 0x00, 0x00, 0x00, 0x00, 0x00, 0x00, 0x00, 0x10, 0x00, 0x10,
    0x80, 0x00, 0x00, 0x00, 0x00, 0x00, 0x00, 0x00, 0x00, 0x00, 0x00, 0x00, 0x00, 0x00, 0x00, 0x15, 0x55, 0x50,
    0x80, 0x00, 0x00, 0x00, 0x00, 0x00, 0x00, 0x00, 0x00, 0x00, 0x00, 0x00, 0x00, 0x00, 0x02, 0x10, 0x00, 0x10,
    0x80, 0x00, 0x00, 0x00, 0x00, 0x00, 0x00, 0x00, 0x00, 0x00, 0x00, 0x00, 0x00, 0x00, 0x00, 0x15, 0x55, 0x50,
    0x80, 0x00, 0x00, 0x00, 0x00, 0x00, 0x00, 0x00, 0x00, 0x00, 0x00, 0x00, 0x00, 0x00, 0x00, 0x10, 0x00, 0x10,
    0x80, 0x00, 0x00, 0x00, 0x00, 0x00, 0x00, 0x00, 0x00, 0x00, 0x00, 0x00, 0x00, 0x00, 0x00, 0x15, 0x55, 0x50,
    0x80, 0x00, 0x00, 0x00, 0x00, 0x00, 0x00, 0x00, 0x00, 0x00, 0x00, 0x00, 0x00, 0x00, 0x00, 0x30, 0x00, 0x10,
    0x80, 0x00, 0x00, 0x00, 0x00, 0x00, 0x00, 0x00, 0x00, 0x00, 0x00, 0x00, 0x00, 0x00, 0x00, 0x0d, 0x55, 0x50,
    0x80, 0x00, 0x00, 0x00, 0x00, 0x00, 0x00, 0x00, 0x00, 0x00, 0x00, 0x00, 0x00, 0x00, 0x00, 0x0c, 0x07, 0x90,
    0x80, 0x00, 0x00, 0x00, 0x00, 0x00, 0x00, 0x00, 0x00, 0x00, 0x00, 0x00, 0x00, 0x00, 0x00, 0x05, 0x5d, 0x50,
    0x80, 0x00, 0x00, 0x00, 0x00, 0x00, 0x00, 0x00, 0x00, 0x00, 0x00, 0x00, 0x00, 0x00, 0x00, 0x03, 0x20, 0x10,
    0x80, 0x00, 0x00, 0x00, 0x00, 0x00, 0x00, 0x00, 0x00, 0x00, 0x00, 0x00, 0x00, 0x00, 0x00, 0x01, 0xd5, 0x50,
    0x80, 0x00, 0x00, 0x00, 0x00, 0x00, 0x00, 0x00, 0x00, 0x00, 0x00, 0x00, 0x00, 0x00, 0x00, 0x00, 0xf8, 0x10,
    0x80, 0x00, 0x00, 0x00, 0x00, 0x00, 0x00, 0x00, 0x00, 0x00, 0x00, 0x00, 0x00, 0x00, 0x00, 0x01, 0x55, 0x50,
    0x80, 0x00, 0x00, 0x00, 0x00, 0x00, 0x00, 0x00, 0x00, 0x00, 0x00, 0x00, 0x00, 0x00, 0x00, 0x01, 0x00, 0x10,
    0x80, 0x00, 0x00, 0x00, 0x00, 0x00, 0x00, 0x00, 0x00, 0x00, 0x00, 0x00, 0x00, 0x00, 0x00, 0x43, 0x55, 0x50,
    0x80, 0x00, 0x00, 0x00, 0x00, 0x00, 0x00, 0x00, 0x00, 0x00, 0x00, 0x00, 0x00, 0x00, 0x00, 0x02, 0x00, 0x10,
    0x80, 0x00, 0x00, 0x00, 0x00, 0x00, 0x00, 0x00, 0x00, 0x00, 0x00, 0x00, 0x00, 0x00, 0x00, 0x1f, 0x55, 0x50,
    0x80, 0x00, 0x00, 0x00, 0x00, 0x00, 0x00, 0x00, 0x00, 0x00, 0x00, 0x00, 0x00, 0x00, 0x00, 0x32, 0x00, 0x10,
    0x80, 0x00, 0x00, 0x00, 0x00, 0x00, 0x00, 0x00, 0x00, 0x00, 0x00, 0x00, 0x00, 0x00, 0x00, 0x57, 0x55, 0x50,
    0x80, 0x00, 0x00, 0x00, 0x00, 0x00, 0x00, 0x00, 0x00, 0x00, 0x00, 0x00, 0x00, 0x00, 0x00, 0x82, 0x00, 0x10,
    0x80, 0x00, 0x00, 0x00, 0x00, 0x00, 0x00, 0x00, 0x00, 0x00, 0x00, 0x00, 0x00, 0x00, 0x01, 0xd7, 0x55, 0x50,
    0x80, 0x00, 0x00, 0x00, 0x00, 0x00, 0x00, 0x00, 0x00, 0x00, 0x00, 0x00, 0x00, 0x00, 0x01, 0x02, 0x00, 0x10,
    0x80, 0x00, 0x00, 0x00, 0x00, 0x00, 0x00, 0x00, 0x00, 0x00, 0x00, 0x00, 0x00, 0x00, 0x01, 0x57, 0x55, 0x50,
    0x80, 0x00, 0x00, 0x00, 0x00, 0x00, 0x00, 0x00, 0x00, 0x00, 0x00, 0x00, 0x00, 0x00, 0x01, 0x01, 0x3c, 0x10,
    0x80, 0x00, 0x00, 0x00, 0x00, 0x00, 0x00, 0x00, 0x00, 0x00, 0x00, 0x00, 0x00, 0x00, 0x01, 0x55, 0xd5, 0x50,
    0x80, 0x00, 0x00, 0x00, 0x00, 0x00, 0x00, 0x00, 0x00, 0x00, 0x00, 0x00, 0x00, 0x00, 0x01, 0x03, 0x80, 0x10,
    0x80, 0x00, 0x00, 0x00, 0x00, 0x00, 0x00, 0x00, 0x00, 0x00, 0x00, 0x00, 0x00, 0x00, 0x01, 0x57, 0x55, 0x50,
    0x80, 0x00, 0x00, 0x00, 0x00, 0x00, 0x00, 0x00, 0x00, 0x00, 0x00, 0x00, 0x00, 0x00, 0x01, 0x0c, 0x20, 0x10,
    0x80, 0x00, 0x00, 0x00, 0x00, 0x00, 0x00, 0x00, 0x00, 0x00, 0x00, 0x00, 0x00, 0x00, 0x01, 0xdd, 0x5d, 0x50,
    0x80, 0x00, 0x00, 0x00, 0x00, 0x00, 0x00, 0x00, 0x00, 0x00, 0x00, 0x00, 0x00, 0x00, 0x00, 0x90, 0x07, 0x90,
    0x80, 0x00, 0x00, 0x00, 0x00, 0x00, 0x00, 0x00, 0x00, 0x00, 0x00, 0x00, 0x00, 0x00, 0x00, 0x55, 0x55, 0x50,
    0x80, 0x00, 0x00, 0x00, 0x00, 0x00, 0x00, 0x00, 0x00, 0x00, 0x00, 0x00, 0x00, 0x00, 0x00, 0xb0, 0x00, 0x10,
    0x80, 0x00, 0x00, 0x00, 0x00, 0x00, 0x00, 0x00, 0x00, 0x00, 0x00, 0x00, 0x00, 0x00, 0x00, 0x3f, 0x55, 0x50,
    0x80, 0x00, 0x00, 0x00, 0x00, 0x00, 0x00, 0x00, 0x00, 0x00, 0x00, 0x00, 0x00, 0x00, 0x00, 0x20, 0x00, 0x10,
    0x80, 0x00, 0x00, 0x00, 0x00, 0x00, 0x00, 0x00, 0x00, 0x00, 0x00, 0x00, 0x00, 0x00, 0x00, 0x35, 0x55, 0x50,
    0x80, 0x00, 0x00, 0x00, 0x00, 0x00, 0x00, 0x00, 0x00, 0x00, 0x00, 0x00, 0x00, 0x00, 0x00, 0x20, 0x00, 0x10,
    0x80, 0x00, 0x00, 0x00, 0x00, 0x00, 0x00, 0x00, 0x00, 0x00, 0x00, 0x00, 0x00, 0x00, 0x00, 0x35, 0x55, 0x50,
    0x80, 0x00, 0x00, 0x00, 0x00, 0x00, 0x00, 0x00, 0x00, 0x00, 0x00, 0x00, 0x00, 0x00, 0x00, 0x20, 0x00, 0x10,
    0x80, 0x00, 0x00, 0x00, 0x00, 0x00, 0x00, 0x00, 0x00, 0x00, 0x00, 0x00, 0x00, 0x00, 0x00, 0x35, 0x55, 0x50,
    0x80, 0x00, 0x00, 0x00, 0x00, 0x00, 0x00, 0x00, 0x00, 0x00, 0x00, 0x00, 0x00, 0x00, 0x00, 0x20, 0x00, 0x10,
    0x80, 0x00, 0x00, 0x00, 0x00, 0x00, 0x00, 0x00, 0x00, 0x00, 0x00, 0x00, 0x00, 0x00, 0x00, 0x35, 0x55, 0x50,
    0x80, 0x00, 0x00, 0x00, 0x00, 0x00, 0x00, 0x00, 0x00, 0x00, 0x00, 0x00, 0x00, 0x00, 0x00, 0x10, 0x07, 0x10,
    0x80, 0x00, 0x00, 0x00, 0x00, 0x00, 0x00, 0x00, 0x00, 0x00, 0x00, 0x00, 0x00, 0x00, 0x00, 0x1d, 0x5d, 0x50,
    0x80, 0x00, 0x00, 0x00, 0x00, 0x00, 0x00, 0x00, 0x00, 0x00, 0x00, 0x00, 0x00, 0x00, 0x00, 0x08, 0x60, 0x10,
    0x80, 0x00, 0x00, 0x00, 0x00, 0x00, 0x00, 0x00, 0x00, 0x00, 0x00, 0x00, 0x00, 0x00, 0x00, 0x15, 0xd5, 0x50,
    0x80, 0x00, 0x00, 0x00, 0x00, 0x00, 0x00, 0x00, 0x00, 0x00, 0x00, 0x00, 0x00, 0x00, 0x00, 0x03, 0x80, 0x10,
    0x80, 0x00, 0x00, 0x00, 0x00, 0x00, 0x00, 0x00, 0x00, 0x00, 0x00, 0x00, 0x00, 0x00, 0x00, 0x01, 0xd5, 0x50,
    0x80, 0x00, 0x00, 0x00, 0x00, 0x00, 0x00, 0x00, 0x00, 0x00, 0x00, 0x00, 0x00, 0x00, 0x00, 0x02, 0x70, 0x10,
    0x80, 0x00, 0x00, 0x00, 0x00, 0x00, 0x00, 0x00, 0x00, 0x00, 0x00, 0x00, 0x00, 0x00, 0x00, 0x03, 0x5d, 0x50,
    0x80, 0x00, 0x00, 0x00, 0x00, 0x00, 0x00, 0x00, 0x00, 0x00, 0x00, 0x00, 0x00, 0x00, 0x00, 0x02, 0x00, 0x10,
    0x80, 0x00, 0x00, 0x00, 0x00, 0x00, 0x00, 0x00, 0x00, 0x00, 0x00, 0x00, 0x00, 0x00, 0x00, 0x03, 0x55, 0x50,
    0x80, 0x00, 0x00, 0x00, 0x00, 0x00, 0x00, 0x00, 0x00, 0x00, 0x00, 0x00, 0x00, 0x00, 0x00, 0x02, 0x00, 0x10,
    0x80, 0x00, 0x00, 0x00, 0x00, 0x00, 0x00, 0x00, 0x00, 0x00, 0x00, 0x00, 0x00, 0x00, 0x00, 0x03, 0x55, 0x50,
    0x80, 0x00, 0x00, 0x00, 0x00, 0x00, 0x00, 0x00, 0x00, 0x00, 0x00, 0x00, 0x00, 0x00, 0x00, 0x02, 0x00, 0x10,
    0x80, 0x00, 0x00, 0x00, 0x00, 0x00, 0x00, 0x00, 0x00, 0x00, 0x00, 0x00, 0x00, 0x00, 0x00, 0x03, 0x55, 0x50,
    0x80, 0x00, 0x00, 0x00, 0x00, 0x00, 0x00, 0x00, 0x00, 0x00, 0x00, 0x00, 0x00, 0x00, 0x00, 0x02, 0x00, 0x10,
    0x80, 0x00, 0x00, 0x00, 0x00, 0x00, 0x00, 0x00, 0x00, 0x00, 0x00, 0x00, 0x00, 0x00, 0x00, 0x01, 0x55, 0x50,
    0x80, 0x00, 0x00, 0x00, 0x00, 0x00, 0x00, 0x00, 0x00, 0x00, 0x00, 0x00, 0x00, 0x00, 0x00, 0x01, 0x00, 0x10,
    0x80, 0x00, 0x00, 0x00, 0x00, 0x00, 0x00, 0x00, 0x00, 0x00, 0x00, 0x00, 0x00, 0x00, 0x00, 0x00, 0xd5, 0x50,
    0xff, 0xff, 0xff, 0xff, 0xff, 0xff, 0xff, 0xff, 0xff, 0xff, 0xff, 0xff, 0xff, 0xff, 0xff, 0xff, 0xff, 0xf0,
};

static const lv_img_dsc_t gaming18 = {
    .header.cf = LV_IMG_CF_INDEXED_1BIT,
    .header.always_zero = 0,
    .header.reserved = 0,
    .header.w = 140,
    .header.h = 68,
    .data_size = 1232,
    .data = gaming18_map,
};

static const LV_ATTRIBUTE_MEM_ALIGN LV_ATTRIBUTE_LARGE_CONST uint8_t gaming19_map[] = {
#if CONFIG_NICE_VIEW_WIDGET_INVERTED
    0xff, 0xff, 0xff, 0xff, /*Color of index 0*/
    0x00, 0x00, 0x00, 0xff, /*Color of index 1*/
#else
    0x00, 0x00, 0x00, 0xff, /*Color of index 0*/
    0xff, 0xff, 0xff, 0xff, /*Color of index 1*/
#endif
    0xff, 0xff, 0xff, 0xff, 0xff, 0xff, 0xff, 0xff, 0xff, 0xff, 0xff, 0xff, 0xff, 0xff, 0xff, 0xff, 0xff, 0xf0,
    0x80, 0x00, 0x00, 0x00, 0x00, 0x00, 0x00, 0x00, 0x00, 0x00, 0x00, 0x00, 0x00, 0x00, 0x00, 0x01, 0x80, 0x10,
    0x80, 0x00, 0x00, 0x00, 0x00, 0x00, 0x00, 0x00, 0x00, 0x00, 0x00, 0x00, 0x00, 0x00, 0x00, 0x03, 0x55, 0x50,
    0x80, 0x00, 0x00, 0x00, 0x00, 0x00, 0x00, 0x00, 0x00, 0x00, 0x00, 0x00, 0x00, 0x00, 0x00, 0x04, 0x00, 0x10,
    0x80, 0x00, 0x00, 0x00, 0x00, 0x00, 0x00, 0x00, 0x00, 0x00, 0x00, 0x00, 0x00, 0x00, 0x00, 0x0d, 0x55, 0x50,
    0x80, 0x00, 0x00, 0x00, 0x00, 0x00, 0x00, 0x00, 0x00, 0x00, 0x00, 0x00, 0x00, 0x00, 0x00, 0x08, 0x00, 0x10,
    0x80, 0x00, 0x00, 0x00, 0x00, 0x00, 0x00, 0x00, 0x00, 0x00, 0x00, 0x00, 0x00, 0x00, 0x00, 0x15, 0x55, 0x50,
    0x80, 0x00, 0x00, 0x00, 0x00, 0x00, 0x00, 0x00, 0x00, 0x00, 0x00, 0x00, 0x00, 0x00, 0x00, 0x10, 0x00, 0x10,
    0x80, 0x00, 0x00, 0x00, 0x00, 0x00, 0x00, 0x00, 0x00, 0x00, 0x00, 0x00, 0x00, 0x00, 0x00, 0x15, 0x55, 0x50,
    0x80, 0x00, 0x00, 0x00, 0x00, 0x00, 0x00, 0x00, 0x00, 0x00, 0x00, 0x00, 0x00, 0x00, 0x00, 0x10, 0x00, 0x10,
    0x80, 0x00, 0x00, 0x00, 0x00, 0x00, 0x00, 0x00, 0x00, 0x00, 0x00, 0x00, 0x00, 0x00, 0x00, 0x15, 0x55, 0x50,
    0x80, 0x00, 0x00, 0x00, 0x00, 0x00, 0x00, 0x00, 0x00, 0x00, 0x00, 0x00, 0x00, 0x00, 0x00, 0x10, 0x00, 0x10,
    0x80, 0x00, 0x00, 0x00, 0x00, 0x00, 0x00, 0x00, 0x00, 0x00, 0x00, 0x00, 0x00, 0x00, 0x01, 0x15, 0x55, 0x50,
    0x80, 0x00, 0x00, 0x00, 0x00, 0x00, 0x00, 0x00, 0x00, 0x00, 0x00, 0x00, 0x00, 0x00, 0x00, 0x10, 0x00, 0x10,
    0x80, 0x00, 0x00, 0x00, 0x00, 0x00, 0x00, 0x00, 0x00, 0x00, 0x00, 0x00, 0x00, 0x00, 0x00, 0x15, 0x55, 0xd0,
    0x80, 0x00, 0x00, 0x00, 0x00, 0x00, 0x00, 0x00, 0x00, 0x00, 0x00, 0x00, 0x00, 0x00, 0x00, 0x08, 0x0f, 0x10,
    0x80, 0x00, 0x00, 0x00, 0x00, 0x00, 0x00, 0x00, 0x00, 0x00, 0x00, 0x00, 0x00, 0x00, 0x00, 0x1d, 0x5d, 0x50,
    0x80, 0x00, 0x00, 0x00, 0x00, 0x00, 0x00, 0x00, 0x00, 0x00, 0x00, 0x00, 0x00, 0x02, 0x00, 0x06, 0x60, 0x10,
    0x80, 0x00, 0x00, 0x00, 0x00, 0x00, 0x00, 0x00, 0x00, 0x00, 0x00, 0x00, 0x00, 0x01, 0x80, 0x03, 0xd5, 0x50,
    0x80, 0x00, 0x00, 0x00, 0x00, 0x00, 0x00, 0x00, 0x00, 0x00, 0x00, 0x00, 0x00, 0x00, 0xc0, 0x00, 0xc0, 0x10,
    0x80, 0x00, 0x00, 0x00, 0x00, 0x00, 0x00, 0x00, 0x00, 0x00, 0x00, 0x00, 0x00, 0x00, 0x61, 0x01, 0x7d, 0x50,
    0x80, 0x00, 0x00, 0x00, 0x00, 0x00, 0x00, 0x00, 0x00, 0x00, 0x00, 0x00, 0x00, 0x00, 0x30, 0x01, 0x00, 0x10,
    0x80, 0x00, 0x00, 0x00, 0x00, 0x00, 0x00, 0x00, 0x00, 0x00, 0x00, 0x00, 0x00, 0x00, 0x08, 0x03, 0x55, 0x50,
    0x80, 0x00, 0x00, 0x00, 0x00, 0x00, 0x00, 0x00, 0x00, 0x00, 0x00, 0x00, 0x00, 0x00, 0x04, 0x02, 0x00, 0x10,
    0x80, 0x00, 0x00, 0x00, 0x00, 0x00, 0x00, 0x00, 0x00, 0x00, 0x00, 0x00, 0x00, 0x00, 0x02, 0x0f, 0x55, 0x50,
    0x80, 0x00, 0x00, 0x00, 0x00, 0x00, 0x00, 0x00, 0x00, 0x00, 0x00, 0x00, 0x00, 0x00, 0x01, 0x32, 0x00, 0x10,
    0x80, 0x00, 0x00, 0x00, 0x00, 0x00, 0x00, 0x00, 0x00, 0x00, 0x00, 0x00, 0x00, 0x00, 0x01, 0xd7, 0x55, 0x50,
    0x80, 0x00, 0x00, 0x00, 0x00, 0x00, 0x00, 0x00, 0x00, 0x00, 0x00, 0x00, 0x00, 0x00, 0x00, 0xc2, 0x00, 0x10,
    0x80, 0x00, 0x00, 0x00, 0x00, 0x00, 0x00, 0x00, 0x00, 0x00, 0x00, 0x00, 0x00, 0x00, 0x01, 0xd7, 0x55, 0x50,
    0x80, 0x00, 0x00, 0x00, 0x00, 0x00, 0x00, 0x00, 0x00, 0x00, 0x00, 0x00, 0x00, 0x00, 0x03, 0x22, 0x00, 0x10,
    0x80, 0x00, 0x00, 0x00, 0x00, 0x00, 0x00, 0x00, 0x00, 0x00, 0x00, 0x00, 0x00, 0x00, 0x01, 0x57, 0x7d, 0x50,
    0x80, 0x00, 0x00, 0x00, 0x00, 0x00, 0x00, 0x00, 0x00, 0x00, 0x00, 0x00, 0x00, 0x00, 0x01, 0x01, 0xc0, 0x10,
    0x80, 0x00, 0x00, 0x00, 0x00, 0x00, 0x00, 0x00, 0x00, 0x00, 0x00, 0x00, 0x00, 0x00, 0x01, 0x55, 0x55, 0x50,
    0x80, 0x00, 0x00, 0x00, 0x00, 0x00, 0x00, 0x00, 0x00, 0x00, 0x00, 0x00, 0x00, 0x00, 0x01, 0x26, 0x80, 0x10,
    0x80, 0x00, 0x00, 0x00, 0x00, 0x00, 0x00, 0x00, 0x00, 0x00, 0x00, 0x00, 0x00, 0x00, 0x01, 0x5d, 0x55, 0x50,
    0x80, 0x00, 0x00, 0x00, 0x00, 0x00, 0x00, 0x00, 0x00, 0x00, 0x00, 0x00, 0x00, 0x00, 0x01, 0x08, 0x20, 0x10,
    0x80, 0x00, 0x00, 0x00, 0x00, 0x00, 0x00, 0x00, 0x00, 0x00, 0x00, 0x00, 0x00, 0x00, 0x01, 0xd5, 0x5d, 0x50,
    0x80, 0x00, 0x00, 0x00, 0x00, 0x00, 0x00, 0x00, 0x00, 0x00, 0x00, 0x00, 0x00, 0x00, 0x00, 0x90, 0x07, 0x90,
    0x80, 0x00, 0x00, 0x00, 0x00, 0x00, 0x00, 0x00, 0x00, 0x00, 0x00, 0x00, 0x00, 0x00, 0x00, 0x75, 0x55, 0x50,
    0x80, 0x00, 0x00, 0x00, 0x00, 0x00, 0x00, 0x00, 0x00, 0x00, 0x00, 0x00, 0x00, 0x00, 0x00, 0x20, 0x00, 0x10,
    0x80, 0x00, 0x00, 0x00, 0x00, 0x00, 0x00, 0x00, 0x00, 0x00, 0x00, 0x00, 0x00, 0x00, 0x00, 0x3d, 0x55, 0x50,
    0x80, 0x00, 0x00, 0x00, 0x00, 0x00, 0x00, 0x00, 0x00, 0x00, 0x00, 0x00, 0x00, 0x00, 0x00, 0x22, 0x00, 0x10,
    0x80, 0x00, 0x00, 0x00, 0x00, 0x00, 0x00, 0x00, 0x00, 0x00, 0x00, 0x00, 0x00, 0x00, 0x00, 0x75, 0x55, 0x50,
    0x80, 0x00, 0x00, 0x00, 0x00, 0x00, 0x00, 0x00, 0x00, 0x00, 0x00, 0x00, 0x00, 0x00, 0x00, 0x20, 0x00, 0x10,
    0x80, 0x00, 0x00, 0x00, 0x00, 0x00, 0x00, 0x00, 0x00, 0x00, 0x00, 0x00, 0x00, 0x00, 0x00, 0x35, 0x55, 0x50,
    0x80, 0x00, 0x00, 0x00, 0x00, 0x00, 0x00, 0x00, 0x00, 0x00, 0x00, 0x00, 0x00, 0x00, 0x00, 0x20, 0x00, 0x10,
    0x80, 0x00, 0x00, 0x00, 0x00, 0x00, 0x00, 0x00, 0x00, 0x00, 0x00, 0x00, 0x00, 0x00, 0x00, 0x35, 0x55, 0x50,
    0x80, 0x00, 0x00, 0x00, 0x00, 0x00, 0x00, 0x00, 0x00, 0x00, 0x00, 0x00, 0x00, 0x00, 0x00, 0x20, 0x00, 0x10,
    0x80, 0x00, 0x00, 0x00, 0x00, 0x00, 0x00, 0x00, 0x00, 0x00, 0x00, 0x00, 0x00, 0x00, 0x00, 0x15, 0x57, 0x50,
    0x80, 0x00, 0x00, 0x00, 0x00, 0x00, 0x00, 0x00, 0x00, 0x00, 0x00, 0x00, 0x00, 0x00, 0x00, 0x18, 0x18, 0x10,
    0x80, 0x00, 0x00, 0x00, 0x00, 0x00, 0x00, 0x00, 0x00, 0x00, 0x00, 0x00, 0x00, 0x00, 0x00, 0x0d, 0x75, 0x50,
    0x80, 0x00, 0x00, 0x00, 0x00, 0x00, 0x00, 0x00, 0x00, 0x00, 0x00, 0x00, 0x00, 0x00, 0x00, 0x04, 0xc0, 0x10,
    0x80, 0x00, 0x00, 0x00, 0x00, 0x00, 0x00, 0x00, 0x00, 0x00, 0x00, 0x00, 0x00, 0x00, 0x00, 0x03, 0xd5, 0x50,
    0x80, 0x00, 0x00, 0x00, 0x00, 0x00, 0x00, 0x00, 0x00, 0x00, 0x00, 0x00, 0x00, 0x00, 0x00, 0x01, 0x80, 0x10,
    0x80, 0x00, 0x00, 0x00, 0x00, 0x00, 0x00, 0x00, 0x00, 0x00, 0x00, 0x00, 0x00, 0x00, 0x00, 0x03, 0x75, 0x50,
    0x80, 0x00, 0x00, 0x00, 0x00, 0x00, 0x00, 0x00, 0x00, 0x00, 0x00, 0x00, 0x00, 0x00, 0x00, 0x0a, 0x0c, 0x10,
    0x80, 0x00, 0x00, 0x00, 0x00, 0x00, 0x00, 0x00, 0x00, 0x00, 0x00, 0x00, 0x00, 0x00, 0x00, 0x03, 0x55, 0x50,
    0x80, 0x00, 0x00, 0x00, 0x00, 0x00, 0x00, 0x00, 0x00, 0x00, 0x00, 0x00, 0x00, 0x00, 0x00, 0x02, 0x00, 0x10,
    0x80, 0x00, 0x00, 0x00, 0x00, 0x00, 0x00, 0x00, 0x00, 0x00, 0x00, 0x00, 0x00, 0x00, 0x00, 0x03, 0x55, 0x50,
    0x80, 0x00, 0x00, 0x00, 0x00, 0x00, 0x00, 0x00, 0x00, 0x00, 0x00, 0x00, 0x00, 0x00, 0x00, 0x82, 0x00, 0x10,
    0x80, 0x00, 0x00, 0x00, 0x00, 0x00, 0x00, 0x00, 0x00, 0x00, 0x00, 0x00, 0x00, 0x00, 0x00, 0x03, 0x55, 0x50,
    0x80, 0x00, 0x00, 0x00, 0x00, 0x00, 0x00, 0x00, 0x00, 0x00, 0x00, 0x00, 0x00, 0x00, 0x00, 0x02, 0x00, 0x10,
    0x80, 0x00, 0x00, 0x00, 0x00, 0x00, 0x00, 0x00, 0x00, 0x00, 0x00, 0x00, 0x00, 0x00, 0x00, 0x03, 0x55, 0x50,
    0x80, 0x00, 0x00, 0x00, 0x00, 0x00, 0x00, 0x00, 0x00, 0x00, 0x00, 0x00, 0x00, 0x00, 0x00, 0x03, 0x00, 0x10,
    0x80, 0x00, 0x00, 0x00, 0x00, 0x00, 0x00, 0x00, 0x00, 0x00, 0x00, 0x00, 0x00, 0x00, 0x00, 0x01, 0x55, 0x50,
    0x80, 0x00, 0x00, 0x00, 0x00, 0x00, 0x00, 0x00, 0x00, 0x00, 0x00, 0x00, 0x00, 0x00, 0x00, 0x00, 0x80, 0x10,
    0x80, 0x00, 0x00, 0x00, 0x00, 0x00, 0x00, 0x00, 0x00, 0x00, 0x00, 0x00, 0x00, 0x00, 0x00, 0x00, 0xd5, 0x50,
    0xff, 0xff, 0xff, 0xff, 0xff, 0xff, 0xff, 0xff, 0xff, 0xff, 0xff, 0xff, 0xff, 0xff, 0xff, 0xff, 0xff, 0xf0,
};

static const lv_img_dsc_t gaming19 = {
    .header.cf = LV_IMG_CF_INDEXED_1BIT,
    .header.always_zero = 0,
    .header.reserved = 0,
    .header.w = 140,
    .header.h = 68,
    .data_size = 1232,
    .data = gaming19_map,
};

static const LV_ATTRIBUTE_MEM_ALIGN LV_ATTRIBUTE_LARGE_CONST uint8_t gaming20_map[] = {
#if CONFIG_NICE_VIEW_WIDGET_INVERTED
    0xff, 0xff, 0xff, 0xff, /*Color of index 0*/
    0x00, 0x00, 0x00, 0xff, /*Color of index 1*/
#else
    0x00, 0x00, 0x00, 0xff, /*Color of index 0*/
    0xff, 0xff, 0xff, 0xff, /*Color of index 1*/
#endif
    0xff, 0xff, 0xff, 0xff, 0xff, 0xff, 0xff, 0xff, 0xff, 0xff, 0xff, 0xff, 0xff, 0xff, 0xff, 0xff, 0xff, 0xf0,
    0x80, 0x00, 0x00, 0x00, 0x00, 0x00, 0x00, 0x00, 0x00, 0x00, 0x00, 0x00, 0x00, 0x00, 0x00, 0x01, 0xbb, 0xb0,
    0xb8, 0x00, 0x00, 0x00, 0x00, 0x00, 0x00, 0x00, 0x00, 0x00, 0x00, 0x00, 0x00, 0x00, 0x00, 0x03, 0x55, 0x50,
    0xb8, 0x00, 0x00, 0x00, 0x00, 0x00, 0x00, 0x00, 0x00, 0xc0, 0x00, 0x00, 0x00, 0x00, 0x00, 0x06, 0xaa, 0xb0,
    0xbc, 0x00, 0x00, 0x00, 0x00, 0x00, 0x00, 0x00, 0x01, 0xe0, 0x00, 0x00, 0x00, 0x00, 0x00, 0x0d, 0x55, 0x50,
    0x9e, 0x00, 0x00, 0x00, 0x00, 0x00, 0x00, 0x00, 0x03, 0xf0, 0x00, 0x00, 0x00, 0x00, 0x00, 0x0b, 0xbb, 0xb0,
    0x8e, 0x00, 0x00, 0x00, 0x00, 0x00, 0x00, 0x00, 0x03, 0xf8, 0x00, 0x00, 0x00, 0x00, 0x00, 0x15, 0x55, 0x50,
    0x8f, 0x00, 0x00, 0x00, 0x00, 0x02, 0x00, 0x00, 0x07, 0xf8, 0x00, 0x00, 0x00, 0x00, 0x00, 0x1a, 0xaa, 0xb0,
    0x87, 0x80, 0x00, 0x00, 0x00, 0x0d, 0xc0, 0x00, 0x0f, 0x3c, 0x00, 0x00, 0x00, 0x00, 0x00, 0x15, 0x55, 0x50,
    0x83, 0xc0, 0x00, 0x00, 0x00, 0x18, 0x30, 0x00, 0x1e, 0x1e, 0x00, 0x00, 0x00, 0x00, 0x00, 0x1b, 0xbb, 0xb0,
    0x81, 0xe0, 0x00, 0x00, 0x00, 0x60, 0x0c, 0x00, 0x1c, 0x0f, 0x00, 0x00, 0x00, 0x00, 0x00, 0x15, 0x55, 0x50,
    0x81, 0xf0, 0x00, 0x00, 0x00, 0xc1, 0xc2, 0x00, 0x3c, 0x07, 0xc0, 0x00, 0x00, 0x00, 0x00, 0x1a, 0xaa, 0xb0,
    0x80, 0xf8, 0x01, 0x80, 0x1f, 0x0f, 0xf1, 0x80, 0xf8, 0x03, 0xf0, 0x07, 0x80, 0x00, 0x00, 0x15, 0x55, 0x50,
    0x80, 0x3e, 0x0f, 0xe3, 0xe0, 0x7f, 0xfc, 0x67, 0xf0, 0x01, 0xf8, 0x18, 0xc0, 0x00, 0x00, 0x1b, 0xbb, 0xb0,
    0x80, 0x1f, 0x3f, 0xfc, 0x00, 0xfe, 0x7e, 0x1f, 0xc0, 0x00, 0x7e, 0x60, 0x30, 0xe0, 0x00, 0x15, 0x57, 0xd0,
    0x80, 0x0f, 0xff, 0xf8, 0x01, 0xf0, 0x1f, 0x9f, 0x80, 0x00, 0x1f, 0x80, 0x0f, 0xfc, 0x00, 0x0a, 0xba, 0xb0,
    0x80, 0x07, 0xf8, 0x7c, 0x07, 0xc0, 0x07, 0xfe, 0xff, 0xff, 0xff, 0xe0, 0x0f, 0xff, 0x00, 0x0d, 0x75, 0x50,
    0x80, 0x01, 0xc0, 0x1f, 0x0f, 0x80, 0x03, 0xff, 0x00, 0x00, 0x01, 0xf8, 0x3f, 0x1f, 0x80, 0x07, 0xfb, 0xb0,
    0x80, 0x00, 0x00, 0x0f, 0x9f, 0x00, 0x06, 0xf0, 0x00, 0x00, 0x00, 0xfc, 0xfe, 0x03, 0xc0, 0x03, 0xd5, 0x50,
    0x80, 0x00, 0x00, 0x07, 0xfc, 0x00, 0x1c, 0x00, 0x00, 0x00, 0x00, 0x3f, 0xf8, 0x01, 0xe0, 0x01, 0xaa, 0xb0,
    0x80, 0x00, 0x00, 0x01, 0xf8, 0x00, 0x30, 0x00, 0x00, 0x00, 0x00, 0x0f, 0xe0, 0x00, 0xf0, 0x01, 0x7d, 0x50,
    0x80, 0x00, 0x00, 0x00, 0xf0, 0x00, 0xc0, 0x00, 0x00, 0x00, 0x00, 0x03, 0x80, 0x00, 0x78, 0x03, 0xbb, 0xb0,
    0x80, 0x00, 0x00, 0x00, 0x40, 0x00, 0x00, 0x00, 0x00, 0x00, 0x00, 0x00, 0x00, 0x00, 0x3e, 0x03, 0x55, 0x50,
    0x80, 0x00, 0x00, 0x00, 0x00, 0x00, 0x00, 0x00, 0x00, 0x00, 0x00, 0x00, 0x00, 0x00, 0x1e, 0x02, 0xaa, 0xb0,
    0x80, 0x00, 0x00, 0x00, 0x00, 0x00, 0x00, 0x00, 0x00, 0x00, 0x00, 0x00, 0x00, 0x00, 0x0f, 0x07, 0x55, 0x50,
    0x80, 0x00, 0x00, 0x00, 0x00, 0x00, 0x00, 0x00, 0x00, 0x00, 0x00, 0x00, 0x00, 0x00, 0x07, 0x9b, 0xbb, 0xb0,
    0x80, 0x00, 0x00, 0x00, 0x00, 0x00, 0x00, 0x00, 0x00, 0x00, 0x00, 0x00, 0x00, 0x00, 0x03, 0xf7, 0x55, 0x50,
    0x80, 0x00, 0x00, 0x00, 0x00, 0x00, 0x00, 0x00, 0x00, 0x00, 0x00, 0x00, 0x00, 0x00, 0x01, 0xea, 0xaa, 0xb0,
    0x80, 0x00, 0x00, 0x00, 0x00, 0x00, 0x00, 0x00, 0x00, 0x00, 0x00, 0x00, 0x00, 0x00, 0x00, 0xf7, 0x55, 0x50,
    0x80, 0x00, 0x00, 0x00, 0x00, 0x00, 0x00, 0x00, 0x00, 0x00, 0x00, 0x00, 0x00, 0x00, 0x01, 0xfb, 0xbf, 0xb0,
    0x80, 0x00, 0x00, 0x00, 0x00, 0x00, 0x00, 0x00, 0x00, 0x00, 0x00, 0x00, 0x00, 0x00, 0x01, 0x7d, 0xd5, 0x50,
    0x80, 0x00, 0x00, 0x00, 0x00, 0x00, 0x00, 0x00, 0x00, 0x00, 0x00, 0x00, 0x00, 0x00, 0x01, 0xbb, 0xaa, 0xb0,
    0x80, 0x00, 0x00, 0x00, 0x00, 0x00, 0x00, 0x00, 0x00, 0x00, 0x00, 0x00, 0x00, 0x00, 0x01, 0x57, 0xd5, 0x50,
    0x80, 0x00, 0x00, 0x00, 0x00, 0x00, 0x00, 0x00, 0x00, 0x00, 0x00, 0x00, 0x00, 0x00, 0x01, 0xbf, 0xfb, 0xb0,
    0x80, 0x00, 0x00, 0x00, 0x00, 0x00, 0x00, 0x00, 0x00, 0x00, 0x00, 0x00, 0x00, 0x00, 0x01, 0x5d, 0x75, 0x50,
    0x80, 0x00, 0x00, 0x00, 0x00, 0x00, 0x00, 0x00, 0x00, 0x00, 0x00, 0x00, 0x00, 0x00, 0x01, 0xba, 0xba, 0xb0,
    0x80, 0x00, 0x00, 0x00, 0x00, 0x00, 0x00, 0x00, 0x00, 0x00, 0x00, 0x00, 0x00, 0x00, 0x01, 0x55, 0x5f, 0x50,
    0x80, 0x00, 0x00, 0x00, 0x00, 0x00, 0x00, 0x00, 0x00, 0x00, 0x00, 0x00, 0x00, 0x00, 0x00, 0xbb, 0xbb, 0xb0,
    0x80, 0x00, 0x00, 0x00, 0x00, 0x00, 0x00, 0x00, 0x00, 0x00, 0x00, 0x00, 0x00, 0x00, 0x00, 0xf5, 0x55, 0x50,
    0x80, 0x00, 0x00, 0x00, 0x00, 0x00, 0x00, 0x00, 0x00, 0x00, 0x00, 0x00, 0x00, 0x00, 0x00, 0x6a, 0xaa, 0xb0,
    0x80, 0x00, 0x00, 0x00, 0x00, 0x00, 0x00, 0x00, 0x00, 0x00, 0x00, 0x00, 0x00, 0x00, 0x00, 0x35, 0x55, 0x50,
    0x80, 0x00, 0x00, 0x00, 0x00, 0x00, 0x00, 0x00, 0x00, 0x00, 0x00, 0x00, 0x00, 0x00, 0x00, 0x3f, 0xbb, 0xb0,
    0x80, 0x00, 0x00, 0x00, 0x00, 0x00, 0x00, 0x00, 0x00, 0x00, 0x00, 0x00, 0x00, 0x00, 0x00, 0x35, 0x55, 0x50,
    0x80, 0x00, 0x00, 0x00, 0x00, 0x00, 0x00, 0x00, 0x00, 0x00, 0x00, 0x00, 0x00, 0x00, 0x00, 0x2a, 0xaa, 0xb0,
    0x80, 0x00, 0x00, 0x00, 0x00, 0x00, 0x00, 0x00, 0x00, 0x00, 0x00, 0x00, 0x00, 0x00, 0x00, 0x35, 0x55, 0x50,
    0x80, 0x00, 0x00, 0x00, 0x00, 0x00, 0x00, 0x00, 0x00, 0x00, 0x00, 0x00, 0x00, 0x00, 0x00, 0x3b, 0xbb, 0xb0,
    0x80, 0x00, 0x00, 0x00, 0x00, 0x00, 0x00, 0x00, 0x00, 0x00, 0x00, 0x00, 0x00, 0x00, 0x00, 0x35, 0x55, 0x50,
    0x80, 0x00, 0x00, 0x00, 0x00, 0x00, 0x00, 0x00, 0x00, 0x00, 0x00, 0x00, 0x00, 0x00, 0x00, 0x1a, 0xaa, 0xb0,
    0x80, 0x00, 0x00, 0x00, 0x00, 0x00, 0x00, 0x00, 0x00, 0x00, 0x00, 0x00, 0x00, 0x00, 0x00, 0x1d, 0x5f, 0x50,
    0x80, 0x00, 0x00, 0x00, 0x00, 0x00, 0x00, 0x00, 0x00, 0x00, 0x00, 0x00, 0x00, 0x00, 0x00, 0x0b, 0xbb, 0xb0,
    0x80, 0x00, 0x00, 0x00, 0x00, 0x00, 0x00, 0x00, 0x00, 0x00, 0x00, 0x00, 0x00, 0x00, 0x00, 0x05, 0x75, 0x50,
    0x80, 0x00, 0x00, 0x00, 0x00, 0x00, 0x00, 0x00, 0x00, 0x00, 0x00, 0x00, 0x00, 0x00, 0x00, 0x02, 0xaa, 0xb0,
    0x80, 0x00, 0x00, 0x00, 0x00, 0x00, 0x00, 0x00, 0x00, 0x00, 0x00, 0x00, 0x00, 0x00, 0x00, 0x01, 0xd5, 0x50,
    0x80, 0x00, 0x00, 0x00, 0x00, 0x00, 0x00, 0x00, 0x00, 0x00, 0x00, 0x00, 0x00, 0x00, 0x00, 0x01, 0xfb, 0xb0,
    0x80, 0x00, 0x00, 0x00, 0x00, 0x00, 0x00, 0x00, 0x00, 0x00, 0x00, 0x00, 0x00, 0x00, 0x00, 0x03, 0x5d, 0x50,
    0x80, 0x00, 0x00, 0x00, 0x00, 0x00, 0x00, 0x00, 0x00, 0x00, 0x00, 0x00, 0x00, 0x00, 0x00, 0x02, 0xaa, 0xb0,
    0x80, 0x00, 0x00, 0x00, 0x00, 0x00, 0x00, 0x00, 0x00, 0x00, 0x00, 0x00, 0x00, 0x00, 0x00, 0x03, 0x55, 0x50,
    0x80, 0x00, 0x00, 0x00, 0x00, 0x00, 0x00, 0x00, 0x00, 0x00, 0x00, 0x00, 0x00, 0x00, 0x00, 0x03, 0xbb, 0xb0,
    0x80, 0x00, 0x00, 0x00, 0x00, 0x00, 0x00, 0x00, 0x00, 0x00, 0x00, 0x00, 0x00, 0x00, 0x00, 0x03, 0x55, 0x50,
    0x80, 0x00, 0x00, 0x00, 0x00, 0x00, 0x00, 0x00, 0x00, 0x00, 0x00, 0x00, 0x00, 0x00, 0x00, 0x02, 0xaa, 0xb0,
    0x80, 0x00, 0x00, 0x00, 0x00, 0x00, 0x00, 0x00, 0x00, 0x00, 0x00, 0x00, 0x00, 0x00, 0x00, 0x03, 0x55, 0x50,
    0x80, 0x00, 0x00, 0x00, 0x00, 0x00, 0x00, 0x00, 0x00, 0x00, 0x00, 0x00, 0x00, 0x00, 0x00, 0x03, 0xbb, 0xb0,
    0x80, 0x00, 0x00, 0x00, 0x00, 0x00, 0x00, 0x00, 0x00, 0x00, 0x00, 0x00, 0x00, 0x00, 0x00, 0x03, 0x55, 0x50,
    0x80, 0x00, 0x00, 0x00, 0x00, 0x00, 0x00, 0x00, 0x00, 0x00, 0x00, 0x00, 0x00, 0x00, 0x00, 0x01, 0xaa, 0xb0,
    0x80, 0x00, 0x00, 0x00, 0x00, 0x00, 0x00, 0x00, 0x00, 0x00, 0x00, 0x00, 0x00, 0x00, 0x00, 0x01, 0x55, 0x50,
    0x80, 0x00, 0x00, 0x00, 0x00, 0x00, 0x00, 0x00, 0x00, 0x00, 0x00, 0x00, 0x00, 0x00, 0x00, 0x00, 0xbb, 0xb0,
    0x80, 0x00, 0x00, 0x00, 0x00, 0x00, 0x00, 0x00, 0x00, 0x00, 0x00, 0x00, 0x00, 0x00, 0x00, 0x00, 0x55, 0x50,
    0xff, 0xff, 0xff, 0xff, 0xff, 0xff, 0xff, 0xff, 0xff, 0xff, 0xff, 0xff, 0xff, 0xff, 0xff, 0xff, 0xff, 0xf0,
};

static const lv_img_dsc_t gaming20 = {
    .header.cf = LV_IMG_CF_INDEXED_1BIT,
    .header.always_zero = 0,
    .header.reserved = 0,
    .header.w = 140,
    .header.h = 68,
    .data_size = 1232,
    .data = gaming20_map,
};

static const LV_ATTRIBUTE_MEM_ALIGN LV_ATTRIBUTE_LARGE_CONST uint8_t gaming21_map[] = {
#if CONFIG_NICE_VIEW_WIDGET_INVERTED
    0xff, 0xff, 0xff, 0xff, /*Color of index 0*/
    0x00, 0x00, 0x00, 0xff, /*Color of index 1*/
#else
    0x00, 0x00, 0x00, 0xff, /*Color of index 0*/
    0xff, 0xff, 0xff, 0xff, /*Color of index 1*/
#endif
    0xff, 0xff, 0xff, 0xff, 0xff, 0xff, 0xff, 0xff, 0xff, 0xff, 0xff, 0xff, 0xff, 0xff, 0xff, 0xff, 0xff, 0xf0,
    0xff, 0xff, 0xff, 0xff, 0xff, 0xff, 0xff, 0xff, 0xff, 0xff, 0xff, 0xff, 0xff, 0xff, 0xff, 0xfe, 0x44, 0x50,
    0xc7, 0xff, 0xff, 0xff, 0xff, 0xff, 0xff, 0xff, 0xff, 0xff, 0xff, 0xff, 0xff, 0xff, 0xff, 0xfc, 0xaa, 0xb0,
    0xc7, 0xff, 0xff, 0xff, 0xff, 0xff, 0xff, 0xff, 0xff, 0x3f, 0xff, 0xff, 0xff, 0xff, 0xff, 0xf9, 0x55, 0x50,
    0xc3, 0xff, 0xff, 0xff, 0xff, 0xff, 0xff, 0xff, 0xfe, 0x1f, 0xff, 0xff, 0xff, 0xff, 0xff, 0xf2, 0xaa, 0xb0,
    0xe1, 0xff, 0xff, 0xff, 0xff, 0xff, 0xff, 0xff, 0xfc, 0x0f, 0xff, 0xff, 0xff, 0xff, 0xff, 0xf4, 0x44, 0x50,
    0xf1, 0xff, 0xff, 0xff, 0xff, 0xff, 0xff, 0xff, 0xfc, 0x07, 0xff, 0xff, 0xff, 0xff, 0xff, 0xea, 0xaa, 0xb0,
    0xf0, 0xff, 0xff, 0xff, 0xff, 0xff, 0xff, 0xff, 0xf8, 0x07, 0xff, 0xff, 0xff, 0xff, 0xff, 0xe5, 0x55, 0x50,
    0xf8, 0x7f, 0xff, 0xff, 0xff, 0xff, 0xff, 0xff, 0xf0, 0xc3, 0xff, 0xff, 0xff, 0xff, 0xff, 0xea, 0xaa, 0xb0,
    0xfc, 0x3f, 0xff, 0xff, 0xff, 0xff, 0xff, 0xff, 0xe1, 0xe1, 0xff, 0xff, 0xff, 0xff, 0xff, 0xe4, 0x44, 0x50,
    0xfe, 0x1f, 0xff, 0xff, 0xff, 0xff, 0xff, 0xff, 0xe3, 0xf0, 0xff, 0xff, 0xff, 0xff, 0xff, 0xea, 0xaa, 0xb0,
    0xfe, 0x0f, 0xff, 0xff, 0xff, 0xfe, 0x3f, 0xff, 0xc3, 0xf8, 0x3f, 0xff, 0xff, 0xff, 0xff, 0xe5, 0x55, 0x50,
    0xff, 0x07, 0xfe, 0x7f, 0xff, 0xf0, 0x0f, 0xff, 0x07, 0xfc, 0x0f, 0xf8, 0x7f, 0xff, 0xff, 0xea, 0xaa, 0xb0,
    0xff, 0xc1, 0xf0, 0x1f, 0xff, 0x80, 0x03, 0xfc, 0x0f, 0xfe, 0x07, 0xe7, 0x3f, 0xff, 0xff, 0xe4, 0x40, 0x50,
    0xff, 0xe0, 0xc0, 0x0f, 0xff, 0x01, 0x81, 0xf8, 0x3f, 0xff, 0x81, 0x9f, 0xcf, 0x1f, 0xff, 0xea, 0xa2, 0xb0,
    0xff, 0xf0, 0x01, 0x07, 0xfe, 0x0f, 0xe0, 0x60, 0x7f, 0xff, 0xe0, 0x7f, 0xf0, 0x03, 0xff, 0xf5, 0x45, 0x50,
    0xff, 0xf8, 0x07, 0x83, 0xf8, 0x3f, 0xf8, 0x01, 0x00, 0x00, 0x00, 0x1f, 0xf0, 0x00, 0xff, 0xf2, 0xaa, 0xb0,
    0xff, 0xfe, 0x3f, 0xe0, 0xf0, 0x7f, 0xfc, 0x00, 0xff, 0xff, 0xfe, 0x07, 0xc0, 0xe0, 0x7f, 0xf8, 0x44, 0x50,
    0xff, 0xff, 0xff, 0xf0, 0x60, 0xff, 0xf9, 0x0f, 0xff, 0xff, 0xff, 0x03, 0x01, 0xfc, 0x3f, 0xfc, 0xaa, 0xb0,
    0xff, 0xff, 0xff, 0xf8, 0x03, 0xff, 0xe3, 0xff, 0xff, 0xff, 0xff, 0xc0, 0x07, 0xfe, 0x1f, 0xfe, 0x15, 0x50,
    0xff, 0xff, 0xff, 0xfe, 0x07, 0xff, 0xcf, 0xff, 0xff, 0xff, 0xff, 0xf0, 0x1f, 0xff, 0x0f, 0xfc, 0x82, 0xb0,
    0xff, 0xff, 0xff, 0xff, 0x0f, 0xff, 0x3f, 0xff, 0xff, 0xff, 0xff, 0xfc, 0x7f, 0xff, 0x87, 0xfc, 0x44, 0x50,
    0xff, 0xff, 0xff, 0xff, 0xbf, 0xff, 0xff, 0xff, 0xff, 0xff, 0xff, 0xff, 0xff, 0xff, 0xc1, 0xfc, 0xaa, 0xb0,
    0xff, 0xff, 0xff, 0xff, 0xff, 0xff, 0xff, 0xff, 0xff, 0xff, 0xff, 0xff, 0xff, 0xff, 0xe1, 0xfd, 0x55, 0x50,
    0xff, 0xff, 0xff, 0xff, 0xff, 0xff, 0xff, 0xff, 0xff, 0xff, 0xff, 0xff, 0xff, 0xff, 0xf0, 0xfc, 0xaa, 0xb0,
    0xff, 0xff, 0xff, 0xff, 0xff, 0xff, 0xff, 0xff, 0xff, 0xff, 0xff, 0xff, 0xff, 0xff, 0xf8, 0x70, 0x44, 0x50,
    0xff, 0xff, 0xff, 0xff, 0xff, 0xff, 0xff, 0xff, 0xff, 0xff, 0xff, 0xff, 0xff, 0xff, 0xfc, 0x00, 0xaa, 0xb0,
    0xff, 0xff, 0xff, 0xff, 0xff, 0xff, 0xff, 0xff, 0xff, 0xff, 0xff, 0xff, 0xff, 0xff, 0xfe, 0x15, 0x55, 0x50,
    0xff, 0xff, 0xff, 0xff, 0xff, 0xff, 0xff, 0xff, 0xff, 0xff, 0xff, 0xff, 0xff, 0xff, 0xff, 0x08, 0xa2, 0xb0,
    0xff, 0xff, 0xff, 0xff, 0xff, 0xff, 0xff, 0xff, 0xff, 0xff, 0xff, 0xff, 0xff, 0xff, 0xff, 0x04, 0x04, 0x50,
    0xff, 0xff, 0xff, 0xff, 0xff, 0xff, 0xff, 0xff, 0xff, 0xff, 0xff, 0xff, 0xff, 0xff, 0xfe, 0x82, 0x2a, 0xb0,
    0xff, 0xff, 0xff, 0xff, 0xff, 0xff, 0xff, 0xff, 0xff, 0xff, 0xff, 0xff, 0xff, 0xff, 0xfe, 0x45, 0x55, 0x50,
    0xff, 0xff, 0xff, 0xff, 0xff, 0xff, 0xff, 0xff, 0xff, 0xff, 0xff, 0xff, 0xff, 0xff, 0xfe, 0xaa, 0x2a, 0xb0,
    0xff, 0xff, 0xff, 0xff, 0xff, 0xff, 0xff, 0xff, 0xff, 0xff, 0xff, 0xff, 0xff, 0xff, 0xfe, 0x44, 0x04, 0x50,
    0xff, 0xff, 0xff, 0xff, 0xff, 0xff, 0xff, 0xff, 0xff, 0xff, 0xff, 0xff, 0xff, 0xff, 0xfe, 0xaa, 0x8a, 0xb0,
    0xff, 0xff, 0xff, 0xff, 0xff, 0xff, 0xff, 0xff, 0xff, 0xff, 0xff, 0xff, 0xff, 0xff, 0xfe, 0x45, 0x51, 0x50,
    0xff, 0xff, 0xff, 0xff, 0xff, 0xff, 0xff, 0xff, 0xff, 0xff, 0xff, 0xff, 0xff, 0xff, 0xfe, 0x8a, 0xaa, 0x30,
    0xff, 0xff, 0xff, 0xff, 0xff, 0xff, 0xff, 0xff, 0xff, 0xff, 0xff, 0xff, 0xff, 0xff, 0xfe, 0x44, 0x44, 0x50,
    0xff, 0xff, 0xff, 0xff, 0xff, 0xff, 0xff, 0xff, 0xff, 0xff, 0xff, 0xff, 0xff, 0xff, 0xff, 0x0a, 0xaa, 0xb0,
    0xff, 0xff, 0xff, 0xff, 0xff, 0xff, 0xff, 0xff, 0xff, 0xff, 0xff, 0xff, 0xff, 0xff, 0xff, 0x15, 0x55, 0x50,
    0xff, 0xff, 0xff, 0xff, 0xff, 0xff, 0xff, 0xff, 0xff, 0xff, 0xff, 0xff, 0xff, 0xff, 0xff, 0x8a, 0xaa, 0xb0,
    0xff, 0xff, 0xff, 0xff, 0xff, 0xff, 0xff, 0xff, 0xff, 0xff, 0xff, 0xff, 0xff, 0xff, 0xff, 0xc4, 0x44, 0x50,
    0xff, 0xff, 0xff, 0xff, 0xff, 0xff, 0xff, 0xff, 0xff, 0xff, 0xff, 0xff, 0xff, 0xff, 0xff, 0xc8, 0xaa, 0xb0,
    0xff, 0xff, 0xff, 0xff, 0xff, 0xff, 0xff, 0xff, 0xff, 0xff, 0xff, 0xff, 0xff, 0xff, 0xff, 0xd5, 0x55, 0x50,
    0xff, 0xff, 0xff, 0xff, 0xff, 0xff, 0xff, 0xff, 0xff, 0xff, 0xff, 0xff, 0xff, 0xff, 0xff, 0xca, 0xaa, 0xb0,
    0xff, 0xff, 0xff, 0xff, 0xff, 0xff, 0xff, 0xff, 0xff, 0xff, 0xff, 0xff, 0xff, 0xff, 0xff, 0xc4, 0x44, 0x50,
    0xff, 0xff, 0xff, 0xff, 0xff, 0xff, 0xff, 0xff, 0xff, 0xff, 0xff, 0xff, 0xff, 0xff, 0xff, 0xea, 0xaa, 0xb0,
    0xff, 0xff, 0xff, 0xff, 0xff, 0xff, 0xff, 0xff, 0xff, 0xff, 0xff, 0xff, 0xff, 0xff, 0xff, 0xe5, 0x55, 0x50,
    0xff, 0xff, 0xff, 0xff, 0xff, 0xff, 0xff, 0xff, 0xff, 0xff, 0xff, 0xff, 0xff, 0xff, 0xff, 0xf2, 0xa0, 0xb0,
    0xff, 0xff, 0xff, 0xff, 0xff, 0xff, 0xff, 0xff, 0xff, 0xff, 0xff, 0xff, 0xff, 0xff, 0xff, 0xf8, 0x44, 0x50,
    0xff, 0xff, 0xff, 0xff, 0xff, 0xff, 0xff, 0xff, 0xff, 0xff, 0xff, 0xff, 0xff, 0xff, 0xff, 0xfc, 0x8a, 0xb0,
    0xff, 0xff, 0xff, 0xff, 0xff, 0xff, 0xff, 0xff, 0xff, 0xff, 0xff, 0xff, 0xff, 0xff, 0xff, 0xfe, 0x55, 0x50,
    0xff, 0xff, 0xff, 0xff, 0xff, 0xff, 0xff, 0xff, 0xff, 0xff, 0xff, 0xff, 0xff, 0xff, 0xff, 0xfe, 0x0a, 0xb0,
    0xff, 0xff, 0xff, 0xff, 0xff, 0xff, 0xff, 0xff, 0xff, 0xff, 0xff, 0xff, 0xff, 0xff, 0xff, 0xfe, 0x40, 0x50,
    0xff, 0xff, 0xff, 0xff, 0xff, 0xff, 0xff, 0xff, 0xff, 0xff, 0xff, 0xff, 0xff, 0xff, 0xff, 0xfc, 0xaa, 0xb0,
    0xff, 0xff, 0xff, 0xff, 0xff, 0xff, 0xff, 0xff, 0xff, 0xff, 0xff, 0xff, 0xff, 0xff, 0xff, 0xfd, 0x55, 0x50,
    0xff, 0xff, 0xff, 0xff, 0xff, 0xff, 0xff, 0xff, 0xff, 0xff, 0xff, 0xff, 0xff, 0xff, 0xff, 0xfc, 0xaa, 0xb0,
    0xff, 0xff, 0xff, 0xff, 0xff, 0xff, 0xff, 0xff, 0xff, 0xff, 0xff, 0xff, 0xff, 0xff, 0xff, 0xfc, 0x44, 0x50,
    0xff, 0xff, 0xff, 0xff, 0xff, 0xff, 0xff, 0xff, 0xff, 0xff, 0xff, 0xff, 0xff, 0xff, 0xff, 0xfc, 0xaa, 0xb0,
    0xff, 0xff, 0xff, 0xff, 0xff, 0xff, 0xff, 0xff, 0xff, 0xff, 0xff, 0xff, 0xff, 0xff, 0xff, 0xfd, 0x55, 0x50,
    0xff, 0xff, 0xff, 0xff, 0xff, 0xff, 0xff, 0xff, 0xff, 0xff, 0xff, 0xff, 0xff, 0xff, 0xff, 0xfc, 0xaa, 0xb0,
    0xff, 0xff, 0xff, 0xff, 0xff, 0xff, 0xff, 0xff, 0xff, 0xff, 0xff, 0xff, 0xff, 0xff, 0xff, 0xfc, 0x44, 0x50,
    0xff, 0xff, 0xff, 0xff, 0xff, 0xff, 0xff, 0xff, 0xff, 0xff, 0xff, 0xff, 0xff, 0xff, 0xff, 0xfc, 0xaa, 0xb0,
    0xff, 0xff, 0xff, 0xff, 0xff, 0xff, 0xff, 0xff, 0xff, 0xff, 0xff, 0xff, 0xff, 0xff, 0xff, 0xfe, 0x55, 0x50,
    0xff, 0xff, 0xff, 0xff, 0xff, 0xff, 0xff, 0xff, 0xff, 0xff, 0xff, 0xff, 0xff, 0xff, 0xff, 0xfe, 0xaa, 0xb0,
    0xff, 0xff, 0xff, 0xff, 0xff, 0xff, 0xff, 0xff, 0xff, 0xff, 0xff, 0xff, 0xff, 0xff, 0xff, 0xff, 0x44, 0x50,
    0xff, 0xff, 0xff, 0xff, 0xff, 0xff, 0xff, 0xff, 0xff, 0xff, 0xff, 0xff, 0xff, 0xff, 0xff, 0xff, 0xaa, 0xb0,
    0xff, 0xff, 0xff, 0xff, 0xff, 0xff, 0xff, 0xff, 0xff, 0xff, 0xff, 0xff, 0xff, 0xff, 0xff, 0xff, 0xff, 0xf0,
};

static const lv_img_dsc_t gaming21 = {
    .header.cf = LV_IMG_CF_INDEXED_1BIT,
    .header.always_zero = 0,
    .header.reserved = 0,
    .header.w = 140,
    .header.h = 68,
    .data_size = 1232,
    .data = gaming21_map,
};

static const LV_ATTRIBUTE_MEM_ALIGN LV_ATTRIBUTE_LARGE_CONST uint8_t gaming22_map[] = {
#if CONFIG_NICE_VIEW_WIDGET_INVERTED
    0xff, 0xff, 0xff, 0xff, /*Color of index 0*/
    0x00, 0x00, 0x00, 0xff, /*Color of index 1*/
#else
    0x00, 0x00, 0x00, 0xff, /*Color of index 0*/
    0xff, 0xff, 0xff, 0xff, /*Color of index 1*/
#endif
    0xff, 0xff, 0xff, 0xff, 0xff, 0xff, 0xff, 0xff, 0xff, 0xff, 0xff, 0xff, 0xff, 0xff, 0xff, 0xff, 0xff, 0xf0,
    0x80, 0x00, 0x00, 0x00, 0x00, 0x00, 0x00, 0x00, 0x00, 0x00, 0x00, 0x00, 0x00, 0x00, 0x00, 0x03, 0x00, 0x10,
    0x90, 0x00, 0x00, 0x00, 0x00, 0x00, 0x00, 0x00, 0x00, 0x00, 0x00, 0x00, 0x00, 0x00, 0x00, 0x07, 0x55, 0x50,
    0xb8, 0x00, 0x00, 0x00, 0x00, 0x00, 0x00, 0x00, 0x00, 0x00, 0x00, 0x00, 0x00, 0x00, 0x00, 0x0c, 0x00, 0x10,
    0x98, 0x00, 0x00, 0x00, 0x00, 0x00, 0x00, 0x00, 0x00, 0xc0, 0x00, 0x00, 0x00, 0x00, 0x00, 0x0d, 0x55, 0x50,
    0x8c, 0x00, 0x00, 0x00, 0x00, 0x00, 0x00, 0x00, 0x01, 0xe0, 0x00, 0x00, 0x00, 0x00, 0x00, 0x10, 0x00, 0x10,
    0x8e, 0x00, 0x00, 0x00, 0x00, 0x00, 0x00, 0x00, 0x03, 0xf0, 0x00, 0x00, 0x00, 0x00, 0x00, 0x15, 0x55, 0x50,
    0x87, 0x00, 0x00, 0x00, 0x00, 0x02, 0x00, 0x00, 0x03, 0x38, 0x00, 0x00, 0x00, 0x00, 0x00, 0x10, 0x00, 0x10,
    0x83, 0x00, 0x00, 0x00, 0x00, 0x0d, 0xc0, 0x00, 0x06, 0x1c, 0x00, 0x00, 0x00, 0x00, 0x00, 0x15, 0x55, 0x50,
    0x83, 0x80, 0x00, 0x00, 0x00, 0x18, 0x30, 0x00, 0x0e, 0x0c, 0x00, 0x00, 0x00, 0x00, 0x00, 0x10, 0x00, 0x10,
    0x81, 0xc0, 0x00, 0x00, 0x00, 0x60, 0x0c, 0x00, 0x1c, 0x06, 0x00, 0x00, 0x00, 0x00, 0x00, 0x15, 0x55, 0x50,
    0x80, 0xe0, 0x00, 0x00, 0x00, 0xc0, 0x82, 0x00, 0x38, 0x07, 0x80, 0x00, 0x00, 0x00, 0x00, 0x10, 0x00, 0x10,
    0x80, 0x70, 0x00, 0x00, 0x1f, 0x07, 0xe1, 0x80, 0x70, 0x03, 0xc0, 0x00, 0x00, 0x00, 0x00, 0x15, 0x57, 0xd0,
    0x80, 0x3c, 0x03, 0xc3, 0xe0, 0x1f, 0xf8, 0x67, 0xe0, 0x00, 0xf0, 0x00, 0x00, 0x00, 0x00, 0x10, 0x1c, 0x10,
    0x80, 0x0e, 0x1f, 0xfc, 0x00, 0x7c, 0x3c, 0x1f, 0x80, 0x00, 0x3c, 0x00, 0x00, 0x40, 0x00, 0x0d, 0x75, 0x50,
    0x80, 0x07, 0xff, 0xf0, 0x01, 0xe0, 0x0f, 0x0f, 0x00, 0x00, 0x0f, 0x00, 0x01, 0xf8, 0x00, 0x08, 0x40, 0x10,
    0x80, 0x03, 0xe0, 0x38, 0x03, 0x80, 0x03, 0xbc, 0x00, 0x00, 0x03, 0xc0, 0x07, 0xfe, 0x00, 0x05, 0xd5, 0x50,
    0x80, 0x00, 0x80, 0x0e, 0x07, 0x00, 0x01, 0xf0, 0x00, 0x00, 0x00, 0xf0, 0x1e, 0x0f, 0x00, 0x03, 0x00, 0x10,
    0x80, 0x00, 0x00, 0x07, 0x1e, 0x00, 0x00, 0x60, 0x00, 0x00, 0x00, 0x78, 0x7c, 0x03, 0x80, 0x01, 0xd5, 0x50,
    0x80, 0x00, 0x00, 0x03, 0xb8, 0x00, 0x00, 0x00, 0x00, 0x00, 0x00, 0x1e, 0xf0, 0x01, 0xc0, 0x02, 0x70, 0x10,
    0x80, 0x00, 0x00, 0x01, 0xf0, 0x00, 0x00, 0x00, 0x00, 0x00, 0x00, 0x07, 0xc0, 0x00, 0x70, 0x03, 0x5d, 0x50,
    0x80, 0x00, 0x00, 0x00, 0x60, 0x00, 0x00, 0x00, 0x00, 0x00, 0x00, 0x01, 0x00, 0x00, 0x38, 0x02, 0x00, 0x10,
    0x80, 0x00, 0x00, 0x00, 0x00, 0x00, 0x00, 0x00, 0x00, 0x00, 0x00, 0x00, 0x00, 0x00, 0x1c, 0x03, 0x55, 0x50,
    0x80, 0x00, 0x00, 0x00, 0x00, 0x00, 0x00, 0x00, 0x00, 0x00, 0x00, 0x00, 0x00, 0x00, 0x0e, 0x02, 0x00, 0x10,
    0x80, 0x00, 0x00, 0x00, 0x00, 0x00, 0x00, 0x00, 0x00, 0x00, 0x00, 0x00, 0x00, 0x00, 0x07, 0x03, 0x55, 0x50,
    0x80, 0x00, 0x00, 0x00, 0x00, 0x00, 0x00, 0x00, 0x00, 0x00, 0x00, 0x00, 0x00, 0x00, 0x03, 0x02, 0x00, 0x10,
    0x80, 0x00, 0x00, 0x00, 0x00, 0x00, 0x00, 0x00, 0x00, 0x00, 0x00, 0x00, 0x00, 0x00, 0x01, 0x8f, 0x55, 0x50,
    0x80, 0x00, 0x00, 0x00, 0x00, 0x00, 0x00, 0x00, 0x00, 0x00, 0x00, 0x00, 0x00, 0x00, 0x00, 0xfa, 0x00, 0x10,
    0x80, 0x00, 0x00, 0x00, 0x00, 0x00, 0x00, 0x00, 0x00, 0x00, 0x00, 0x00, 0x00, 0x00, 0x00, 0xf7, 0x7d, 0x50,
    0x80, 0x00, 0x00, 0x00, 0x00, 0x00, 0x00, 0x00, 0x00, 0x00, 0x00, 0x00, 0x00, 0x00, 0x00, 0xf1, 0xc0, 0x10,
    0x80, 0x00, 0x00, 0x00, 0x00, 0x00, 0x00, 0x00, 0x00, 0x00, 0x00, 0x00, 0x00, 0x00, 0x00, 0xff, 0xd5, 0x50,
    0x80, 0x00, 0x00, 0x00, 0x00, 0x00, 0x00, 0x00, 0x00, 0x00, 0x00, 0x00, 0x00, 0x00, 0x01, 0x16, 0xc0, 0x10,
    0x80, 0x00, 0x00, 0x00, 0x00, 0x00, 0x00, 0x00, 0x00, 0x00, 0x00, 0x00, 0x00, 0x00, 0x01, 0x5d, 0x75, 0x50,
    0x80, 0x00, 0x00, 0x00, 0x00, 0x00, 0x00, 0x00, 0x00, 0x00, 0x00, 0x00, 0x00, 0x00, 0x01, 0x08, 0x30, 0x10,
    0x80, 0x00, 0x00, 0x00, 0x00, 0x00, 0x00, 0x00, 0x00, 0x00, 0x00, 0x00, 0x00, 0x00, 0x01, 0x55, 0x5f, 0x50,
    0x80, 0x00, 0x00, 0x00, 0x00, 0x00, 0x00, 0x00, 0x00, 0x00, 0x00, 0x00, 0x00, 0x00, 0x01, 0x10, 0x01, 0x90,
    0x80, 0x00, 0x00, 0x00, 0x00, 0x00, 0x00, 0x00, 0x00, 0x00, 0x00, 0x00, 0x00, 0x00, 0x01, 0x75, 0x55, 0x50,
    0x80, 0x00, 0x00, 0x00, 0x00, 0x00, 0x00, 0x00, 0x00, 0x00, 0x00, 0x00, 0x00, 0x00, 0x01, 0x20, 0x00, 0x10,
    0x80, 0x00, 0x00, 0x00, 0x00, 0x00, 0x00, 0x00, 0x00, 0x00, 0x00, 0x00, 0x00, 0x00, 0x01, 0x75, 0x55, 0x50,
    0x80, 0x00, 0x00, 0x00, 0x00, 0x00, 0x00, 0x00, 0x00, 0x00, 0x00, 0x00, 0x00, 0x00, 0x00, 0xa0, 0x00, 0x10,
    0x80, 0x00, 0x00, 0x00, 0x00, 0x00, 0x00, 0x00, 0x00, 0x00, 0x00, 0x00, 0x00, 0x00, 0x00, 0xf5, 0x55, 0x50,
    0x80, 0x00, 0x00, 0x00, 0x00, 0x00, 0x00, 0x00, 0x00, 0x00, 0x00, 0x00, 0x00, 0x00, 0x00, 0x60, 0x00, 0x10,
    0x80, 0x00, 0x00, 0x00, 0x00, 0x00, 0x00, 0x00, 0x00, 0x00, 0x00, 0x00, 0x00, 0x00, 0x00, 0x3d, 0x55, 0x50,
    0x80, 0x00, 0x00, 0x00, 0x00, 0x00, 0x00, 0x00, 0x00, 0x00, 0x00, 0x00, 0x00, 0x00, 0x00, 0x26, 0x00, 0x10,
    0x80, 0x00, 0x00, 0x00, 0x00, 0x00, 0x00, 0x00, 0x00, 0x00, 0x00, 0x00, 0x00, 0x00, 0x00, 0x35, 0x55, 0x50,
    0x80, 0x00, 0x00, 0x00, 0x00, 0x00, 0x00, 0x00, 0x00, 0x00, 0x00, 0x00, 0x00, 0x00, 0x00, 0x30, 0x00, 0x10,
    0x80, 0x00, 0x00, 0x00, 0x00, 0x00, 0x00, 0x00, 0x00, 0x00, 0x00, 0x00, 0x00, 0x00, 0x00, 0x15, 0x55, 0x50,
    0x80, 0x00, 0x00, 0x00, 0x00, 0x00, 0x00, 0x00, 0x00, 0x00, 0x00, 0x00, 0x00, 0x00, 0x00, 0x08, 0x00, 0x10,
    0x80, 0x00, 0x00, 0x00, 0x00, 0x00, 0x00, 0x00, 0x00, 0x00, 0x00, 0x00, 0x00, 0x00, 0x00, 0x0d, 0x57, 0x50,
    0x80, 0x00, 0x00, 0x00, 0x00, 0x00, 0x00, 0x00, 0x00, 0x00, 0x00, 0x00, 0x00, 0x00, 0x00, 0x06, 0x1c, 0x10,
    0x80, 0x00, 0x00, 0x00, 0x00, 0x00, 0x00, 0x00, 0x00, 0x00, 0x00, 0x00, 0x00, 0x00, 0x00, 0x03, 0x75, 0x50,
    0x80, 0x00, 0x00, 0x00, 0x00, 0x00, 0x00, 0x00, 0x00, 0x00, 0x00, 0x00, 0x00, 0x00, 0x00, 0x00, 0xc0, 0x10,
    0x80, 0x00, 0x00, 0x00, 0x00, 0x00, 0x00, 0x00, 0x00, 0x00, 0x00, 0x00, 0x00, 0x00, 0x00, 0x00, 0xfd, 0x50,
    0x80, 0x00, 0x00, 0x00, 0x00, 0x00, 0x00, 0x00, 0x00, 0x00, 0x00, 0x00, 0x00, 0x00, 0x00, 0x01, 0x04, 0x10,
    0x80, 0x00, 0x00, 0x00, 0x00, 0x00, 0x00, 0x00, 0x00, 0x00, 0x00, 0x00, 0x00, 0x00, 0x00, 0x01, 0x55, 0x50,
    0x80, 0x00, 0x00, 0x00, 0x00, 0x00, 0x00, 0x00, 0x00, 0x00, 0x00, 0x00, 0x00, 0x00, 0x00, 0x02, 0x00, 0x10,
    0x80, 0x00, 0x00, 0x00, 0x00, 0x00, 0x00, 0x00, 0x00, 0x00, 0x00, 0x00, 0x00, 0x00, 0x00, 0x03, 0x55, 0x50,
    0x80, 0x00, 0x00, 0x00, 0x00, 0x00, 0x00, 0x00, 0x00, 0x00, 0x00, 0x00, 0x00, 0x00, 0x00, 0x02, 0x00, 0x10,
    0x80, 0x00, 0x00, 0x00, 0x00, 0x00, 0x00, 0x00, 0x00, 0x00, 0x00, 0x00, 0x00, 0x00, 0x00, 0x03, 0x55, 0x50,
    0x80, 0x00, 0x00, 0x00, 0x00, 0x00, 0x00, 0x00, 0x00, 0x00, 0x00, 0x00, 0x00, 0x00, 0x00, 0x02, 0x00, 0x10,
    0x80, 0x00, 0x00, 0x00, 0x00, 0x00, 0x00, 0x00, 0x00, 0x00, 0x00, 0x00, 0x00, 0x00, 0x00, 0x03, 0x55, 0x50,
    0x80, 0x00, 0x00, 0x00, 0x00, 0x00, 0x00, 0x00, 0x00, 0x00, 0x00, 0x00, 0x00, 0x00, 0x00, 0x02, 0x00, 0x10,
    0x80, 0x00, 0x00, 0x00, 0x00, 0x00, 0x00, 0x00, 0x00, 0x00, 0x00, 0x00, 0x00, 0x00, 0x00, 0x03, 0x55, 0x50,
    0x80, 0x00, 0x00, 0x00, 0x00, 0x00, 0x00, 0x00, 0x00, 0x00, 0x00, 0x00, 0x00, 0x00, 0x00, 0x03, 0x00, 0x10,
    0x80, 0x00, 0x00, 0x00, 0x00, 0x00, 0x00, 0x00, 0x00, 0x00, 0x00, 0x00, 0x00, 0x00, 0x00, 0x01, 0x55, 0x50,
    0x80, 0x00, 0x00, 0x00, 0x00, 0x00, 0x00, 0x00, 0x00, 0x00, 0x00, 0x00, 0x00, 0x00, 0x00, 0x00, 0x80, 0x10,
    0x80, 0x00, 0x00, 0x00, 0x00, 0x00, 0x00, 0x00, 0x00, 0x00, 0x00, 0x00, 0x00, 0x00, 0x00, 0x00, 0xd5, 0x50,
    0xff, 0xff, 0xff, 0xff, 0xff, 0xff, 0xff, 0xff, 0xff, 0xff, 0xff, 0xff, 0xff, 0xff, 0xff, 0xff, 0xff, 0xf0,
};

static const lv_img_dsc_t gaming22 = {
    .header.cf = LV_IMG_CF_INDEXED_1BIT,
    .header.always_zero = 0,
    .header.reserved = 0,
    .header.w = 140,
    .header.h = 68,
    .data_size = 1232,
    .data = gaming22_map,
};

static const LV_ATTRIBUTE_MEM_ALIGN LV_ATTRIBUTE_LARGE_CONST uint8_t gaming23_map[] = {
#if CONFIG_NICE_VIEW_WIDGET_INVERTED
    0xff, 0xff, 0xff, 0xff, /*Color of index 0*/
    0x00, 0x00, 0x00, 0xff, /*Color of index 1*/
#else
    0x00, 0x00, 0x00, 0xff, /*Color of index 0*/
    0xff, 0xff, 0xff, 0xff, /*Color of index 1*/
#endif
    0xff, 0xff, 0xff, 0xff, 0xff, 0xff, 0xff, 0xff, 0xff, 0xff, 0xff, 0xff, 0xff, 0xff, 0xff, 0xff, 0xff, 0xf0,
    0x80, 0x00, 0x00, 0x00, 0x00, 0x00, 0x00, 0x00, 0x00, 0x00, 0x00, 0x00, 0x00, 0x00, 0x00, 0x06, 0x00, 0x10,
    0x80, 0x00, 0x00, 0x00, 0x00, 0x00, 0x00, 0x00, 0x00, 0x00, 0x00, 0x00, 0x00, 0x00, 0x00, 0x0d, 0x55, 0x50,
    0x90, 0x00, 0x00, 0x00, 0x00, 0x00, 0x00, 0x00, 0x00, 0x00, 0x00, 0x00, 0x00, 0x00, 0x00, 0x08, 0x00, 0x10,
    0x88, 0x00, 0x00, 0x00, 0x00, 0x00, 0x00, 0x00, 0x00, 0x40, 0x00, 0x00, 0x00, 0x00, 0x00, 0x15, 0x55, 0x50,
    0x8c, 0x00, 0x00, 0x00, 0x00, 0x00, 0x00, 0x00, 0x00, 0xc0, 0x00, 0x00, 0x00, 0x00, 0x00, 0x10, 0x00, 0x10,
    0x84, 0x00, 0x00, 0x00, 0x00, 0x00, 0x00, 0x00, 0x01, 0x20, 0x00, 0x00, 0x00, 0x00, 0x00, 0x15, 0x55, 0x50,
    0x82, 0x00, 0x00, 0x00, 0x00, 0x02, 0x00, 0x00, 0x02, 0x10, 0x00, 0x00, 0x00, 0x00, 0x00, 0x10, 0x00, 0x10,
    0x83, 0x00, 0x00, 0x00, 0x00, 0x0d, 0xc0, 0x00, 0x06, 0x08, 0x00, 0x00, 0x00, 0x00, 0x00, 0x15, 0x55, 0x50,
    0x81, 0x00, 0x00, 0x00, 0x00, 0x18, 0x30, 0x00, 0x04, 0x0c, 0x00, 0x00, 0x00, 0x00, 0x00, 0x10, 0x00, 0x10,
    0x80, 0x80, 0x00, 0x00, 0x00, 0x60, 0x0c, 0x00, 0x08, 0x06, 0x00, 0x00, 0x00, 0x00, 0x00, 0x15, 0x55, 0x50,
    0x80, 0x40, 0x00, 0x00, 0x00, 0xc0, 0x02, 0x00, 0x10, 0x02, 0x00, 0x00, 0x00, 0x00, 0x00, 0x10, 0x03, 0x90,
    0x80, 0x30, 0x00, 0x00, 0x1f, 0x01, 0xc1, 0x80, 0x70, 0x01, 0x80, 0x00, 0x00, 0x00, 0x00, 0x15, 0x5d, 0x50,
    0x80, 0x18, 0x01, 0x83, 0xe0, 0x0e, 0x30, 0x67, 0xc0, 0x00, 0x60, 0x00, 0x00, 0x00, 0x00, 0x08, 0x30, 0x10,
    0x80, 0x04, 0x0e, 0x7c, 0x00, 0x30, 0x18, 0x1f, 0x00, 0x00, 0x18, 0x00, 0x00, 0x00, 0x00, 0x0d, 0x75, 0x50,
    0x80, 0x02, 0x3f, 0xe0, 0x00, 0xc0, 0x06, 0x06, 0x00, 0x00, 0x06, 0x00, 0x00, 0xe0, 0x00, 0x04, 0x80, 0x10,
    0x80, 0x01, 0xc0, 0x18, 0x01, 0x80, 0x01, 0x98, 0x00, 0x00, 0x01, 0x80, 0x03, 0x1c, 0x00, 0x03, 0xd5, 0x50,
    0x80, 0x00, 0x00, 0x0c, 0x02, 0x00, 0x00, 0xe0, 0x00, 0x00, 0x00, 0x60, 0x0c, 0x02, 0x00, 0x01, 0x80, 0x10,
    0x80, 0x00, 0x00, 0x02, 0x0c, 0x00, 0x00, 0x00, 0x00, 0x00, 0x00, 0x30, 0x30, 0x01, 0x80, 0x03, 0xf5, 0x50,
    0x80, 0x00, 0x00, 0x01, 0x18, 0x00, 0x00, 0x00, 0x00, 0x00, 0x00, 0x0c, 0x60, 0x00, 0xc0, 0x02, 0x18, 0x10,
    0x80, 0x00, 0x00, 0x00, 0xe0, 0x00, 0x00, 0x00, 0x00, 0x00, 0x00, 0x03, 0x80, 0x00, 0x60, 0x03, 0x55, 0x50,
    0x80, 0x00, 0x00, 0x00, 0x40, 0x00, 0x00, 0x00, 0x00, 0x00, 0x00, 0x00, 0x00, 0x00, 0x30, 0x02, 0x00, 0x10,
    0x80, 0x00, 0x00, 0x00, 0x00, 0x00, 0x00, 0x00, 0x00, 0x00, 0x00, 0x00, 0x00, 0x00, 0x08, 0x03, 0x55, 0x50,
    0x80, 0x00, 0x00, 0x00, 0x00, 0x00, 0x00, 0x00, 0x00, 0x00, 0x00, 0x00, 0x00, 0x00, 0x04, 0x02, 0x00, 0x10,
    0x80, 0x00, 0x00, 0x00, 0x00, 0x00, 0x00, 0x00, 0x00, 0x00, 0x00, 0x00, 0x00, 0x00, 0x02, 0x03, 0x55, 0x50,
    0x80, 0x00, 0x00, 0x00, 0x00, 0x00, 0x00, 0x00, 0x00, 0x00, 0x00, 0x00, 0x00, 0x00, 0x01, 0x02, 0x00, 0x10,
    0x80, 0x00, 0x00, 0x00, 0x00, 0x00, 0x00, 0x00, 0x00, 0x00, 0x00, 0x00, 0x00, 0x00, 0x01, 0x83, 0x55, 0x50,
    0x80, 0x00, 0x00, 0x00, 0x00, 0x00, 0x00, 0x00, 0x00, 0x00, 0x00, 0x00, 0x00, 0x00, 0x00, 0xce, 0x00, 0x10,
    0x80, 0x00, 0x00, 0x00, 0x00, 0x00, 0x00, 0x00, 0x00, 0x00, 0x00, 0x00, 0x00, 0x00, 0x00, 0x75, 0x7d, 0x50,
    0x80, 0x00, 0x00, 0x00, 0x00, 0x00, 0x00, 0x00, 0x00, 0x00, 0x00, 0x00, 0x00, 0x00, 0x00, 0x61, 0xc0, 0x10,
    0x80, 0x00, 0x00, 0x00, 0x00, 0x00, 0x00, 0x00, 0x00, 0x00, 0x00, 0x00, 0x00, 0x00, 0x00, 0xd7, 0xd5, 0x50,
    0x80, 0x00, 0x00, 0x00, 0x00, 0x00, 0x00, 0x00, 0x00, 0x00, 0x00, 0x00, 0x00, 0x00, 0x00, 0x86, 0x60, 0x10,
    0x80, 0x00, 0x00, 0x00, 0x00, 0x00, 0x00, 0x00, 0x00, 0x00, 0x00, 0x00, 0x00, 0x00, 0x01, 0x5d, 0x75, 0x50,
    0x80, 0x00, 0x00, 0x00, 0x00, 0x00, 0x00, 0x00, 0x00, 0x00, 0x00, 0x00, 0x00, 0x00, 0x01, 0x08, 0x0c, 0x10,
    0x80, 0x00, 0x00, 0x00, 0x00, 0x00, 0x00, 0x00, 0x00, 0x00, 0x00, 0x00, 0x00, 0x00, 0x01, 0x55, 0x57, 0xd0,
    0x80, 0x00, 0x00, 0x00, 0x00, 0x00, 0x00, 0x00, 0x00, 0x00, 0x00, 0x00, 0x00, 0x00, 0x01, 0x10, 0x00, 0x10,
    0x80, 0x00, 0x00, 0x00, 0x00, 0x00, 0x00, 0x00, 0x00, 0x00, 0x00, 0x00, 0x00, 0x00, 0x01, 0x75, 0x55, 0x50,
    0x80, 0x00, 0x00, 0x00, 0x00, 0x00, 0x00, 0x00, 0x00, 0x00, 0x00, 0x00, 0x00, 0x00, 0x01, 0x20, 0x00, 0x10,
    0x80, 0x00, 0x00, 0x00, 0x00, 0x00, 0x00, 0x00, 0x00, 0x00, 0x00, 0x00, 0x00, 0x00, 0x01, 0x75, 0x55, 0x50,
    0x80, 0x00, 0x00, 0x00, 0x00, 0x00, 0x00, 0x00, 0x00, 0x00, 0x00, 0x00, 0x00, 0x00, 0x01, 0x20, 0x00, 0x10,
    0x80, 0x00, 0x00, 0x00, 0x00, 0x00, 0x00, 0x00, 0x00, 0x00, 0x00, 0x00, 0x00, 0x00, 0x00, 0xf5, 0x55, 0x50,
    0x80, 0x00, 0x00, 0x00, 0x00, 0x00, 0x00, 0x00, 0x00, 0x00, 0x00, 0x00, 0x00, 0x00, 0x00, 0x60, 0x00, 0x10,
    0x80, 0x00, 0x00, 0x00, 0x00, 0x00, 0x00, 0x00, 0x00, 0x00, 0x00, 0x00, 0x00, 0x00, 0x00, 0x75, 0x55, 0x50,
    0x80, 0x00, 0x00, 0x00, 0x00, 0x00, 0x00, 0x00, 0x00, 0x00, 0x00, 0x00, 0x00, 0x00, 0x00, 0x38, 0x00, 0x10,
    0x80, 0x00, 0x00, 0x00, 0x00, 0x00, 0x00, 0x00, 0x00, 0x00, 0x00, 0x00, 0x00, 0x00, 0x00, 0x37, 0x55, 0x50,
    0x80, 0x00, 0x00, 0x00, 0x00, 0x00, 0x00, 0x00, 0x00, 0x00, 0x00, 0x00, 0x00, 0x00, 0x00, 0x30, 0x00, 0x10,
    0x80, 0x00, 0x00, 0x00, 0x00, 0x00, 0x00, 0x00, 0x00, 0x00, 0x00, 0x00, 0x00, 0x00, 0x00, 0x15, 0x55, 0x50,
    0x80, 0x00, 0x00, 0x00, 0x00, 0x00, 0x00, 0x00, 0x00, 0x00, 0x00, 0x00, 0x00, 0x00, 0x00, 0x18, 0x00, 0x10,
    0x80, 0x00, 0x00, 0x00, 0x00, 0x00, 0x00, 0x00, 0x00, 0x00, 0x00, 0x00, 0x00, 0x00, 0x00, 0x0d, 0x55, 0x50,
    0x80, 0x00, 0x00, 0x00, 0x00, 0x00, 0x00, 0x00, 0x00, 0x00, 0x00, 0x00, 0x00, 0x00, 0x00, 0x04, 0x07, 0x10,
    0x80, 0x00, 0x00, 0x00, 0x00, 0x00, 0x00, 0x00, 0x00, 0x00, 0x00, 0x00, 0x00, 0x00, 0x00, 0x03, 0x5d, 0x50,
    0x80, 0x00, 0x00, 0x00, 0x00, 0x00, 0x00, 0x00, 0x00, 0x00, 0x00, 0x00, 0x00, 0x00, 0x00, 0x01, 0xe0, 0x10,
    0x80, 0x00, 0x00, 0x00, 0x00, 0x00, 0x00, 0x00, 0x00, 0x00, 0x00, 0x00, 0x00, 0x00, 0x00, 0x00, 0xfd, 0x50,
    0x80, 0x00, 0x00, 0x00, 0x00, 0x00, 0x00, 0x00, 0x00, 0x00, 0x00, 0x00, 0x00, 0x00, 0x00, 0x00, 0x84, 0x10,
    0x80, 0x00, 0x00, 0x00, 0x00, 0x00, 0x00, 0x00, 0x00, 0x00, 0x00, 0x00, 0x00, 0x00, 0x00, 0x01, 0x55, 0x50,
    0x80, 0x00, 0x00, 0x00, 0x00, 0x00, 0x00, 0x00, 0x00, 0x00, 0x00, 0x00, 0x00, 0x00, 0x00, 0x03, 0x00, 0x10,
    0x80, 0x00, 0x00, 0x00, 0x00, 0x00, 0x00, 0x00, 0x00, 0x00, 0x00, 0x00, 0x00, 0x00, 0x00, 0x03, 0x55, 0x50,
    0x80, 0x00, 0x00, 0x00, 0x00, 0x00, 0x00, 0x00, 0x00, 0x00, 0x00, 0x00, 0x00, 0x00, 0x00, 0x02, 0x00, 0x10,
    0x80, 0x00, 0x00, 0x00, 0x00, 0x00, 0x00, 0x00, 0x00, 0x00, 0x00, 0x00, 0x00, 0x00, 0x00, 0x03, 0x55, 0x50,
    0x80, 0x00, 0x00, 0x00, 0x00, 0x00, 0x00, 0x00, 0x00, 0x00, 0x00, 0x00, 0x00, 0x00, 0x00, 0x02, 0x00, 0x10,
    0x80, 0x00, 0x00, 0x00, 0x00, 0x00, 0x00, 0x00, 0x00, 0x00, 0x00, 0x00, 0x00, 0x00, 0x00, 0x03, 0x55, 0x50,
    0x80, 0x00, 0x00, 0x00, 0x00, 0x00, 0x00, 0x00, 0x00, 0x00, 0x00, 0x00, 0x00, 0x00, 0x00, 0x02, 0x00, 0x10,
    0x80, 0x00, 0x00, 0x00, 0x00, 0x00, 0x00, 0x00, 0x00, 0x00, 0x00, 0x00, 0x00, 0x00, 0x00, 0x03, 0x55, 0x50,
    0x80, 0x00, 0x00, 0x00, 0x00, 0x00, 0x00, 0x00, 0x00, 0x00, 0x00, 0x00, 0x00, 0x00, 0x00, 0x02, 0x00, 0x10,
    0x80, 0x00, 0x00, 0x00, 0x00, 0x00, 0x00, 0x00, 0x00, 0x00, 0x00, 0x00, 0x00, 0x00, 0x00, 0x03, 0x55, 0x50,
    0x80, 0x00, 0x00, 0x00, 0x00, 0x00, 0x00, 0x00, 0x00, 0x00, 0x00, 0x00, 0x00, 0x00, 0x00, 0x01, 0x00, 0x10,
    0x80, 0x00, 0x00, 0x00, 0x00, 0x00, 0x00, 0x00, 0x00, 0x00, 0x00, 0x00, 0x00, 0x00, 0x00, 0x00, 0xd5, 0x50,
    0xff, 0xff, 0xff, 0xff, 0xff, 0xff, 0xff, 0xff, 0xff, 0xff, 0xff, 0xff, 0xff, 0xff, 0xff, 0xff, 0xff, 0xf0,
};

static const lv_img_dsc_t gaming23 = {
    .header.cf = LV_IMG_CF_INDEXED_1BIT,
    .header.always_zero = 0,
    .header.reserved = 0,
    .header.w = 140,
    .header.h = 68,
    .data_size = 1232,
    .data = gaming23_map,
};

static const LV_ATTRIBUTE_MEM_ALIGN LV_ATTRIBUTE_LARGE_CONST uint8_t gaming24_map[] = {
#if CONFIG_NICE_VIEW_WIDGET_INVERTED
    0xff, 0xff, 0xff, 0xff, /*Color of index 0*/
    0x00, 0x00, 0x00, 0xff, /*Color of index 1*/
#else
    0x00, 0x00, 0x00, 0xff, /*Color of index 0*/
    0xff, 0xff, 0xff, 0xff, /*Color of index 1*/
#endif
    0xff, 0xff, 0xff, 0xff, 0xff, 0xff, 0xff, 0xff, 0xff, 0xff, 0xff, 0xff, 0xff, 0xff, 0xff, 0xff, 0xff, 0xf0,
    0x80, 0x00, 0x00, 0x00, 0x00, 0x00, 0x00, 0x00, 0x00, 0x00, 0x00, 0x00, 0x00, 0x00, 0x00, 0x0c, 0x00, 0x10,
    0x80, 0x00, 0x00, 0x00, 0x00, 0x00, 0x00, 0x00, 0x00, 0x00, 0x00, 0x00, 0x00, 0x00, 0x00, 0x0d, 0x55, 0x50,
    0x80, 0x00, 0x00, 0x00, 0x00, 0x00, 0x00, 0x00, 0x00, 0x00, 0x00, 0x00, 0x00, 0x00, 0x00, 0x10, 0x00, 0x10,
    0x80, 0x00, 0x00, 0x00, 0x00, 0x00, 0x00, 0x00, 0x00, 0x40, 0x00, 0x00, 0x00, 0x00, 0x00, 0x15, 0x55, 0x50,
    0x80, 0x00, 0x00, 0x00, 0x00, 0x10, 0x00, 0x00, 0x00, 0x00, 0x00, 0x00, 0x00, 0x00, 0x00, 0x10, 0x00, 0x10,
    0x84, 0x00, 0x00, 0x00, 0x00, 0x18, 0x00, 0x00, 0x01, 0x00, 0x00, 0x00, 0x00, 0x00, 0x00, 0x15, 0x55, 0x50,
    0x82, 0x00, 0x00, 0x00, 0x00, 0x0e, 0x00, 0x00, 0x02, 0x00, 0x00, 0x00, 0x00, 0x00, 0x00, 0x10, 0x00, 0x10,
    0x81, 0x00, 0x00, 0x00, 0x00, 0x07, 0x00, 0x00, 0x04, 0x00, 0x00, 0x00, 0x00, 0x00, 0x00, 0x15, 0x55, 0x50,
    0x80, 0x00, 0x00, 0x00, 0x00, 0x03, 0x80, 0x00, 0x00, 0x00, 0x00, 0x00, 0x00, 0x00, 0x00, 0x10, 0x00, 0x10,
    0x80, 0x00, 0x00, 0x00, 0x00, 0x01, 0xc0, 0x00, 0x00, 0x04, 0x00, 0x00, 0x00, 0x00, 0x00, 0x15, 0x55, 0x50,
    0x80, 0x00, 0x00, 0x00, 0x00, 0x00, 0xf0, 0x00, 0x00, 0x02, 0x00, 0x00, 0x00, 0x00, 0x00, 0x10, 0x07, 0x90,
    0x80, 0x10, 0x00, 0x00, 0x00, 0x01, 0x78, 0x00, 0x10, 0x01, 0x00, 0x00, 0x00, 0x00, 0x00, 0x3d, 0x5d, 0x50,
    0x80, 0x00, 0x00, 0x00, 0x00, 0x02, 0x3e, 0x00, 0x00, 0x00, 0x27, 0xe0, 0x00, 0x00, 0x00, 0xf8, 0x20, 0x10,
    0x80, 0x04, 0x04, 0x40, 0x00, 0x10, 0x17, 0x01, 0x00, 0x00, 0x1f, 0xff, 0x80, 0x0f, 0x81, 0xc5, 0x55, 0x50,
    0x80, 0x02, 0x28, 0x20, 0x00, 0x80, 0x03, 0xc2, 0x00, 0x00, 0x0e, 0x1f, 0xf1, 0xff, 0xc3, 0x82, 0x80, 0x10,
    0x80, 0x01, 0x40, 0x10, 0x01, 0x00, 0x01, 0xf0, 0x00, 0x00, 0x19, 0x00, 0x7f, 0xf4, 0xff, 0x01, 0xd5, 0x50,
    0x80, 0x00, 0x00, 0x00, 0x02, 0x00, 0x00, 0x7c, 0x00, 0x00, 0x30, 0x20, 0x0f, 0x02, 0x3c, 0x01, 0xe0, 0x10,
    0x80, 0x00, 0x00, 0x00, 0x04, 0x00, 0x00, 0x1f, 0x00, 0x00, 0x60, 0x10, 0x10, 0x01, 0x18, 0x03, 0x5d, 0x50,
    0x80, 0x00, 0x00, 0x00, 0x08, 0x00, 0x00, 0x03, 0xc0, 0x03, 0xe0, 0x08, 0x20, 0x00, 0x80, 0x02, 0x00, 0x10,
    0x80, 0x00, 0x00, 0x00, 0x40, 0x00, 0x00, 0x00, 0xff, 0xcf, 0xc0, 0x01, 0x00, 0x00, 0x40, 0x03, 0x55, 0x50,
    0x80, 0x00, 0x00, 0x00, 0x00, 0x00, 0x00, 0x00, 0x3f, 0xfe, 0x00, 0x00, 0x00, 0x00, 0x20, 0x02, 0x00, 0x10,
    0x80, 0x00, 0x00, 0x00, 0x00, 0x00, 0x00, 0x00, 0x00, 0x30, 0x00, 0x00, 0x00, 0x00, 0x00, 0x03, 0x55, 0x50,
    0x80, 0x00, 0x00, 0x00, 0x00, 0x00, 0x00, 0x00, 0x00, 0x00, 0x00, 0x00, 0x00, 0x00, 0x00, 0x02, 0x00, 0x10,
    0x80, 0x00, 0x00, 0x00, 0x00, 0x00, 0x00, 0x00, 0x00, 0x00, 0x00, 0x00, 0x00, 0x00, 0x00, 0x03, 0x55, 0x50,
    0x80, 0x00, 0x00, 0x00, 0x00, 0x00, 0x00, 0x00, 0x00, 0x00, 0x00, 0x00, 0x00, 0x00, 0x00, 0x02, 0x00, 0x10,
    0x80, 0x00, 0x00, 0x00, 0x00, 0x00, 0x00, 0x00, 0x00, 0x00, 0x00, 0x00, 0x00, 0x00, 0x01, 0x03, 0x55, 0x50,
    0x80, 0x00, 0x00, 0x00, 0x00, 0x00, 0x00, 0x00, 0x00, 0x00, 0x00, 0x00, 0x00, 0x00, 0x00, 0x83, 0x00, 0x10,
    0x80, 0x00, 0x00, 0x00, 0x00, 0x00, 0x00, 0x00, 0x00, 0x00, 0x00, 0x00, 0x00, 0x00, 0x00, 0x5d, 0x5d, 0x50,
    0x80, 0x00, 0x00, 0x00, 0x00, 0x00, 0x00, 0x00, 0x00, 0x00, 0x00, 0x00, 0x00, 0x00, 0x00, 0x20, 0xe0, 0x10,
    0x80, 0x00, 0x00, 0x00, 0x00, 0x00, 0x00, 0x00, 0x00, 0x00, 0x00, 0x00, 0x00, 0x00, 0x00, 0x55, 0xd5, 0x50,
    0x80, 0x00, 0x00, 0x00, 0x00, 0x00, 0x00, 0x00, 0x00, 0x00, 0x00, 0x00, 0x00, 0x00, 0x00, 0x82, 0x20, 0x10,
    0x80, 0x00, 0x00, 0x00, 0x00, 0x00, 0x00, 0x00, 0x00, 0x00, 0x00, 0x00, 0x00, 0x00, 0x01, 0xd5, 0x5d, 0x50,
    0x80, 0x00, 0x00, 0x00, 0x00, 0x00, 0x00, 0x00, 0x00, 0x00, 0x00, 0x00, 0x00, 0x00, 0x01, 0x08, 0x07, 0x90,
    0x80, 0x00, 0x00, 0x00, 0x00, 0x00, 0x00, 0x00, 0x00, 0x00, 0x00, 0x00, 0x00, 0x00, 0x01, 0x55, 0x55, 0xd0,
    0x80, 0x00, 0x00, 0x00, 0x00, 0x00, 0x00, 0x00, 0x00, 0x00, 0x00, 0x00, 0x00, 0x00, 0x01, 0x10, 0x00, 0x10,
    0x80, 0x00, 0x00, 0x00, 0x00, 0x00, 0x00, 0x00, 0x00, 0x00, 0x00, 0x00, 0x00, 0x00, 0x01, 0x75, 0x55, 0x50,
    0x80, 0x00, 0x00, 0x00, 0x00, 0x00, 0x00, 0x00, 0x00, 0x00, 0x00, 0x00, 0x00, 0x00, 0x01, 0x20, 0x00, 0x10,
    0x80, 0x00, 0x00, 0x00, 0x00, 0x00, 0x00, 0x00, 0x00, 0x00, 0x00, 0x00, 0x00, 0x00, 0x01, 0x75, 0x55, 0x50,
    0x80, 0x00, 0x00, 0x00, 0x00, 0x00, 0x00, 0x00, 0x00, 0x00, 0x00, 0x00, 0x00, 0x00, 0x01, 0x20, 0x00, 0x10,
    0x80, 0x00, 0x00, 0x00, 0x00, 0x00, 0x00, 0x00, 0x00, 0x00, 0x00, 0x00, 0x00, 0x00, 0x00, 0xf5, 0x55, 0x50,
    0x80, 0x00, 0x00, 0x00, 0x00, 0x00, 0x00, 0x00, 0x00, 0x00, 0x00, 0x00, 0x00, 0x00, 0x00, 0xa0, 0x00, 0x10,
    0x80, 0x00, 0x00, 0x00, 0x00, 0x00, 0x00, 0x00, 0x00, 0x00, 0x00, 0x00, 0x00, 0x00, 0x00, 0x75, 0x55, 0x50,
    0x80, 0x00, 0x00, 0x00, 0x00, 0x00, 0x00, 0x00, 0x00, 0x00, 0x00, 0x00, 0x00, 0x00, 0x00, 0x30, 0x00, 0x10,
    0x80, 0x00, 0x00, 0x00, 0x00, 0x00, 0x00, 0x00, 0x00, 0x00, 0x00, 0x00, 0x00, 0x00, 0x00, 0x3f, 0x55, 0x50,
    0x80, 0x00, 0x00, 0x00, 0x00, 0x00, 0x00, 0x00, 0x00, 0x00, 0x00, 0x00, 0x00, 0x00, 0x00, 0x20, 0x00, 0x10,
    0x80, 0x00, 0x00, 0x00, 0x00, 0x00, 0x00, 0x00, 0x00, 0x00, 0x00, 0x00, 0x00, 0x00, 0x00, 0x15, 0x55, 0x50,
    0x80, 0x00, 0x00, 0x00, 0x00, 0x00, 0x00, 0x00, 0x00, 0x00, 0x00, 0x00, 0x00, 0x00, 0x00, 0x10, 0x00, 0x10,
    0x80, 0x00, 0x00, 0x00, 0x00, 0x00, 0x00, 0x00, 0x00, 0x00, 0x00, 0x00, 0x00, 0x00, 0x00, 0x0d, 0x55, 0x50,
    0x80, 0x00, 0x00, 0x00, 0x00, 0x00, 0x00, 0x00, 0x00, 0x00, 0x00, 0x00, 0x00, 0x00, 0x00, 0x04, 0x00, 0x10,
    0x80, 0x00, 0x00, 0x00, 0x00, 0x00, 0x00, 0x00, 0x00, 0x00, 0x00, 0x00, 0x00, 0x00, 0x00, 0x03, 0x57, 0x50,
    0x80, 0x00, 0x00, 0x00, 0x00, 0x00, 0x00, 0x00, 0x00, 0x00, 0x00, 0x00, 0x00, 0x00, 0x00, 0x01, 0x98, 0x10,
    0x80, 0x00, 0x00, 0x00, 0x00, 0x00, 0x00, 0x00, 0x00, 0x00, 0x00, 0x00, 0x00, 0x00, 0x00, 0x00, 0xf5, 0x50,
    0x80, 0x00, 0x00, 0x00, 0x00, 0x00, 0x00, 0x00, 0x00, 0x00, 0x00, 0x00, 0x00, 0x00, 0x00, 0x00, 0xdc, 0x10,
    0x80, 0x00, 0x00, 0x00, 0x00, 0x00, 0x00, 0x00, 0x00, 0x00, 0x00, 0x00, 0x00, 0x00, 0x00, 0x00, 0xd5, 0x50,
    0x80, 0x00, 0x00, 0x00, 0x00, 0x00, 0x00, 0x00, 0x00, 0x00, 0x00, 0x00, 0x00, 0x00, 0x00, 0x01, 0x00, 0x10,
    0x80, 0x00, 0x00, 0x00, 0x00, 0x00, 0x00, 0x00, 0x00, 0x00, 0x00, 0x00, 0x00, 0x00, 0x00, 0x03, 0x55, 0x50,
    0x80, 0x00, 0x00, 0x00, 0x00, 0x00, 0x00, 0x00, 0x00, 0x00, 0x00, 0x00, 0x00, 0x00, 0x00, 0x02, 0x00, 0x10,
    0x80, 0x00, 0x00, 0x00, 0x00, 0x00, 0x00, 0x00, 0x00, 0x00, 0x00, 0x00, 0x00, 0x00, 0x00, 0x03, 0x55, 0x50,
    0x80, 0x00, 0x00, 0x00, 0x00, 0x00, 0x00, 0x00, 0x00, 0x00, 0x00, 0x00, 0x00, 0x00, 0x00, 0x02, 0x00, 0x10,
    0x80, 0x00, 0x00, 0x00, 0x00, 0x00, 0x00, 0x00, 0x00, 0x00, 0x00, 0x00, 0x00, 0x00, 0x00, 0x03, 0x55, 0x50,
    0x80, 0x00, 0x00, 0x00, 0x00, 0x00, 0x00, 0x00, 0x00, 0x00, 0x00, 0x00, 0x00, 0x00, 0x00, 0x02, 0x00, 0x10,
    0x80, 0x00, 0x00, 0x00, 0x00, 0x00, 0x00, 0x00, 0x00, 0x00, 0x00, 0x00, 0x00, 0x00, 0x00, 0x03, 0x55, 0x50,
    0x80, 0x00, 0x00, 0x00, 0x00, 0x00, 0x00, 0x00, 0x00, 0x00, 0x00, 0x00, 0x00, 0x00, 0x00, 0x02, 0x00, 0x10,
    0x80, 0x00, 0x00, 0x00, 0x00, 0x00, 0x00, 0x00, 0x00, 0x00, 0x00, 0x00, 0x00, 0x00, 0x00, 0x03, 0x55, 0x50,
    0x80, 0x00, 0x00, 0x00, 0x00, 0x00, 0x00, 0x00, 0x00, 0x00, 0x00, 0x00, 0x00, 0x00, 0x00, 0x03, 0x00, 0x10,
    0x80, 0x00, 0x00, 0x00, 0x00, 0x00, 0x00, 0x00, 0x00, 0x00, 0x00, 0x00, 0x00, 0x00, 0x00, 0x01, 0x55, 0x50,
    0xff, 0xff, 0xff, 0xff, 0xff, 0xff, 0xff, 0xff, 0xff, 0xff, 0xff, 0xff, 0xff, 0xff, 0xff, 0xff, 0xff, 0xf0,
};

static const lv_img_dsc_t gaming24 = {
    .header.cf = LV_IMG_CF_INDEXED_1BIT,
    .header.always_zero = 0,
    .header.reserved = 0,
    .header.w = 140,
    .header.h = 68,
    .data_size = 1232,
    .data = gaming24_map,
};

static const LV_ATTRIBUTE_MEM_ALIGN LV_ATTRIBUTE_LARGE_CONST uint8_t gaming25_map[] = {
#if CONFIG_NICE_VIEW_WIDGET_INVERTED
    0xff, 0xff, 0xff, 0xff, /*Color of index 0*/
    0x00, 0x00, 0x00, 0xff, /*Color of index 1*/
#else
    0x00, 0x00, 0x00, 0xff, /*Color of index 0*/
    0xff, 0xff, 0xff, 0xff, /*Color of index 1*/
#endif
    0xff, 0xff, 0xff, 0xff, 0xff, 0xff, 0xff, 0xff, 0xff, 0xff, 0xff, 0xff, 0xff, 0xff, 0xff, 0xff, 0xff, 0xf0,
    0x80, 0x00, 0x00, 0x00, 0x00, 0x00, 0x00, 0x00, 0x00, 0x00, 0x00, 0x00, 0x00, 0x00, 0x00, 0x08, 0x00, 0x10,
    0x80, 0x00, 0x00, 0x00, 0x00, 0x00, 0x00, 0x00, 0x00, 0x00, 0x00, 0x00, 0x00, 0x00, 0x00, 0x1d, 0x55, 0x50,
    0x80, 0x00, 0x00, 0x00, 0x00, 0x00, 0x00, 0x00, 0x00, 0x00, 0x00, 0x00, 0x00, 0x00, 0x00, 0x10, 0x00, 0x10,
    0x80, 0x00, 0x00, 0x00, 0x00, 0x00, 0x00, 0x00, 0x00, 0x40, 0x00, 0x00, 0x00, 0x00, 0x00, 0x15, 0x55, 0x50,
    0x80, 0x00, 0x00, 0x00, 0x00, 0x00, 0x00, 0x00, 0x00, 0x00, 0x00, 0x00, 0x00, 0x00, 0x00, 0x10, 0x00, 0x10,
    0x84, 0x00, 0x00, 0x00, 0x00, 0x18, 0x00, 0x00, 0x01, 0x00, 0x00, 0x00, 0x00, 0x00, 0x00, 0x15, 0x55, 0x50,
    0x80, 0x00, 0x00, 0x00, 0x00, 0x0c, 0x00, 0x00, 0x00, 0x00, 0x00, 0x00, 0x00, 0x00, 0x00, 0x10, 0x00, 0x10,
    0x81, 0x00, 0x00, 0x00, 0x00, 0x02, 0x00, 0x00, 0x04, 0x00, 0x00, 0x00, 0x00, 0x00, 0x00, 0x15, 0x55, 0x50,
    0x80, 0x00, 0x00, 0x00, 0x00, 0x01, 0x00, 0x00, 0x00, 0x00, 0x00, 0x00, 0x00, 0x00, 0x00, 0x10, 0x00, 0x10,
    0x80, 0x00, 0x00, 0x00, 0x00, 0x00, 0xc0, 0x00, 0x00, 0x04, 0x00, 0x00, 0x00, 0x00, 0x00, 0x15, 0x55, 0x50,
    0x80, 0x00, 0x00, 0x00, 0x00, 0x00, 0x60, 0x00, 0x00, 0x00, 0x00, 0x00, 0x00, 0x00, 0x00, 0x18, 0x07, 0x90,
    0x80, 0x10, 0x00, 0x00, 0x00, 0x01, 0x50, 0x00, 0x10, 0x01, 0x00, 0x00, 0x00, 0x00, 0x00, 0x1d, 0x5d, 0x50,
    0x80, 0x00, 0x00, 0x00, 0x00, 0x02, 0x2c, 0x00, 0x00, 0x00, 0x20, 0x00, 0x00, 0x00, 0x00, 0x64, 0x20, 0x10,
    0x80, 0x04, 0x04, 0x40, 0x00, 0x10, 0x12, 0x01, 0x00, 0x00, 0x17, 0xff, 0x00, 0x03, 0x00, 0xc7, 0x55, 0x50,
    0x80, 0x00, 0x00, 0x00, 0x00, 0x00, 0x01, 0x80, 0x00, 0x00, 0x0c, 0x00, 0xe0, 0x3d, 0x81, 0x01, 0x80, 0x10,
    0x80, 0x01, 0x40, 0x10, 0x01, 0x00, 0x01, 0x70, 0x00, 0x00, 0x19, 0x00, 0x3f, 0xd4, 0x66, 0x01, 0xd5, 0x50,
    0x80, 0x00, 0x00, 0x00, 0x02, 0x00, 0x00, 0x38, 0x00, 0x00, 0x30, 0x20, 0x00, 0x02, 0x18, 0x01, 0x38, 0x10,
    0x80, 0x00, 0x00, 0x00, 0x04, 0x00, 0x00, 0x06, 0x00, 0x00, 0x60, 0x10, 0x10, 0x01, 0x00, 0x03, 0x55, 0x50,
    0x80, 0x00, 0x00, 0x00, 0x00, 0x00, 0x00, 0x01, 0x80, 0x00, 0xc0, 0x00, 0x00, 0x00, 0x00, 0x02, 0x00, 0x10,
    0x80, 0x00, 0x00, 0x00, 0x40, 0x00, 0x00, 0x00, 0x60, 0x07, 0x00, 0x01, 0x00, 0x00, 0x40, 0x03, 0x55, 0x50,
    0x80, 0x00, 0x00, 0x00, 0x00, 0x00, 0x00, 0x00, 0x1f, 0xf8, 0x00, 0x00, 0x00, 0x00, 0x20, 0x02, 0x00, 0x10,
    0x80, 0x00, 0x00, 0x00, 0x00, 0x00, 0x00, 0x00, 0x00, 0x00, 0x00, 0x00, 0x00, 0x00, 0x00, 0x03, 0x55, 0x50,
    0x80, 0x00, 0x00, 0x00, 0x00, 0x00, 0x00, 0x00, 0x00, 0x00, 0x00, 0x00, 0x00, 0x00, 0x00, 0x02, 0x00, 0x10,
    0x80, 0x00, 0x00, 0x00, 0x00, 0x00, 0x00, 0x00, 0x00, 0x00, 0x00, 0x00, 0x00, 0x00, 0x00, 0x03, 0x55, 0x50,
    0x80, 0x00, 0x00, 0x00, 0x00, 0x00, 0x00, 0x00, 0x00, 0x00, 0x00, 0x00, 0x00, 0x00, 0x00, 0x02, 0x00, 0x10,
    0x80, 0x00, 0x00, 0x00, 0x00, 0x00, 0x00, 0x00, 0x00, 0x00, 0x00, 0x00, 0x00, 0x00, 0x01, 0x03, 0x55, 0x50,
    0x80, 0x00, 0x00, 0x00, 0x00, 0x00, 0x00, 0x00, 0x00, 0x00, 0x00, 0x00, 0x00, 0x00, 0x00, 0x01, 0x00, 0x10,
    0x80, 0x00, 0x00, 0x00, 0x00, 0x00, 0x00, 0x00, 0x00, 0x00, 0x00, 0x00, 0x00, 0x00, 0x00, 0x5f, 0x55, 0x50,
    0x80, 0x00, 0x00, 0x00, 0x00, 0x00, 0x00, 0x00, 0x00, 0x00, 0x00, 0x00, 0x00, 0x00, 0x00, 0x30, 0x9c, 0x10,
    0x80, 0x00, 0x00, 0x00, 0x00, 0x00, 0x00, 0x00, 0x00, 0x00, 0x00, 0x00, 0x00, 0x00, 0x00, 0x55, 0xf5, 0x50,
    0x80, 0x00, 0x00, 0x00, 0x00, 0x00, 0x00, 0x00, 0x00, 0x00, 0x00, 0x00, 0x00, 0x00, 0x00, 0x81, 0xe0, 0x10,
    0x80, 0x00, 0x00, 0x00, 0x00, 0x00, 0x00, 0x00, 0x00, 0x00, 0x00, 0x00, 0x00, 0x00, 0x01, 0xd7, 0x5d, 0x50,
    0x80, 0x00, 0x00, 0x00, 0x00, 0x00, 0x00, 0x00, 0x00, 0x00, 0x00, 0x00, 0x00, 0x00, 0x01, 0x04, 0x07, 0x10,
    0x80, 0x00, 0x00, 0x00, 0x00, 0x00, 0x00, 0x00, 0x00, 0x00, 0x00, 0x00, 0x00, 0x00, 0x01, 0x5d, 0x55, 0xd0,
    0x80, 0x00, 0x00, 0x00, 0x00, 0x00, 0x00, 0x00, 0x00, 0x00, 0x00, 0x00, 0x00, 0x00, 0x01, 0x10, 0x00, 0x10,
    0x80, 0x00, 0x00, 0x00, 0x00, 0x00, 0x00, 0x00, 0x00, 0x00, 0x00, 0x00, 0x00, 0x00, 0x01, 0x55, 0x55, 0x50,
    0x80, 0x00, 0x00, 0x00, 0x00, 0x00, 0x00, 0x00, 0x00, 0x00, 0x00, 0x00, 0x00, 0x00, 0x01, 0x20, 0x00, 0x10,
    0x80, 0x00, 0x00, 0x00, 0x00, 0x00, 0x00, 0x00, 0x00, 0x00, 0x00, 0x00, 0x00, 0x00, 0x01, 0x75, 0x55, 0x50,
    0x80, 0x00, 0x00, 0x00, 0x00, 0x00, 0x00, 0x00, 0x00, 0x00, 0x00, 0x00, 0x00, 0x00, 0x01, 0x20, 0x00, 0x10,
    0x80, 0x00, 0x00, 0x00, 0x00, 0x00, 0x00, 0x00, 0x00, 0x00, 0x00, 0x00, 0x00, 0x00, 0x01, 0xf5, 0x55, 0x50,
    0x80, 0x00, 0x00, 0x00, 0x00, 0x00, 0x00, 0x00, 0x00, 0x00, 0x00, 0x00, 0x00, 0x00, 0x00, 0xa0, 0x00, 0x10,
    0x80, 0x00, 0x00, 0x00, 0x00, 0x00, 0x00, 0x00, 0x00, 0x00, 0x00, 0x00, 0x00, 0x00, 0x00, 0x75, 0x55, 0x50,
    0x80, 0x00, 0x00, 0x00, 0x00, 0x00, 0x00, 0x00, 0x00, 0x00, 0x00, 0x00, 0x00, 0x00, 0x00, 0x30, 0x00, 0x10,
    0x80, 0x00, 0x00, 0x00, 0x00, 0x00, 0x00, 0x00, 0x00, 0x00, 0x00, 0x00, 0x00, 0x00, 0x00, 0x3f, 0x55, 0x50,
    0x80, 0x00, 0x00, 0x00, 0x00, 0x00, 0x00, 0x00, 0x00, 0x00, 0x00, 0x00, 0x00, 0x00, 0x00, 0x20, 0x00, 0x10,
    0x80, 0x00, 0x00, 0x00, 0x00, 0x00, 0x00, 0x00, 0x00, 0x00, 0x00, 0x00, 0x00, 0x00, 0x00, 0x35, 0x55, 0x50,
    0x80, 0x00, 0x00, 0x00, 0x00, 0x00, 0x00, 0x00, 0x00, 0x00, 0x00, 0x00, 0x00, 0x00, 0x00, 0x10, 0x00, 0x10,
    0x80, 0x00, 0x00, 0x00, 0x00, 0x00, 0x00, 0x00, 0x00, 0x00, 0x00, 0x00, 0x00, 0x00, 0x00, 0x15, 0x55, 0x50,
    0x80, 0x00, 0x00, 0x00, 0x00, 0x00, 0x00, 0x00, 0x00, 0x00, 0x00, 0x00, 0x00, 0x00, 0x00, 0x08, 0x00, 0x10,
    0x80, 0x00, 0x00, 0x00, 0x00, 0x00, 0x00, 0x00, 0x00, 0x00, 0x00, 0x00, 0x00, 0x00, 0x00, 0x05, 0x55, 0x50,
    0x80, 0x00, 0x00, 0x00, 0x00, 0x00, 0x00, 0x00, 0x00, 0x00, 0x00, 0x00, 0x00, 0x00, 0x00, 0x02, 0x07, 0x10,
    0x80, 0x00, 0x00, 0x00, 0x00, 0x00, 0x00, 0x00, 0x00, 0x00, 0x00, 0x00, 0x00, 0x00, 0x00, 0x01, 0xdd, 0x50,
    0x80, 0x00, 0x00, 0x00, 0x00, 0x00, 0x00, 0x00, 0x00, 0x00, 0x00, 0x00, 0x00, 0x00, 0x00, 0x00, 0x60, 0x10,
    0x80, 0x00, 0x00, 0x00, 0x00, 0x00, 0x00, 0x00, 0x00, 0x00, 0x00, 0x00, 0x00, 0x00, 0x00, 0x00, 0xdd, 0x50,
    0x80, 0x00, 0x00, 0x00, 0x00, 0x00, 0x00, 0x00, 0x00, 0x00, 0x00, 0x00, 0x00, 0x00, 0x00, 0x01, 0x80, 0x10,
    0x80, 0x00, 0x00, 0x00, 0x00, 0x00, 0x00, 0x00, 0x00, 0x00, 0x00, 0x00, 0x00, 0x00, 0x00, 0x01, 0x55, 0x50,
    0x80, 0x00, 0x00, 0x00, 0x00, 0x00, 0x00, 0x00, 0x00, 0x00, 0x00, 0x00, 0x00, 0x00, 0x00, 0x02, 0x00, 0x10,
    0x80, 0x00, 0x00, 0x00, 0x00, 0x00, 0x00, 0x00, 0x00, 0x00, 0x00, 0x00, 0x00, 0x00, 0x00, 0x03, 0x55, 0x50,
    0x80, 0x00, 0x00, 0x00, 0x00, 0x00, 0x00, 0x00, 0x00, 0x00, 0x00, 0x00, 0x00, 0x00, 0x00, 0x02, 0x00, 0x10,
    0x80, 0x00, 0x00, 0x00, 0x00, 0x00, 0x00, 0x00, 0x00, 0x00, 0x00, 0x00, 0x00, 0x00, 0x00, 0x03, 0x55, 0x50,
    0x80, 0x00, 0x00, 0x00, 0x00, 0x00, 0x00, 0x00, 0x00, 0x00, 0x00, 0x00, 0x00, 0x00, 0x00, 0x02, 0x00, 0x10,
    0x80, 0x00, 0x00, 0x00, 0x00, 0x00, 0x00, 0x00, 0x00, 0x00, 0x00, 0x00, 0x00, 0x00, 0x00, 0x03, 0x55, 0x50,
    0x80, 0x00, 0x00, 0x00, 0x00, 0x00, 0x00, 0x00, 0x00, 0x00, 0x00, 0x00, 0x00, 0x00, 0x00, 0x02, 0x00, 0x10,
    0x80, 0x00, 0x00, 0x00, 0x00, 0x00, 0x00, 0x00, 0x00, 0x00, 0x00, 0x00, 0x00, 0x00, 0x00, 0x03, 0x55, 0x50,
    0x80, 0x00, 0x00, 0x00, 0x00, 0x00, 0x00, 0x00, 0x00, 0x00, 0x00, 0x00, 0x00, 0x00, 0x00, 0x02, 0x00, 0x10,
    0x80, 0x00, 0x00, 0x00, 0x00, 0x00, 0x00, 0x00, 0x00, 0x00, 0x00, 0x00, 0x00, 0x00, 0x00, 0x01, 0x55, 0x50,
    0xff, 0xff, 0xff, 0xff, 0xff, 0xff, 0xff, 0xff, 0xff, 0xff, 0xff, 0xff, 0xff, 0xff, 0xff, 0xff, 0xff, 0xf0,
};

static const lv_img_dsc_t gaming25 = {
    .header.cf = LV_IMG_CF_INDEXED_1BIT,
    .header.always_zero = 0,
    .header.reserved = 0,
    .header.w = 140,
    .header.h = 68,
    .data_size = 1232,
    .data = gaming25_map,
};

static const LV_ATTRIBUTE_MEM_ALIGN LV_ATTRIBUTE_LARGE_CONST uint8_t gaming26_map[] = {
#if CONFIG_NICE_VIEW_WIDGET_INVERTED
    0xff, 0xff, 0xff, 0xff, /*Color of index 0*/
    0x00, 0x00, 0x00, 0xff, /*Color of index 1*/
#else
    0x00, 0x00, 0x00, 0xff, /*Color of index 0*/
    0xff, 0xff, 0xff, 0xff, /*Color of index 1*/
#endif
    0xff, 0xff, 0xff, 0xff, 0xff, 0xff, 0xff, 0xff, 0xff, 0xff, 0xff, 0xff, 0xff, 0xff, 0xff, 0xff, 0xff, 0xf0,
    0x80, 0x00, 0x00, 0x00, 0x00, 0x00, 0x00, 0x00, 0x00, 0x00, 0x00, 0x00, 0x00, 0x00, 0x00, 0x08, 0x00, 0x10,
    0x80, 0x00, 0x00, 0x00, 0x00, 0x00, 0x00, 0x00, 0x00, 0x00, 0x00, 0x00, 0x00, 0x00, 0x00, 0x15, 0x55, 0x50,
    0x80, 0x00, 0x00, 0x00, 0x00, 0x00, 0x00, 0x00, 0x00, 0x00, 0x00, 0x00, 0x00, 0x00, 0x00, 0x10, 0x00, 0x10,
    0x80, 0x00, 0x00, 0x00, 0x00, 0x00, 0x00, 0x00, 0x00, 0x40, 0x00, 0x00, 0x00, 0x00, 0x00, 0x15, 0x55, 0x50,
    0x80, 0x00, 0x00, 0x00, 0x00, 0x00, 0x00, 0x00, 0x00, 0x00, 0x00, 0x00, 0x00, 0x00, 0x00, 0x10, 0x00, 0x10,
    0x84, 0x00, 0x00, 0x00, 0x00, 0x00, 0x00, 0x00, 0x01, 0x00, 0x00, 0x00, 0x00, 0x00, 0x00, 0x15, 0x55, 0x50,
    0x80, 0x00, 0x00, 0x00, 0x00, 0x00, 0x00, 0x00, 0x00, 0x00, 0x00, 0x00, 0x00, 0x00, 0x00, 0x10, 0x00, 0x10,
    0x81, 0x00, 0x00, 0x00, 0x00, 0x00, 0x00, 0x00, 0x04, 0x00, 0x00, 0x00, 0x00, 0x00, 0x00, 0x15, 0x55, 0x50,
    0x80, 0x00, 0x00, 0x00, 0x00, 0x00, 0x00, 0x00, 0x00, 0x00, 0x00, 0x00, 0x00, 0x00, 0x00, 0x10, 0x00, 0x10,
    0x80, 0x00, 0x00, 0x00, 0x00, 0x00, 0x00, 0x00, 0x00, 0x04, 0x00, 0x00, 0x00, 0x00, 0x00, 0x15, 0x55, 0x50,
    0x80, 0x00, 0x00, 0x00, 0x00, 0x00, 0x00, 0x00, 0x00, 0x00, 0x00, 0x00, 0x00, 0x00, 0x00, 0x08, 0x03, 0x90,
    0x80, 0x10, 0x00, 0x00, 0x00, 0x01, 0x40, 0x00, 0x10, 0x01, 0x00, 0x00, 0x00, 0x00, 0x00, 0x0d, 0x5f, 0x50,
    0x80, 0x00, 0x00, 0x00, 0x00, 0x00, 0x00, 0x00, 0x00, 0x00, 0x00, 0x00, 0x00, 0x00, 0x00, 0x04, 0x30, 0x10,
    0x80, 0x04, 0x04, 0x40, 0x00, 0x10, 0x10, 0x01, 0x00, 0x00, 0x10, 0x00, 0x00, 0x00, 0x00, 0x03, 0x75, 0x50,
    0x80, 0x00, 0x00, 0x00, 0x00, 0x00, 0x00, 0x00, 0x00, 0x00, 0x00, 0x00, 0x00, 0x00, 0x00, 0x01, 0xc0, 0x10,
    0x80, 0x01, 0x40, 0x10, 0x01, 0x00, 0x01, 0x10, 0x00, 0x00, 0x01, 0x00, 0x01, 0x14, 0x00, 0x01, 0xfd, 0x50,
    0x80, 0x00, 0x00, 0x00, 0x00, 0x00, 0x00, 0x00, 0x00, 0x00, 0x00, 0x00, 0x00, 0x00, 0x00, 0x01, 0x00, 0x10,
    0x80, 0x00, 0x00, 0x00, 0x04, 0x00, 0x00, 0x00, 0x00, 0x00, 0x00, 0x10, 0x10, 0x01, 0x00, 0x03, 0x55, 0x50,
    0x80, 0x00, 0x00, 0x00, 0x00, 0x00, 0x00, 0x00, 0x00, 0x00, 0x00, 0x00, 0x00, 0x00, 0x00, 0x02, 0x00, 0x10,
    0x80, 0x00, 0x00, 0x00, 0x40, 0x00, 0x00, 0x00, 0x00, 0x00, 0x00, 0x01, 0x00, 0x00, 0x40, 0x03, 0x55, 0x50,
    0x80, 0x00, 0x00, 0x00, 0x00, 0x00, 0x00, 0x00, 0x00, 0x00, 0x00, 0x00, 0x00, 0x00, 0x00, 0x02, 0x00, 0x10,
    0x80, 0x00, 0x00, 0x00, 0x00, 0x00, 0x00, 0x00, 0x00, 0x00, 0x00, 0x00, 0x00, 0x00, 0x00, 0x03, 0x55, 0x50,
    0x80, 0x00, 0x00, 0x00, 0x00, 0x00, 0x00, 0x00, 0x00, 0x00, 0x00, 0x00, 0x00, 0x00, 0x00, 0x02, 0x00, 0x10,
    0x80, 0x00, 0x00, 0x00, 0x00, 0x00, 0x00, 0x00, 0x00, 0x00, 0x00, 0x00, 0x00, 0x00, 0x00, 0x03, 0x55, 0x50,
    0x80, 0x00, 0x00, 0x00, 0x00, 0x00, 0x00, 0x00, 0x00, 0x00, 0x00, 0x00, 0x00, 0x00, 0x00, 0x02, 0x00, 0x10,
    0x80, 0x00, 0x00, 0x00, 0x00, 0x00, 0x00, 0x00, 0x00, 0x00, 0x00, 0x00, 0x00, 0x00, 0x01, 0x03, 0x55, 0x50,
    0x80, 0x00, 0x00, 0x00, 0x00, 0x00, 0x00, 0x00, 0x00, 0x00, 0x00, 0x00, 0x00, 0x00, 0x00, 0x06, 0x00, 0x10,
    0x80, 0x00, 0x00, 0x00, 0x00, 0x00, 0x00, 0x00, 0x00, 0x00, 0x00, 0x00, 0x00, 0x00, 0x00, 0x5d, 0x55, 0x50,
    0x80, 0x00, 0x00, 0x00, 0x00, 0x00, 0x00, 0x00, 0x00, 0x00, 0x00, 0x00, 0x00, 0x00, 0x00, 0x61, 0x80, 0x10,
    0x80, 0x00, 0x00, 0x00, 0x00, 0x00, 0x00, 0x00, 0x00, 0x00, 0x00, 0x00, 0x00, 0x00, 0x00, 0xd5, 0xdd, 0x50,
    0x80, 0x00, 0x00, 0x00, 0x00, 0x00, 0x00, 0x00, 0x00, 0x00, 0x00, 0x00, 0x00, 0x00, 0x00, 0x80, 0xe0, 0x10,
    0x80, 0x00, 0x00, 0x00, 0x00, 0x00, 0x00, 0x00, 0x00, 0x00, 0x00, 0x00, 0x00, 0x00, 0x01, 0x55, 0xf5, 0x50,
    0x80, 0x00, 0x00, 0x00, 0x00, 0x00, 0x00, 0x00, 0x00, 0x00, 0x00, 0x00, 0x00, 0x00, 0x01, 0x02, 0x0c, 0x10,
    0x80, 0x00, 0x00, 0x00, 0x00, 0x00, 0x00, 0x00, 0x00, 0x00, 0x00, 0x00, 0x00, 0x00, 0x01, 0x55, 0x57, 0xd0,
    0x80, 0x00, 0x00, 0x00, 0x00, 0x00, 0x00, 0x00, 0x00, 0x00, 0x00, 0x00, 0x00, 0x00, 0x01, 0x08, 0x00, 0x10,
    0x80, 0x00, 0x00, 0x00, 0x00, 0x00, 0x00, 0x00, 0x00, 0x00, 0x00, 0x00, 0x00, 0x00, 0x01, 0x55, 0x55, 0x50,
    0x80, 0x00, 0x00, 0x00, 0x00, 0x00, 0x00, 0x00, 0x00, 0x00, 0x00, 0x00, 0x00, 0x00, 0x01, 0x10, 0x00, 0x10,
    0x80, 0x00, 0x00, 0x00, 0x00, 0x00, 0x00, 0x00, 0x00, 0x00, 0x00, 0x00, 0x00, 0x00, 0x01, 0x75, 0x55, 0x50,
    0x80, 0x00, 0x00, 0x00, 0x00, 0x00, 0x00, 0x00, 0x00, 0x00, 0x00, 0x00, 0x00, 0x00, 0x01, 0x20, 0x00, 0x10,
    0x80, 0x00, 0x00, 0x00, 0x00, 0x00, 0x00, 0x00, 0x00, 0x00, 0x00, 0x00, 0x00, 0x00, 0x00, 0xf5, 0x55, 0x50,
    0x80, 0x00, 0x00, 0x00, 0x00, 0x00, 0x00, 0x00, 0x00, 0x00, 0x00, 0x00, 0x00, 0x00, 0x00, 0xe0, 0x00, 0x10,
    0x80, 0x00, 0x00, 0x00, 0x00, 0x00, 0x00, 0x00, 0x00, 0x00, 0x00, 0x00, 0x00, 0x00, 0x00, 0x75, 0x55, 0x50,
    0x80, 0x00, 0x00, 0x00, 0x00, 0x00, 0x00, 0x00, 0x00, 0x00, 0x00, 0x00, 0x00, 0x00, 0x00, 0x30, 0x00, 0x10,
    0x80, 0x00, 0x00, 0x00, 0x00, 0x00, 0x00, 0x00, 0x00, 0x00, 0x00, 0x00, 0x00, 0x00, 0x00, 0x3f, 0x55, 0x50,
    0x80, 0x00, 0x00, 0x00, 0x00, 0x00, 0x00, 0x00, 0x00, 0x00, 0x00, 0x00, 0x00, 0x00, 0x00, 0x20, 0x00, 0x10,
    0x80, 0x00, 0x00, 0x00, 0x00, 0x00, 0x00, 0x00, 0x00, 0x00, 0x00, 0x00, 0x00, 0x00, 0x00, 0x35, 0x55, 0x50,
    0x80, 0x00, 0x00, 0x00, 0x00, 0x00, 0x00, 0x00, 0x00, 0x00, 0x00, 0x00, 0x00, 0x00, 0x00, 0x20, 0x00, 0x10,
    0x80, 0x00, 0x00, 0x00, 0x00, 0x00, 0x00, 0x00, 0x00, 0x00, 0x00, 0x00, 0x00, 0x00, 0x00, 0x15, 0x55, 0x50,
    0x80, 0x00, 0x00, 0x00, 0x00, 0x00, 0x00, 0x00, 0x00, 0x00, 0x00, 0x00, 0x00, 0x00, 0x00, 0x10, 0x00, 0x10,
    0x80, 0x00, 0x00, 0x00, 0x00, 0x00, 0x00, 0x00, 0x00, 0x00, 0x00, 0x00, 0x00, 0x00, 0x00, 0x0d, 0x55, 0x50,
    0x80, 0x00, 0x00, 0x00, 0x00, 0x00, 0x00, 0x00, 0x00, 0x00, 0x00, 0x00, 0x00, 0x00, 0x00, 0x04, 0x01, 0x10,
    0x80, 0x00, 0x00, 0x00, 0x00, 0x00, 0x7f, 0x00, 0x00, 0x00, 0x00, 0x00, 0x00, 0x00, 0x1c, 0x03, 0x5f, 0x50,
    0x80, 0x00, 0x00, 0x00, 0x00, 0x07, 0xff, 0xc0, 0x00, 0x00, 0x00, 0x00, 0x00, 0x00, 0x3f, 0x01, 0xb0, 0x10,
    0x80, 0x00, 0x00, 0x00, 0x00, 0x0f, 0x80, 0xf0, 0x00, 0x00, 0x00, 0x00, 0x00, 0x00, 0x73, 0xc0, 0x75, 0x50,
    0x80, 0x00, 0x00, 0x00, 0x00, 0x3c, 0x00, 0x7c, 0x00, 0x00, 0x00, 0x00, 0x00, 0x00, 0xe0, 0xf0, 0x9c, 0x10,
    0x80, 0x00, 0x00, 0x00, 0x00, 0x70, 0x00, 0x1e, 0x00, 0x00, 0x00, 0x00, 0x00, 0x01, 0xc0, 0x79, 0x55, 0x50,
    0x80, 0x00, 0x00, 0x00, 0x00, 0xe0, 0x00, 0x07, 0x80, 0x00, 0x00, 0x00, 0x00, 0x03, 0x80, 0x11, 0x00, 0x10,
    0x80, 0x00, 0x00, 0x04, 0x01, 0xc0, 0x00, 0x01, 0xc0, 0x00, 0x00, 0x00, 0x00, 0x0f, 0x00, 0x03, 0x55, 0x50,
    0x80, 0x00, 0x00, 0x07, 0x03, 0x00, 0x00, 0x00, 0xe0, 0x00, 0x01, 0xff, 0xf0, 0x7e, 0x00, 0x02, 0x00, 0x10,
    0x80, 0x00, 0x00, 0x07, 0x86, 0x00, 0x00, 0x00, 0x70, 0x00, 0x1f, 0xff, 0xff, 0xf0, 0x00, 0x03, 0x55, 0x50,
    0x80, 0x00, 0x00, 0x01, 0xcc, 0x00, 0x00, 0x00, 0x3f, 0x81, 0xff, 0x00, 0x0f, 0x80, 0x00, 0x02, 0x00, 0x10,
    0x80, 0x00, 0x00, 0x00, 0xf8, 0x00, 0x00, 0x00, 0x1f, 0xff, 0xe0, 0x00, 0x00, 0x00, 0x00, 0x03, 0x55, 0x50,
    0x80, 0x00, 0x00, 0x00, 0x30, 0x00, 0x00, 0x00, 0x00, 0x7e, 0x00, 0x00, 0x00, 0x00, 0x00, 0x02, 0x00, 0x10,
    0x80, 0x00, 0x00, 0x00, 0x00, 0x00, 0x00, 0x00, 0x00, 0x00, 0x00, 0x00, 0x00, 0x00, 0x00, 0x03, 0x55, 0x50,
    0x80, 0x00, 0x00, 0x00, 0x00, 0x00, 0x00, 0x00, 0x00, 0x00, 0x00, 0x00, 0x00, 0x00, 0x00, 0x02, 0x00, 0x10,
    0x80, 0x00, 0x00, 0x00, 0x00, 0x00, 0x00, 0x00, 0x00, 0x00, 0x00, 0x00, 0x00, 0x00, 0x00, 0x03, 0x55, 0x50,
    0xff, 0xff, 0xff, 0xff, 0xff, 0xff, 0xff, 0xff, 0xff, 0xff, 0xff, 0xff, 0xff, 0xff, 0xff, 0xff, 0xff, 0xf0,
};

static const lv_img_dsc_t gaming26 = {
    .header.cf = LV_IMG_CF_INDEXED_1BIT,
    .header.always_zero = 0,
    .header.reserved = 0,
    .header.w = 140,
    .header.h = 68,
    .data_size = 1232,
    .data = gaming26_map,
};

static const LV_ATTRIBUTE_MEM_ALIGN LV_ATTRIBUTE_LARGE_CONST uint8_t gaming27_map[] = {
#if CONFIG_NICE_VIEW_WIDGET_INVERTED
    0xff, 0xff, 0xff, 0xff, /*Color of index 0*/
    0x00, 0x00, 0x00, 0xff, /*Color of index 1*/
#else
    0x00, 0x00, 0x00, 0xff, /*Color of index 0*/
    0xff, 0xff, 0xff, 0xff, /*Color of index 1*/
#endif
    0xff, 0xff, 0xff, 0xff, 0xff, 0xff, 0xff, 0xff, 0xff, 0xff, 0xff, 0xff, 0xff, 0xff, 0xff, 0xff, 0xff, 0xf0,
    0x80, 0x00, 0x00, 0x00, 0x00, 0x00, 0x00, 0x00, 0x00, 0x00, 0x00, 0x00, 0x00, 0x00, 0x00, 0x08, 0x00, 0x10,
    0x80, 0x00, 0x00, 0x00, 0x00, 0x00, 0x00, 0x00, 0x00, 0x00, 0x00, 0x00, 0x00, 0x00, 0x00, 0x15, 0x55, 0x50,
    0x80, 0x00, 0x00, 0x00, 0x00, 0x00, 0x00, 0x00, 0x00, 0x00, 0x00, 0x00, 0x00, 0x00, 0x00, 0x10, 0x00, 0x10,
    0x80, 0x00, 0x00, 0x00, 0x00, 0x00, 0x00, 0x00, 0x00, 0x00, 0x00, 0x00, 0x00, 0x00, 0x00, 0x15, 0x55, 0x50,
    0x80, 0x00, 0x00, 0x00, 0x00, 0x00, 0x00, 0x00, 0x00, 0x00, 0x00, 0x00, 0x00, 0x00, 0x00, 0x10, 0x00, 0x10,
    0x84, 0x00, 0x00, 0x00, 0x00, 0x00, 0x00, 0x00, 0x00, 0x00, 0x00, 0x00, 0x00, 0x00, 0x00, 0x15, 0x55, 0x50,
    0x80, 0x00, 0x00, 0x00, 0x00, 0x00, 0x00, 0x00, 0x00, 0x00, 0x00, 0x00, 0x00, 0x00, 0x00, 0x10, 0x00, 0x10,
    0x81, 0x00, 0x00, 0x00, 0x00, 0x00, 0x00, 0x00, 0x00, 0x00, 0x00, 0x00, 0x00, 0x00, 0x00, 0x15, 0x55, 0x50,
    0x80, 0x00, 0x00, 0x00, 0x00, 0x00, 0x00, 0x00, 0x00, 0x00, 0x00, 0x00, 0x00, 0x00, 0x00, 0x10, 0x00, 0x10,
    0x80, 0x00, 0x00, 0x00, 0x00, 0x00, 0x00, 0x00, 0x00, 0x04, 0x00, 0x00, 0x00, 0x00, 0x00, 0x15, 0x55, 0x50,
    0x80, 0x00, 0x00, 0x00, 0x00, 0x00, 0x00, 0x00, 0x00, 0x00, 0x00, 0x00, 0x00, 0x00, 0x00, 0x08, 0x00, 0x10,
    0x80, 0x10, 0x00, 0x00, 0x00, 0x01, 0x00, 0x00, 0x10, 0x01, 0x00, 0x00, 0x00, 0x00, 0x00, 0x0d, 0x57, 0xd0,
    0x80, 0x00, 0x00, 0x00, 0x00, 0x00, 0x00, 0x00, 0x00, 0x00, 0x00, 0x00, 0x00, 0x00, 0x00, 0x04, 0x0c, 0x10,
    0x80, 0x04, 0x04, 0x40, 0x00, 0x00, 0x00, 0x00, 0x00, 0x00, 0x00, 0x00, 0x00, 0x00, 0x00, 0x03, 0x75, 0x50,
    0x80, 0x00, 0x00, 0x00, 0x00, 0x00, 0x00, 0x00, 0x00, 0x00, 0x00, 0x00, 0x00, 0x00, 0x00, 0x01, 0xc0, 0x10,
    0x80, 0x01, 0x00, 0x10, 0x01, 0x00, 0x01, 0x10, 0x00, 0x00, 0x01, 0x00, 0x01, 0x10, 0x00, 0x00, 0xf5, 0x50,
    0x80, 0x00, 0x00, 0x00, 0x00, 0x00, 0x00, 0x00, 0x00, 0x00, 0x00, 0x00, 0x00, 0x00, 0x00, 0x01, 0x88, 0x10,
    0x80, 0x00, 0x00, 0x00, 0x04, 0x00, 0x00, 0x00, 0x00, 0x00, 0x00, 0x00, 0x00, 0x00, 0x00, 0x01, 0x55, 0x50,
    0x80, 0x00, 0x00, 0x00, 0x00, 0x00, 0x00, 0x00, 0x00, 0x00, 0x00, 0x00, 0x00, 0x00, 0x00, 0x02, 0x00, 0x10,
    0x80, 0x00, 0x00, 0x00, 0x00, 0x00, 0x00, 0x00, 0x00, 0x00, 0x00, 0x01, 0x00, 0x00, 0x00, 0x03, 0x55, 0x50,
    0x80, 0x00, 0x00, 0x00, 0x00, 0x00, 0x00, 0x00, 0x00, 0x00, 0x00, 0x00, 0x00, 0x00, 0x00, 0x02, 0x00, 0x10,
    0x80, 0x00, 0x00, 0x00, 0x00, 0x00, 0x00, 0x00, 0x00, 0x00, 0x00, 0x00, 0x00, 0x00, 0x00, 0x03, 0x55, 0x50,
    0x80, 0x00, 0x00, 0x00, 0x00, 0x00, 0x00, 0x00, 0x00, 0x00, 0x00, 0x00, 0x00, 0x00, 0x00, 0x02, 0x00, 0x10,
    0x80, 0x00, 0x00, 0x00, 0x00, 0x00, 0x00, 0x00, 0x00, 0x00, 0x00, 0x00, 0x00, 0x00, 0x00, 0x03, 0x55, 0x50,
    0x80, 0x00, 0x00, 0x00, 0x00, 0x00, 0x00, 0x00, 0x00, 0x00, 0x00, 0x00, 0x00, 0x00, 0x00, 0x02, 0x00, 0x10,
    0x80, 0x00, 0x00, 0x00, 0x00, 0x00, 0x00, 0x00, 0x00, 0x00, 0x00, 0x00, 0x00, 0x00, 0x00, 0x03, 0x55, 0x50,
    0x80, 0x00, 0x00, 0x00, 0x00, 0x00, 0x00, 0x00, 0x00, 0x00, 0x00, 0x00, 0x00, 0x00, 0x00, 0x1e, 0x00, 0x10,
    0x80, 0x00, 0x00, 0x00, 0x00, 0x00, 0x00, 0x00, 0x00, 0x00, 0x00, 0x00, 0x00, 0x00, 0x00, 0x37, 0x55, 0x50,
    0x80, 0x00, 0x00, 0x00, 0x00, 0x00, 0x00, 0x00, 0x00, 0x00, 0x00, 0x00, 0x00, 0x00, 0x00, 0x41, 0x00, 0x10,
    0x80, 0x00, 0x00, 0x00, 0x00, 0x00, 0x00, 0x00, 0x00, 0x00, 0x00, 0x00, 0x00, 0x00, 0x00, 0xd5, 0xd5, 0x50,
    0x80, 0x00, 0x00, 0x00, 0x00, 0x00, 0x00, 0x00, 0x00, 0x00, 0x00, 0x00, 0x00, 0x00, 0x01, 0x00, 0xfc, 0x10,
    0x80, 0x00, 0x00, 0x00, 0x00, 0x00, 0x00, 0x00, 0x00, 0x00, 0x00, 0x00, 0x00, 0x00, 0x01, 0x55, 0xf5, 0x50,
    0x80, 0x00, 0x00, 0x00, 0x00, 0x00, 0x00, 0x00, 0x00, 0x00, 0x00, 0x00, 0x00, 0x00, 0x01, 0x01, 0x30, 0x10,
    0x80, 0x00, 0x00, 0x00, 0x00, 0x00, 0x00, 0x00, 0x00, 0x00, 0x00, 0x00, 0x00, 0x00, 0x01, 0x57, 0x5d, 0x50,
    0x80, 0x00, 0x00, 0x00, 0x00, 0x00, 0x00, 0x00, 0x00, 0x00, 0x00, 0x00, 0x00, 0x00, 0x01, 0x04, 0x03, 0x90,
    0x80, 0x00, 0x00, 0x00, 0x00, 0x00, 0x00, 0x00, 0x00, 0x00, 0x00, 0x00, 0x00, 0x00, 0x01, 0x5d, 0x55, 0x50,
    0x80, 0x00, 0x00, 0x00, 0x00, 0x00, 0x00, 0x00, 0x00, 0x00, 0x00, 0x00, 0x00, 0x00, 0x01, 0x10, 0x00, 0x10,
    0x80, 0x00, 0x00, 0x00, 0x00, 0x00, 0x00, 0x00, 0x00, 0x00, 0x00, 0x00, 0x00, 0x00, 0x01, 0x55, 0x55, 0x50,
    0x80, 0x00, 0x00, 0x00, 0x00, 0x00, 0x00, 0x00, 0x00, 0x00, 0x00, 0x00, 0x00, 0x00, 0x00, 0xa0, 0x00, 0x10,
    0x80, 0x00, 0x00, 0x00, 0x00, 0x00, 0x00, 0x00, 0x00, 0x00, 0x00, 0x00, 0x00, 0x00, 0x00, 0xf5, 0x55, 0x50,
    0x80, 0x00, 0x00, 0x00, 0x00, 0x00, 0x00, 0x00, 0x00, 0x00, 0x00, 0x00, 0x00, 0x00, 0x00, 0x60, 0x00, 0x10,
    0x80, 0x00, 0x00, 0x00, 0x00, 0x00, 0x00, 0x00, 0x00, 0x00, 0x00, 0x00, 0x00, 0x00, 0x00, 0x35, 0x55, 0x50,
    0x80, 0x00, 0x00, 0x00, 0x00, 0x00, 0x00, 0x00, 0x00, 0x00, 0x00, 0x00, 0x00, 0x00, 0x00, 0x2e, 0x00, 0x10,
    0x80, 0x00, 0x00, 0x00, 0x00, 0x00, 0x00, 0x00, 0x00, 0x00, 0x00, 0x00, 0x00, 0x00, 0x00, 0x35, 0x55, 0x50,
    0x80, 0x00, 0x00, 0x00, 0x00, 0x00, 0x00, 0x00, 0x00, 0x00, 0x00, 0x00, 0x00, 0x00, 0x00, 0x20, 0x00, 0x10,
    0x80, 0x00, 0x00, 0x00, 0x00, 0x00, 0x00, 0x00, 0x00, 0x00, 0x00, 0x00, 0x00, 0x00, 0x00, 0x35, 0x55, 0x50,
    0x80, 0x00, 0x00, 0x00, 0x00, 0x00, 0x00, 0x00, 0x00, 0x00, 0x00, 0x00, 0x00, 0x00, 0x00, 0x20, 0x00, 0x10,
    0x80, 0x00, 0x00, 0x00, 0x00, 0x00, 0x00, 0x00, 0x00, 0x00, 0x00, 0x00, 0x00, 0x00, 0x00, 0x35, 0x55, 0x50,
    0x80, 0x00, 0x00, 0x00, 0x00, 0x00, 0x00, 0x00, 0x00, 0x00, 0x00, 0x00, 0x00, 0x00, 0x00, 0x10, 0x00, 0x10,
    0x80, 0x00, 0x00, 0x00, 0x00, 0x00, 0x00, 0x00, 0x00, 0x00, 0x00, 0x00, 0x00, 0x00, 0x00, 0x1d, 0x55, 0x50,
    0x80, 0x00, 0x00, 0x00, 0x00, 0x00, 0x00, 0x00, 0x00, 0x00, 0x00, 0x00, 0x00, 0x00, 0x00, 0x08, 0x00, 0x10,
    0x80, 0x00, 0x00, 0x00, 0x00, 0x00, 0x1e, 0x00, 0x00, 0x00, 0x00, 0x00, 0x00, 0x00, 0x08, 0x05, 0x5f, 0x50,
    0x80, 0x00, 0x00, 0x00, 0x00, 0x03, 0xe1, 0x80, 0x00, 0x00, 0x00, 0x00, 0x00, 0x00, 0x1e, 0x02, 0x30, 0x10,
    0x80, 0x00, 0x00, 0x00, 0x00, 0x0e, 0x00, 0x60, 0x00, 0x00, 0x00, 0x00, 0x00, 0x00, 0x31, 0x81, 0xd5, 0x50,
    0x80, 0x00, 0x00, 0x00, 0x00, 0x18, 0x00, 0x38, 0x00, 0x00, 0x00, 0x00, 0x00, 0x00, 0x60, 0x60, 0xf0, 0x10,
    0x80, 0x00, 0x00, 0x00, 0x00, 0x20, 0x00, 0x0c, 0x00, 0x00, 0x00, 0x00, 0x00, 0x00, 0xc0, 0x31, 0x5d, 0x50,
    0x80, 0x00, 0x00, 0x00, 0x00, 0xc0, 0x00, 0x03, 0x00, 0x00, 0x00, 0x00, 0x00, 0x01, 0x80, 0x01, 0x00, 0x10,
    0x80, 0x00, 0x00, 0x00, 0x01, 0x80, 0x00, 0x01, 0x80, 0x00, 0x00, 0x00, 0x00, 0x06, 0x00, 0x03, 0x55, 0x50,
    0x80, 0x00, 0x00, 0x06, 0x03, 0x00, 0x00, 0x00, 0x40, 0x00, 0x00, 0x1f, 0x80, 0x38, 0x00, 0x02, 0x00, 0x10,
    0x80, 0x00, 0x00, 0x03, 0x06, 0x00, 0x00, 0x00, 0x20, 0x00, 0x07, 0xf0, 0x7d, 0xc0, 0x00, 0x03, 0x55, 0x50,
    0x80, 0x00, 0x00, 0x00, 0xcc, 0x00, 0x00, 0x00, 0x10, 0x00, 0x78, 0x00, 0x03, 0x00, 0x00, 0x02, 0x00, 0x10,
    0x80, 0x00, 0x00, 0x00, 0x78, 0x00, 0x00, 0x00, 0x0f, 0xff, 0x80, 0x00, 0x00, 0x00, 0x00, 0x03, 0x55, 0x50,
    0x80, 0x00, 0x00, 0x00, 0x10, 0x00, 0x00, 0x00, 0x00, 0x00, 0x00, 0x00, 0x00, 0x00, 0x00, 0x02, 0x00, 0x10,
    0x80, 0x00, 0x00, 0x00, 0x00, 0x00, 0x00, 0x00, 0x00, 0x00, 0x00, 0x00, 0x00, 0x00, 0x00, 0x03, 0x55, 0x50,
    0x80, 0x00, 0x00, 0x00, 0x00, 0x00, 0x00, 0x00, 0x00, 0x00, 0x00, 0x00, 0x00, 0x00, 0x00, 0x02, 0x00, 0x10,
    0x80, 0x00, 0x00, 0x00, 0x00, 0x00, 0x00, 0x00, 0x00, 0x00, 0x00, 0x00, 0x00, 0x00, 0x00, 0x03, 0x55, 0x50,
    0xff, 0xff, 0xff, 0xff, 0xff, 0xff, 0xff, 0xff, 0xff, 0xff, 0xff, 0xff, 0xff, 0xff, 0xff, 0xff, 0xff, 0xf0,
};

static const lv_img_dsc_t gaming27 = {
    .header.cf = LV_IMG_CF_INDEXED_1BIT,
    .header.always_zero = 0,
    .header.reserved = 0,
    .header.w = 140,
    .header.h = 68,
    .data_size = 1232,
    .data = gaming27_map,
};

static const LV_ATTRIBUTE_MEM_ALIGN LV_ATTRIBUTE_LARGE_CONST uint8_t gaming28_map[] = {
#if CONFIG_NICE_VIEW_WIDGET_INVERTED
    0xff, 0xff, 0xff, 0xff, /*Color of index 0*/
    0x00, 0x00, 0x00, 0xff, /*Color of index 1*/
#else
    0x00, 0x00, 0x00, 0xff, /*Color of index 0*/
    0xff, 0xff, 0xff, 0xff, /*Color of index 1*/
#endif
    0xff, 0xff, 0xff, 0xff, 0xff, 0xff, 0xff, 0xff, 0xff, 0xff, 0xff, 0xff, 0xff, 0xff, 0xff, 0xff, 0xff, 0xf0,
    0xa2, 0x00, 0x00, 0x00, 0x00, 0x00, 0x00, 0x00, 0x00, 0x00, 0x00, 0x00, 0x00, 0x00, 0x00, 0x08, 0x00, 0x10,
    0xd4, 0x00, 0x00, 0x00, 0x00, 0x00, 0x00, 0x00, 0x00, 0x00, 0x00, 0x00, 0x00, 0x00, 0x00, 0x0d, 0x55, 0x50,
    0x80, 0x00, 0x00, 0x00, 0x00, 0x00, 0x00, 0x00, 0x00, 0x00, 0x00, 0x00, 0x00, 0x00, 0x00, 0x10, 0x00, 0x10,
    0xd4, 0x00, 0x00, 0x00, 0x00, 0x00, 0x00, 0x00, 0x00, 0x00, 0x00, 0x00, 0x00, 0x00, 0x00, 0x15, 0x55, 0x50,
    0xa2, 0x00, 0x00, 0x00, 0x00, 0x00, 0x00, 0x00, 0x00, 0x00, 0x00, 0x00, 0x00, 0x00, 0x00, 0x10, 0x00, 0x10,
    0xd4, 0x00, 0x00, 0x00, 0x00, 0x00, 0x00, 0x00, 0x00, 0x00, 0x00, 0x00, 0x00, 0x00, 0x00, 0x15, 0x55, 0x50,
    0x80, 0x00, 0x00, 0x00, 0x00, 0x00, 0x00, 0x00, 0x00, 0x00, 0x00, 0x00, 0x00, 0x00, 0x00, 0x10, 0x00, 0x10,
    0xd4, 0x08, 0x00, 0x00, 0x00, 0x00, 0x00, 0x00, 0x00, 0x00, 0x00, 0x00, 0x00, 0x00, 0x00, 0x15, 0x55, 0x50,
    0xa2, 0x20, 0x00, 0x00, 0x00, 0x00, 0x00, 0x00, 0x00, 0x00, 0x00, 0x00, 0x00, 0x00, 0x00, 0x10, 0x00, 0x10,
    0xd4, 0x08, 0x00, 0x00, 0x00, 0x00, 0x00, 0x00, 0x00, 0x00, 0x00, 0x00, 0x00, 0x00, 0x00, 0x15, 0x55, 0x50,
    0x80, 0x00, 0x00, 0x00, 0x00, 0x00, 0x00, 0x00, 0x00, 0x00, 0x00, 0x00, 0x00, 0x00, 0x00, 0x18, 0x00, 0x10,
    0xd4, 0x00, 0x00, 0x00, 0x00, 0x00, 0x00, 0x00, 0x00, 0x00, 0x00, 0x00, 0x00, 0x00, 0x00, 0x0d, 0x55, 0x50,
    0xa2, 0x00, 0x00, 0x00, 0x00, 0x00, 0x00, 0x00, 0x00, 0x00, 0x00, 0x00, 0x00, 0x00, 0x00, 0x04, 0x03, 0x90,
    0xd4, 0x00, 0x00, 0x00, 0x00, 0x00, 0x00, 0x00, 0x00, 0x00, 0x00, 0x00, 0x00, 0x00, 0x00, 0x07, 0x5d, 0x50,
    0x80, 0x00, 0x00, 0x00, 0x00, 0x00, 0x00, 0x00, 0x00, 0x00, 0x00, 0x00, 0x00, 0x00, 0x00, 0x03, 0x30, 0x10,
    0xd4, 0x00, 0x00, 0x00, 0x00, 0x00, 0x00, 0x00, 0x00, 0x00, 0x00, 0x00, 0x00, 0x00, 0x00, 0x00, 0xd5, 0x50,
    0xa2, 0x00, 0x00, 0x00, 0x00, 0x00, 0x00, 0x00, 0x00, 0x00, 0x00, 0x00, 0x00, 0x00, 0x00, 0x00, 0xb8, 0x10,
    0xd4, 0x00, 0x00, 0x00, 0x00, 0x00, 0x00, 0x00, 0x00, 0x00, 0x00, 0x00, 0x00, 0x00, 0x00, 0x01, 0xd5, 0x50,
    0x80, 0x00, 0x00, 0x00, 0x00, 0x00, 0x00, 0x00, 0x00, 0x00, 0x00, 0x00, 0x00, 0x00, 0x00, 0x01, 0x00, 0x10,
    0xd4, 0x00, 0x00, 0x00, 0x00, 0x00, 0x00, 0x00, 0x00, 0x00, 0x00, 0x00, 0x00, 0x00, 0x00, 0x03, 0x55, 0x50,
    0xa2, 0x00, 0x00, 0x00, 0x00, 0x00, 0x00, 0x00, 0x00, 0x00, 0x00, 0x00, 0x00, 0x00, 0x00, 0x02, 0x00, 0x10,
    0xd4, 0x00, 0x00, 0x00, 0x00, 0x00, 0x00, 0x00, 0x00, 0x00, 0x00, 0x00, 0x00, 0x00, 0x00, 0x03, 0x55, 0x50,
    0x80, 0x00, 0x00, 0x00, 0x00, 0x00, 0x00, 0x00, 0x00, 0x00, 0x00, 0x00, 0x00, 0x00, 0x00, 0x02, 0x00, 0x10,
    0xd4, 0x00, 0x00, 0x00, 0x00, 0x08, 0x00, 0x00, 0x00, 0x00, 0x00, 0x00, 0x00, 0x00, 0x00, 0x03, 0x55, 0x50,
    0xa2, 0x00, 0x00, 0x00, 0x10, 0x20, 0x00, 0x00, 0x00, 0x00, 0x00, 0x00, 0x00, 0x00, 0x00, 0x02, 0x00, 0x10,
    0xd4, 0x00, 0x00, 0x00, 0x40, 0x08, 0x00, 0x00, 0x00, 0x00, 0x00, 0x00, 0x00, 0x00, 0x00, 0x1f, 0x55, 0x50,
    0x80, 0x00, 0x00, 0x00, 0x10, 0x00, 0x00, 0x00, 0x00, 0x00, 0x00, 0x00, 0x00, 0x00, 0x00, 0x22, 0x00, 0x10,
    0xd4, 0x00, 0x00, 0x00, 0x00, 0x00, 0x00, 0x00, 0x00, 0x00, 0x00, 0x00, 0x00, 0x00, 0x00, 0x57, 0x55, 0x50,
    0xa2, 0x00, 0x00, 0x00, 0x00, 0x00, 0x00, 0x00, 0x00, 0x00, 0x00, 0x00, 0x00, 0x00, 0x00, 0x82, 0x00, 0x10,
    0xd4, 0x00, 0x00, 0x00, 0x00, 0x00, 0x00, 0x00, 0x00, 0x00, 0x00, 0x00, 0x00, 0x00, 0x01, 0x55, 0x55, 0x50,
    0x80, 0x00, 0x00, 0x00, 0x00, 0x00, 0x00, 0x00, 0x00, 0x00, 0x00, 0x00, 0x00, 0x00, 0x01, 0x01, 0x84, 0x10,
    0xd4, 0x00, 0x00, 0x00, 0x00, 0x00, 0x00, 0x00, 0x00, 0x00, 0x00, 0x00, 0x00, 0x00, 0x01, 0x55, 0xfd, 0x50,
    0xa2, 0x00, 0x00, 0x00, 0x00, 0x00, 0x00, 0x00, 0x00, 0x00, 0x00, 0x00, 0x00, 0x00, 0x01, 0x01, 0xe0, 0x10,
    0xd4, 0x00, 0x00, 0x00, 0x00, 0x00, 0x00, 0x00, 0x00, 0x00, 0x00, 0x00, 0x00, 0x00, 0x01, 0x57, 0x75, 0x50,
    0x80, 0x00, 0x00, 0x00, 0x00, 0x00, 0x00, 0x00, 0x00, 0x00, 0x00, 0x00, 0x00, 0x00, 0x01, 0x04, 0x0c, 0x10,
    0xd4, 0x00, 0x00, 0x00, 0x00, 0x00, 0x00, 0x00, 0x00, 0x00, 0x00, 0x00, 0x00, 0x00, 0x01, 0x5d, 0x57, 0xd0,
    0xa2, 0x00, 0x00, 0x00, 0x00, 0x00, 0x00, 0x00, 0x00, 0x00, 0x00, 0x00, 0x00, 0x00, 0x01, 0x18, 0x00, 0x10,
    0xd4, 0x00, 0x00, 0x00, 0x00, 0x00, 0x00, 0x00, 0x00, 0x00, 0x00, 0x00, 0x00, 0x00, 0x00, 0xd5, 0x55, 0x50,
    0x80, 0x00, 0x00, 0x00, 0x00, 0x00, 0x00, 0x00, 0x00, 0x00, 0x00, 0x00, 0x00, 0x00, 0x00, 0xb0, 0x00, 0x10,
    0xd4, 0x00, 0x00, 0x00, 0x00, 0x00, 0x00, 0x00, 0x00, 0x00, 0x00, 0x00, 0x00, 0x00, 0x00, 0x75, 0x55, 0x50,
    0xa2, 0x00, 0x00, 0x00, 0x00, 0x00, 0x00, 0x00, 0x00, 0x00, 0x00, 0x00, 0x00, 0x00, 0x00, 0x30, 0x00, 0x10,
    0xd4, 0x00, 0x00, 0x00, 0x00, 0x00, 0x00, 0x20, 0x00, 0x00, 0x00, 0x00, 0x00, 0x00, 0x00, 0x3f, 0x55, 0x50,
    0x80, 0x00, 0x00, 0x00, 0x00, 0x00, 0x00, 0x80, 0x00, 0x00, 0x00, 0x00, 0x00, 0x00, 0x00, 0x20, 0x00, 0x10,
    0xd4, 0x00, 0x00, 0x00, 0x00, 0x00, 0x00, 0x20, 0x00, 0x00, 0x00, 0x00, 0x00, 0x00, 0x00, 0x35, 0x55, 0x50,
    0xa2, 0x00, 0x00, 0x00, 0x00, 0x00, 0x00, 0x00, 0x00, 0x00, 0x00, 0x00, 0x00, 0x00, 0x00, 0x20, 0x00, 0x10,
    0xd4, 0x00, 0x00, 0x00, 0x00, 0x00, 0x00, 0x00, 0x00, 0x00, 0x00, 0x00, 0x00, 0x00, 0x00, 0x35, 0x55, 0x50,
    0x80, 0x00, 0x00, 0x00, 0x00, 0x00, 0x00, 0x00, 0x00, 0x00, 0x00, 0x00, 0x00, 0x00, 0x00, 0x20, 0x00, 0x10,
    0xd4, 0x00, 0x00, 0x00, 0x00, 0x00, 0x00, 0x00, 0x00, 0x00, 0x00, 0x00, 0x00, 0x00, 0x00, 0x35, 0x55, 0x50,
    0xa2, 0x00, 0x00, 0x00, 0x00, 0x00, 0x00, 0x00, 0x00, 0x00, 0x00, 0x00, 0x00, 0x00, 0x00, 0x10, 0x00, 0x10,
    0xd4, 0x00, 0x00, 0x00, 0x00, 0x00, 0x00, 0x00, 0x00, 0x00, 0x00, 0x00, 0x00, 0x00, 0x00, 0x15, 0x55, 0x50,
    0x80, 0x00, 0x00, 0x00, 0x00, 0x00, 0x00, 0x00, 0x00, 0x00, 0x00, 0x00, 0x00, 0x00, 0x00, 0x08, 0x03, 0x10,
    0xd4, 0x00, 0x00, 0x00, 0x00, 0x00, 0x00, 0x00, 0x00, 0x00, 0x00, 0x00, 0x00, 0x00, 0x00, 0x0d, 0x5d, 0x50,
    0xa2, 0x00, 0x00, 0x00, 0x00, 0x00, 0x00, 0x00, 0x00, 0x00, 0x00, 0x00, 0x00, 0x00, 0x00, 0x06, 0x20, 0x10,
    0xd4, 0x00, 0x00, 0x00, 0x00, 0x00, 0x00, 0x00, 0x00, 0x00, 0x00, 0x00, 0x00, 0x00, 0x00, 0x03, 0x55, 0x50,
    0x80, 0x00, 0x00, 0x00, 0x00, 0x00, 0x00, 0x00, 0x00, 0x00, 0x00, 0x00, 0x00, 0x00, 0x00, 0x00, 0xc0, 0x10,
    0xd4, 0x00, 0x00, 0x00, 0x00, 0x00, 0x00, 0x00, 0x00, 0x00, 0x00, 0x00, 0x00, 0x00, 0x00, 0x01, 0x7d, 0x50,
    0xa2, 0x00, 0x00, 0x00, 0x00, 0x00, 0x00, 0x00, 0x00, 0x00, 0x00, 0x00, 0x00, 0x00, 0x00, 0x01, 0x00, 0x10,
    0xd4, 0x00, 0x00, 0x00, 0x00, 0x00, 0x00, 0x00, 0x00, 0x00, 0x00, 0x00, 0x00, 0x00, 0x00, 0x03, 0x55, 0x50,
    0x80, 0x00, 0x04, 0x00, 0x00, 0x00, 0x00, 0x00, 0x00, 0x00, 0x00, 0x00, 0x00, 0x00, 0x00, 0x02, 0x00, 0x10,
    0xd4, 0x00, 0x10, 0x00, 0x00, 0x00, 0x00, 0x00, 0x00, 0x00, 0x00, 0x00, 0x00, 0x00, 0x00, 0x03, 0x55, 0x50,
    0xa2, 0x00, 0x04, 0x00, 0x00, 0x00, 0x00, 0x00, 0x00, 0x00, 0x00, 0x00, 0x00, 0x00, 0x00, 0x02, 0x00, 0x10,
    0xd4, 0x00, 0x00, 0x00, 0x00, 0x00, 0x00, 0x00, 0x00, 0x00, 0x00, 0x00, 0x00, 0x00, 0x00, 0x03, 0x55, 0x50,
    0x80, 0x00, 0x00, 0x00, 0x00, 0x00, 0x00, 0x00, 0x00, 0x00, 0x00, 0x00, 0x00, 0x00, 0x00, 0x02, 0x00, 0x10,
    0xd4, 0x00, 0x00, 0x00, 0x00, 0x00, 0x00, 0x00, 0x00, 0x00, 0x00, 0x00, 0x00, 0x00, 0x00, 0x03, 0x55, 0x50,
    0xa2, 0x00, 0x00, 0x00, 0x00, 0x00, 0x00, 0x00, 0x00, 0x00, 0x00, 0x00, 0x00, 0x00, 0x00, 0x02, 0x00, 0x10,
    0xd4, 0x00, 0x00, 0x00, 0x00, 0x00, 0x00, 0x00, 0x00, 0x00, 0x00, 0x00, 0x00, 0x00, 0x00, 0x03, 0x55, 0x50,
    0xff, 0xff, 0xff, 0xff, 0xff, 0xff, 0xff, 0xff, 0xff, 0xff, 0xff, 0xff, 0xff, 0xff, 0xff, 0xff, 0xff, 0xf0,
};

static const lv_img_dsc_t gaming28 = {
    .header.cf = LV_IMG_CF_INDEXED_1BIT,
    .header.always_zero = 0,
    .header.reserved = 0,
    .header.w = 140,
    .header.h = 68,
    .data_size = 1232,
    .data = gaming28_map,
};

static const LV_ATTRIBUTE_MEM_ALIGN LV_ATTRIBUTE_LARGE_CONST uint8_t gaming29_map[] = {
#if CONFIG_NICE_VIEW_WIDGET_INVERTED
    0xff, 0xff, 0xff, 0xff, /*Color of index 0*/
    0x00, 0x00, 0x00, 0xff, /*Color of index 1*/
#else
    0x00, 0x00, 0x00, 0xff, /*Color of index 0*/
    0xff, 0xff, 0xff, 0xff, /*Color of index 1*/
#endif
    0xff, 0xff, 0xff, 0xff, 0xff, 0xff, 0xff, 0xff, 0xff, 0xff, 0xff, 0xff, 0xff, 0xff, 0xff, 0xff, 0xff, 0xf0,
    0x80, 0x00, 0x00, 0x00, 0x00, 0x00, 0x00, 0x00, 0x00, 0x00, 0x00, 0x00, 0x00, 0x00, 0x00, 0x04, 0x00, 0x10,
    0x80, 0x00, 0x00, 0x00, 0x00, 0x00, 0x00, 0x00, 0x00, 0x00, 0x00, 0x00, 0x00, 0x00, 0x00, 0x0d, 0x55, 0x50,
    0x80, 0x00, 0x00, 0x00, 0x00, 0x00, 0x00, 0x00, 0x00, 0x00, 0x00, 0x00, 0x00, 0x00, 0x00, 0x18, 0x00, 0x10,
    0x80, 0x00, 0x00, 0x00, 0x00, 0x00, 0x00, 0x00, 0x00, 0x00, 0x00, 0x00, 0x00, 0x00, 0x00, 0x15, 0x55, 0x50,
    0x80, 0x00, 0x00, 0x00, 0x00, 0x00, 0x00, 0x00, 0x00, 0x00, 0x00, 0x00, 0x00, 0x00, 0x00, 0x10, 0x00, 0x10,
    0x80, 0x00, 0x00, 0x00, 0x00, 0x00, 0x00, 0x00, 0x00, 0x00, 0x00, 0x00, 0x00, 0x00, 0x00, 0x15, 0x55, 0x50,
    0x80, 0x00, 0x00, 0x00, 0x00, 0x00, 0x00, 0x00, 0x00, 0x00, 0x00, 0x00, 0x00, 0x00, 0x00, 0x10, 0x00, 0x10,
    0x80, 0x00, 0x00, 0x00, 0x00, 0x00, 0x00, 0x00, 0x00, 0x00, 0x00, 0x00, 0x00, 0x00, 0x00, 0x15, 0x55, 0x50,
    0x80, 0x00, 0x00, 0x00, 0x00, 0x00, 0x00, 0x00, 0x00, 0x00, 0x00, 0x00, 0x00, 0x00, 0x00, 0x10, 0x00, 0x10,
    0x80, 0x00, 0x00, 0x00, 0x00, 0x00, 0x00, 0x00, 0x00, 0x00, 0x00, 0x00, 0x00, 0x00, 0x00, 0x15, 0x55, 0x50,
    0x80, 0x00, 0x00, 0x00, 0x00, 0x00, 0x00, 0x00, 0x00, 0x00, 0x00, 0x00, 0x00, 0x00, 0x00, 0x10, 0x00, 0x10,
    0x80, 0x00, 0x00, 0x00, 0x00, 0x00, 0x00, 0x00, 0x00, 0x00, 0x00, 0x00, 0x00, 0x00, 0x00, 0x1d, 0x55, 0x50,
    0x80, 0x00, 0x00, 0x00, 0x00, 0x00, 0x00, 0x00, 0x00, 0x00, 0x00, 0x00, 0x00, 0x00, 0x00, 0x08, 0x00, 0x10,
    0x80, 0x00, 0x00, 0x00, 0x00, 0x00, 0x00, 0x00, 0x00, 0x00, 0x00, 0x00, 0x00, 0x00, 0x00, 0x05, 0x57, 0xd0,
    0x80, 0x00, 0x00, 0x00, 0x00, 0x00, 0x00, 0x00, 0x00, 0x00, 0x00, 0x00, 0x00, 0x00, 0x00, 0x02, 0x1c, 0x10,
    0x80, 0x00, 0x00, 0x00, 0x00, 0x00, 0x00, 0x00, 0x00, 0x00, 0x00, 0x00, 0x00, 0x00, 0x00, 0x01, 0x75, 0x50,
    0x80, 0x00, 0x00, 0x00, 0x00, 0x00, 0x00, 0x00, 0x00, 0x00, 0x00, 0x00, 0x00, 0x00, 0x00, 0x00, 0xe0, 0x10,
    0x80, 0x00, 0x00, 0x00, 0x00, 0x00, 0x00, 0x00, 0x00, 0x00, 0x00, 0x00, 0x00, 0x00, 0x00, 0x00, 0xfd, 0x50,
    0x80, 0x00, 0x00, 0x00, 0x00, 0x00, 0x00, 0x00, 0x00, 0x00, 0x00, 0x00, 0x00, 0x00, 0x00, 0x01, 0x00, 0x10,
    0x80, 0x00, 0x00, 0x00, 0x00, 0x00, 0x00, 0x00, 0x00, 0x00, 0x00, 0x00, 0x00, 0x00, 0x00, 0x01, 0x55, 0x50,
    0x80, 0x00, 0x00, 0x00, 0x00, 0x00, 0x00, 0x00, 0x00, 0x00, 0x00, 0x00, 0x00, 0x00, 0x00, 0x02, 0x00, 0x10,
    0x80, 0x00, 0x00, 0x00, 0x00, 0x00, 0x00, 0x00, 0x00, 0x00, 0x00, 0x00, 0x00, 0x00, 0x00, 0x03, 0x55, 0x50,
    0x80, 0x00, 0x00, 0x00, 0x00, 0x00, 0x00, 0x00, 0x00, 0x00, 0x00, 0x00, 0x00, 0x00, 0x00, 0x02, 0x00, 0x10,
    0x80, 0x00, 0x00, 0x00, 0x00, 0x00, 0x00, 0x00, 0x00, 0x00, 0x00, 0x00, 0x00, 0x00, 0x00, 0x03, 0x55, 0x50,
    0x80, 0x00, 0x00, 0x00, 0x00, 0x00, 0x00, 0x00, 0x00, 0x00, 0x00, 0x00, 0x00, 0x00, 0x00, 0x1e, 0x00, 0x10,
    0x80, 0x00, 0x00, 0x00, 0x00, 0x00, 0x00, 0x00, 0x00, 0x00, 0x00, 0x00, 0x00, 0x00, 0x00, 0x37, 0x55, 0x50,
    0x80, 0x00, 0x00, 0x00, 0x00, 0x00, 0x00, 0x00, 0x00, 0x00, 0x00, 0x00, 0x00, 0x00, 0x00, 0x42, 0x00, 0x10,
    0x80, 0x00, 0x00, 0x00, 0x00, 0x00, 0x00, 0x00, 0x00, 0x00, 0x00, 0x00, 0x00, 0x00, 0x00, 0xd7, 0x55, 0x50,
    0x80, 0x00, 0x00, 0x00, 0x00, 0x00, 0x00, 0x00, 0x00, 0x00, 0x00, 0x00, 0x00, 0x00, 0x01, 0x82, 0x00, 0x10,
    0x80, 0x00, 0x00, 0x00, 0x00, 0x00, 0x00, 0x00, 0x00, 0x00, 0x00, 0x00, 0x00, 0x00, 0x01, 0x57, 0x55, 0x50,
    0x80, 0x00, 0x00, 0x00, 0x00, 0x00, 0x00, 0x00, 0x00, 0x00, 0x00, 0x00, 0x00, 0x00, 0x01, 0x01, 0x00, 0x10,
    0x80, 0x00, 0x00, 0x00, 0x00, 0x00, 0x00, 0x00, 0x00, 0x00, 0x00, 0x00, 0x00, 0x00, 0x01, 0x55, 0xfd, 0x50,
    0x80, 0x00, 0x00, 0x00, 0x00, 0x00, 0x00, 0x00, 0x00, 0x00, 0x00, 0x00, 0x00, 0x00, 0x01, 0x00, 0xc0, 0x10,
    0x80, 0x00, 0x00, 0x00, 0x00, 0x00, 0x00, 0x00, 0x00, 0x00, 0x00, 0x00, 0x00, 0x00, 0x01, 0x57, 0x75, 0x50,
    0x80, 0x00, 0x00, 0x00, 0x00, 0x00, 0x00, 0x00, 0x00, 0x00, 0x00, 0x00, 0x00, 0x00, 0x01, 0x06, 0x30, 0x10,
    0x80, 0x00, 0x00, 0x00, 0x00, 0x00, 0x00, 0x00, 0x00, 0x00, 0x00, 0x00, 0x00, 0x00, 0x01, 0x5d, 0x5f, 0x50,
    0x80, 0x00, 0x00, 0x00, 0x00, 0x00, 0x00, 0x00, 0x00, 0x00, 0x00, 0x00, 0x00, 0x00, 0x01, 0x88, 0x01, 0x90,
    0x80, 0x00, 0x00, 0x00, 0x00, 0x00, 0x00, 0x00, 0x00, 0x00, 0x00, 0x00, 0x00, 0x00, 0x00, 0xd5, 0x55, 0x50,
    0x80, 0x00, 0x00, 0x00, 0x00, 0x00, 0x00, 0x00, 0x00, 0x00, 0x00, 0x00, 0x00, 0x00, 0x00, 0x70, 0x00, 0x10,
    0x80, 0x00, 0x00, 0x00, 0x00, 0x00, 0x00, 0x00, 0x00, 0x00, 0x00, 0x00, 0x00, 0x00, 0x00, 0x35, 0x55, 0x50,
    0x80, 0x00, 0x00, 0x00, 0x00, 0x00, 0x00, 0x00, 0x00, 0x00, 0x00, 0x00, 0x00, 0x00, 0x00, 0x2e, 0x00, 0x10,
    0x80, 0x00, 0x00, 0x00, 0x00, 0x00, 0x00, 0x00, 0x00, 0x00, 0x00, 0x00, 0x00, 0x00, 0x00, 0x35, 0x55, 0x50,
    0x80, 0x00, 0x00, 0x00, 0x00, 0x00, 0x00, 0x00, 0x00, 0x00, 0x00, 0x00, 0x00, 0x00, 0x00, 0x20, 0x00, 0x10,
    0x80, 0x00, 0x00, 0x00, 0x00, 0x00, 0x00, 0x00, 0x00, 0x00, 0x00, 0x00, 0x00, 0x00, 0x00, 0x35, 0x55, 0x50,
    0x80, 0x00, 0x00, 0x00, 0x00, 0x00, 0x00, 0x00, 0x80, 0x00, 0x00, 0x00, 0x00, 0x00, 0x00, 0x20, 0x00, 0x10,
    0x80, 0x00, 0x00, 0x00, 0x00, 0x00, 0x00, 0x01, 0xc0, 0x00, 0x00, 0x00, 0x00, 0x00, 0x30, 0x35, 0x55, 0x50,
    0x80, 0x00, 0x00, 0x00, 0x00, 0x00, 0x00, 0x03, 0x20, 0x00, 0x00, 0x00, 0x00, 0x00, 0xfe, 0x20, 0x00, 0x10,
    0x80, 0x00, 0x00, 0x00, 0x00, 0x00, 0x00, 0x06, 0x10, 0x00, 0x06, 0x00, 0x00, 0x01, 0xff, 0xf5, 0x55, 0x50,
    0x80, 0x00, 0x00, 0x00, 0x00, 0x00, 0x00, 0x0c, 0x08, 0x00, 0x3b, 0x00, 0x00, 0x03, 0xff, 0xf8, 0x00, 0x10,
    0x80, 0x00, 0x00, 0x00, 0x00, 0x00, 0x00, 0x00, 0x06, 0x01, 0xc0, 0xc0, 0x00, 0x07, 0xc3, 0xfd, 0x55, 0x50,
    0x80, 0x00, 0x00, 0x00, 0x00, 0x00, 0x00, 0x00, 0x01, 0xfe, 0x00, 0x20, 0x0f, 0xff, 0x00, 0x38, 0x0e, 0x10,
    0x80, 0x00, 0x00, 0x00, 0xff, 0x00, 0x00, 0x00, 0x00, 0x00, 0x00, 0x18, 0xff, 0xfe, 0x00, 0x0d, 0x75, 0x50,
    0x80, 0x00, 0x00, 0x03, 0xff, 0x80, 0x00, 0x00, 0x00, 0x00, 0x00, 0x07, 0xff, 0xfc, 0x00, 0x06, 0x40, 0x10,
    0x80, 0x00, 0x00, 0x0f, 0xff, 0x80, 0x00, 0x00, 0x00, 0x00, 0x00, 0x3f, 0xf8, 0x00, 0x00, 0x03, 0xd5, 0x50,
    0x80, 0x00, 0x00, 0x7f, 0x83, 0xc0, 0x00, 0x00, 0x00, 0x00, 0x00, 0xff, 0x00, 0x00, 0x00, 0x01, 0xc0, 0x10,
    0x80, 0x00, 0x00, 0xfc, 0x01, 0xe0, 0x00, 0x00, 0x00, 0x00, 0x01, 0xf8, 0x00, 0x00, 0x00, 0x01, 0x7d, 0x50,
    0x80, 0x00, 0x01, 0xf0, 0x00, 0xf0, 0x00, 0x00, 0x00, 0x00, 0x07, 0xc0, 0x00, 0x00, 0x00, 0x02, 0x00, 0x10,
    0x80, 0x00, 0x03, 0xc0, 0x00, 0x78, 0x00, 0x00, 0x00, 0x00, 0x0f, 0x80, 0x00, 0x00, 0x00, 0x03, 0x55, 0x50,
    0x80, 0x00, 0x07, 0x80, 0x00, 0x3e, 0x00, 0x00, 0x00, 0x00, 0x1f, 0x00, 0x00, 0x00, 0x00, 0x02, 0x00, 0x10,
    0x80, 0x00, 0x0f, 0x00, 0x00, 0x1f, 0x00, 0xc0, 0x00, 0x00, 0x7c, 0x00, 0x00, 0x00, 0x00, 0x03, 0x55, 0x50,
    0x80, 0x00, 0x3e, 0x00, 0x00, 0x0f, 0xc3, 0xf0, 0x00, 0x01, 0xf8, 0x00, 0x00, 0x00, 0x00, 0x02, 0x00, 0x10,
    0x80, 0x0f, 0xfc, 0x00, 0x00, 0x03, 0xef, 0xfc, 0x00, 0x07, 0xf0, 0x00, 0x00, 0x00, 0x00, 0x03, 0x55, 0x50,
    0xbf, 0xff, 0xf8, 0x00, 0x00, 0x01, 0xff, 0xbf, 0xff, 0xff, 0xc0, 0x00, 0x00, 0x00, 0x00, 0x02, 0x00, 0x10,
    0xbf, 0xff, 0xc0, 0x00, 0x00, 0x00, 0x7e, 0x0f, 0xff, 0xff, 0x00, 0x00, 0x00, 0x00, 0x00, 0x03, 0x55, 0x50,
    0xbf, 0xf8, 0x00, 0x00, 0x00, 0x00, 0x18, 0x03, 0xff, 0xfc, 0x00, 0x00, 0x00, 0x00, 0x00, 0x02, 0x00, 0x10,
    0x80, 0x00, 0x00, 0x00, 0x00, 0x00, 0x00, 0x00, 0x00, 0x00, 0x00, 0x00, 0x00, 0x00, 0x00, 0x01, 0x55, 0x50,
    0xff, 0xff, 0xff, 0xff, 0xff, 0xff, 0xff, 0xff, 0xff, 0xff, 0xff, 0xff, 0xff, 0xff, 0xff, 0xff, 0xff, 0xf0,
};

static const lv_img_dsc_t gaming29 = {
    .header.cf = LV_IMG_CF_INDEXED_1BIT,
    .header.always_zero = 0,
    .header.reserved = 0,
    .header.w = 140,
    .header.h = 68,
    .data_size = 1232,
    .data = gaming29_map,
};

static const LV_ATTRIBUTE_MEM_ALIGN LV_ATTRIBUTE_LARGE_CONST uint8_t gaming30_map[] = {
#if CONFIG_NICE_VIEW_WIDGET_INVERTED
    0xff, 0xff, 0xff, 0xff, /*Color of index 0*/
    0x00, 0x00, 0x00, 0xff, /*Color of index 1*/
#else
    0x00, 0x00, 0x00, 0xff, /*Color of index 0*/
    0xff, 0xff, 0xff, 0xff, /*Color of index 1*/
#endif
    0xff, 0xff, 0xff, 0xff, 0xff, 0xff, 0xff, 0xff, 0xff, 0xff, 0xff, 0xff, 0xff, 0xff, 0xff, 0xff, 0xff, 0xf0,
    0x80, 0x00, 0x00, 0x00, 0x00, 0x00, 0x00, 0x00, 0x00, 0x00, 0x00, 0x00, 0x00, 0x00, 0x00, 0x06, 0x00, 0x10,
    0x80, 0x00, 0x00, 0x00, 0x00, 0x00, 0x00, 0x00, 0x00, 0x00, 0x00, 0x00, 0x00, 0x00, 0x00, 0x05, 0x55, 0x50,
    0x80, 0x00, 0x00, 0x00, 0x00, 0x00, 0x00, 0x00, 0x00, 0x00, 0x00, 0x00, 0x00, 0x00, 0x00, 0x08, 0x00, 0x10,
    0x80, 0x00, 0x00, 0x00, 0x00, 0x00, 0x00, 0x00, 0x00, 0x00, 0x00, 0x00, 0x00, 0x00, 0x00, 0x1d, 0x55, 0x50,
    0x80, 0x00, 0x00, 0x00, 0x00, 0x00, 0x00, 0x00, 0x00, 0x00, 0x00, 0x00, 0x00, 0x00, 0x00, 0x10, 0x00, 0x10,
    0x80, 0x00, 0x00, 0x00, 0x00, 0x00, 0x00, 0x00, 0x00, 0x00, 0x00, 0x00, 0x00, 0x00, 0x00, 0x15, 0x55, 0x50,
    0x80, 0x00, 0x00, 0x00, 0x00, 0x00, 0x00, 0x00, 0x00, 0x00, 0x00, 0x00, 0x00, 0x00, 0x00, 0x10, 0x00, 0x10,
    0x80, 0x00, 0x00, 0x00, 0x00, 0x00, 0x00, 0x00, 0x00, 0x00, 0x00, 0x00, 0x00, 0x00, 0x00, 0x15, 0x55, 0x50,
    0x80, 0x00, 0x00, 0x00, 0x00, 0x00, 0x00, 0x00, 0x00, 0x00, 0x00, 0x00, 0x00, 0x00, 0x00, 0x10, 0x00, 0x10,
    0x80, 0x00, 0x00, 0x00, 0x00, 0x00, 0x00, 0x00, 0x00, 0x00, 0x00, 0x00, 0x00, 0x00, 0x00, 0x15, 0x55, 0x50,
    0x80, 0x00, 0x00, 0x00, 0x00, 0x00, 0x00, 0x00, 0x00, 0x00, 0x00, 0x00, 0x00, 0x00, 0x00, 0x10, 0x00, 0x10,
    0x80, 0x00, 0x00, 0x00, 0x00, 0x00, 0x00, 0x00, 0x00, 0x00, 0x00, 0x00, 0x00, 0x00, 0x00, 0x15, 0x55, 0x50,
    0x80, 0x00, 0x00, 0x00, 0x00, 0x00, 0x00, 0x00, 0x00, 0x00, 0x00, 0x00, 0x00, 0x00, 0x00, 0x18, 0x00, 0x10,
    0x80, 0x00, 0x00, 0x00, 0x00, 0x00, 0x00, 0x00, 0x00, 0x00, 0x00, 0x00, 0x00, 0x00, 0x00, 0x0d, 0x55, 0xd0,
    0x80, 0x00, 0x00, 0x00, 0x00, 0x00, 0x00, 0x00, 0x00, 0x00, 0x00, 0x00, 0x00, 0x00, 0x00, 0x04, 0x0f, 0x10,
    0x80, 0x00, 0x00, 0x00, 0x00, 0x00, 0x00, 0x00, 0x00, 0x00, 0x00, 0x00, 0x00, 0x00, 0x00, 0x03, 0x5d, 0x50,
    0x80, 0x00, 0x00, 0x00, 0x00, 0x00, 0x00, 0x00, 0x00, 0x00, 0x00, 0x00, 0x00, 0x00, 0x00, 0x01, 0x60, 0x10,
    0x80, 0x00, 0x00, 0x00, 0x00, 0x00, 0x00, 0x00, 0x00, 0x00, 0x00, 0x00, 0x00, 0x00, 0x00, 0x00, 0xf5, 0x50,
    0x80, 0x00, 0x00, 0x00, 0x00, 0x00, 0x00, 0x00, 0x00, 0x00, 0x00, 0x00, 0x00, 0x00, 0x00, 0x00, 0xb8, 0x10,
    0x80, 0x00, 0x00, 0x00, 0x00, 0x00, 0x00, 0x00, 0x00, 0x00, 0x00, 0x00, 0x00, 0x00, 0x00, 0x01, 0x55, 0x50,
    0x80, 0x00, 0x00, 0x00, 0x00, 0x00, 0x00, 0x00, 0x00, 0x00, 0x00, 0x00, 0x00, 0x00, 0x00, 0x01, 0x00, 0x10,
    0x80, 0x00, 0x00, 0x00, 0x00, 0x00, 0x00, 0x00, 0x00, 0x00, 0x00, 0x00, 0x00, 0x00, 0x00, 0x03, 0x55, 0x50,
    0x80, 0x00, 0x00, 0x00, 0x00, 0x00, 0x00, 0x00, 0x00, 0x00, 0x00, 0x00, 0x00, 0x00, 0x00, 0x02, 0x00, 0x10,
    0x80, 0x00, 0x00, 0x00, 0x00, 0x00, 0x00, 0x00, 0x00, 0x00, 0x00, 0x00, 0x00, 0x00, 0x00, 0x0f, 0x55, 0x50,
    0x80, 0x00, 0x00, 0x00, 0x00, 0x00, 0x00, 0x00, 0x00, 0x00, 0x00, 0x00, 0x00, 0x00, 0x00, 0x32, 0x00, 0x10,
    0x80, 0x00, 0x00, 0x00, 0x00, 0x00, 0x00, 0x00, 0x00, 0x00, 0x00, 0x00, 0x00, 0x00, 0x00, 0x57, 0x55, 0x50,
    0x80, 0x00, 0x00, 0x00, 0x00, 0x00, 0x00, 0x00, 0x00, 0x00, 0x00, 0x00, 0x00, 0x00, 0x00, 0x82, 0x00, 0x10,
    0x80, 0x00, 0x00, 0x00, 0x00, 0x00, 0x00, 0x00, 0x00, 0x00, 0x00, 0x00, 0x00, 0x00, 0x00, 0xd7, 0x55, 0x50,
    0x80, 0x00, 0x00, 0x00, 0x00, 0x00, 0x00, 0x00, 0x00, 0x00, 0x00, 0x00, 0x00, 0x00, 0x01, 0x02, 0x00, 0x10,
    0x80, 0x00, 0x00, 0x00, 0x00, 0x00, 0x00, 0x00, 0x00, 0x00, 0x00, 0x00, 0x00, 0x00, 0x01, 0x57, 0x55, 0x50,
    0x80, 0x00, 0x00, 0x00, 0x00, 0x00, 0x00, 0x00, 0x00, 0x00, 0x00, 0x00, 0x00, 0x00, 0x01, 0x01, 0x1c, 0x10,
    0x80, 0x00, 0x00, 0x00, 0x00, 0x00, 0x00, 0x00, 0x00, 0x00, 0x00, 0x00, 0x00, 0x00, 0x01, 0x55, 0x75, 0x50,
    0x80, 0x00, 0x00, 0x00, 0x00, 0x00, 0x00, 0x00, 0x00, 0x00, 0x00, 0x00, 0x00, 0x00, 0x01, 0x01, 0x80, 0x10,
    0x80, 0x00, 0x00, 0x00, 0x00, 0x00, 0x00, 0x00, 0x00, 0x00, 0x00, 0x00, 0x00, 0x00, 0x01, 0x57, 0x55, 0x50,
    0x80, 0x00, 0x00, 0x00, 0x00, 0x00, 0x00, 0x00, 0x00, 0x00, 0x00, 0x00, 0x00, 0x00, 0x01, 0x04, 0x20, 0x10,
    0x80, 0x00, 0x00, 0x00, 0x00, 0x00, 0x00, 0x00, 0x00, 0x00, 0x00, 0x00, 0x00, 0x00, 0x01, 0x5d, 0x5d, 0x50,
    0x80, 0x00, 0x00, 0x00, 0x00, 0x00, 0x00, 0x00, 0x00, 0x00, 0x00, 0x00, 0x00, 0x00, 0x00, 0x90, 0x07, 0x90,
    0x80, 0x00, 0x00, 0x00, 0x00, 0x00, 0x00, 0x00, 0x00, 0x00, 0x00, 0x00, 0x00, 0x00, 0x00, 0x55, 0x55, 0x50,
    0x80, 0x00, 0x00, 0x00, 0x00, 0x00, 0x00, 0x00, 0x00, 0x00, 0x00, 0x00, 0x00, 0x00, 0x00, 0x20, 0x00, 0x10,
    0x80, 0x00, 0x00, 0x00, 0x00, 0x00, 0x00, 0x00, 0x00, 0x00, 0x00, 0x00, 0x00, 0x00, 0x00, 0x3d, 0x55, 0x50,
    0x80, 0x00, 0x00, 0x00, 0x00, 0x00, 0x00, 0x00, 0x00, 0x00, 0x00, 0x00, 0x00, 0x00, 0x00, 0x26, 0x00, 0x10,
    0x80, 0x00, 0x00, 0x00, 0x00, 0x00, 0x00, 0x00, 0x00, 0x00, 0x00, 0x00, 0x00, 0x00, 0x00, 0x35, 0x55, 0x50,
    0x80, 0x00, 0x00, 0x00, 0x00, 0x00, 0x00, 0x00, 0x00, 0x00, 0x00, 0x00, 0x00, 0x00, 0x00, 0x20, 0x00, 0x10,
    0x80, 0x00, 0x00, 0x00, 0x00, 0x00, 0x00, 0x00, 0x00, 0x00, 0x00, 0x00, 0x00, 0x00, 0x00, 0x35, 0x55, 0x50,
    0x80, 0x00, 0x00, 0x00, 0x00, 0x00, 0x00, 0x00, 0x00, 0x00, 0x00, 0x00, 0x00, 0x00, 0x00, 0x20, 0x00, 0x10,
    0x80, 0x00, 0x00, 0x00, 0x00, 0x00, 0x00, 0x00, 0x00, 0x00, 0x00, 0x00, 0x00, 0x00, 0x00, 0x35, 0x55, 0x50,
    0x80, 0x00, 0x00, 0x00, 0x00, 0x00, 0x00, 0x00, 0x00, 0x00, 0x00, 0x00, 0x00, 0x00, 0x30, 0x20, 0x00, 0x10,
    0x80, 0x00, 0x00, 0x00, 0x00, 0x00, 0x00, 0x00, 0x00, 0x00, 0x00, 0x00, 0x00, 0x00, 0x5e, 0x35, 0x55, 0x50,
    0x80, 0x00, 0x00, 0x00, 0x00, 0x00, 0x00, 0x00, 0x00, 0x00, 0x00, 0x00, 0x00, 0x00, 0x81, 0xd0, 0x01, 0x10,
    0x80, 0x00, 0x00, 0x00, 0x00, 0x00, 0x00, 0x00, 0x00, 0x00, 0x00, 0x00, 0x00, 0x03, 0x00, 0x35, 0x5f, 0x50,
    0x80, 0x00, 0x00, 0x00, 0x00, 0x00, 0x00, 0x00, 0x00, 0x00, 0x00, 0x00, 0x00, 0x06, 0x00, 0x08, 0x30, 0x10,
    0x80, 0x00, 0x00, 0x00, 0x00, 0x00, 0x00, 0x00, 0x00, 0x00, 0x00, 0x00, 0x0f, 0xfc, 0x00, 0x05, 0x55, 0x50,
    0x80, 0x00, 0x00, 0x00, 0xfe, 0x00, 0x00, 0x00, 0x00, 0x00, 0x00, 0x00, 0xf8, 0x00, 0x00, 0x02, 0x80, 0x10,
    0x80, 0x00, 0x00, 0x03, 0x01, 0x00, 0x00, 0x00, 0x00, 0x00, 0x00, 0x07, 0x00, 0x00, 0x00, 0x01, 0xd5, 0x50,
    0x80, 0x00, 0x00, 0x0c, 0x00, 0x80, 0x00, 0x00, 0x00, 0x00, 0x00, 0x38, 0x00, 0x00, 0x00, 0x01, 0xe0, 0x10,
    0x80, 0x00, 0x00, 0x30, 0x00, 0x40, 0x00, 0x00, 0x00, 0x00, 0x00, 0xc0, 0x00, 0x00, 0x00, 0x03, 0x5d, 0x50,
    0x80, 0x00, 0x00, 0xc0, 0x00, 0x60, 0x00, 0x00, 0x00, 0x00, 0x01, 0x80, 0x00, 0x00, 0x00, 0x02, 0x00, 0x10,
    0x80, 0x00, 0x01, 0x80, 0x00, 0x30, 0x00, 0x00, 0x00, 0x00, 0x02, 0x00, 0x00, 0x00, 0x00, 0x03, 0x55, 0x50,
    0x80, 0x00, 0x03, 0x00, 0x00, 0x18, 0x00, 0x00, 0x00, 0x00, 0x0c, 0x00, 0x00, 0x00, 0x00, 0x02, 0x00, 0x10,
    0x80, 0x00, 0x06, 0x00, 0x00, 0x0c, 0x00, 0x00, 0x00, 0x00, 0x18, 0x00, 0x00, 0x00, 0x00, 0x03, 0x55, 0x50,
    0x80, 0x00, 0x0c, 0x00, 0x00, 0x03, 0x00, 0xc0, 0x00, 0x00, 0x20, 0x00, 0x00, 0x00, 0x00, 0x02, 0x00, 0x10,
    0x80, 0x00, 0x38, 0x00, 0x00, 0x00, 0xc1, 0xb0, 0x00, 0x00, 0xc0, 0x00, 0x00, 0x00, 0x00, 0x03, 0x55, 0x50,
    0x80, 0x0f, 0xc0, 0x00, 0x00, 0x00, 0x66, 0x0c, 0x00, 0x07, 0x00, 0x00, 0x00, 0x00, 0x00, 0x02, 0x00, 0x10,
    0x9f, 0xf8, 0x00, 0x00, 0x00, 0x00, 0x18, 0x03, 0xff, 0xfc, 0x00, 0x00, 0x00, 0x00, 0x00, 0x03, 0x55, 0x50,
    0x80, 0x00, 0x00, 0x00, 0x00, 0x00, 0x00, 0x00, 0x00, 0x00, 0x00, 0x00, 0x00, 0x00, 0x00, 0x01, 0x00, 0x10,
    0x80, 0x00, 0x00, 0x00, 0x00, 0x00, 0x00, 0x00, 0x00, 0x00, 0x00, 0x00, 0x00, 0x00, 0x00, 0x01, 0xd5, 0x50,
    0xff, 0xff, 0xff, 0xff, 0xff, 0xff, 0xff, 0xff, 0xff, 0xff, 0xff, 0xff, 0xff, 0xff, 0xff, 0xff, 0xff, 0xf0,
};

static const lv_img_dsc_t gaming30 = {
    .header.cf = LV_IMG_CF_INDEXED_1BIT,
    .header.always_zero = 0,
    .header.reserved = 0,
    .header.w = 140,
    .header.h = 68,
    .data_size = 1232,
    .data = gaming30_map,
};

static const LV_ATTRIBUTE_MEM_ALIGN LV_ATTRIBUTE_LARGE_CONST uint8_t gaming31_map[] = {
#if CONFIG_NICE_VIEW_WIDGET_INVERTED
    0xff, 0xff, 0xff, 0xff, /*Color of index 0*/
    0x00, 0x00, 0x00, 0xff, /*Color of index 1*/
#else
    0x00, 0x00, 0x00, 0xff, /*Color of index 0*/
    0xff, 0xff, 0xff, 0xff, /*Color of index 1*/
#endif
    0xff, 0xff, 0xff, 0xff, 0xff, 0xff, 0xff, 0xff, 0xff, 0xff, 0xff, 0xff, 0xff, 0xff, 0xff, 0xff, 0xff, 0xf0,
    0x80, 0x00, 0x00, 0x00, 0x00, 0x00, 0x00, 0x00, 0x00, 0x00, 0x00, 0x00, 0x00, 0x00, 0x00, 0x03, 0x00, 0x10,
    0xd4, 0x00, 0x00, 0x00, 0x00, 0x00, 0x00, 0x00, 0x00, 0x00, 0x00, 0x00, 0x00, 0x00, 0x00, 0x07, 0x55, 0x50,
    0x80, 0x00, 0x00, 0x00, 0x00, 0x00, 0x00, 0x00, 0x00, 0x00, 0x00, 0x00, 0x00, 0x00, 0x00, 0x0c, 0x00, 0x10,
    0xd4, 0x00, 0x00, 0x00, 0x00, 0x00, 0x00, 0x00, 0x00, 0x00, 0x00, 0x00, 0x00, 0x00, 0x00, 0x0d, 0x55, 0x50,
    0x80, 0x00, 0x00, 0x00, 0x00, 0x00, 0x00, 0x00, 0x00, 0x00, 0x00, 0x00, 0x00, 0x00, 0x00, 0x10, 0x00, 0x10,
    0xd4, 0x00, 0x00, 0x00, 0x00, 0x00, 0x00, 0x00, 0x00, 0x00, 0x00, 0x00, 0x00, 0x00, 0x00, 0x15, 0x55, 0x50,
    0x80, 0x00, 0x00, 0x00, 0x00, 0x00, 0x00, 0x00, 0x00, 0x00, 0x00, 0x00, 0x00, 0x00, 0x00, 0x10, 0x00, 0x10,
    0xd4, 0x00, 0x00, 0x00, 0x00, 0x00, 0x00, 0x00, 0x00, 0x00, 0x00, 0x00, 0x00, 0x00, 0x00, 0x15, 0x55, 0x50,
    0x80, 0x00, 0x00, 0x00, 0x00, 0x00, 0x00, 0x00, 0x00, 0x00, 0x00, 0x00, 0x00, 0x00, 0x00, 0x10, 0x00, 0x10,
    0xd4, 0x00, 0x00, 0x00, 0x00, 0x00, 0x00, 0x00, 0x00, 0x00, 0x00, 0x00, 0x00, 0x00, 0x00, 0x15, 0x55, 0x50,
    0x80, 0x00, 0x00, 0x00, 0x00, 0x00, 0x00, 0x00, 0x00, 0x00, 0x00, 0x00, 0x00, 0x00, 0x00, 0x10, 0x00, 0x10,
    0xd4, 0x00, 0x00, 0x08, 0x00, 0x00, 0x00, 0x00, 0x00, 0x00, 0x00, 0x00, 0x00, 0x00, 0x00, 0x15, 0x55, 0x50,
    0x80, 0x00, 0x10, 0x20, 0x00, 0x00, 0x00, 0x00, 0x00, 0x00, 0x00, 0x00, 0x00, 0x00, 0x00, 0x10, 0x00, 0x10,
    0xd4, 0x00, 0x40, 0x08, 0x00, 0x00, 0x00, 0x00, 0x00, 0x00, 0x00, 0x00, 0x00, 0x00, 0x00, 0x0d, 0x55, 0x50,
    0x80, 0x00, 0x10, 0x00, 0x00, 0x00, 0x00, 0x00, 0x00, 0x00, 0x00, 0x00, 0x00, 0x00, 0x00, 0x08, 0x07, 0x90,
    0xd4, 0x00, 0x00, 0x00, 0x00, 0x00, 0x00, 0x00, 0x00, 0x00, 0x00, 0x00, 0x00, 0x00, 0x00, 0x05, 0x5d, 0x50,
    0x80, 0x00, 0x00, 0x00, 0x00, 0x00, 0x00, 0x00, 0x00, 0x00, 0x00, 0x00, 0x00, 0x00, 0x00, 0x02, 0x20, 0x10,
    0xd4, 0x00, 0x00, 0x00, 0x00, 0x00, 0x00, 0x00, 0x00, 0x00, 0x00, 0x00, 0x00, 0x00, 0x00, 0x01, 0xd5, 0x50,
    0x80, 0x00, 0x00, 0x00, 0x00, 0x00, 0x00, 0x00, 0x00, 0x00, 0x00, 0x00, 0x00, 0x00, 0x00, 0x00, 0xe0, 0x10,
    0xd4, 0x00, 0x00, 0x00, 0x00, 0x00, 0x00, 0x00, 0x00, 0x00, 0x00, 0x00, 0x00, 0x00, 0x00, 0x01, 0x5d, 0x50,
    0x80, 0x00, 0x00, 0x00, 0x00, 0x00, 0x00, 0x00, 0x00, 0x00, 0x00, 0x00, 0x00, 0x00, 0x00, 0x01, 0x00, 0x10,
    0xd4, 0x00, 0x00, 0x00, 0x00, 0x00, 0x00, 0x00, 0x00, 0x00, 0x00, 0x00, 0x00, 0x00, 0x00, 0x03, 0x55, 0x50,
    0x80, 0x00, 0x00, 0x00, 0x00, 0x00, 0x00, 0x00, 0x00, 0x00, 0x00, 0x00, 0x00, 0x00, 0x00, 0x02, 0x00, 0x10,
    0xd4, 0x00, 0x00, 0x00, 0x00, 0x00, 0x00, 0x00, 0x00, 0x00, 0x00, 0x00, 0x00, 0x00, 0x00, 0x1f, 0x55, 0x50,
    0x80, 0x00, 0x00, 0x00, 0x00, 0x00, 0x00, 0x00, 0x00, 0x00, 0x00, 0x00, 0x00, 0x00, 0x00, 0x32, 0x00, 0x10,
    0xd4, 0x00, 0x00, 0x00, 0x00, 0x00, 0x00, 0x00, 0x00, 0x00, 0x00, 0x00, 0x00, 0x00, 0x00, 0x57, 0x55, 0x50,
    0x80, 0x00, 0x00, 0x00, 0x00, 0x00, 0x00, 0x00, 0x00, 0x00, 0x00, 0x00, 0x00, 0x00, 0x00, 0x82, 0x00, 0x10,
    0xd4, 0x00, 0x00, 0x00, 0x00, 0x00, 0x00, 0x00, 0x00, 0x00, 0x00, 0x00, 0x00, 0x00, 0x01, 0xd7, 0x55, 0x50,
    0x80, 0x00, 0x00, 0x00, 0x00, 0x00, 0x00, 0x00, 0x00, 0x00, 0x00, 0x00, 0x00, 0x00, 0x01, 0x02, 0x00, 0x10,
    0xd4, 0x00, 0x00, 0x00, 0x00, 0x20, 0x00, 0x00, 0x00, 0x00, 0x00, 0x00, 0x00, 0x00, 0x01, 0x57, 0x5d, 0x50,
    0x80, 0x00, 0x00, 0x00, 0x00, 0x80, 0x00, 0x00, 0x00, 0x00, 0x00, 0x00, 0x00, 0x00, 0x01, 0x01, 0x70, 0x10,
    0xd4, 0x00, 0x00, 0x00, 0x00, 0x20, 0x00, 0x00, 0x00, 0x00, 0x00, 0x00, 0x00, 0x00, 0x01, 0x55, 0xd5, 0x50,
    0x80, 0x00, 0x00, 0x00, 0x00, 0x00, 0x00, 0x00, 0x00, 0x00, 0x00, 0x00, 0x00, 0x00, 0x01, 0x03, 0x80, 0x10,
    0xd4, 0x00, 0x00, 0x00, 0x00, 0x00, 0x00, 0x00, 0x00, 0x00, 0x00, 0x00, 0x00, 0x00, 0x01, 0x55, 0x55, 0x50,
    0x80, 0x00, 0x00, 0x00, 0x00, 0x00, 0x00, 0x00, 0x00, 0x00, 0x00, 0x00, 0x00, 0x00, 0x01, 0x08, 0x20, 0x10,
    0xd4, 0x00, 0x00, 0x00, 0x00, 0x00, 0x00, 0x00, 0x00, 0x00, 0x00, 0x00, 0x00, 0x00, 0x01, 0xdd, 0x5d, 0x50,
    0x80, 0x00, 0x00, 0x00, 0x00, 0x00, 0x00, 0x00, 0x00, 0x00, 0x00, 0x00, 0x00, 0x00, 0x00, 0x90, 0x07, 0x90,
    0xd4, 0x00, 0x00, 0x00, 0x00, 0x00, 0x00, 0x00, 0x00, 0x00, 0x00, 0x00, 0x00, 0x00, 0x00, 0x75, 0x55, 0x50,
    0x80, 0x00, 0x00, 0x00, 0x00, 0x00, 0x00, 0x00, 0x00, 0x00, 0x00, 0x00, 0x00, 0x00, 0x00, 0x30, 0x00, 0x10,
    0xd4, 0x00, 0x00, 0x00, 0x00, 0x00, 0x00, 0x00, 0x00, 0x00, 0x00, 0x00, 0x00, 0x00, 0x00, 0x3f, 0x55, 0x50,
    0x80, 0x00, 0x00, 0x00, 0x00, 0x00, 0x00, 0x00, 0x00, 0x00, 0x00, 0x00, 0x00, 0x00, 0x00, 0x20, 0x00, 0x10,
    0xd4, 0x00, 0x00, 0x00, 0x00, 0x00, 0x00, 0x00, 0x00, 0x00, 0x00, 0x00, 0x00, 0x00, 0x00, 0x35, 0x55, 0x50,
    0x80, 0x00, 0x00, 0x00, 0x00, 0x00, 0x00, 0x00, 0x00, 0x00, 0x00, 0x00, 0x00, 0x00, 0x00, 0x20, 0x00, 0x10,
    0xd4, 0x00, 0x00, 0x00, 0x00, 0x00, 0x00, 0x00, 0x00, 0x00, 0x00, 0x00, 0x00, 0x00, 0x00, 0x35, 0x55, 0x50,
    0x80, 0x00, 0x00, 0x00, 0x00, 0x00, 0x00, 0x00, 0x00, 0x00, 0x00, 0x00, 0x00, 0x00, 0x00, 0x20, 0x00, 0x10,
    0xd4, 0x00, 0x00, 0x00, 0x00, 0x00, 0x00, 0x00, 0x00, 0x00, 0x00, 0x00, 0x00, 0x00, 0x00, 0x35, 0x55, 0x50,
    0x80, 0x00, 0x00, 0x00, 0x00, 0x00, 0x00, 0x00, 0x40, 0x00, 0x00, 0x00, 0x00, 0x00, 0x00, 0x20, 0x00, 0x10,
    0xd4, 0x00, 0x00, 0x00, 0x00, 0x00, 0x00, 0x01, 0x00, 0x00, 0x00, 0x00, 0x00, 0x00, 0x00, 0x15, 0x55, 0x50,
    0x80, 0x00, 0x00, 0x00, 0x00, 0x00, 0x00, 0x00, 0x40, 0x00, 0x00, 0x00, 0x00, 0x00, 0x00, 0x10, 0x0e, 0x10,
    0xd4, 0x00, 0x00, 0x00, 0x00, 0x00, 0x00, 0x00, 0x00, 0x00, 0x00, 0x00, 0x00, 0x00, 0x00, 0x0d, 0x75, 0x50,
    0x80, 0x00, 0x00, 0x00, 0x00, 0x00, 0x00, 0x00, 0x00, 0x00, 0x00, 0x00, 0x00, 0x00, 0x00, 0x0c, 0x40, 0x10,
    0xd4, 0x00, 0x00, 0x00, 0x00, 0x00, 0x00, 0x00, 0x00, 0x00, 0x00, 0x00, 0x00, 0x00, 0x00, 0x07, 0xd5, 0x50,
    0x80, 0x00, 0x00, 0x00, 0x00, 0x00, 0x00, 0x00, 0x00, 0x00, 0x00, 0x00, 0x00, 0x00, 0x00, 0x03, 0x00, 0x10,
    0xd4, 0x00, 0x00, 0x00, 0x00, 0x00, 0x00, 0x00, 0x00, 0x00, 0x00, 0x00, 0x00, 0x00, 0x00, 0x01, 0xd5, 0x50,
    0x80, 0x00, 0x00, 0x00, 0x00, 0x00, 0x00, 0x00, 0x00, 0x00, 0x00, 0x00, 0x00, 0x00, 0x00, 0x02, 0x3c, 0x10,
    0xd4, 0x00, 0x00, 0x00, 0x00, 0x00, 0x00, 0x00, 0x00, 0x00, 0x00, 0x00, 0x00, 0x00, 0x00, 0x03, 0x55, 0x50,
    0x80, 0x00, 0x00, 0x00, 0x00, 0x00, 0x00, 0x00, 0x00, 0x00, 0x00, 0x00, 0x00, 0x00, 0x00, 0x02, 0x00, 0x10,
    0xd4, 0x00, 0x00, 0x00, 0x00, 0x00, 0x00, 0x00, 0x00, 0x00, 0x00, 0x00, 0x00, 0x00, 0x00, 0x03, 0x55, 0x50,
    0x80, 0x00, 0x00, 0x00, 0x00, 0x00, 0x00, 0x00, 0x00, 0x00, 0x00, 0x00, 0x00, 0x00, 0x00, 0x02, 0x00, 0x10,
    0xd4, 0x00, 0x00, 0x00, 0x00, 0x00, 0x00, 0x00, 0x00, 0x00, 0x00, 0x00, 0x00, 0x00, 0x00, 0x03, 0x55, 0x50,
    0x80, 0x00, 0x00, 0x00, 0x00, 0x00, 0x00, 0x00, 0x00, 0x00, 0x00, 0x00, 0x00, 0x00, 0x00, 0x02, 0x00, 0x10,
    0xd4, 0x00, 0x00, 0x00, 0x00, 0x00, 0x00, 0x00, 0x00, 0x00, 0x00, 0x00, 0x00, 0x00, 0x00, 0x03, 0x55, 0x50,
    0x80, 0x00, 0x00, 0x00, 0x00, 0x00, 0x00, 0x00, 0x00, 0x00, 0x00, 0x00, 0x00, 0x00, 0x00, 0x02, 0x00, 0x10,
    0xd4, 0x00, 0x00, 0x00, 0x00, 0x00, 0x00, 0x00, 0x00, 0x00, 0x00, 0x00, 0x00, 0x00, 0x00, 0x01, 0x55, 0x50,
    0x80, 0x00, 0x00, 0x00, 0x00, 0x00, 0x00, 0x00, 0x00, 0x00, 0x00, 0x00, 0x00, 0x00, 0x00, 0x01, 0x80, 0x10,
    0xd4, 0x00, 0x00, 0x00, 0x00, 0x00, 0x00, 0x00, 0x00, 0x00, 0x00, 0x00, 0x00, 0x00, 0x00, 0x00, 0xd5, 0x50,
    0xff, 0xff, 0xff, 0xff, 0xff, 0xff, 0xff, 0xff, 0xff, 0xff, 0xff, 0xff, 0xff, 0xff, 0xff, 0xff, 0xff, 0xf0,
};

static const lv_img_dsc_t gaming31 = {
    .header.cf = LV_IMG_CF_INDEXED_1BIT,
    .header.always_zero = 0,
    .header.reserved = 0,
    .header.w = 140,
    .header.h = 68,
    .data_size = 1232,
    .data = gaming31_map,
};

static const LV_ATTRIBUTE_MEM_ALIGN LV_ATTRIBUTE_LARGE_CONST uint8_t gaming32_map[] = {
#if CONFIG_NICE_VIEW_WIDGET_INVERTED
    0xff, 0xff, 0xff, 0xff, /*Color of index 0*/
    0x00, 0x00, 0x00, 0xff, /*Color of index 1*/
#else
    0x00, 0x00, 0x00, 0xff, /*Color of index 0*/
    0xff, 0xff, 0xff, 0xff, /*Color of index 1*/
#endif
    0xff, 0xff, 0xff, 0xff, 0xff, 0xff, 0xff, 0xff, 0xff, 0xff, 0xff, 0xff, 0xff, 0xff, 0xff, 0xff, 0xff, 0xf0,
    0x80, 0x00, 0x00, 0x00, 0x00, 0x00, 0x00, 0x00, 0x00, 0x00, 0x00, 0x00, 0x00, 0x00, 0x00, 0x01, 0x80, 0x10,
    0xd4, 0x00, 0x00, 0x00, 0x00, 0x00, 0x00, 0x00, 0x00, 0x00, 0x00, 0x00, 0x00, 0x00, 0x00, 0x03, 0x55, 0x50,
    0x80, 0x00, 0x00, 0x00, 0x00, 0x00, 0x00, 0x00, 0x00, 0x00, 0x00, 0x00, 0x00, 0x00, 0x00, 0x04, 0x00, 0x10,
    0x90, 0x00, 0x00, 0x00, 0x00, 0x00, 0x00, 0x00, 0x00, 0x00, 0x00, 0x00, 0x00, 0x00, 0x00, 0x0d, 0x55, 0x50,
    0x80, 0x00, 0x00, 0x00, 0x00, 0x00, 0x00, 0x00, 0x00, 0x00, 0x00, 0x00, 0x00, 0x00, 0x00, 0x08, 0x00, 0x10,
    0xd4, 0x00, 0x00, 0x00, 0x00, 0x00, 0x00, 0x00, 0x00, 0x00, 0x00, 0x00, 0x00, 0x00, 0x00, 0x15, 0x55, 0x50,
    0x80, 0x00, 0x00, 0x00, 0x00, 0x00, 0x00, 0x00, 0x00, 0x00, 0x00, 0x00, 0x00, 0x00, 0x00, 0x10, 0x00, 0x10,
    0x90, 0x00, 0x00, 0x00, 0x00, 0x00, 0x00, 0x00, 0x00, 0x00, 0x00, 0x00, 0x00, 0x00, 0x00, 0x15, 0x55, 0x50,
    0x80, 0x00, 0x00, 0x00, 0x00, 0x00, 0x00, 0x00, 0x00, 0x00, 0x00, 0x00, 0x00, 0x00, 0x00, 0x10, 0x00, 0x10,
    0xd4, 0x00, 0x00, 0x00, 0x00, 0x00, 0x00, 0x00, 0x00, 0x00, 0x00, 0x00, 0x00, 0x00, 0x00, 0x15, 0x55, 0x50,
    0x80, 0x00, 0x00, 0x00, 0x00, 0x00, 0x00, 0x00, 0x00, 0x00, 0x00, 0x00, 0x00, 0x00, 0x00, 0x10, 0x00, 0x10,
    0x90, 0x00, 0x00, 0x00, 0x00, 0x00, 0x00, 0x00, 0x00, 0x00, 0x00, 0x00, 0x00, 0x00, 0x00, 0x15, 0x55, 0x50,
    0x80, 0x00, 0x00, 0x00, 0x00, 0x00, 0x00, 0x00, 0x00, 0x00, 0x00, 0x00, 0x00, 0x00, 0x00, 0x10, 0x00, 0x10,
    0xd4, 0x00, 0x00, 0x00, 0x00, 0x00, 0x00, 0x00, 0x00, 0x00, 0x00, 0x00, 0x00, 0x00, 0x00, 0x15, 0x57, 0xd0,
    0x80, 0x00, 0x00, 0x00, 0x00, 0x00, 0x00, 0x00, 0x00, 0x00, 0x00, 0x00, 0x00, 0x00, 0x00, 0x08, 0x0e, 0x10,
    0x90, 0x00, 0x00, 0x00, 0x00, 0x00, 0x00, 0x00, 0x00, 0x00, 0x00, 0x00, 0x00, 0x00, 0x00, 0x0d, 0x75, 0x50,
    0x80, 0x00, 0x00, 0x00, 0x00, 0x00, 0x00, 0x00, 0x00, 0x00, 0x00, 0x00, 0x00, 0x00, 0x00, 0x04, 0x60, 0x10,
    0xd4, 0x00, 0x00, 0x20, 0x00, 0x00, 0x00, 0x00, 0x00, 0x00, 0x00, 0x00, 0x00, 0x00, 0x00, 0x03, 0xd5, 0x50,
    0x80, 0x00, 0x00, 0x80, 0x00, 0x00, 0x00, 0x00, 0x00, 0x00, 0x00, 0x00, 0x00, 0x00, 0x00, 0x01, 0x80, 0x10,
    0x90, 0x00, 0x00, 0x20, 0x00, 0x00, 0x00, 0x00, 0x00, 0x00, 0x00, 0x00, 0x00, 0x00, 0x00, 0x01, 0x7d, 0x50,
    0x80, 0x00, 0x00, 0x00, 0x00, 0x00, 0x00, 0x00, 0x00, 0x00, 0x00, 0x00, 0x00, 0x00, 0x00, 0x03, 0x00, 0x10,
    0xd4, 0x00, 0x00, 0x00, 0x00, 0x00, 0x00, 0x00, 0x00, 0x00, 0x00, 0x00, 0x00, 0x00, 0x00, 0x03, 0x55, 0x50,
    0x80, 0x00, 0x00, 0x00, 0x00, 0x00, 0x00, 0x00, 0x00, 0x00, 0x00, 0x00, 0x00, 0x00, 0x00, 0x02, 0x00, 0x10,
    0x90, 0x00, 0x00, 0x00, 0x00, 0x00, 0x00, 0x00, 0x00, 0x00, 0x00, 0x00, 0x00, 0x00, 0x00, 0x0f, 0x55, 0x50,
    0x80, 0x00, 0x00, 0x00, 0x00, 0x00, 0x00, 0x00, 0x00, 0x00, 0x00, 0x00, 0x00, 0x00, 0x00, 0x32, 0x00, 0x10,
    0xd4, 0x00, 0x00, 0x00, 0x00, 0x00, 0x00, 0x00, 0x00, 0x00, 0x00, 0x00, 0x00, 0x00, 0x00, 0x77, 0x55, 0x50,
    0x80, 0x00, 0x00, 0x00, 0x00, 0x00, 0x00, 0x00, 0x00, 0x00, 0x00, 0x00, 0x00, 0x00, 0x00, 0x82, 0x00, 0x10,
    0x90, 0x00, 0x00, 0x00, 0x00, 0x00, 0x00, 0x00, 0x00, 0x00, 0x00, 0x00, 0x00, 0x00, 0x00, 0xd7, 0x55, 0x50,
    0x80, 0x00, 0x00, 0x00, 0x00, 0x00, 0x00, 0x00, 0x00, 0x00, 0x00, 0x00, 0x00, 0x00, 0x01, 0x02, 0x04, 0x10,
    0xd4, 0x00, 0x00, 0x00, 0x00, 0x00, 0x00, 0x00, 0x00, 0x00, 0x00, 0x00, 0x00, 0x00, 0x01, 0x57, 0x7d, 0x50,
    0x80, 0x00, 0x00, 0x00, 0x00, 0x00, 0x00, 0x00, 0x00, 0x00, 0x00, 0x00, 0x00, 0x00, 0x01, 0x01, 0x80, 0x10,
    0x90, 0x00, 0x00, 0x00, 0x00, 0x00, 0x00, 0x00, 0x00, 0x00, 0x00, 0x00, 0x00, 0x00, 0x01, 0x57, 0xd5, 0x50,
    0x80, 0x00, 0x00, 0x00, 0x00, 0x00, 0x00, 0x00, 0x00, 0x00, 0x00, 0x00, 0x00, 0x00, 0x01, 0x04, 0x80, 0x10,
    0xd4, 0x00, 0x00, 0x00, 0x00, 0x00, 0x00, 0x00, 0x00, 0x00, 0x00, 0x00, 0x00, 0x00, 0x01, 0x5d, 0x55, 0x50,
    0x80, 0x00, 0x00, 0x00, 0x00, 0x00, 0x40, 0x00, 0x00, 0x00, 0x00, 0x00, 0x00, 0x00, 0x01, 0x18, 0x30, 0x10,
    0x90, 0x00, 0x00, 0x00, 0x00, 0x01, 0x00, 0x00, 0x00, 0x00, 0x00, 0x00, 0x00, 0x00, 0x01, 0x55, 0x5d, 0x50,
    0x80, 0x00, 0x00, 0x00, 0x00, 0x00, 0x40, 0x00, 0x00, 0x00, 0x00, 0x00, 0x00, 0x00, 0x00, 0xb0, 0x03, 0x90,
    0xd4, 0x00, 0x00, 0x00, 0x00, 0x00, 0x00, 0x00, 0x00, 0x00, 0x00, 0x00, 0x00, 0x00, 0x00, 0x75, 0x55, 0x50,
    0x80, 0x00, 0x00, 0x00, 0x00, 0x00, 0x00, 0x00, 0x00, 0x00, 0x00, 0x00, 0x00, 0x00, 0x00, 0x20, 0x00, 0x10,
    0x90, 0x00, 0x00, 0x00, 0x00, 0x00, 0x00, 0x00, 0x00, 0x00, 0x00, 0x00, 0x00, 0x00, 0x00, 0x3d, 0x55, 0x50,
    0x80, 0x00, 0x00, 0x00, 0x00, 0x00, 0x00, 0x00, 0x00, 0x00, 0x00, 0x00, 0x00, 0x00, 0x00, 0x26, 0x00, 0x10,
    0xd4, 0x00, 0x00, 0x00, 0x00, 0x00, 0x00, 0x00, 0x00, 0x00, 0x00, 0x00, 0x00, 0x00, 0x00, 0x35, 0x55, 0x50,
    0x80, 0x00, 0x00, 0x00, 0x00, 0x00, 0x00, 0x00, 0x00, 0x00, 0x00, 0x00, 0x00, 0x00, 0x00, 0x20, 0x00, 0x10,
    0x90, 0x00, 0x00, 0x00, 0x00, 0x00, 0x00, 0x00, 0x00, 0x00, 0x00, 0x00, 0x00, 0x00, 0x00, 0x35, 0x55, 0x50,
    0x80, 0x00, 0x00, 0x00, 0x00, 0x00, 0x00, 0x00, 0x00, 0x00, 0x00, 0x00, 0x00, 0x00, 0x00, 0x20, 0x00, 0x10,
    0xd4, 0x00, 0x00, 0x00, 0x00, 0x00, 0x00, 0x00, 0x00, 0x00, 0x00, 0x00, 0x00, 0x00, 0x00, 0x35, 0x55, 0x50,
    0x80, 0x00, 0x00, 0x00, 0x00, 0x00, 0x00, 0x00, 0x00, 0x00, 0x00, 0x00, 0x00, 0x00, 0x00, 0x10, 0x00, 0x10,
    0x90, 0x00, 0x00, 0x00, 0x00, 0x00, 0x00, 0x00, 0x00, 0x00, 0x00, 0x00, 0x00, 0x00, 0x00, 0x15, 0x5f, 0x50,
    0x80, 0x00, 0x00, 0x00, 0x00, 0x00, 0x00, 0x00, 0x00, 0x00, 0x00, 0x00, 0x00, 0x00, 0x00, 0x08, 0x18, 0x10,
    0xd4, 0x00, 0x00, 0x00, 0x00, 0x00, 0x00, 0x00, 0x00, 0x00, 0x00, 0x00, 0x00, 0x00, 0x00, 0x0d, 0x75, 0x50,
    0x80, 0x00, 0x00, 0x00, 0x00, 0x00, 0x00, 0x00, 0x00, 0x00, 0x00, 0x00, 0x00, 0x00, 0x00, 0x06, 0xc0, 0x10,
    0x90, 0x08, 0x00, 0x00, 0x00, 0x00, 0x00, 0x00, 0x00, 0x00, 0x00, 0x00, 0x00, 0x00, 0x00, 0x03, 0xd5, 0x50,
    0x80, 0x20, 0x00, 0x00, 0x00, 0x00, 0x00, 0x00, 0x00, 0x00, 0x00, 0x00, 0x00, 0x00, 0x00, 0x01, 0xc0, 0x10,
    0xd4, 0x08, 0x00, 0x00, 0x00, 0x00, 0x00, 0x00, 0x00, 0x00, 0x00, 0x00, 0x00, 0x00, 0x00, 0x03, 0x7d, 0x50,
    0x80, 0x00, 0x00, 0x00, 0x00, 0x00, 0x00, 0x00, 0x00, 0x00, 0x00, 0x00, 0x00, 0x00, 0x00, 0x02, 0x00, 0x10,
    0x90, 0x00, 0x00, 0x00, 0x00, 0x00, 0x00, 0x00, 0x00, 0x00, 0x00, 0x00, 0x00, 0x00, 0x00, 0x03, 0x55, 0x50,
    0x80, 0x00, 0x00, 0x00, 0x00, 0x00, 0x00, 0x00, 0x00, 0x00, 0x00, 0x00, 0x00, 0x00, 0x00, 0x02, 0x00, 0x10,
    0xd4, 0x00, 0x00, 0x00, 0x00, 0x00, 0x00, 0x00, 0x00, 0x00, 0x00, 0x00, 0x00, 0x00, 0x00, 0x03, 0x55, 0x50,
    0x80, 0x00, 0x00, 0x00, 0x00, 0x00, 0x00, 0x00, 0x00, 0x00, 0x00, 0x00, 0x00, 0x00, 0x00, 0x02, 0x00, 0x10,
    0x90, 0x00, 0x00, 0x00, 0x00, 0x00, 0x00, 0x00, 0x00, 0x00, 0x00, 0x00, 0x00, 0x00, 0x00, 0x03, 0x55, 0x50,
    0x80, 0x00, 0x00, 0x00, 0x00, 0x00, 0x00, 0x00, 0x00, 0x00, 0x00, 0x00, 0x00, 0x00, 0x00, 0x02, 0x00, 0x10,
    0xd4, 0x00, 0x00, 0x00, 0x00, 0x00, 0x00, 0x00, 0x00, 0x00, 0x00, 0x00, 0x00, 0x00, 0x00, 0x03, 0x55, 0x50,
    0x80, 0x00, 0x00, 0x00, 0x00, 0x00, 0x00, 0x00, 0x00, 0x00, 0x00, 0x00, 0x00, 0x00, 0x00, 0x01, 0x00, 0x10,
    0x90, 0x00, 0x00, 0x00, 0x00, 0x00, 0x00, 0x00, 0x00, 0x00, 0x00, 0x00, 0x00, 0x00, 0x00, 0x01, 0x55, 0x50,
    0x80, 0x00, 0x00, 0x00, 0x00, 0x00, 0x00, 0x00, 0x00, 0x00, 0x00, 0x00, 0x00, 0x00, 0x00, 0x00, 0x80, 0x10,
    0xd4, 0x00, 0x00, 0x00, 0x00, 0x00, 0x00, 0x00, 0x00, 0x00, 0x00, 0x00, 0x00, 0x00, 0x00, 0x00, 0x55, 0x50,
    0xff, 0xff, 0xff, 0xff, 0xff, 0xff, 0xff, 0xff, 0xff, 0xff, 0xff, 0xff, 0xff, 0xff, 0xff, 0xff, 0xff, 0xf0,
};

static const lv_img_dsc_t gaming32 = {
    .header.cf = LV_IMG_CF_INDEXED_1BIT,
    .header.always_zero = 0,
    .header.reserved = 0,
    .header.w = 140,
    .header.h = 68,
    .data_size = 1232,
    .data = gaming32_map,
};

static const LV_ATTRIBUTE_MEM_ALIGN LV_ATTRIBUTE_LARGE_CONST uint8_t gaming33_map[] = {
#if CONFIG_NICE_VIEW_WIDGET_INVERTED
    0xff, 0xff, 0xff, 0xff, /*Color of index 0*/
    0x00, 0x00, 0x00, 0xff, /*Color of index 1*/
#else
    0x00, 0x00, 0x00, 0xff, /*Color of index 0*/
    0xff, 0xff, 0xff, 0xff, /*Color of index 1*/
#endif
    0xff, 0xff, 0xff, 0xff, 0xff, 0xff, 0xff, 0xff, 0xff, 0xff, 0xff, 0xff, 0xff, 0xff, 0xff, 0xff, 0xff, 0xf0,
    0x80, 0x00, 0x00, 0x00, 0x00, 0x00, 0x00, 0x00, 0x00, 0x00, 0x00, 0x00, 0x00, 0x00, 0x00, 0x00, 0x00, 0x10,
    0x80, 0x00, 0x00, 0x00, 0x00, 0x00, 0x00, 0x00, 0x00, 0x00, 0x00, 0x00, 0x00, 0x00, 0x00, 0x00, 0x00, 0x10,
    0x80, 0x00, 0x00, 0x00, 0x00, 0x00, 0x00, 0x00, 0x00, 0x00, 0x00, 0x00, 0x00, 0x00, 0x00, 0x00, 0x00, 0x10,
    0x80, 0x00, 0x04, 0x00, 0x00, 0x00, 0x00, 0x00, 0x00, 0x00, 0x00, 0x00, 0x00, 0x00, 0x00, 0x00, 0x00, 0x10,
    0x80, 0x20, 0x00, 0x00, 0x00, 0x00, 0x00, 0x00, 0x00, 0x00, 0x00, 0x00, 0x00, 0x00, 0x00, 0x00, 0x00, 0x10,
    0x80, 0x60, 0x00, 0x00, 0x00, 0x00, 0x00, 0x00, 0x00, 0x00, 0x00, 0x00, 0x00, 0x00, 0x00, 0x00, 0x00, 0x10,
    0xe0, 0xc0, 0x00, 0x00, 0x00, 0x00, 0x00, 0x00, 0x00, 0x00, 0x00, 0x00, 0x00, 0x00, 0x00, 0x00, 0x00, 0x10,
    0xfd, 0x80, 0x00, 0x00, 0x00, 0x00, 0x00, 0x00, 0x00, 0x00, 0x00, 0x00, 0x00, 0x00, 0x00, 0x00, 0x00, 0x10,
    0xff, 0x80, 0x00, 0x00, 0x00, 0x00, 0x00, 0x00, 0x00, 0x00, 0x00, 0x00, 0x00, 0x00, 0x00, 0x00, 0x00, 0x10,
    0x9f, 0xe0, 0x00, 0x00, 0x00, 0x00, 0x00, 0x00, 0x00, 0x00, 0x00, 0x00, 0x00, 0x00, 0x00, 0x00, 0x00, 0x10,
    0x83, 0xff, 0x80, 0x00, 0x00, 0x00, 0x00, 0x00, 0x00, 0x00, 0x00, 0x00, 0x00, 0x00, 0x00, 0x00, 0x00, 0x10,
    0x80, 0x1f, 0x80, 0x00, 0x00, 0x00, 0x00, 0x00, 0x00, 0x00, 0x00, 0x00, 0x00, 0x00, 0x00, 0x00, 0x00, 0x10,
    0x80, 0x00, 0xc0, 0x00, 0x00, 0x00, 0x00, 0x00, 0x00, 0x00, 0x00, 0x00, 0x00, 0x00, 0x00, 0x00, 0x00, 0x10,
    0x80, 0x00, 0x60, 0x00, 0x00, 0x00, 0x00, 0x00, 0x00, 0x00, 0x00, 0x00, 0x00, 0x00, 0x00, 0x00, 0x00, 0x10,
    0x80, 0x00, 0x30, 0x00, 0x00, 0x00, 0x00, 0x00, 0x00, 0x00, 0x00, 0x00, 0x00, 0x00, 0x00, 0x00, 0x00, 0x10,
    0x80, 0x00, 0x00, 0x00, 0x00, 0x10, 0x00, 0x00, 0x00, 0x00, 0x00, 0x00, 0x00, 0x00, 0x00, 0x00, 0x00, 0x10,
    0x80, 0x00, 0x00, 0x00, 0x00, 0x00, 0x00, 0x00, 0x00, 0x00, 0x00, 0x00, 0x00, 0x00, 0x00, 0x00, 0x00, 0x10,
    0x80, 0x00, 0x00, 0x00, 0x00, 0x00, 0x00, 0x00, 0x00, 0x00, 0x00, 0x00, 0x00, 0x00, 0x00, 0x00, 0x00, 0x10,
    0x80, 0x00, 0x00, 0x00, 0x00, 0x00, 0x00, 0x00, 0x00, 0x00, 0x00, 0x00, 0x00, 0x00, 0x00, 0x00, 0x00, 0x10,
    0x80, 0x00, 0x00, 0x00, 0x40, 0x00, 0x00, 0x00, 0x00, 0x00, 0x00, 0x00, 0x00, 0x00, 0x00, 0x00, 0x00, 0x10,
    0x80, 0x00, 0x00, 0x00, 0x00, 0x00, 0x00, 0x00, 0x00, 0x00, 0x00, 0x00, 0x00, 0x00, 0x00, 0x00, 0x00, 0x10,
    0x80, 0x23, 0x00, 0x00, 0x00, 0x00, 0x00, 0x00, 0x00, 0x00, 0x00, 0x00, 0x00, 0x00, 0x00, 0x00, 0x00, 0x10,
    0x80, 0x46, 0x00, 0x00, 0x00, 0x00, 0x00, 0x00, 0x00, 0x00, 0x00, 0x00, 0x00, 0x00, 0x00, 0x00, 0x00, 0x10,
    0x81, 0xcc, 0x00, 0x00, 0x00, 0x00, 0x00, 0x00, 0x00, 0x00, 0x00, 0x00, 0x00, 0x00, 0x00, 0x00, 0x00, 0x10,
    0x81, 0xf8, 0x00, 0x00, 0x00, 0x00, 0x00, 0x00, 0x00, 0x00, 0x00, 0x00, 0x00, 0x00, 0x00, 0x00, 0x80, 0x10,
    0x83, 0xf0, 0x00, 0x00, 0x00, 0x00, 0x00, 0x00, 0x00, 0x00, 0x00, 0x00, 0x00, 0x00, 0x00, 0x00, 0x00, 0x10,
    0xbf, 0xc0, 0x00, 0x00, 0x00, 0x00, 0x00, 0x00, 0x00, 0x00, 0x00, 0x00, 0x00, 0x00, 0x00, 0x00, 0x00, 0x10,
    0xfe, 0x00, 0x00, 0x00, 0x00, 0x00, 0x00, 0x00, 0x00, 0x00, 0x00, 0x00, 0x00, 0x00, 0x01, 0x00, 0x00, 0x10,
    0xf8, 0x00, 0x00, 0x00, 0x00, 0x00, 0x00, 0x00, 0x00, 0x00, 0x00, 0x00, 0x00, 0x00, 0x00, 0x00, 0x00, 0x10,
    0xc0, 0x00, 0x00, 0x00, 0x00, 0x00, 0x00, 0x00, 0x00, 0x00, 0x00, 0x00, 0x00, 0x00, 0x00, 0x00, 0x00, 0x10,
    0x80, 0x00, 0x00, 0x00, 0x00, 0x00, 0x00, 0x00, 0x00, 0x00, 0x00, 0x00, 0x00, 0x00, 0x00, 0x00, 0x00, 0x10,
    0x80, 0x20, 0x00, 0x00, 0x00, 0x00, 0x00, 0x00, 0x00, 0x00, 0x00, 0x00, 0x00, 0x00, 0x00, 0x00, 0x00, 0x50,
    0x80, 0x60, 0x00, 0x00, 0x00, 0x00, 0x00, 0x00, 0x00, 0x00, 0x00, 0x00, 0x00, 0x00, 0x00, 0x00, 0x00, 0x10,
    0x80, 0xc0, 0x00, 0x00, 0x00, 0x00, 0x00, 0x00, 0x00, 0x00, 0x00, 0x00, 0x00, 0x00, 0x00, 0x00, 0x00, 0x10,
    0x81, 0x80, 0x00, 0x00, 0x00, 0x00, 0x00, 0x00, 0x00, 0x00, 0x00, 0x00, 0x00, 0x00, 0x00, 0x00, 0x00, 0x10,
    0x8b, 0x80, 0x00, 0x00, 0x00, 0x00, 0x00, 0x00, 0x00, 0x00, 0x00, 0x00, 0x00, 0x00, 0x00, 0x00, 0x00, 0x10,
    0xff, 0xfe, 0x00, 0x00, 0x00, 0x00, 0x00, 0x00, 0x00, 0x00, 0x00, 0x00, 0x00, 0x00, 0x00, 0x00, 0x00, 0x10,
    0xff, 0xfe, 0x00, 0x00, 0x00, 0x00, 0x00, 0x00, 0x00, 0x00, 0x00, 0x00, 0x00, 0x00, 0x00, 0x00, 0x00, 0x10,
    0xf8, 0x03, 0x00, 0x00, 0x00, 0x00, 0x00, 0x00, 0x00, 0x00, 0x00, 0x00, 0x00, 0x00, 0x00, 0x00, 0x00, 0x10,
    0x80, 0x01, 0x80, 0x00, 0x00, 0x00, 0x00, 0x00, 0x00, 0x00, 0x00, 0x00, 0x00, 0x00, 0x00, 0x00, 0x00, 0x10,
    0x80, 0x00, 0x80, 0x00, 0x00, 0x00, 0x00, 0x00, 0x00, 0x00, 0x00, 0x00, 0x00, 0x00, 0x00, 0x00, 0x00, 0x10,
    0x80, 0x00, 0x00, 0x00, 0x00, 0x00, 0x00, 0x00, 0x00, 0x00, 0x00, 0x00, 0x00, 0x00, 0x00, 0x00, 0x00, 0x10,
    0x80, 0x00, 0x00, 0x00, 0x00, 0x00, 0x00, 0x00, 0x00, 0x00, 0x00, 0x00, 0x00, 0x00, 0x00, 0x00, 0x00, 0x10,
    0x80, 0x00, 0x00, 0x00, 0x00, 0x00, 0x00, 0x00, 0x00, 0x00, 0x00, 0x00, 0x00, 0x00, 0x00, 0x00, 0x00, 0x10,
    0x80, 0x00, 0x00, 0x00, 0x10, 0x00, 0x00, 0x00, 0x00, 0x00, 0x00, 0x00, 0x00, 0x00, 0x00, 0x00, 0x00, 0x10,
    0x80, 0x00, 0x00, 0x00, 0x00, 0x00, 0x00, 0x00, 0x00, 0x00, 0x00, 0x00, 0x00, 0x00, 0x00, 0x00, 0x00, 0x10,
    0x80, 0x00, 0x00, 0x00, 0x00, 0x00, 0x00, 0x00, 0x00, 0x00, 0x00, 0x00, 0x00, 0x00, 0x00, 0x00, 0x00, 0x10,
    0x80, 0x00, 0x00, 0x00, 0x00, 0x00, 0x00, 0x00, 0x00, 0x00, 0x00, 0x00, 0x00, 0x00, 0x00, 0x00, 0x00, 0x10,
    0x80, 0x00, 0x00, 0x00, 0x00, 0x00, 0x00, 0x00, 0x00, 0x00, 0x00, 0x00, 0x00, 0x00, 0x00, 0x00, 0x00, 0x10,
    0x80, 0x00, 0x00, 0x00, 0x00, 0x00, 0x00, 0x00, 0x00, 0x00, 0x00, 0x00, 0x00, 0x00, 0x00, 0x00, 0x00, 0x10,
    0x80, 0x00, 0x00, 0x00, 0x00, 0x00, 0x00, 0x00, 0x00, 0x00, 0x00, 0x00, 0x00, 0x00, 0x00, 0x00, 0x00, 0x10,
    0x80, 0x00, 0x00, 0x00, 0x00, 0x00, 0x00, 0x00, 0x00, 0x00, 0x00, 0x00, 0x00, 0x00, 0x00, 0x00, 0x00, 0x10,
    0x80, 0x00, 0x00, 0x00, 0x00, 0x00, 0x00, 0x00, 0x00, 0x00, 0x00, 0x00, 0x00, 0x00, 0x00, 0x00, 0x00, 0x10,
    0x80, 0x00, 0x00, 0x00, 0x00, 0x00, 0x00, 0x00, 0x00, 0x00, 0x00, 0x00, 0x00, 0x00, 0x00, 0x00, 0x00, 0x10,
    0x80, 0x00, 0x00, 0x00, 0x00, 0x00, 0x00, 0x00, 0x00, 0x00, 0x00, 0x00, 0x00, 0x00, 0x00, 0x00, 0x00, 0x10,
    0x80, 0x00, 0x00, 0x00, 0x00, 0x00, 0x00, 0x00, 0x00, 0x00, 0x00, 0x00, 0x00, 0x00, 0x00, 0x80, 0x00, 0x10,
    0x80, 0x00, 0x00, 0x00, 0x00, 0x00, 0x00, 0x00, 0x00, 0x00, 0x00, 0x00, 0x00, 0x00, 0x00, 0x00, 0x00, 0x10,
    0x80, 0x00, 0x00, 0x00, 0x00, 0x00, 0x00, 0x00, 0x00, 0x00, 0x00, 0x00, 0x00, 0x00, 0x00, 0x00, 0x00, 0x10,
    0x80, 0x20, 0x00, 0x00, 0x00, 0x00, 0x00, 0x00, 0x00, 0x00, 0x00, 0x00, 0x00, 0x00, 0x00, 0x00, 0x00, 0x10,
    0x80, 0x60, 0x00, 0x00, 0x00, 0x00, 0x00, 0x00, 0x00, 0x00, 0x00, 0x00, 0x00, 0x00, 0x00, 0x00, 0x00, 0x10,
    0x80, 0xc3, 0x00, 0x00, 0x00, 0x00, 0x00, 0x00, 0x00, 0x00, 0x00, 0x00, 0x00, 0x00, 0x00, 0x00, 0x00, 0x10,
    0xc1, 0x86, 0x00, 0x00, 0x02, 0x00, 0x00, 0x00, 0x00, 0x00, 0x00, 0x00, 0x00, 0x00, 0x00, 0x00, 0x00, 0x10,
    0xff, 0xfc, 0x00, 0x00, 0x00, 0x00, 0x00, 0x00, 0x00, 0x00, 0x00, 0x00, 0x00, 0x00, 0x00, 0x00, 0x00, 0x10,
    0xff, 0xf8, 0x00, 0x00, 0x00, 0x00, 0x00, 0x00, 0x00, 0x00, 0x00, 0x00, 0x00, 0x00, 0x00, 0x00, 0x00, 0x10,
    0xb8, 0x00, 0x00, 0x00, 0x00, 0x00, 0x00, 0x00, 0x00, 0x00, 0x00, 0x00, 0x00, 0x00, 0x00, 0x00, 0x00, 0x10,
    0x80, 0x00, 0x00, 0x00, 0x00, 0x00, 0x00, 0x00, 0x00, 0x00, 0x00, 0x00, 0x00, 0x00, 0x00, 0x00, 0x00, 0x10,
    0xff, 0xff, 0xff, 0xff, 0xff, 0xff, 0xff, 0xff, 0xff, 0xff, 0xff, 0xff, 0xff, 0xff, 0xff, 0xff, 0xff, 0xf0,
};

static const lv_img_dsc_t gaming33 = {
    .header.cf = LV_IMG_CF_INDEXED_1BIT,
    .header.always_zero = 0,
    .header.reserved = 0,
    .header.w = 140,
    .header.h = 68,
    .data_size = 1232,
    .data = gaming33_map,
};

static const LV_ATTRIBUTE_MEM_ALIGN LV_ATTRIBUTE_LARGE_CONST uint8_t gaming34_map[] = {
#if CONFIG_NICE_VIEW_WIDGET_INVERTED
    0xff, 0xff, 0xff, 0xff, /*Color of index 0*/
    0x00, 0x00, 0x00, 0xff, /*Color of index 1*/
#else
    0x00, 0x00, 0x00, 0xff, /*Color of index 0*/
    0xff, 0xff, 0xff, 0xff, /*Color of index 1*/
#endif
    0xff, 0xff, 0xff, 0xff, 0xff, 0xff, 0xff, 0xff, 0xff, 0xff, 0xff, 0xff, 0xff, 0xff, 0xff, 0xff, 0xff, 0xf0,
    0x80, 0x00, 0x00, 0x00, 0x00, 0x00, 0x00, 0x00, 0x00, 0x00, 0x00, 0x00, 0x00, 0x00, 0x00, 0x00, 0x00, 0x10,
    0x80, 0x00, 0x00, 0x00, 0x00, 0x00, 0x00, 0x00, 0x00, 0x00, 0x00, 0x00, 0x00, 0x00, 0x00, 0x00, 0x00, 0x10,
    0x80, 0x00, 0x00, 0x00, 0x00, 0x00, 0x00, 0x00, 0x00, 0x00, 0x00, 0x00, 0x00, 0x00, 0x00, 0x00, 0x00, 0x10,
    0x80, 0x00, 0x04, 0x00, 0x00, 0x00, 0x00, 0x00, 0x00, 0x00, 0x00, 0x00, 0x00, 0x00, 0x00, 0x00, 0x00, 0x10,
    0x80, 0x20, 0x00, 0x00, 0x00, 0x00, 0x00, 0x00, 0x00, 0x00, 0x00, 0x00, 0x00, 0x00, 0x00, 0x00, 0x00, 0x10,
    0x80, 0x60, 0x00, 0x00, 0x00, 0x00, 0x00, 0x00, 0x00, 0x00, 0x00, 0x00, 0x00, 0x00, 0x00, 0x00, 0x00, 0x10,
    0xe0, 0xc0, 0x00, 0x80, 0x00, 0x00, 0x00, 0x00, 0x00, 0x00, 0x00, 0x00, 0x00, 0x00, 0x00, 0x00, 0x00, 0x10,
    0xfd, 0x80, 0x01, 0x80, 0x00, 0x00, 0x00, 0x00, 0x00, 0x00, 0x00, 0x00, 0x00, 0x00, 0x00, 0x00, 0x00, 0x10,
    0xff, 0x80, 0x07, 0x03, 0x00, 0x00, 0x00, 0x00, 0x00, 0x00, 0x00, 0x00, 0x00, 0x00, 0x00, 0x00, 0x00, 0x10,
    0x9f, 0xf8, 0x06, 0x3f, 0x00, 0x00, 0x00, 0x00, 0x00, 0x00, 0x00, 0x00, 0x00, 0x00, 0x00, 0x00, 0x00, 0x10,
    0x83, 0xff, 0xff, 0xfd, 0x80, 0x00, 0x00, 0x00, 0x00, 0x00, 0x00, 0x00, 0x00, 0x00, 0x00, 0x00, 0x00, 0x10,
    0x80, 0x7f, 0xff, 0xe0, 0xc0, 0x00, 0x00, 0x00, 0x00, 0x00, 0x00, 0x00, 0x00, 0x00, 0x00, 0x00, 0x00, 0x10,
    0x80, 0x07, 0xfe, 0x00, 0x60, 0x00, 0x00, 0x00, 0x00, 0x00, 0x00, 0x00, 0x00, 0x00, 0x00, 0x00, 0x00, 0x10,
    0x80, 0x03, 0x80, 0x00, 0x00, 0x00, 0x00, 0x00, 0x00, 0x00, 0x00, 0x00, 0x00, 0x00, 0x00, 0x00, 0x00, 0x10,
    0x80, 0x01, 0x80, 0x00, 0x00, 0x00, 0x00, 0x00, 0x00, 0x00, 0x00, 0x00, 0x00, 0x00, 0x00, 0x00, 0x00, 0x10,
    0x80, 0x00, 0xc0, 0x00, 0x00, 0x10, 0x00, 0x00, 0x00, 0x00, 0x00, 0x00, 0x00, 0x00, 0x00, 0x00, 0x00, 0x10,
    0x80, 0x00, 0x40, 0x40, 0x00, 0x00, 0x00, 0x00, 0x00, 0x00, 0x00, 0x00, 0x00, 0x00, 0x00, 0x00, 0x00, 0x10,
    0x80, 0x00, 0x00, 0xc0, 0x00, 0x00, 0x00, 0x00, 0x00, 0x00, 0x00, 0x00, 0x00, 0x00, 0x00, 0x00, 0x00, 0x10,
    0x80, 0x00, 0x01, 0x80, 0x00, 0x00, 0x00, 0x00, 0x00, 0x00, 0x00, 0x00, 0x00, 0x00, 0x00, 0x00, 0x00, 0x10,
    0x80, 0x00, 0x07, 0x00, 0x40, 0x00, 0x00, 0x00, 0x00, 0x00, 0x00, 0x00, 0x00, 0x00, 0x00, 0x00, 0x00, 0x10,
    0x80, 0x00, 0x3e, 0x00, 0x00, 0x00, 0x00, 0x00, 0x00, 0x00, 0x00, 0x00, 0x00, 0x00, 0x00, 0x00, 0x00, 0x10,
    0x80, 0x20, 0xf8, 0x00, 0x00, 0x00, 0x00, 0x00, 0x00, 0x00, 0x00, 0x00, 0x00, 0x00, 0x00, 0x00, 0x00, 0x10,
    0x80, 0x47, 0xe0, 0x00, 0x00, 0x00, 0x00, 0x00, 0x00, 0x00, 0x00, 0x00, 0x00, 0x00, 0x00, 0x00, 0x00, 0x10,
    0x81, 0xff, 0x00, 0x00, 0x00, 0x00, 0x00, 0x00, 0x00, 0x00, 0x00, 0x00, 0x00, 0x00, 0x00, 0x00, 0x00, 0x10,
    0x81, 0xff, 0x00, 0x00, 0x00, 0x00, 0x00, 0x00, 0x00, 0x00, 0x00, 0x00, 0x00, 0x00, 0x00, 0x00, 0x00, 0x10,
    0x87, 0xfb, 0x80, 0x00, 0x00, 0x00, 0x00, 0x00, 0x00, 0x00, 0x00, 0x00, 0x00, 0x00, 0x00, 0x00, 0x00, 0x10,
    0xbf, 0xe1, 0x80, 0x00, 0x00, 0x00, 0x00, 0x00, 0x00, 0x00, 0x00, 0x00, 0x00, 0x00, 0x00, 0x00, 0x00, 0x10,
    0xff, 0x80, 0xc0, 0x00, 0x00, 0x00, 0x00, 0x00, 0x00, 0x00, 0x00, 0x00, 0x00, 0x00, 0x01, 0x00, 0x00, 0x10,
    0xfc, 0x00, 0x40, 0x00, 0x00, 0x00, 0x00, 0x00, 0x00, 0x00, 0x00, 0x00, 0x00, 0x00, 0x00, 0x00, 0x00, 0x10,
    0xc0, 0x00, 0x00, 0x00, 0x00, 0x00, 0x00, 0x00, 0x00, 0x00, 0x00, 0x00, 0x00, 0x00, 0x00, 0x00, 0x00, 0x10,
    0x80, 0x00, 0x00, 0x00, 0x00, 0x00, 0x00, 0x00, 0x00, 0x00, 0x00, 0x00, 0x00, 0x00, 0x00, 0x00, 0x00, 0x10,
    0x80, 0x20, 0x00, 0x00, 0x00, 0x00, 0x00, 0x00, 0x00, 0x00, 0x00, 0x00, 0x00, 0x00, 0x00, 0x00, 0x00, 0x50,
    0x80, 0x60, 0x00, 0x00, 0x00, 0x00, 0x00, 0x00, 0x00, 0x00, 0x00, 0x00, 0x00, 0x00, 0x00, 0x00, 0x00, 0x10,
    0x80, 0xc0, 0x00, 0x00, 0x00, 0x00, 0x00, 0x00, 0x00, 0x00, 0x00, 0x00, 0x00, 0x00, 0x00, 0x00, 0x00, 0x10,
    0x81, 0x80, 0x00, 0x80, 0x00, 0x00, 0x00, 0x00, 0x00, 0x00, 0x00, 0x00, 0x00, 0x00, 0x00, 0x00, 0x00, 0x10,
    0x8f, 0xfc, 0x03, 0x00, 0x00, 0x00, 0x00, 0x00, 0x00, 0x00, 0x00, 0x00, 0x00, 0x00, 0x00, 0x00, 0x00, 0x10,
    0xff, 0xff, 0xc7, 0x00, 0x00, 0x00, 0x00, 0x00, 0x00, 0x00, 0x00, 0x00, 0x00, 0x00, 0x00, 0x00, 0x00, 0x10,
    0xff, 0xff, 0xf6, 0x00, 0x00, 0x00, 0x00, 0x00, 0x00, 0x00, 0x00, 0x00, 0x00, 0x00, 0x00, 0x00, 0x00, 0x10,
    0xf8, 0x03, 0xfe, 0x00, 0x00, 0x00, 0x00, 0x00, 0x00, 0x00, 0x00, 0x00, 0x00, 0x00, 0x00, 0x00, 0x00, 0x10,
    0x80, 0x03, 0x9f, 0x80, 0x00, 0x00, 0x00, 0x00, 0x00, 0x00, 0x00, 0x00, 0x00, 0x00, 0x00, 0x00, 0x00, 0x10,
    0x80, 0x01, 0x83, 0xe0, 0x00, 0x00, 0x00, 0x00, 0x00, 0x00, 0x00, 0x00, 0x00, 0x00, 0x00, 0x00, 0x00, 0x10,
    0x80, 0x00, 0xc0, 0xe0, 0x00, 0x00, 0x00, 0x00, 0x00, 0x00, 0x00, 0x00, 0x00, 0x00, 0x00, 0x00, 0x00, 0x10,
    0x80, 0x00, 0x40, 0x30, 0x00, 0x00, 0x00, 0x00, 0x00, 0x00, 0x00, 0x00, 0x00, 0x00, 0x00, 0x00, 0x00, 0x10,
    0x80, 0x00, 0x00, 0x18, 0x00, 0x00, 0x00, 0x00, 0x00, 0x00, 0x00, 0x00, 0x00, 0x00, 0x00, 0x00, 0x00, 0x10,
    0x80, 0x00, 0x00, 0x0c, 0x00, 0x00, 0x00, 0x00, 0x00, 0x00, 0x00, 0x00, 0x00, 0x00, 0x00, 0x00, 0x00, 0x10,
    0x80, 0x00, 0x00, 0x00, 0x00, 0x00, 0x00, 0x00, 0x00, 0x00, 0x00, 0x00, 0x00, 0x00, 0x00, 0x00, 0x00, 0x10,
    0x80, 0x00, 0x00, 0x00, 0x00, 0x00, 0x00, 0x00, 0x00, 0x00, 0x00, 0x00, 0x00, 0x00, 0x00, 0x00, 0x00, 0x10,
    0x80, 0x00, 0x00, 0x00, 0x00, 0x00, 0x00, 0x00, 0x00, 0x00, 0x00, 0x00, 0x00, 0x00, 0x00, 0x00, 0x00, 0x10,
    0x80, 0x00, 0x00, 0x00, 0x00, 0x00, 0x00, 0x00, 0x00, 0x00, 0x00, 0x00, 0x00, 0x00, 0x00, 0x00, 0x00, 0x10,
    0x80, 0x00, 0x00, 0x00, 0x00, 0x00, 0x00, 0x00, 0x00, 0x00, 0x00, 0x00, 0x00, 0x00, 0x00, 0x00, 0x00, 0x10,
    0x80, 0x00, 0x00, 0x00, 0x00, 0x00, 0x00, 0x00, 0x00, 0x00, 0x00, 0x00, 0x00, 0x00, 0x00, 0x00, 0x00, 0x10,
    0x80, 0x00, 0x00, 0x00, 0x00, 0x00, 0x00, 0x00, 0x00, 0x00, 0x00, 0x00, 0x00, 0x00, 0x00, 0x00, 0x00, 0x10,
    0x80, 0x00, 0x00, 0x00, 0x00, 0x00, 0x00, 0x00, 0x00, 0x00, 0x00, 0x00, 0x00, 0x00, 0x00, 0x00, 0x00, 0x10,
    0x80, 0x00, 0x00, 0x00, 0x00, 0x00, 0x00, 0x00, 0x00, 0x00, 0x00, 0x00, 0x00, 0x00, 0x00, 0x00, 0x00, 0x10,
    0x80, 0x00, 0x00, 0x00, 0x00, 0x00, 0x00, 0x00, 0x00, 0x00, 0x00, 0x00, 0x00, 0x00, 0x00, 0x00, 0x00, 0x10,
    0x80, 0x00, 0x00, 0x00, 0x00, 0x00, 0x00, 0x00, 0x00, 0x00, 0x00, 0x00, 0x00, 0x00, 0x00, 0x80, 0x00, 0x10,
    0x80, 0x00, 0x00, 0x00, 0x00, 0x00, 0x00, 0x00, 0x00, 0x00, 0x00, 0x00, 0x00, 0x00, 0x00, 0x00, 0x00, 0x10,
    0x80, 0x00, 0x00, 0xc0, 0x00, 0x00, 0x00, 0x00, 0x00, 0x00, 0x00, 0x00, 0x00, 0x00, 0x00, 0x00, 0x00, 0x10,
    0x80, 0x20, 0x01, 0x80, 0x00, 0x00, 0x00, 0x00, 0x00, 0x00, 0x00, 0x00, 0x00, 0x00, 0x00, 0x00, 0x00, 0x10,
    0x80, 0x60, 0x03, 0x00, 0x00, 0x00, 0x00, 0x00, 0x00, 0x00, 0x00, 0x00, 0x00, 0x00, 0x00, 0x00, 0x00, 0x10,
    0x80, 0xc0, 0x1e, 0x00, 0x00, 0x00, 0x00, 0x00, 0x00, 0x00, 0x00, 0x00, 0x00, 0x00, 0x00, 0x00, 0x00, 0x10,
    0xc1, 0x84, 0xfc, 0x00, 0x02, 0x00, 0x00, 0x00, 0x00, 0x00, 0x00, 0x00, 0x00, 0x00, 0x00, 0x00, 0x00, 0x10,
    0xff, 0xff, 0xe0, 0x00, 0x00, 0x00, 0x00, 0x00, 0x00, 0x00, 0x00, 0x00, 0x00, 0x00, 0x00, 0x00, 0x00, 0x10,
    0xff, 0xff, 0x00, 0x00, 0x00, 0x00, 0x00, 0x00, 0x00, 0x00, 0x00, 0x00, 0x00, 0x00, 0x00, 0x00, 0x00, 0x10,
    0xbf, 0xfb, 0x00, 0x00, 0x00, 0x00, 0x00, 0x00, 0x00, 0x00, 0x00, 0x00, 0x00, 0x00, 0x00, 0x00, 0x00, 0x10,
    0x80, 0x03, 0x80, 0x00, 0x00, 0x00, 0x00, 0x00, 0x00, 0x00, 0x00, 0x00, 0x00, 0x00, 0x00, 0x00, 0x00, 0x10,
    0xff, 0xff, 0xff, 0xff, 0xff, 0xff, 0xff, 0xff, 0xff, 0xff, 0xff, 0xff, 0xff, 0xff, 0xff, 0xff, 0xff, 0xf0,
};

static const lv_img_dsc_t gaming34 = {
    .header.cf = LV_IMG_CF_INDEXED_1BIT,
    .header.always_zero = 0,
    .header.reserved = 0,
    .header.w = 140,
    .header.h = 68,
    .data_size = 1232,
    .data = gaming34_map,
};

static const LV_ATTRIBUTE_MEM_ALIGN LV_ATTRIBUTE_LARGE_CONST uint8_t gaming35_map[] = {
#if CONFIG_NICE_VIEW_WIDGET_INVERTED
    0xff, 0xff, 0xff, 0xff, /*Color of index 0*/
    0x00, 0x00, 0x00, 0xff, /*Color of index 1*/
#else
    0x00, 0x00, 0x00, 0xff, /*Color of index 0*/
    0xff, 0xff, 0xff, 0xff, /*Color of index 1*/
#endif
    0xff, 0xff, 0xff, 0xff, 0xff, 0xff, 0xff, 0xff, 0xff, 0xff, 0xff, 0xff, 0xff, 0xff, 0xff, 0xff, 0xff, 0xf0,
    0x80, 0x00, 0x00, 0x00, 0x00, 0x00, 0x00, 0x00, 0x00, 0x00, 0x00, 0x00, 0x00, 0x00, 0x00, 0x00, 0x00, 0x10,
    0x80, 0x00, 0x00, 0x00, 0x00, 0x00, 0x00, 0x00, 0x00, 0x00, 0x00, 0x00, 0x00, 0x00, 0x00, 0x00, 0x00, 0x10,
    0x80, 0x00, 0x00, 0x00, 0x02, 0x00, 0x00, 0x00, 0x00, 0x00, 0x00, 0x00, 0x00, 0x00, 0x00, 0x00, 0x00, 0x10,
    0x80, 0x00, 0x04, 0x00, 0x06, 0x04, 0x00, 0x00, 0x00, 0x00, 0x00, 0x00, 0x00, 0x00, 0x00, 0x00, 0x00, 0x10,
    0x80, 0x20, 0x00, 0x00, 0x0c, 0x3e, 0x00, 0x00, 0x00, 0x00, 0x00, 0x00, 0x00, 0x00, 0x00, 0x00, 0x00, 0x10,
    0x80, 0x60, 0x00, 0x00, 0x1d, 0xff, 0x00, 0x00, 0x00, 0x00, 0x00, 0x00, 0x00, 0x00, 0x00, 0x00, 0x00, 0x10,
    0xe0, 0xc0, 0x00, 0x80, 0x3f, 0xc1, 0x80, 0x00, 0x00, 0x00, 0x00, 0x00, 0x00, 0x00, 0x00, 0x00, 0x00, 0x10,
    0xfd, 0x80, 0x01, 0x80, 0xfe, 0x00, 0x80, 0x00, 0x00, 0x00, 0x00, 0x00, 0x00, 0x00, 0x00, 0x00, 0x00, 0x10,
    0xff, 0x80, 0x07, 0x0f, 0xfc, 0x00, 0x00, 0x00, 0x00, 0x00, 0x00, 0x00, 0x00, 0x00, 0x00, 0x00, 0x00, 0x10,
    0x9f, 0xf8, 0x06, 0xff, 0xe0, 0x00, 0x00, 0x00, 0x00, 0x00, 0x00, 0x00, 0x00, 0x00, 0x00, 0x00, 0x00, 0x10,
    0x83, 0xff, 0xff, 0xff, 0x00, 0x00, 0x00, 0x00, 0x00, 0x00, 0x00, 0x00, 0x00, 0x00, 0x00, 0x00, 0x00, 0x10,
    0x80, 0x7f, 0xff, 0xfc, 0x00, 0x00, 0x00, 0x00, 0x00, 0x00, 0x00, 0x00, 0x00, 0x00, 0x00, 0x00, 0x00, 0x10,
    0x80, 0x07, 0xff, 0x0e, 0x00, 0x00, 0x00, 0x00, 0x00, 0x00, 0x00, 0x00, 0x00, 0x00, 0x00, 0x00, 0x00, 0x10,
    0x80, 0x03, 0x80, 0x06, 0x00, 0x00, 0x00, 0x00, 0x00, 0x00, 0x00, 0x00, 0x00, 0x00, 0x00, 0x00, 0x00, 0x10,
    0x80, 0x01, 0x80, 0x03, 0x00, 0x00, 0x00, 0x00, 0x00, 0x00, 0x00, 0x00, 0x00, 0x00, 0x00, 0x00, 0x00, 0x10,
    0x80, 0x00, 0xc0, 0x81, 0x18, 0x10, 0x00, 0x00, 0x00, 0x00, 0x00, 0x00, 0x00, 0x00, 0x00, 0x00, 0x00, 0x10,
    0x80, 0x00, 0x41, 0x80, 0x30, 0x00, 0x00, 0x00, 0x00, 0x00, 0x00, 0x00, 0x00, 0x00, 0x00, 0x00, 0x00, 0x10,
    0x80, 0x00, 0x07, 0x00, 0x60, 0x00, 0x00, 0x00, 0x00, 0x00, 0x00, 0x00, 0x00, 0x00, 0x00, 0x00, 0x00, 0x10,
    0x80, 0x00, 0x07, 0xff, 0xc0, 0x00, 0x00, 0x00, 0x00, 0x00, 0x00, 0x00, 0x00, 0x00, 0x00, 0x00, 0x00, 0x10,
    0x80, 0x00, 0x0f, 0xff, 0xc0, 0x00, 0x00, 0x00, 0x00, 0x00, 0x00, 0x00, 0x00, 0x00, 0x00, 0x00, 0x00, 0x10,
    0x80, 0x00, 0x7f, 0xcc, 0x00, 0x00, 0x00, 0x00, 0x00, 0x00, 0x00, 0x00, 0x00, 0x00, 0x00, 0x00, 0x00, 0x10,
    0x80, 0x21, 0xfe, 0x0e, 0x00, 0x00, 0x00, 0x00, 0x00, 0x00, 0x00, 0x00, 0x00, 0x00, 0x00, 0x00, 0x00, 0x10,
    0x80, 0x47, 0xf0, 0x03, 0x00, 0x00, 0x00, 0x00, 0x00, 0x00, 0x00, 0x00, 0x00, 0x00, 0x00, 0x00, 0x00, 0x10,
    0x81, 0xff, 0xc0, 0x01, 0x00, 0x00, 0x00, 0x00, 0x00, 0x00, 0x00, 0x00, 0x00, 0x00, 0x00, 0x00, 0x00, 0x10,
    0x81, 0xff, 0x00, 0x00, 0x00, 0x00, 0x00, 0x00, 0x00, 0x00, 0x00, 0x00, 0x00, 0x00, 0x00, 0x00, 0x00, 0x10,
    0x87, 0xfb, 0x80, 0x00, 0x00, 0x00, 0x00, 0x00, 0x00, 0x00, 0x00, 0x00, 0x00, 0x00, 0x00, 0x00, 0x00, 0x10,
    0xbf, 0xe1, 0x80, 0x00, 0x00, 0x00, 0x00, 0x00, 0x00, 0x00, 0x00, 0x00, 0x00, 0x00, 0x00, 0x00, 0x00, 0x10,
    0xff, 0x80, 0xc0, 0x00, 0x00, 0x00, 0x00, 0x00, 0x00, 0x00, 0x00, 0x00, 0x00, 0x00, 0x01, 0x00, 0x00, 0x10,
    0xfc, 0x00, 0x40, 0x00, 0x00, 0x00, 0x00, 0x00, 0x00, 0x00, 0x00, 0x00, 0x00, 0x00, 0x00, 0x00, 0x00, 0x10,
    0xc0, 0x00, 0x00, 0x00, 0x00, 0x00, 0x00, 0x00, 0x00, 0x00, 0x00, 0x00, 0x00, 0x00, 0x00, 0x00, 0x00, 0x10,
    0x80, 0x00, 0x00, 0x00, 0x00, 0x00, 0x00, 0x00, 0x00, 0x00, 0x00, 0x00, 0x00, 0x00, 0x00, 0x00, 0x00, 0x10,
    0x80, 0x20, 0x00, 0x00, 0x00, 0x00, 0x00, 0x00, 0x00, 0x00, 0x00, 0x00, 0x00, 0x00, 0x00, 0x00, 0x00, 0x50,
    0x80, 0x60, 0x00, 0x00, 0x00, 0x00, 0x00, 0x00, 0x00, 0x00, 0x00, 0x00, 0x00, 0x00, 0x00, 0x00, 0x00, 0x10,
    0x80, 0xc0, 0x00, 0x00, 0x00, 0x00, 0x00, 0x00, 0x00, 0x00, 0x00, 0x00, 0x00, 0x00, 0x00, 0x00, 0x00, 0x10,
    0x81, 0x80, 0x00, 0x80, 0x00, 0x00, 0x00, 0x00, 0x00, 0x00, 0x00, 0x00, 0x00, 0x00, 0x00, 0x00, 0x00, 0x10,
    0x8f, 0xfc, 0x03, 0x00, 0x00, 0x00, 0x00, 0x00, 0x00, 0x00, 0x00, 0x00, 0x00, 0x00, 0x00, 0x00, 0x00, 0x10,
    0xff, 0xff, 0xc7, 0x00, 0x00, 0x00, 0x00, 0x00, 0x00, 0x00, 0x00, 0x00, 0x00, 0x00, 0x00, 0x00, 0x00, 0x10,
    0xff, 0xff, 0xfe, 0x00, 0x00, 0x00, 0x00, 0x00, 0x00, 0x00, 0x00, 0x00, 0x00, 0x00, 0x00, 0x00, 0x00, 0x10,
    0xf8, 0x03, 0xff, 0x00, 0x00, 0x00, 0x00, 0x00, 0x00, 0x00, 0x00, 0x00, 0x00, 0x00, 0x00, 0x00, 0x00, 0x10,
    0x80, 0x03, 0xbf, 0xc0, 0x00, 0x00, 0x00, 0x00, 0x00, 0x00, 0x00, 0x00, 0x00, 0x00, 0x00, 0x00, 0x00, 0x10,
    0x80, 0x01, 0x87, 0xf0, 0x00, 0x00, 0x00, 0x00, 0x00, 0x00, 0x00, 0x00, 0x00, 0x00, 0x00, 0x00, 0x00, 0x10,
    0x80, 0x00, 0xc1, 0xfc, 0x00, 0x00, 0x00, 0x00, 0x00, 0x00, 0x00, 0x00, 0x00, 0x00, 0x00, 0x00, 0x00, 0x10,
    0x80, 0x00, 0x40, 0x7e, 0x00, 0x00, 0x00, 0x00, 0x00, 0x00, 0x00, 0x00, 0x00, 0x00, 0x00, 0x00, 0x00, 0x10,
    0x80, 0x00, 0x00, 0x1f, 0xc0, 0x00, 0x00, 0x00, 0x00, 0x00, 0x00, 0x00, 0x00, 0x00, 0x00, 0x00, 0x00, 0x10,
    0x80, 0x00, 0x00, 0x0d, 0xf8, 0x00, 0x00, 0x00, 0x00, 0x00, 0x00, 0x00, 0x00, 0x00, 0x00, 0x00, 0x00, 0x10,
    0x80, 0x00, 0x00, 0x06, 0x3e, 0x00, 0x00, 0x00, 0x00, 0x00, 0x00, 0x00, 0x00, 0x00, 0x00, 0x00, 0x00, 0x10,
    0x80, 0x00, 0x00, 0x03, 0x07, 0x00, 0x00, 0x00, 0x00, 0x00, 0x00, 0x00, 0x00, 0x00, 0x00, 0x00, 0x00, 0x10,
    0x80, 0x00, 0x00, 0x01, 0x01, 0x80, 0x00, 0x00, 0x00, 0x00, 0x00, 0x00, 0x00, 0x00, 0x00, 0x00, 0x00, 0x10,
    0x80, 0x00, 0x00, 0x00, 0x00, 0xc0, 0x00, 0x00, 0x00, 0x00, 0x00, 0x00, 0x00, 0x00, 0x00, 0x00, 0x00, 0x10,
    0x80, 0x00, 0x00, 0x00, 0x00, 0x00, 0x00, 0x00, 0x00, 0x00, 0x00, 0x00, 0x00, 0x00, 0x00, 0x00, 0x00, 0x10,
    0x80, 0x00, 0x00, 0x00, 0x00, 0x00, 0x00, 0x00, 0x00, 0x00, 0x00, 0x00, 0x00, 0x00, 0x00, 0x00, 0x00, 0x10,
    0x80, 0x00, 0x00, 0x00, 0x00, 0x00, 0x00, 0x00, 0x00, 0x00, 0x00, 0x00, 0x00, 0x00, 0x00, 0x00, 0x00, 0x10,
    0x80, 0x00, 0x00, 0x00, 0x00, 0x00, 0x00, 0x00, 0x00, 0x00, 0x00, 0x00, 0x00, 0x00, 0x00, 0x00, 0x00, 0x10,
    0x80, 0x00, 0x00, 0x00, 0x10, 0x00, 0x00, 0x00, 0x00, 0x00, 0x00, 0x00, 0x00, 0x00, 0x00, 0x00, 0x00, 0x10,
    0x80, 0x00, 0x00, 0x00, 0x30, 0x00, 0x00, 0x00, 0x00, 0x00, 0x00, 0x00, 0x00, 0x00, 0x00, 0x00, 0x00, 0x10,
    0x80, 0x00, 0x00, 0x80, 0x60, 0x00, 0x00, 0x00, 0x00, 0x00, 0x00, 0x00, 0x00, 0x00, 0x00, 0x80, 0x00, 0x10,
    0x80, 0x00, 0x01, 0x81, 0xc0, 0x00, 0x00, 0x00, 0x00, 0x00, 0x00, 0x00, 0x00, 0x00, 0x00, 0x00, 0x00, 0x10,
    0x80, 0x00, 0x03, 0x1f, 0xc0, 0x00, 0x00, 0x00, 0x00, 0x00, 0x00, 0x00, 0x00, 0x00, 0x00, 0x00, 0x00, 0x10,
    0x80, 0x20, 0x07, 0xfe, 0x00, 0x00, 0x00, 0x00, 0x00, 0x00, 0x00, 0x00, 0x00, 0x00, 0x00, 0x00, 0x00, 0x10,
    0x80, 0x60, 0x0f, 0xfc, 0x00, 0x00, 0x00, 0x00, 0x00, 0x00, 0x00, 0x00, 0x00, 0x00, 0x00, 0x00, 0x00, 0x10,
    0x80, 0xc0, 0x7f, 0xce, 0x00, 0x00, 0x00, 0x00, 0x00, 0x00, 0x00, 0x00, 0x00, 0x00, 0x00, 0x00, 0x00, 0x10,
    0xc1, 0x87, 0xff, 0x06, 0x02, 0x00, 0x00, 0x00, 0x00, 0x00, 0x00, 0x00, 0x00, 0x00, 0x00, 0x00, 0x00, 0x10,
    0xff, 0xff, 0xf8, 0x03, 0x00, 0x00, 0x00, 0x00, 0x00, 0x00, 0x00, 0x00, 0x00, 0x00, 0x00, 0x00, 0x00, 0x10,
    0xff, 0xff, 0xc0, 0x01, 0x00, 0x00, 0x00, 0x00, 0x00, 0x00, 0x00, 0x00, 0x00, 0x00, 0x00, 0x00, 0x00, 0x10,
    0xbf, 0xfb, 0x00, 0x00, 0x00, 0x00, 0x00, 0x00, 0x00, 0x00, 0x00, 0x00, 0x00, 0x00, 0x00, 0x00, 0x00, 0x10,
    0x80, 0x03, 0x80, 0x00, 0x00, 0x00, 0x00, 0x00, 0x00, 0x00, 0x00, 0x00, 0x00, 0x00, 0x00, 0x00, 0x00, 0x10,
    0xff, 0xff, 0xff, 0xff, 0xff, 0xff, 0xff, 0xff, 0xff, 0xff, 0xff, 0xff, 0xff, 0xff, 0xff, 0xff, 0xff, 0xf0,
};

static const lv_img_dsc_t gaming35 = {
    .header.cf = LV_IMG_CF_INDEXED_1BIT,
    .header.always_zero = 0,
    .header.reserved = 0,
    .header.w = 140,
    .header.h = 68,
    .data_size = 1232,
    .data = gaming35_map,
};

static const LV_ATTRIBUTE_MEM_ALIGN LV_ATTRIBUTE_LARGE_CONST uint8_t gaming36_map[] = {
#if CONFIG_NICE_VIEW_WIDGET_INVERTED
    0xff, 0xff, 0xff, 0xff, /*Color of index 0*/
    0x00, 0x00, 0x00, 0xff, /*Color of index 1*/
#else
    0x00, 0x00, 0x00, 0xff, /*Color of index 0*/
    0xff, 0xff, 0xff, 0xff, /*Color of index 1*/
#endif
    0xff, 0xff, 0xff, 0xff, 0xff, 0xff, 0xff, 0xff, 0xff, 0xff, 0xff, 0xff, 0xff, 0xff, 0xff, 0xff, 0xff, 0xf0,
    0x80, 0x00, 0x00, 0x00, 0x00, 0x00, 0x30, 0x00, 0x00, 0x00, 0x00, 0x00, 0x00, 0x00, 0x00, 0x00, 0x00, 0x10,
    0x80, 0x00, 0x00, 0x00, 0x00, 0x00, 0x70, 0x00, 0x00, 0x00, 0x00, 0x00, 0x00, 0x00, 0x00, 0x00, 0x00, 0x10,
    0x80, 0x00, 0x00, 0x00, 0x02, 0x00, 0xfc, 0x00, 0x00, 0x00, 0x00, 0x00, 0x00, 0x00, 0x00, 0x00, 0x00, 0x10,
    0x80, 0x00, 0x04, 0x00, 0x06, 0x1f, 0xff, 0xf8, 0x00, 0x00, 0x00, 0x00, 0x00, 0x00, 0x00, 0x00, 0x00, 0x10,
    0x80, 0x20, 0x00, 0x00, 0x0c, 0xff, 0xff, 0xfc, 0x00, 0x00, 0x00, 0x00, 0x00, 0x00, 0x00, 0x00, 0x00, 0x10,
    0x80, 0x60, 0x00, 0x00, 0x1f, 0xff, 0x00, 0x06, 0x00, 0x00, 0x00, 0x00, 0x00, 0x00, 0x00, 0x00, 0x00, 0x10,
    0xe0, 0xc0, 0x00, 0x80, 0x3f, 0xf0, 0x00, 0x03, 0x00, 0x00, 0x00, 0x00, 0x00, 0x00, 0x00, 0x00, 0x00, 0x10,
    0xfd, 0x80, 0x01, 0x80, 0xff, 0xb8, 0x00, 0x01, 0x00, 0x00, 0x00, 0x00, 0x00, 0x00, 0x00, 0x00, 0x00, 0x10,
    0xff, 0x80, 0x07, 0x0f, 0xfc, 0x18, 0x00, 0x00, 0x00, 0x00, 0x00, 0x00, 0x00, 0x00, 0x00, 0x00, 0x00, 0x10,
    0x9f, 0xf8, 0x06, 0xff, 0xe0, 0x0c, 0x00, 0x00, 0x00, 0x00, 0x00, 0x00, 0x00, 0x00, 0x00, 0x00, 0x00, 0x10,
    0x83, 0xff, 0xff, 0xff, 0x00, 0x04, 0x00, 0x00, 0x00, 0x00, 0x00, 0x00, 0x00, 0x00, 0x00, 0x00, 0x00, 0x10,
    0x80, 0x7f, 0xff, 0xfc, 0x00, 0x00, 0x00, 0x00, 0x00, 0x00, 0x00, 0x00, 0x00, 0x00, 0x00, 0x00, 0x00, 0x10,
    0x80, 0x07, 0xff, 0x0e, 0x00, 0x00, 0x00, 0x00, 0x00, 0x00, 0x00, 0x00, 0x00, 0x00, 0x00, 0x00, 0x00, 0x10,
    0x80, 0x03, 0x80, 0x06, 0x02, 0x00, 0x00, 0x00, 0x00, 0x00, 0x00, 0x00, 0x00, 0x00, 0x00, 0x00, 0x00, 0x10,
    0x80, 0x01, 0x80, 0x03, 0x06, 0x00, 0x00, 0x00, 0x00, 0x00, 0x00, 0x00, 0x00, 0x00, 0x00, 0x00, 0x00, 0x10,
    0x80, 0x00, 0xc0, 0x81, 0x0c, 0x10, 0x00, 0x00, 0x00, 0x00, 0x00, 0x00, 0x00, 0x00, 0x00, 0x00, 0x00, 0x10,
    0x80, 0x00, 0x41, 0x80, 0x1c, 0x00, 0x00, 0x00, 0x00, 0x00, 0x00, 0x00, 0x00, 0x00, 0x00, 0x00, 0x00, 0x10,
    0x80, 0x00, 0x07, 0x3f, 0xf8, 0x00, 0x00, 0x00, 0x00, 0x00, 0x00, 0x00, 0x00, 0x00, 0x00, 0x00, 0x00, 0x10,
    0x80, 0x00, 0x07, 0xff, 0xfc, 0x02, 0x00, 0x00, 0x00, 0x00, 0x00, 0x00, 0x00, 0x00, 0x00, 0x00, 0x00, 0x10,
    0x80, 0x00, 0x0f, 0xff, 0xff, 0xc6, 0x00, 0x00, 0x00, 0x00, 0x00, 0x00, 0x00, 0x00, 0x00, 0x00, 0x00, 0x10,
    0x80, 0x00, 0x7f, 0xec, 0x03, 0xfc, 0x00, 0x00, 0x00, 0x00, 0x00, 0x00, 0x00, 0x00, 0x00, 0x00, 0x00, 0x10,
    0x80, 0x21, 0xfe, 0x0e, 0x00, 0x78, 0x00, 0x00, 0x00, 0x00, 0x00, 0x00, 0x00, 0x00, 0x00, 0x00, 0x00, 0x10,
    0x80, 0x47, 0xf0, 0x03, 0x00, 0x00, 0x00, 0x00, 0x00, 0x00, 0x00, 0x00, 0x00, 0x00, 0x00, 0x00, 0x00, 0x10,
    0x81, 0xff, 0xc0, 0x01, 0x00, 0x00, 0x00, 0x00, 0x00, 0x00, 0x00, 0x00, 0x00, 0x00, 0x00, 0x00, 0x00, 0x10,
    0x81, 0xff, 0x00, 0x00, 0x00, 0x00, 0x00, 0x00, 0x00, 0x00, 0x00, 0x00, 0x00, 0x00, 0x00, 0x00, 0x00, 0x10,
    0x87, 0xfb, 0x80, 0x00, 0x00, 0x00, 0x00, 0x00, 0x00, 0x00, 0x00, 0x00, 0x00, 0x00, 0x00, 0x00, 0x00, 0x10,
    0xbf, 0xe1, 0x80, 0x00, 0x00, 0x00, 0x00, 0x00, 0x00, 0x00, 0x00, 0x00, 0x00, 0x00, 0x00, 0x00, 0x00, 0x10,
    0xff, 0x80, 0xc0, 0x00, 0x00, 0x00, 0x00, 0x00, 0x00, 0x00, 0x00, 0x00, 0x00, 0x00, 0x01, 0x00, 0x00, 0x10,
    0xfc, 0x00, 0x40, 0x00, 0x00, 0x00, 0x00, 0x00, 0x00, 0x00, 0x00, 0x00, 0x00, 0x00, 0x00, 0x00, 0x00, 0x10,
    0xc0, 0x00, 0x00, 0x00, 0x00, 0x00, 0x00, 0x00, 0x00, 0x00, 0x00, 0x00, 0x00, 0x00, 0x00, 0x00, 0x00, 0x10,
    0x80, 0x00, 0x00, 0x00, 0x00, 0x00, 0x00, 0x00, 0x00, 0x00, 0x00, 0x00, 0x00, 0x00, 0x00, 0x00, 0x00, 0x10,
    0x80, 0x20, 0x00, 0x00, 0x00, 0x00, 0x00, 0x00, 0x00, 0x00, 0x00, 0x00, 0x00, 0x00, 0x00, 0x00, 0x00, 0x50,
    0x80, 0x60, 0x00, 0x00, 0x00, 0x00, 0x00, 0x00, 0x00, 0x00, 0x00, 0x00, 0x00, 0x00, 0x00, 0x00, 0x00, 0x10,
    0x80, 0xc0, 0x00, 0x00, 0x00, 0x00, 0x00, 0x00, 0x00, 0x00, 0x00, 0x00, 0x00, 0x00, 0x00, 0x00, 0x00, 0x10,
    0x81, 0x80, 0x00, 0x80, 0x00, 0x00, 0x00, 0x00, 0x00, 0x00, 0x00, 0x00, 0x00, 0x00, 0x00, 0x00, 0x00, 0x10,
    0x8f, 0xfc, 0x03, 0x00, 0x00, 0x00, 0x00, 0x00, 0x00, 0x00, 0x00, 0x00, 0x00, 0x00, 0x00, 0x00, 0x00, 0x10,
    0xff, 0xff, 0xc7, 0x00, 0x00, 0x00, 0x00, 0x00, 0x00, 0x00, 0x00, 0x00, 0x00, 0x00, 0x00, 0x00, 0x00, 0x10,
    0xff, 0xff, 0xfe, 0x00, 0x00, 0x00, 0x00, 0x00, 0x00, 0x00, 0x00, 0x00, 0x00, 0x00, 0x00, 0x00, 0x00, 0x10,
    0xf8, 0x03, 0xff, 0x00, 0x00, 0x00, 0x00, 0x00, 0x00, 0x00, 0x00, 0x00, 0x00, 0x00, 0x00, 0x00, 0x00, 0x10,
    0x80, 0x03, 0xbf, 0xc0, 0x00, 0x00, 0x00, 0x00, 0x00, 0x00, 0x00, 0x00, 0x00, 0x00, 0x00, 0x00, 0x00, 0x10,
    0x80, 0x01, 0x87, 0xf0, 0x02, 0x00, 0x00, 0x00, 0x00, 0x00, 0x00, 0x00, 0x00, 0x00, 0x00, 0x00, 0x00, 0x10,
    0x80, 0x00, 0xc1, 0xfc, 0x0c, 0x00, 0x00, 0x00, 0x00, 0x00, 0x00, 0x00, 0x00, 0x00, 0x00, 0x00, 0x00, 0x10,
    0x80, 0x00, 0x40, 0x7f, 0x9c, 0x00, 0x00, 0x00, 0x00, 0x00, 0x00, 0x00, 0x00, 0x00, 0x00, 0x00, 0x00, 0x10,
    0x80, 0x00, 0x00, 0x1f, 0xf8, 0x00, 0x00, 0x00, 0x00, 0x00, 0x00, 0x00, 0x00, 0x00, 0x00, 0x00, 0x00, 0x10,
    0x80, 0x00, 0x00, 0x0f, 0xfe, 0x00, 0x00, 0x00, 0x00, 0x00, 0x00, 0x00, 0x00, 0x00, 0x00, 0x00, 0x00, 0x10,
    0x80, 0x00, 0x00, 0x06, 0xff, 0xff, 0xe0, 0x00, 0x00, 0x00, 0x00, 0x00, 0x00, 0x00, 0x00, 0x00, 0x00, 0x10,
    0x80, 0x00, 0x00, 0x03, 0x1f, 0xff, 0xf0, 0x00, 0x00, 0x00, 0x00, 0x00, 0x00, 0x00, 0x00, 0x00, 0x00, 0x10,
    0x80, 0x00, 0x00, 0x01, 0x01, 0xf0, 0x18, 0x00, 0x00, 0x00, 0x00, 0x00, 0x00, 0x00, 0x00, 0x00, 0x00, 0x10,
    0x80, 0x00, 0x00, 0x00, 0x00, 0x30, 0x0c, 0x00, 0x00, 0x00, 0x00, 0x00, 0x00, 0x00, 0x00, 0x00, 0x00, 0x10,
    0x80, 0x00, 0x00, 0x00, 0x00, 0x18, 0x00, 0x00, 0x00, 0x00, 0x00, 0x00, 0x00, 0x00, 0x00, 0x00, 0x00, 0x10,
    0x80, 0x00, 0x00, 0x00, 0x00, 0x0c, 0x00, 0x00, 0x00, 0x00, 0x00, 0x00, 0x00, 0x00, 0x00, 0x00, 0x00, 0x10,
    0x80, 0x00, 0x00, 0x00, 0x02, 0x04, 0x00, 0x00, 0x00, 0x00, 0x00, 0x00, 0x00, 0x00, 0x00, 0x00, 0x00, 0x10,
    0x80, 0x00, 0x00, 0x00, 0x0c, 0x06, 0x00, 0x00, 0x00, 0x00, 0x00, 0x00, 0x00, 0x00, 0x00, 0x00, 0x00, 0x10,
    0x80, 0x00, 0x00, 0x00, 0x1c, 0x0c, 0x00, 0x00, 0x00, 0x00, 0x00, 0x00, 0x00, 0x00, 0x00, 0x00, 0x00, 0x10,
    0x80, 0x00, 0x00, 0x00, 0x18, 0x18, 0x00, 0x00, 0x00, 0x00, 0x00, 0x00, 0x00, 0x00, 0x00, 0x00, 0x00, 0x10,
    0x80, 0x00, 0x00, 0x80, 0xff, 0xf0, 0x00, 0x00, 0x00, 0x00, 0x00, 0x00, 0x00, 0x00, 0x00, 0x80, 0x00, 0x10,
    0x80, 0x00, 0x01, 0x87, 0xff, 0xe0, 0x00, 0x00, 0x00, 0x00, 0x00, 0x00, 0x00, 0x00, 0x00, 0x00, 0x00, 0x10,
    0x80, 0x00, 0x03, 0x3f, 0xf0, 0x00, 0x00, 0x00, 0x00, 0x00, 0x00, 0x00, 0x00, 0x00, 0x00, 0x00, 0x00, 0x10,
    0x80, 0x20, 0x07, 0xff, 0x80, 0x00, 0x00, 0x00, 0x00, 0x00, 0x00, 0x00, 0x00, 0x00, 0x00, 0x00, 0x00, 0x10,
    0x80, 0x60, 0x0f, 0xfc, 0x00, 0x00, 0x00, 0x00, 0x00, 0x00, 0x00, 0x00, 0x00, 0x00, 0x00, 0x00, 0x00, 0x10,
    0x80, 0xc0, 0x7f, 0xee, 0x00, 0x00, 0x00, 0x00, 0x00, 0x00, 0x00, 0x00, 0x00, 0x00, 0x00, 0x00, 0x00, 0x10,
    0xc1, 0x87, 0xff, 0x06, 0x02, 0x00, 0x00, 0x00, 0x00, 0x00, 0x00, 0x00, 0x00, 0x00, 0x00, 0x00, 0x00, 0x10,
    0xff, 0xff, 0xf8, 0x03, 0x00, 0x00, 0x00, 0x00, 0x00, 0x00, 0x00, 0x00, 0x00, 0x00, 0x00, 0x00, 0x00, 0x10,
    0xff, 0xff, 0xc0, 0x01, 0x00, 0x00, 0x00, 0x00, 0x00, 0x00, 0x00, 0x00, 0x00, 0x00, 0x00, 0x00, 0x00, 0x10,
    0xbf, 0xfb, 0x00, 0x00, 0x00, 0x00, 0x00, 0x00, 0x00, 0x00, 0x00, 0x00, 0x00, 0x00, 0x00, 0x00, 0x00, 0x10,
    0x80, 0x03, 0x80, 0x00, 0x00, 0x00, 0x00, 0x00, 0x00, 0x00, 0x00, 0x00, 0x00, 0x00, 0x00, 0x00, 0x00, 0x10,
    0xff, 0xff, 0xff, 0xff, 0xff, 0xff, 0xff, 0xff, 0xff, 0xff, 0xff, 0xff, 0xff, 0xff, 0xff, 0xff, 0xff, 0xf0,
};

static const lv_img_dsc_t gaming36 = {
    .header.cf = LV_IMG_CF_INDEXED_1BIT,
    .header.always_zero = 0,
    .header.reserved = 0,
    .header.w = 140,
    .header.h = 68,
    .data_size = 1232,
    .data = gaming36_map,
};

static const LV_ATTRIBUTE_MEM_ALIGN LV_ATTRIBUTE_LARGE_CONST uint8_t gaming37_map[] = {
#if CONFIG_NICE_VIEW_WIDGET_INVERTED
    0xff, 0xff, 0xff, 0xff, /*Color of index 0*/
    0x00, 0x00, 0x00, 0xff, /*Color of index 1*/
#else
    0x00, 0x00, 0x00, 0xff, /*Color of index 0*/
    0xff, 0xff, 0xff, 0xff, /*Color of index 1*/
#endif
    0xff, 0xff, 0xff, 0xff, 0xff, 0xff, 0xff, 0xff, 0xff, 0xff, 0xff, 0xff, 0xff, 0xff, 0xff, 0xff, 0xff, 0xf0,
    0x80, 0x00, 0x00, 0x00, 0x00, 0x00, 0x30, 0x00, 0x20, 0x03, 0x80, 0x00, 0x00, 0x00, 0x03, 0x80, 0x00, 0x10,
    0x80, 0x00, 0x00, 0x00, 0x00, 0x00, 0x70, 0x00, 0xc0, 0x03, 0x00, 0x00, 0x00, 0x00, 0x03, 0x00, 0x00, 0x10,
    0x80, 0x00, 0x00, 0x00, 0x02, 0x00, 0xff, 0xe1, 0xc0, 0x06, 0x00, 0x00, 0x00, 0x00, 0x06, 0x00, 0x00, 0x10,
    0x80, 0x00, 0x04, 0x00, 0x06, 0x1f, 0xff, 0xff, 0x80, 0x0e, 0x00, 0x00, 0x00, 0x00, 0x0e, 0x00, 0x00, 0x10,
    0x80, 0x20, 0x00, 0x00, 0x0c, 0xff, 0xff, 0xff, 0xe0, 0x0c, 0x00, 0x00, 0x00, 0x00, 0x0c, 0x00, 0x00, 0x10,
    0x80, 0x60, 0x00, 0x00, 0x1f, 0xff, 0x00, 0xdf, 0xf8, 0x00, 0x00, 0x00, 0x00, 0x00, 0x00, 0x00, 0x00, 0x10,
    0xe0, 0xc0, 0x00, 0x80, 0x3f, 0xf0, 0x00, 0xe1, 0xfe, 0x00, 0x00, 0x00, 0x00, 0x00, 0x00, 0x00, 0x00, 0x10,
    0xfd, 0x80, 0x01, 0x80, 0xff, 0xb8, 0x00, 0x30, 0x3f, 0xc0, 0x00, 0x00, 0x00, 0x00, 0x00, 0x00, 0x00, 0x10,
    0xff, 0x80, 0x07, 0x0f, 0xfc, 0x18, 0x00, 0x10, 0x07, 0xf0, 0x00, 0x00, 0x00, 0x00, 0x00, 0x00, 0x00, 0x10,
    0x9f, 0xf8, 0x06, 0xff, 0xe0, 0x0c, 0x00, 0x00, 0x03, 0x78, 0x00, 0x00, 0x00, 0x00, 0x00, 0x00, 0x00, 0x10,
    0x83, 0xff, 0xff, 0xff, 0x00, 0x04, 0x00, 0x00, 0x01, 0x9c, 0x00, 0x00, 0x00, 0x00, 0x00, 0x00, 0x00, 0x10,
    0x80, 0x7f, 0xff, 0xfc, 0x00, 0x00, 0x00, 0x00, 0x00, 0xce, 0x00, 0x00, 0x00, 0x00, 0x00, 0x00, 0x00, 0x10,
    0x80, 0x07, 0xff, 0x0e, 0x00, 0x00, 0x00, 0x00, 0x00, 0x46, 0x00, 0x00, 0x00, 0x20, 0x00, 0x00, 0x00, 0x10,
    0x80, 0x03, 0x80, 0x06, 0x02, 0x00, 0x00, 0x00, 0x00, 0x00, 0x00, 0x00, 0x00, 0x00, 0x00, 0x00, 0x00, 0x10,
    0x80, 0x01, 0x80, 0x03, 0x06, 0x00, 0x00, 0x00, 0x00, 0x00, 0x00, 0x00, 0x00, 0x00, 0x00, 0x00, 0x00, 0x10,
    0x80, 0x00, 0xc0, 0x81, 0x0c, 0x10, 0x00, 0x00, 0x00, 0x00, 0x00, 0x00, 0x00, 0x00, 0x00, 0x00, 0x00, 0x10,
    0x80, 0x00, 0x41, 0x80, 0x1c, 0x00, 0x00, 0x00, 0x00, 0x00, 0x00, 0x00, 0x00, 0x00, 0x00, 0x00, 0x00, 0x10,
    0x80, 0x00, 0x07, 0x3f, 0xf8, 0x00, 0x00, 0x00, 0x00, 0x00, 0x00, 0x00, 0x00, 0x00, 0x00, 0x00, 0x00, 0x10,
    0x80, 0x00, 0x07, 0xff, 0xff, 0x00, 0x08, 0x00, 0x00, 0x00, 0x00, 0x00, 0x00, 0x00, 0x00, 0x00, 0x00, 0x10,
    0x80, 0x00, 0x0f, 0xff, 0xff, 0xe0, 0x18, 0x00, 0x00, 0x00, 0x00, 0x00, 0x00, 0x00, 0x00, 0x00, 0x00, 0x10,
    0x80, 0x00, 0x7f, 0xec, 0x0f, 0xfc, 0x30, 0x00, 0x00, 0x00, 0x00, 0x00, 0x00, 0x00, 0x00, 0x00, 0x00, 0x10,
    0x80, 0x21, 0xfe, 0x0e, 0x00, 0xff, 0x70, 0x00, 0x00, 0x00, 0x00, 0x00, 0x00, 0x00, 0x00, 0x00, 0x00, 0x10,
    0x80, 0x47, 0xf0, 0x03, 0x00, 0x3f, 0xe0, 0x40, 0x00, 0x00, 0x00, 0x00, 0x00, 0x00, 0x00, 0x00, 0x00, 0x10,
    0x81, 0xff, 0xc0, 0x01, 0x00, 0x3f, 0xe0, 0xc0, 0x00, 0x00, 0x00, 0x00, 0x00, 0x00, 0x00, 0x00, 0x00, 0x10,
    0x81, 0xff, 0x00, 0x00, 0x00, 0x18, 0xf9, 0x80, 0x00, 0x00, 0x00, 0x00, 0x00, 0x00, 0x00, 0x00, 0x00, 0x10,
    0x87, 0xfb, 0x80, 0x00, 0x00, 0x04, 0x1f, 0x00, 0x00, 0x00, 0x00, 0x00, 0x00, 0x00, 0x00, 0x00, 0x00, 0x10,
    0xbf, 0xe1, 0x80, 0x00, 0x00, 0x00, 0x06, 0x00, 0x00, 0x00, 0x00, 0x00, 0x00, 0x00, 0x00, 0x00, 0x00, 0x10,
    0xff, 0x80, 0xc0, 0x00, 0x00, 0x00, 0x00, 0x00, 0x00, 0x00, 0x00, 0x00, 0x00, 0x00, 0x01, 0x00, 0x00, 0x10,
    0xfc, 0x00, 0x40, 0x00, 0x00, 0x00, 0x00, 0x00, 0x00, 0x00, 0x00, 0x00, 0x00, 0x00, 0x00, 0x00, 0x00, 0x10,
    0xc0, 0x00, 0x00, 0x00, 0x00, 0x00, 0x00, 0x00, 0x00, 0x00, 0x00, 0x00, 0x00, 0x00, 0x00, 0x00, 0x00, 0x10,
    0x80, 0x00, 0x00, 0x00, 0x00, 0x00, 0x00, 0x00, 0x00, 0x00, 0x00, 0x00, 0x00, 0x00, 0x00, 0x00, 0x00, 0x10,
    0x80, 0x20, 0x00, 0x00, 0x00, 0x00, 0x00, 0x00, 0x00, 0x00, 0x00, 0x00, 0x00, 0x00, 0x02, 0x00, 0x00, 0x50,
    0x80, 0x60, 0x00, 0x00, 0x00, 0x00, 0x00, 0x00, 0x00, 0x00, 0x00, 0x00, 0x00, 0x00, 0x00, 0x00, 0x00, 0x10,
    0x80, 0xc0, 0x00, 0x00, 0x00, 0x00, 0x00, 0x00, 0x00, 0x00, 0x00, 0x00, 0x00, 0x00, 0x00, 0x00, 0x00, 0x10,
    0x81, 0x80, 0x00, 0x80, 0x00, 0x00, 0x00, 0x00, 0x00, 0x00, 0x00, 0x00, 0x00, 0x00, 0x00, 0x00, 0x00, 0x10,
    0x8f, 0xfc, 0x03, 0x00, 0x00, 0x00, 0x00, 0x00, 0x00, 0x00, 0x00, 0x00, 0x00, 0x00, 0x00, 0x00, 0x00, 0x10,
    0xff, 0xff, 0xc7, 0x00, 0x00, 0x00, 0x00, 0x00, 0x00, 0x00, 0x00, 0x00, 0x00, 0x00, 0x00, 0x00, 0x00, 0x10,
    0xff, 0xff, 0xfe, 0x00, 0x00, 0x00, 0x00, 0x00, 0x00, 0x00, 0x00, 0x00, 0x00, 0x00, 0x00, 0x00, 0x00, 0x10,
    0xf8, 0x03, 0xff, 0x00, 0x00, 0x00, 0x00, 0x00, 0x00, 0x00, 0x00, 0x00, 0x00, 0x00, 0x00, 0x00, 0x00, 0x10,
    0x80, 0x03, 0xbf, 0xc0, 0x00, 0x00, 0x00, 0x00, 0x00, 0x00, 0x00, 0x00, 0x00, 0x00, 0x00, 0x00, 0x00, 0x10,
    0x80, 0x01, 0x87, 0xf0, 0x02, 0x00, 0x08, 0x06, 0x00, 0x00, 0x00, 0x00, 0x00, 0x00, 0x00, 0x00, 0x00, 0x10,
    0x80, 0x00, 0xc1, 0xfc, 0x0c, 0x00, 0x18, 0x1f, 0x00, 0x00, 0x00, 0x00, 0x00, 0x00, 0x00, 0x00, 0x00, 0x10,
    0x80, 0x00, 0x40, 0x7f, 0x9c, 0x00, 0x30, 0xf9, 0x80, 0x00, 0x00, 0x00, 0x00, 0x00, 0x00, 0x00, 0x00, 0x10,
    0x80, 0x00, 0x00, 0x1f, 0xf8, 0x00, 0x73, 0xe0, 0xc0, 0x00, 0x00, 0x00, 0x00, 0x00, 0x00, 0x00, 0x00, 0x10,
    0x80, 0x00, 0x00, 0x0f, 0xfe, 0x00, 0xff, 0xc0, 0x40, 0x00, 0x00, 0x00, 0x00, 0x00, 0x00, 0x00, 0x00, 0x10,
    0x80, 0x00, 0x00, 0x06, 0xff, 0xff, 0xfc, 0xc0, 0x00, 0x00, 0x00, 0x00, 0x00, 0x00, 0x00, 0x00, 0x00, 0x10,
    0x80, 0x00, 0x00, 0x03, 0x1f, 0xff, 0xf8, 0xe0, 0x00, 0x00, 0x00, 0x00, 0x00, 0x00, 0x00, 0x00, 0x00, 0x10,
    0x80, 0x00, 0x00, 0x01, 0x01, 0xff, 0x80, 0x30, 0x00, 0x00, 0x00, 0x00, 0x00, 0x00, 0x00, 0x00, 0x00, 0x10,
    0x80, 0x00, 0x00, 0x00, 0x00, 0x30, 0x00, 0x10, 0x00, 0x00, 0x00, 0x00, 0x00, 0x00, 0x00, 0x00, 0x00, 0x10,
    0x80, 0x00, 0x00, 0x00, 0x00, 0x18, 0x00, 0x00, 0x00, 0x00, 0x00, 0x00, 0x00, 0x00, 0x00, 0x00, 0x00, 0x10,
    0x80, 0x00, 0x00, 0x00, 0x00, 0x0c, 0x00, 0x00, 0x00, 0x00, 0x00, 0x00, 0x00, 0x00, 0x00, 0x00, 0x00, 0x10,
    0x80, 0x00, 0x00, 0x00, 0x02, 0x04, 0x00, 0x00, 0x00, 0x00, 0x00, 0x00, 0x00, 0x00, 0x00, 0x00, 0x00, 0x10,
    0x80, 0x00, 0x00, 0x00, 0x0c, 0x00, 0x00, 0x00, 0x00, 0x00, 0x00, 0x00, 0x00, 0x00, 0x00, 0x00, 0x00, 0x10,
    0x80, 0x00, 0x00, 0x00, 0x1c, 0x00, 0x00, 0x00, 0x00, 0x00, 0x00, 0x00, 0x00, 0x00, 0x00, 0x00, 0x00, 0x10,
    0x80, 0x00, 0x00, 0x00, 0x1f, 0xf8, 0x01, 0x80, 0x00, 0x00, 0x00, 0x00, 0x00, 0x00, 0x00, 0x00, 0x00, 0x10,
    0x80, 0x00, 0x00, 0x80, 0xff, 0xff, 0xc3, 0x00, 0x00, 0x00, 0x00, 0x00, 0x00, 0x00, 0x00, 0x80, 0x00, 0x10,
    0x80, 0x00, 0x01, 0x87, 0xff, 0xff, 0xfe, 0x00, 0x00, 0x00, 0x00, 0x00, 0x00, 0x00, 0x00, 0x00, 0x00, 0x10,
    0x80, 0x00, 0x03, 0x3f, 0xf8, 0x30, 0x3c, 0x00, 0x00, 0x00, 0x00, 0x00, 0x00, 0x00, 0x00, 0x00, 0x00, 0x10,
    0x80, 0x20, 0x07, 0xff, 0x80, 0x18, 0x00, 0x00, 0x00, 0x00, 0x00, 0x00, 0x00, 0x00, 0x00, 0x00, 0x00, 0x10,
    0x80, 0x60, 0x0f, 0xfc, 0x00, 0x0c, 0x00, 0x00, 0x00, 0x00, 0x00, 0x00, 0x00, 0x00, 0x00, 0x00, 0x00, 0x10,
    0x80, 0xc0, 0x7f, 0xee, 0x00, 0x04, 0x00, 0x00, 0x00, 0x00, 0x00, 0x00, 0x00, 0x00, 0x00, 0x00, 0x00, 0x10,
    0xc1, 0x87, 0xff, 0x06, 0x02, 0x00, 0x00, 0x00, 0x00, 0x00, 0x00, 0x00, 0x03, 0x00, 0x00, 0x00, 0x00, 0x10,
    0xff, 0xff, 0xf8, 0x03, 0x00, 0x00, 0x00, 0x00, 0x00, 0x00, 0x00, 0x00, 0x03, 0x80, 0x00, 0x00, 0x00, 0x10,
    0xff, 0xff, 0xc0, 0x01, 0x00, 0x00, 0x00, 0x00, 0x00, 0x00, 0x00, 0x00, 0x01, 0x80, 0x00, 0x00, 0x00, 0x10,
    0xbf, 0xfb, 0x00, 0x00, 0x00, 0x00, 0x00, 0x00, 0x00, 0x00, 0x00, 0x00, 0x00, 0xc0, 0x00, 0x00, 0x00, 0x10,
    0x80, 0x03, 0x80, 0x00, 0x00, 0x00, 0x00, 0x00, 0x00, 0x00, 0x00, 0x00, 0x00, 0xe0, 0x00, 0x00, 0x00, 0x10,
    0xff, 0xff, 0xff, 0xff, 0xff, 0xff, 0xff, 0xff, 0xff, 0xff, 0xff, 0xff, 0xff, 0xff, 0xff, 0xff, 0xff, 0xf0,
};

static const lv_img_dsc_t gaming37 = {
    .header.cf = LV_IMG_CF_INDEXED_1BIT,
    .header.always_zero = 0,
    .header.reserved = 0,
    .header.w = 140,
    .header.h = 68,
    .data_size = 1232,
    .data = gaming37_map,
};

static const LV_ATTRIBUTE_MEM_ALIGN LV_ATTRIBUTE_LARGE_CONST uint8_t gaming38_map[] = {
#if CONFIG_NICE_VIEW_WIDGET_INVERTED
    0xff, 0xff, 0xff, 0xff, /*Color of index 0*/
    0x00, 0x00, 0x00, 0xff, /*Color of index 1*/
#else
    0x00, 0x00, 0x00, 0xff, /*Color of index 0*/
    0xff, 0xff, 0xff, 0xff, /*Color of index 1*/
#endif
    0xff, 0xff, 0xff, 0xff, 0xff, 0xff, 0xff, 0xff, 0xff, 0xff, 0xff, 0xff, 0xff, 0xff, 0xff, 0xff, 0xff, 0xf0,
    0x80, 0x00, 0x00, 0x00, 0x00, 0x00, 0x30, 0x00, 0x20, 0x03, 0x80, 0x00, 0x00, 0x00, 0x03, 0x80, 0x00, 0x10,
    0x80, 0x00, 0x00, 0x00, 0x00, 0x00, 0x70, 0x00, 0xc0, 0x03, 0x00, 0x00, 0x00, 0x00, 0x03, 0x00, 0x00, 0x10,
    0x80, 0x00, 0x00, 0x00, 0x02, 0x00, 0xff, 0xe1, 0xc0, 0x06, 0x00, 0x00, 0x00, 0x00, 0x06, 0x00, 0x00, 0x10,
    0x80, 0x00, 0x04, 0x00, 0x06, 0x1f, 0xff, 0xff, 0x80, 0x0e, 0x00, 0x00, 0x00, 0x00, 0x0e, 0x00, 0x00, 0x10,
    0x80, 0x20, 0x00, 0x00, 0x0c, 0xff, 0xff, 0xff, 0xe0, 0x0c, 0x80, 0x00, 0x00, 0x00, 0x0c, 0x00, 0x00, 0x10,
    0x80, 0x60, 0x00, 0x00, 0x1f, 0xff, 0x00, 0xdf, 0xf8, 0x1d, 0x80, 0x00, 0x00, 0x00, 0x1c, 0x00, 0x00, 0x10,
    0xe0, 0xc0, 0x00, 0x80, 0x3f, 0xf0, 0x00, 0xe1, 0xff, 0x1b, 0x00, 0x00, 0x00, 0x00, 0x18, 0x00, 0x00, 0x10,
    0xfd, 0x80, 0x01, 0x80, 0xff, 0xb8, 0x00, 0x30, 0x3f, 0xff, 0x00, 0x00, 0x00, 0x00, 0x18, 0x00, 0x00, 0x10,
    0xff, 0x80, 0x07, 0x0f, 0xfc, 0x18, 0x00, 0x10, 0x07, 0xfe, 0x00, 0x00, 0x00, 0x00, 0x18, 0x00, 0x00, 0x10,
    0x9f, 0xf8, 0x06, 0xff, 0xe0, 0x0c, 0x00, 0x00, 0x03, 0xff, 0xe0, 0x00, 0x00, 0x00, 0x0e, 0x00, 0x00, 0x10,
    0x83, 0xff, 0xff, 0xff, 0x00, 0x04, 0x00, 0x00, 0x01, 0x9f, 0xff, 0xc0, 0x00, 0x00, 0x03, 0x00, 0x00, 0x10,
    0x80, 0x7f, 0xff, 0xfc, 0x00, 0x00, 0x00, 0x00, 0x00, 0xc3, 0xff, 0xe0, 0x00, 0x00, 0x00, 0x00, 0x00, 0x10,
    0x80, 0x07, 0xff, 0x0e, 0x00, 0x00, 0x00, 0x00, 0x00, 0x40, 0x3c, 0x30, 0x00, 0x20, 0x00, 0x00, 0x00, 0x10,
    0x80, 0x03, 0x80, 0x06, 0x02, 0x00, 0x00, 0x00, 0x00, 0x00, 0x0e, 0x18, 0x00, 0x00, 0x00, 0x00, 0x00, 0x10,
    0x80, 0x01, 0x80, 0x03, 0x06, 0x00, 0x00, 0x00, 0x00, 0x00, 0x06, 0x0c, 0x00, 0x00, 0x00, 0x00, 0x00, 0x10,
    0x80, 0x00, 0xc0, 0x81, 0x0c, 0x10, 0x00, 0x00, 0x00, 0x00, 0x03, 0x00, 0x00, 0x00, 0x00, 0x00, 0x00, 0x10,
    0x80, 0x00, 0x41, 0x80, 0x1c, 0x00, 0x00, 0x00, 0x00, 0x00, 0x01, 0x00, 0x00, 0x00, 0x00, 0x00, 0x00, 0x10,
    0x80, 0x00, 0x07, 0x3f, 0xf8, 0x00, 0x00, 0x00, 0x00, 0x00, 0x00, 0x00, 0x00, 0x00, 0x00, 0x00, 0x00, 0x10,
    0x80, 0x00, 0x07, 0xff, 0xff, 0x00, 0x08, 0x00, 0x00, 0x00, 0x00, 0x00, 0x00, 0x00, 0x00, 0x00, 0x00, 0x10,
    0x80, 0x00, 0x0f, 0xff, 0xff, 0xe0, 0x18, 0x00, 0x00, 0x00, 0x00, 0x00, 0x00, 0x00, 0x00, 0x00, 0x00, 0x10,
    0x80, 0x00, 0x7f, 0xec, 0x0f, 0xfc, 0x30, 0x00, 0x00, 0x00, 0x00, 0x00, 0x00, 0x00, 0x00, 0x00, 0x00, 0x10,
    0x80, 0x21, 0xfe, 0x0e, 0x00, 0xff, 0x70, 0x00, 0x00, 0x00, 0x00, 0x00, 0x00, 0x00, 0x00, 0x00, 0x00, 0x10,
    0x80, 0x47, 0xf0, 0x03, 0x00, 0x3f, 0xe0, 0x00, 0x00, 0x00, 0x00, 0x00, 0x00, 0x00, 0x00, 0x00, 0x00, 0x10,
    0x81, 0xff, 0xc0, 0x01, 0x00, 0x3f, 0xf0, 0x00, 0x00, 0x00, 0x00, 0x00, 0x00, 0x00, 0x00, 0x00, 0x00, 0x10,
    0x81, 0xff, 0x00, 0x00, 0x00, 0x19, 0xfe, 0x00, 0x00, 0x00, 0x00, 0x00, 0x00, 0x00, 0x00, 0x00, 0x00, 0x10,
    0x87, 0xfb, 0x80, 0x00, 0x00, 0x04, 0x7f, 0x80, 0x18, 0x00, 0x00, 0x00, 0x00, 0x00, 0x00, 0x00, 0x00, 0x10,
    0xbf, 0xe1, 0x80, 0x00, 0x00, 0x00, 0x0f, 0xe0, 0x30, 0x00, 0x00, 0x00, 0x00, 0x00, 0x00, 0x00, 0x00, 0x10,
    0xff, 0x80, 0xc0, 0x00, 0x00, 0x00, 0x03, 0xff, 0xe0, 0x00, 0x00, 0x00, 0x00, 0x00, 0x01, 0x00, 0x00, 0x10,
    0xfc, 0x00, 0x40, 0x00, 0x00, 0x00, 0x00, 0xdf, 0xc0, 0x00, 0x00, 0x00, 0x00, 0x00, 0x00, 0x00, 0x00, 0x10,
    0xc0, 0x00, 0x00, 0x00, 0x00, 0x00, 0x00, 0xe0, 0x00, 0x00, 0x00, 0x00, 0x00, 0x00, 0x00, 0x00, 0x00, 0x10,
    0x80, 0x00, 0x00, 0x00, 0x00, 0x00, 0x00, 0x60, 0x00, 0x02, 0x00, 0x00, 0x00, 0x00, 0x00, 0x00, 0x00, 0x10,
    0x80, 0x20, 0x00, 0x00, 0x00, 0x00, 0x00, 0x10, 0x00, 0x00, 0x00, 0x00, 0x00, 0x00, 0x02, 0x00, 0x00, 0x50,
    0x80, 0x60, 0x00, 0x00, 0x00, 0x00, 0x00, 0x00, 0x00, 0x00, 0x00, 0x00, 0x00, 0x00, 0x00, 0x00, 0x00, 0x10,
    0x80, 0xc0, 0x00, 0x00, 0x00, 0x00, 0x00, 0x00, 0x00, 0x00, 0x00, 0x00, 0x00, 0x00, 0x00, 0x00, 0x00, 0x10,
    0x81, 0x80, 0x00, 0x80, 0x00, 0x00, 0x00, 0x00, 0x00, 0x00, 0x00, 0x00, 0x00, 0x00, 0x00, 0x00, 0x00, 0x10,
    0x8f, 0xfc, 0x03, 0x00, 0x00, 0x00, 0x00, 0x00, 0x20, 0x00, 0x00, 0x00, 0x00, 0x00, 0x00, 0x00, 0x00, 0x10,
    0xff, 0xff, 0xc7, 0x00, 0x00, 0x00, 0x00, 0x00, 0x61, 0xf0, 0x00, 0x00, 0x00, 0x00, 0x00, 0x00, 0x00, 0x10,
    0xff, 0xff, 0xfe, 0x00, 0x00, 0x00, 0x00, 0x00, 0xdf, 0xf0, 0x00, 0x00, 0x00, 0x00, 0x00, 0x00, 0x00, 0x10,
    0xf8, 0x03, 0xff, 0x00, 0x00, 0x00, 0x00, 0x01, 0xff, 0x18, 0x00, 0x00, 0x00, 0x00, 0x00, 0x00, 0x00, 0x10,
    0x80, 0x03, 0xbf, 0xc0, 0x00, 0x00, 0x00, 0x03, 0xfb, 0x0c, 0x00, 0x00, 0x00, 0x00, 0x00, 0x00, 0x00, 0x10,
    0x80, 0x01, 0x87, 0xf0, 0x02, 0x00, 0x08, 0x0f, 0xe3, 0x84, 0x00, 0x00, 0x00, 0x00, 0x00, 0x00, 0x00, 0x10,
    0x80, 0x00, 0xc1, 0xfc, 0x0c, 0x00, 0x18, 0x7f, 0x81, 0x80, 0x00, 0x00, 0x00, 0x00, 0x00, 0x00, 0x00, 0x10,
    0x80, 0x00, 0x40, 0x7f, 0x9c, 0x00, 0x31, 0xfe, 0x00, 0x40, 0x00, 0x00, 0x00, 0x00, 0x00, 0x00, 0x00, 0x10,
    0x80, 0x00, 0x00, 0x1f, 0xf8, 0x00, 0x7f, 0xf0, 0x00, 0x00, 0x00, 0x00, 0x00, 0x00, 0x00, 0x00, 0x00, 0x10,
    0x80, 0x00, 0x00, 0x0f, 0xfe, 0x00, 0xff, 0xc0, 0x00, 0x00, 0x00, 0x00, 0x00, 0x00, 0x00, 0x00, 0x00, 0x10,
    0x80, 0x00, 0x00, 0x06, 0xff, 0xff, 0xff, 0xc0, 0x00, 0x00, 0x00, 0x00, 0x00, 0x00, 0x00, 0x00, 0x00, 0x10,
    0x80, 0x00, 0x00, 0x03, 0x1f, 0xff, 0xf8, 0xe0, 0x00, 0x00, 0x00, 0x00, 0x00, 0x00, 0x00, 0x00, 0x00, 0x10,
    0x80, 0x00, 0x00, 0x01, 0x01, 0xff, 0x80, 0x30, 0x00, 0x00, 0x00, 0x00, 0x00, 0x00, 0x00, 0x00, 0x00, 0x10,
    0x80, 0x00, 0x00, 0x00, 0x00, 0x30, 0x00, 0x10, 0x00, 0x00, 0x00, 0x00, 0x00, 0x00, 0x00, 0x00, 0x00, 0x10,
    0x80, 0x00, 0x00, 0x00, 0x00, 0x18, 0x00, 0x00, 0x00, 0x00, 0x00, 0x00, 0x00, 0x00, 0x00, 0x00, 0x00, 0x10,
    0x80, 0x00, 0x00, 0x00, 0x00, 0x0c, 0x00, 0x00, 0x00, 0x00, 0x00, 0x00, 0x00, 0x00, 0x00, 0x00, 0x00, 0x10,
    0x80, 0x00, 0x00, 0x00, 0x02, 0x04, 0x08, 0x00, 0x00, 0x00, 0x00, 0x00, 0x00, 0x00, 0x00, 0x00, 0x00, 0x10,
    0x80, 0x00, 0x00, 0x00, 0x0c, 0x00, 0x10, 0x00, 0x00, 0x00, 0x00, 0x00, 0x00, 0x00, 0x00, 0x00, 0x00, 0x10,
    0x80, 0x00, 0x00, 0x00, 0x1c, 0x00, 0x70, 0x00, 0x00, 0x00, 0x00, 0x00, 0x00, 0x00, 0x00, 0x00, 0x00, 0x10,
    0x80, 0x00, 0x00, 0x00, 0x1f, 0xff, 0x60, 0x00, 0x00, 0x00, 0x00, 0x00, 0x00, 0x00, 0x00, 0x00, 0x00, 0x10,
    0x80, 0x00, 0x00, 0x80, 0xff, 0xff, 0xf0, 0x00, 0x00, 0x00, 0x00, 0x00, 0x00, 0xc0, 0x00, 0x80, 0x00, 0x10,
    0x80, 0x00, 0x01, 0x87, 0xff, 0xff, 0xff, 0x00, 0x00, 0x00, 0x00, 0x00, 0x03, 0x80, 0x00, 0x00, 0x00, 0x10,
    0x80, 0x00, 0x03, 0x3f, 0xf8, 0x30, 0xff, 0x80, 0x20, 0x00, 0x00, 0x00, 0x06, 0x00, 0x00, 0x00, 0x00, 0x10,
    0x80, 0x20, 0x07, 0xff, 0x80, 0x18, 0x0f, 0xf0, 0x60, 0x00, 0x00, 0x00, 0x06, 0x00, 0x00, 0x00, 0x00, 0x10,
    0x80, 0x60, 0x0f, 0xfc, 0x00, 0x0c, 0x01, 0xfe, 0xc0, 0x00, 0x00, 0x00, 0x06, 0x00, 0x00, 0x00, 0x00, 0x10,
    0x80, 0xc0, 0x7f, 0xee, 0x00, 0x04, 0x00, 0xdf, 0x80, 0x00, 0x00, 0x00, 0x07, 0x00, 0x00, 0x00, 0x00, 0x10,
    0xc1, 0x87, 0xff, 0x06, 0x00, 0x00, 0x00, 0x63, 0x80, 0x00, 0x00, 0x00, 0x03, 0x00, 0x00, 0x00, 0x00, 0x10,
    0xff, 0xff, 0xf8, 0x03, 0x00, 0x00, 0x00, 0x30, 0x00, 0x00, 0x00, 0x00, 0x03, 0x80, 0x00, 0x00, 0x00, 0x10,
    0xff, 0xff, 0xc0, 0x01, 0x00, 0x00, 0x00, 0x10, 0x00, 0x00, 0x00, 0x00, 0x01, 0x80, 0x00, 0x00, 0x00, 0x10,
    0xbf, 0xfb, 0x00, 0x00, 0x00, 0x00, 0x00, 0x00, 0x00, 0x00, 0x00, 0x00, 0x00, 0xc0, 0x00, 0x00, 0x00, 0x10,
    0x80, 0x03, 0x80, 0x00, 0x00, 0x00, 0x00, 0x00, 0x00, 0x00, 0x00, 0x00, 0x00, 0xe0, 0x00, 0x00, 0x00, 0x10,
    0xff, 0xff, 0xff, 0xff, 0xff, 0xff, 0xff, 0xff, 0xff, 0xff, 0xff, 0xff, 0xff, 0xff, 0xff, 0xff, 0xff, 0xf0,
};

static const lv_img_dsc_t gaming38 = {
    .header.cf = LV_IMG_CF_INDEXED_1BIT,
    .header.always_zero = 0,
    .header.reserved = 0,
    .header.w = 140,
    .header.h = 68,
    .data_size = 1232,
    .data = gaming38_map,
};

static const LV_ATTRIBUTE_MEM_ALIGN LV_ATTRIBUTE_LARGE_CONST uint8_t gaming39_map[] = {
#if CONFIG_NICE_VIEW_WIDGET_INVERTED
    0xff, 0xff, 0xff, 0xff, /*Color of index 0*/
    0x00, 0x00, 0x00, 0xff, /*Color of index 1*/
#else
    0x00, 0x00, 0x00, 0xff, /*Color of index 0*/
    0xff, 0xff, 0xff, 0xff, /*Color of index 1*/
#endif
    0xff, 0xff, 0xff, 0xff, 0xff, 0xff, 0xff, 0xff, 0xff, 0xff, 0xff, 0xff, 0xff, 0xff, 0xff, 0xff, 0xff, 0xf0,
    0x80, 0x00, 0x00, 0x00, 0x00, 0x00, 0x30, 0x00, 0x20, 0x03, 0x80, 0x00, 0x00, 0x00, 0x03, 0x80, 0x00, 0x10,
    0x80, 0x00, 0x00, 0x00, 0x00, 0x00, 0x70, 0x00, 0xc0, 0x03, 0x00, 0x00, 0x00, 0x00, 0x03, 0x00, 0x00, 0x10,
    0x80, 0x00, 0x00, 0x00, 0x02, 0x00, 0xff, 0xe1, 0xc0, 0x06, 0x00, 0x00, 0x00, 0x00, 0x06, 0x00, 0x00, 0x10,
    0x80, 0x00, 0x00, 0x00, 0x06, 0x1f, 0xff, 0xff, 0x80, 0x0e, 0x00, 0x00, 0x00, 0x00, 0x0e, 0x00, 0x00, 0x10,
    0x80, 0x20, 0x00, 0x00, 0x0c, 0xff, 0xff, 0xff, 0xe0, 0x0c, 0x80, 0x00, 0x00, 0x00, 0x0c, 0x00, 0x00, 0x10,
    0x80, 0x60, 0x00, 0x00, 0x1f, 0xff, 0x00, 0xdf, 0xf8, 0x1d, 0x80, 0x00, 0x00, 0x00, 0x1c, 0x00, 0x00, 0x10,
    0xe0, 0xc0, 0x00, 0x80, 0x3f, 0xf0, 0x00, 0xe1, 0xff, 0x1b, 0x00, 0x02, 0x00, 0x00, 0x18, 0x00, 0x00, 0x10,
    0xfd, 0x80, 0x01, 0x80, 0xff, 0xb8, 0x00, 0x30, 0x3f, 0xff, 0x00, 0x0c, 0x03, 0xc0, 0x18, 0x00, 0x00, 0x10,
    0xff, 0x80, 0x07, 0x0f, 0xfc, 0x18, 0x00, 0x10, 0x07, 0xfe, 0x00, 0x1c, 0x1f, 0xc0, 0x18, 0x00, 0x00, 0x10,
    0x9f, 0xf8, 0x06, 0xff, 0xe0, 0x0c, 0x00, 0x00, 0x03, 0xff, 0xe0, 0x1f, 0xfe, 0x60, 0x1e, 0x00, 0x00, 0x10,
    0x83, 0xff, 0xff, 0xff, 0x00, 0x04, 0x00, 0x00, 0x01, 0x9f, 0xff, 0xff, 0xf0, 0x30, 0x1b, 0x00, 0x00, 0x10,
    0x80, 0x7f, 0xff, 0xfc, 0x00, 0x00, 0x00, 0x00, 0x00, 0xdb, 0xff, 0xff, 0xf0, 0x00, 0x18, 0x00, 0x00, 0x10,
    0x80, 0x07, 0xff, 0x0e, 0x00, 0x00, 0x00, 0x00, 0x00, 0x58, 0x3f, 0xf8, 0x38, 0x20, 0x18, 0x00, 0x00, 0x10,
    0x80, 0x03, 0x80, 0x06, 0x02, 0x00, 0x00, 0x00, 0x00, 0x00, 0x0e, 0x00, 0x18, 0x00, 0x00, 0x00, 0x00, 0x10,
    0x80, 0x01, 0x80, 0x03, 0x06, 0x00, 0x00, 0x00, 0x00, 0x00, 0x06, 0x00, 0x04, 0x00, 0x00, 0x00, 0x00, 0x10,
    0x80, 0x00, 0xc0, 0x81, 0x0c, 0x10, 0x00, 0x00, 0x00, 0x00, 0x03, 0x00, 0x00, 0x00, 0x00, 0x00, 0x00, 0x10,
    0x80, 0x00, 0x41, 0x80, 0x1c, 0x00, 0x00, 0x00, 0x00, 0x00, 0x01, 0x00, 0x00, 0x00, 0x00, 0x00, 0x00, 0x10,
    0x80, 0x00, 0x07, 0x3f, 0xf8, 0x00, 0x00, 0x00, 0x00, 0x00, 0x00, 0x00, 0x00, 0x00, 0x00, 0x00, 0x00, 0x10,
    0x80, 0x00, 0x07, 0xff, 0xff, 0x00, 0x08, 0x00, 0x00, 0x00, 0x00, 0x00, 0x00, 0x00, 0x00, 0x00, 0x00, 0x10,
    0x80, 0x00, 0x0f, 0xff, 0xff, 0xe0, 0x18, 0x00, 0x00, 0x00, 0x00, 0x00, 0x00, 0x00, 0x00, 0x00, 0x00, 0x10,
    0x80, 0x00, 0x7f, 0xec, 0x0f, 0xfc, 0x30, 0x00, 0x00, 0x00, 0x00, 0x00, 0x00, 0x00, 0x00, 0x00, 0x00, 0x10,
    0x80, 0x21, 0xfe, 0x0e, 0x00, 0xff, 0x70, 0x00, 0x00, 0x00, 0x00, 0x00, 0x00, 0x00, 0x00, 0x00, 0x00, 0x10,
    0x80, 0x47, 0xf0, 0x03, 0x00, 0x3f, 0xe0, 0x00, 0x00, 0x00, 0x00, 0x00, 0x00, 0x00, 0x00, 0x00, 0x00, 0x10,
    0x81, 0xff, 0xc0, 0x01, 0x00, 0x3f, 0xf0, 0x00, 0x20, 0x02, 0x00, 0x00, 0x00, 0x00, 0x00, 0x00, 0x00, 0x10,
    0x81, 0xff, 0x00, 0x00, 0x00, 0x19, 0xfe, 0x00, 0x60, 0x06, 0x00, 0x00, 0x00, 0x00, 0x00, 0x00, 0x00, 0x10,
    0x87, 0xfb, 0x80, 0x00, 0x00, 0x04, 0x7f, 0x81, 0xc0, 0x0c, 0x00, 0x00, 0x00, 0x00, 0x00, 0x00, 0x00, 0x10,
    0xbf, 0xe1, 0x80, 0x00, 0x00, 0x00, 0x0f, 0xf9, 0x80, 0x78, 0x00, 0x00, 0x00, 0x00, 0x00, 0x00, 0x00, 0x10,
    0xff, 0x80, 0xc0, 0x00, 0x00, 0x00, 0x03, 0xff, 0xff, 0xf0, 0x00, 0x00, 0x00, 0x00, 0x01, 0x00, 0x00, 0x10,
    0xfc, 0x00, 0x40, 0x00, 0x00, 0x00, 0x00, 0xff, 0xff, 0x80, 0x00, 0x00, 0x00, 0x00, 0x00, 0x00, 0x00, 0x10,
    0xc0, 0x00, 0x00, 0x00, 0x00, 0x00, 0x00, 0xe7, 0xff, 0x00, 0x00, 0x00, 0x00, 0x00, 0x00, 0x00, 0x00, 0x10,
    0x80, 0x00, 0x00, 0x00, 0x00, 0x00, 0x00, 0x60, 0x03, 0x82, 0x00, 0x00, 0x00, 0x00, 0x00, 0x00, 0x00, 0x10,
    0x80, 0x20, 0x00, 0x00, 0x00, 0x00, 0x00, 0x10, 0x01, 0x80, 0x80, 0x00, 0x00, 0x00, 0x02, 0x00, 0x00, 0x50,
    0x80, 0x60, 0x00, 0x00, 0x00, 0x00, 0x00, 0x00, 0x00, 0xc1, 0x80, 0x00, 0x00, 0x00, 0x00, 0x00, 0x00, 0x10,
    0x80, 0xc0, 0x00, 0x00, 0x00, 0x00, 0x00, 0x00, 0x00, 0x43, 0x00, 0x00, 0x00, 0x00, 0x00, 0x00, 0x00, 0x10,
    0x81, 0x80, 0x00, 0x80, 0x00, 0x00, 0x00, 0x00, 0x00, 0x06, 0x00, 0x00, 0x00, 0x00, 0x00, 0x00, 0x00, 0x10,
    0x8f, 0xfc, 0x03, 0x00, 0x00, 0x00, 0x00, 0x00, 0x20, 0x7f, 0x80, 0x00, 0x00, 0x00, 0x00, 0x00, 0x00, 0x10,
    0xff, 0xff, 0xc7, 0x00, 0x00, 0x00, 0x00, 0x00, 0x63, 0xff, 0xfc, 0x00, 0x00, 0x00, 0x00, 0x00, 0x00, 0x10,
    0xff, 0xff, 0xfe, 0x00, 0x00, 0x00, 0x00, 0x00, 0xdf, 0xff, 0xff, 0x00, 0x00, 0x00, 0x00, 0x00, 0x00, 0x10,
    0xf8, 0x03, 0xff, 0x00, 0x00, 0x00, 0x00, 0x01, 0xff, 0xc0, 0x07, 0x00, 0x00, 0x00, 0x00, 0x00, 0x00, 0x10,
    0x80, 0x03, 0xbf, 0xc0, 0x00, 0x00, 0x00, 0x03, 0xff, 0x00, 0x01, 0x80, 0x00, 0x00, 0x00, 0x00, 0x00, 0x10,
    0x80, 0x01, 0x87, 0xf0, 0x02, 0x00, 0x08, 0x0f, 0xe3, 0x80, 0x00, 0xc0, 0x00, 0x00, 0x00, 0x00, 0x00, 0x10,
    0x80, 0x00, 0xc1, 0xfc, 0x0c, 0x00, 0x18, 0x7f, 0x81, 0x80, 0x00, 0x40, 0x00, 0x00, 0x00, 0x00, 0x00, 0x10,
    0x80, 0x00, 0x40, 0x7f, 0x9c, 0x00, 0x31, 0xfe, 0x00, 0x40, 0x00, 0x00, 0x00, 0x00, 0x00, 0x00, 0x00, 0x10,
    0x80, 0x00, 0x00, 0x1f, 0xf8, 0x00, 0x7f, 0xf0, 0x00, 0x00, 0x00, 0x00, 0x00, 0x00, 0x00, 0x00, 0x00, 0x10,
    0x80, 0x00, 0x00, 0x0f, 0xfe, 0x00, 0xff, 0xc0, 0x00, 0x00, 0x00, 0x00, 0x00, 0x00, 0x00, 0x00, 0x00, 0x10,
    0x80, 0x00, 0x00, 0x06, 0xff, 0xff, 0xff, 0xc0, 0x00, 0x00, 0x00, 0x00, 0x00, 0x00, 0x00, 0x00, 0x00, 0x10,
    0x80, 0x00, 0x00, 0x03, 0x1f, 0xff, 0xf8, 0xe0, 0x00, 0x00, 0x00, 0x00, 0x00, 0x00, 0x00, 0x00, 0x00, 0x10,
    0x80, 0x00, 0x00, 0x01, 0x01, 0xff, 0x80, 0x30, 0x00, 0x00, 0x00, 0x00, 0x00, 0x00, 0x00, 0x00, 0x00, 0x10,
    0x80, 0x00, 0x00, 0x00, 0x00, 0x30, 0x00, 0x10, 0x00, 0x00, 0x00, 0x00, 0x00, 0x00, 0x00, 0x00, 0x00, 0x10,
    0x80, 0x00, 0x00, 0x00, 0x00, 0x18, 0x00, 0x00, 0x00, 0x00, 0x00, 0x00, 0x00, 0x00, 0x00, 0x00, 0x00, 0x10,
    0x80, 0x00, 0x00, 0x00, 0x00, 0x0c, 0x00, 0x00, 0x00, 0x00, 0x00, 0x00, 0x00, 0x00, 0x00, 0x00, 0x00, 0x10,
    0x80, 0x00, 0x00, 0x00, 0x02, 0x04, 0x08, 0x00, 0x00, 0x00, 0x00, 0x00, 0x00, 0x00, 0x00, 0x00, 0x00, 0x10,
    0x80, 0x00, 0x00, 0x00, 0x0c, 0x00, 0x10, 0x00, 0x00, 0x00, 0x00, 0x00, 0x00, 0x00, 0x00, 0x00, 0x00, 0x10,
    0x80, 0x00, 0x00, 0x00, 0x1c, 0x00, 0x70, 0x00, 0x00, 0x00, 0x00, 0x00, 0x06, 0x00, 0x00, 0x00, 0x00, 0x10,
    0x80, 0x00, 0x00, 0x00, 0x1f, 0xff, 0x60, 0x00, 0x00, 0x00, 0x00, 0x00, 0x06, 0x00, 0x00, 0x00, 0x00, 0x10,
    0x80, 0x00, 0x00, 0x80, 0xff, 0xff, 0xf0, 0x00, 0x20, 0x00, 0x00, 0x00, 0x06, 0xc0, 0x00, 0x00, 0x00, 0x10,
    0x80, 0x00, 0x01, 0x87, 0xff, 0xff, 0xff, 0x00, 0x60, 0x00, 0x00, 0x00, 0x07, 0x80, 0x00, 0x00, 0x00, 0x10,
    0x80, 0x00, 0x03, 0x3f, 0xf8, 0x30, 0xff, 0xc0, 0xc0, 0x00, 0x00, 0x00, 0x06, 0x00, 0x00, 0x00, 0x00, 0x10,
    0x80, 0x20, 0x07, 0xff, 0x80, 0x18, 0x0f, 0xf9, 0xc0, 0x00, 0x00, 0x00, 0x06, 0x00, 0x00, 0x00, 0x00, 0x10,
    0x80, 0x60, 0x0f, 0xfc, 0x00, 0x0c, 0x01, 0xff, 0x80, 0x00, 0x00, 0x00, 0x06, 0x00, 0x00, 0x00, 0x00, 0x10,
    0x80, 0xc0, 0x7f, 0xee, 0x00, 0x04, 0x00, 0xff, 0xc0, 0x0c, 0x00, 0x00, 0x07, 0x00, 0x00, 0x00, 0x00, 0x10,
    0xc1, 0x87, 0xff, 0x06, 0x00, 0x00, 0x00, 0x67, 0xf8, 0x18, 0x00, 0x00, 0x03, 0x00, 0x00, 0x00, 0x00, 0x10,
    0xff, 0xff, 0xf8, 0x03, 0x00, 0x00, 0x00, 0x30, 0xff, 0xf0, 0x00, 0x00, 0x03, 0x80, 0x00, 0x00, 0x00, 0x10,
    0xff, 0xff, 0xc0, 0x01, 0x00, 0x00, 0x00, 0x10, 0x07, 0xe0, 0x00, 0x00, 0x01, 0x80, 0x00, 0x00, 0x00, 0x10,
    0xbf, 0xfb, 0x00, 0x00, 0x00, 0x00, 0x00, 0x00, 0x00, 0x00, 0x00, 0x00, 0x00, 0xc0, 0x00, 0x00, 0x00, 0x10,
    0x80, 0x03, 0x80, 0x00, 0x00, 0x00, 0x00, 0x00, 0x00, 0x00, 0x00, 0x00, 0x00, 0xe0, 0x00, 0x00, 0x00, 0x10,
    0xff, 0xff, 0xff, 0xff, 0xff, 0xff, 0xff, 0xff, 0xff, 0xff, 0xff, 0xff, 0xff, 0xff, 0xff, 0xff, 0xff, 0xf0,
};

static const lv_img_dsc_t gaming39 = {
    .header.cf = LV_IMG_CF_INDEXED_1BIT,
    .header.always_zero = 0,
    .header.reserved = 0,
    .header.w = 140,
    .header.h = 68,
    .data_size = 1232,
    .data = gaming39_map,
};

static const LV_ATTRIBUTE_MEM_ALIGN LV_ATTRIBUTE_LARGE_CONST uint8_t gaming40_map[] = {
#if CONFIG_NICE_VIEW_WIDGET_INVERTED
    0xff, 0xff, 0xff, 0xff, /*Color of index 0*/
    0x00, 0x00, 0x00, 0xff, /*Color of index 1*/
#else
    0x00, 0x00, 0x00, 0xff, /*Color of index 0*/
    0xff, 0xff, 0xff, 0xff, /*Color of index 1*/
#endif
    0xff, 0xff, 0xff, 0xff, 0xff, 0xff, 0xff, 0xff, 0xff, 0xff, 0xff, 0xff, 0xff, 0xff, 0xff, 0xff, 0xff, 0xf0,
    0x80, 0x00, 0x00, 0x00, 0x00, 0x00, 0x30, 0x00, 0x20, 0x03, 0x80, 0x00, 0x00, 0x00, 0x03, 0x80, 0x00, 0x10,
    0x80, 0x00, 0x00, 0x00, 0x00, 0x00, 0x70, 0x00, 0xc0, 0x03, 0x00, 0x00, 0x00, 0x00, 0x03, 0x00, 0x00, 0x10,
    0x80, 0x00, 0x00, 0x00, 0x02, 0x00, 0xff, 0xe1, 0xc0, 0x06, 0x00, 0x00, 0x00, 0x08, 0x06, 0x00, 0x00, 0x10,
    0x80, 0x00, 0x00, 0x00, 0x06, 0x1f, 0xff, 0xff, 0x80, 0x0e, 0x00, 0x00, 0x00, 0x18, 0x3f, 0x00, 0x00, 0x10,
    0x80, 0x20, 0x00, 0x00, 0x0c, 0xff, 0xff, 0xff, 0xe0, 0x0c, 0x80, 0x00, 0x00, 0x75, 0xff, 0x80, 0x00, 0x10,
    0x80, 0x60, 0x00, 0x00, 0x1f, 0xff, 0x00, 0xdf, 0xf8, 0x1d, 0x80, 0x00, 0x00, 0x7f, 0xfc, 0xc0, 0x00, 0x10,
    0xe0, 0xc0, 0x00, 0x80, 0x3f, 0xf0, 0x00, 0xe1, 0xff, 0x1b, 0x00, 0x02, 0x00, 0xfe, 0xd8, 0x60, 0x00, 0x10,
    0xfd, 0x80, 0x01, 0x80, 0xff, 0xb8, 0x00, 0x30, 0x3f, 0xff, 0x00, 0x0c, 0x07, 0xfc, 0xf8, 0x00, 0x00, 0x10,
    0xff, 0x80, 0x07, 0x0f, 0xfc, 0x18, 0x00, 0x10, 0x07, 0xfe, 0x00, 0x1c, 0x3f, 0xe0, 0x78, 0x00, 0x00, 0x10,
    0x9f, 0xf8, 0x06, 0xff, 0xe0, 0x0c, 0x00, 0x00, 0x03, 0xff, 0xe0, 0x1f, 0xff, 0x00, 0x3e, 0x00, 0x00, 0x10,
    0x83, 0xff, 0xff, 0xff, 0x00, 0x04, 0x00, 0x00, 0x01, 0x9f, 0xff, 0xff, 0xf8, 0x00, 0x1b, 0x00, 0x00, 0x10,
    0x80, 0x7f, 0xff, 0xfc, 0x00, 0x00, 0x00, 0x00, 0x00, 0xdb, 0xff, 0xff, 0xf0, 0x00, 0x18, 0x00, 0x00, 0x10,
    0x80, 0x07, 0xff, 0x0e, 0x00, 0x00, 0x00, 0x00, 0x00, 0x58, 0x3f, 0xf8, 0x38, 0x20, 0x18, 0x00, 0x00, 0x10,
    0x80, 0x03, 0x80, 0x06, 0x02, 0x00, 0x00, 0x00, 0x00, 0x18, 0x0e, 0x00, 0x18, 0x00, 0x18, 0x00, 0x00, 0x10,
    0x80, 0x01, 0x80, 0x03, 0x06, 0x00, 0x00, 0x00, 0x00, 0x0c, 0x06, 0x00, 0x04, 0x00, 0x0c, 0x00, 0x00, 0x10,
    0x80, 0x00, 0xc0, 0x81, 0x0c, 0x10, 0x00, 0x00, 0x00, 0x0c, 0x03, 0x00, 0x00, 0x00, 0x0c, 0x00, 0x00, 0x10,
    0x80, 0x00, 0x41, 0x80, 0x1c, 0x00, 0x00, 0x00, 0x00, 0x0e, 0x01, 0x00, 0x00, 0x00, 0x0e, 0x00, 0x00, 0x10,
    0x80, 0x00, 0x07, 0x3f, 0xf8, 0x00, 0x00, 0x00, 0x00, 0x38, 0x00, 0x00, 0x00, 0x00, 0x38, 0x00, 0x00, 0x10,
    0x80, 0x00, 0x07, 0xff, 0xff, 0x00, 0x08, 0x00, 0x00, 0x60, 0x00, 0x00, 0x00, 0x00, 0x60, 0x00, 0x00, 0x10,
    0x80, 0x00, 0x0f, 0xff, 0xff, 0xe0, 0x18, 0x00, 0x00, 0x00, 0x00, 0xc0, 0x00, 0x00, 0x00, 0x00, 0x00, 0x10,
    0x80, 0x00, 0x7f, 0xec, 0x0f, 0xfc, 0x30, 0x00, 0x00, 0x00, 0x81, 0x80, 0x00, 0x00, 0x00, 0x00, 0x00, 0x10,
    0x80, 0x21, 0xfe, 0x0e, 0x00, 0xff, 0x70, 0x00, 0x00, 0x01, 0x87, 0x00, 0x00, 0x00, 0x00, 0x00, 0x00, 0x10,
    0x80, 0x47, 0xf0, 0x03, 0x00, 0x3f, 0xe0, 0x00, 0x00, 0x03, 0x1e, 0x00, 0x00, 0x00, 0x00, 0x00, 0x00, 0x10,
    0x81, 0xff, 0xc0, 0x01, 0x00, 0x3f, 0xf0, 0x00, 0x20, 0x07, 0x7c, 0x00, 0x00, 0x00, 0x00, 0x00, 0x00, 0x10,
    0x81, 0xff, 0x00, 0x00, 0x00, 0x19, 0xfe, 0x00, 0x60, 0x07, 0xe0, 0x00, 0x00, 0x00, 0x00, 0x00, 0x00, 0x10,
    0x87, 0xfb, 0x80, 0x00, 0x00, 0x04, 0x7f, 0x81, 0xc0, 0x3f, 0x80, 0x00, 0x00, 0x00, 0x00, 0x00, 0x00, 0x10,
    0xbf, 0xe1, 0x80, 0x00, 0x00, 0x00, 0x0f, 0xf9, 0x81, 0xfe, 0x00, 0x00, 0x00, 0x00, 0x00, 0x00, 0x00, 0x10,
    0xff, 0x80, 0xc0, 0x00, 0x00, 0x00, 0x03, 0xff, 0xff, 0xf8, 0x00, 0x00, 0x00, 0x00, 0x00, 0x00, 0x00, 0x10,
    0xfc, 0x00, 0x40, 0x00, 0x00, 0x00, 0x00, 0xff, 0xff, 0xe0, 0x00, 0x00, 0x00, 0x00, 0x00, 0x00, 0x00, 0x10,
    0xc0, 0x00, 0x00, 0x00, 0x00, 0x00, 0x00, 0xe7, 0xff, 0x00, 0x00, 0x00, 0x00, 0x00, 0x00, 0x00, 0x00, 0x10,
    0x80, 0x00, 0x00, 0x00, 0x00, 0x00, 0x00, 0x60, 0x03, 0x82, 0x00, 0x00, 0x00, 0x00, 0x00, 0x00, 0x00, 0x10,
    0x80, 0x20, 0x00, 0x00, 0x00, 0x00, 0x00, 0x10, 0x01, 0x80, 0x80, 0x00, 0x00, 0x00, 0x02, 0x00, 0x00, 0x50,
    0x80, 0x60, 0x00, 0x00, 0x00, 0x00, 0x00, 0x00, 0x00, 0xc1, 0x80, 0x00, 0x00, 0x00, 0x00, 0x00, 0x00, 0x10,
    0x80, 0xc0, 0x00, 0x00, 0x00, 0x00, 0x00, 0x00, 0x00, 0x43, 0x00, 0x00, 0x00, 0x00, 0x00, 0x00, 0x00, 0x10,
    0x81, 0x80, 0x00, 0x80, 0x00, 0x00, 0x00, 0x00, 0x00, 0x06, 0x00, 0x02, 0x00, 0x00, 0x00, 0x00, 0x00, 0x10,
    0x8f, 0xfc, 0x03, 0x00, 0x00, 0x00, 0x00, 0x00, 0x20, 0x7f, 0xe0, 0x06, 0x00, 0x00, 0x00, 0x00, 0x00, 0x10,
    0xff, 0xff, 0xc7, 0x00, 0x00, 0x00, 0x00, 0x00, 0x63, 0xff, 0xfe, 0x0c, 0x00, 0x00, 0x00, 0x00, 0x00, 0x10,
    0xff, 0xff, 0xfe, 0x00, 0x00, 0x00, 0x00, 0x00, 0xdf, 0xff, 0xff, 0xd8, 0x00, 0x00, 0x00, 0x00, 0x00, 0x10,
    0xf8, 0x03, 0xff, 0x00, 0x00, 0x00, 0x00, 0x01, 0xff, 0xc0, 0x1f, 0xf8, 0x00, 0x00, 0x00, 0x00, 0x00, 0x10,
    0x80, 0x03, 0xbf, 0xc0, 0x00, 0x00, 0x00, 0x03, 0xff, 0x00, 0x0f, 0xfc, 0x00, 0x00, 0x00, 0x00, 0x00, 0x10,
    0x80, 0x01, 0x87, 0xf0, 0x02, 0x00, 0x08, 0x0f, 0xe3, 0x80, 0x06, 0x3f, 0x00, 0x00, 0x00, 0x00, 0x00, 0x10,
    0x80, 0x00, 0xc1, 0xfc, 0x0c, 0x00, 0x18, 0x7f, 0x81, 0x80, 0x03, 0x07, 0xc0, 0x00, 0x00, 0x00, 0x00, 0x10,
    0x80, 0x00, 0x40, 0x7f, 0x9c, 0x00, 0x31, 0xfe, 0x00, 0x40, 0x01, 0x00, 0xf0, 0x00, 0x00, 0x00, 0x00, 0x10,
    0x80, 0x00, 0x00, 0x1f, 0xf8, 0x00, 0x7f, 0xf0, 0x00, 0x00, 0x00, 0x00, 0x38, 0x00, 0x00, 0x00, 0x00, 0x10,
    0x80, 0x00, 0x00, 0x0f, 0xfe, 0x00, 0xff, 0xc0, 0x00, 0x00, 0x00, 0x00, 0x1c, 0x00, 0x00, 0x00, 0x00, 0x10,
    0x80, 0x00, 0x00, 0x06, 0xff, 0xff, 0xff, 0xc0, 0x00, 0x00, 0x00, 0x00, 0x0e, 0x00, 0x00, 0x00, 0x00, 0x10,
    0x80, 0x00, 0x00, 0x03, 0x1f, 0xff, 0xf8, 0xe0, 0x00, 0x00, 0x00, 0x00, 0x04, 0x00, 0x00, 0x00, 0x00, 0x10,
    0x80, 0x00, 0x00, 0x01, 0x01, 0xff, 0x80, 0x30, 0x00, 0x00, 0x00, 0x00, 0x18, 0x00, 0x00, 0x00, 0x00, 0x10,
    0x80, 0x00, 0x00, 0x00, 0x00, 0x30, 0x00, 0x10, 0x00, 0x00, 0x00, 0x00, 0x0e, 0x00, 0x00, 0x00, 0x00, 0x10,
    0x80, 0x00, 0x00, 0x00, 0x00, 0x18, 0x00, 0x00, 0x00, 0x00, 0x00, 0x00, 0x03, 0x80, 0x00, 0x00, 0x00, 0x10,
    0x80, 0x00, 0x00, 0x00, 0x00, 0x0c, 0x00, 0x00, 0x00, 0x00, 0x00, 0x00, 0x03, 0x00, 0x00, 0x00, 0x00, 0x10,
    0x80, 0x00, 0x00, 0x00, 0x02, 0x04, 0x08, 0x00, 0x00, 0x00, 0x00, 0x00, 0x03, 0x00, 0x00, 0x00, 0x00, 0x10,
    0x80, 0x00, 0x00, 0x00, 0x0c, 0x00, 0x10, 0x00, 0x00, 0x00, 0x00, 0x00, 0x06, 0x00, 0x00, 0x00, 0x00, 0x10,
    0x80, 0x00, 0x00, 0x00, 0x1c, 0x00, 0x70, 0x00, 0x00, 0x00, 0x00, 0x00, 0x06, 0x00, 0x00, 0x00, 0x00, 0x10,
    0x80, 0x00, 0x00, 0x00, 0x1f, 0xff, 0x60, 0x00, 0x00, 0x00, 0x00, 0x00, 0x06, 0x00, 0x00, 0x00, 0x00, 0x10,
    0x80, 0x00, 0x00, 0x80, 0xff, 0xff, 0xf0, 0x00, 0x20, 0x00, 0x00, 0x00, 0x06, 0xc0, 0x00, 0x00, 0x00, 0x10,
    0x80, 0x00, 0x01, 0x87, 0xff, 0xff, 0xff, 0x00, 0x60, 0x00, 0x00, 0x00, 0x07, 0x80, 0x00, 0x00, 0x00, 0x10,
    0x80, 0x00, 0x03, 0x3f, 0xf8, 0x30, 0xff, 0xc0, 0xc0, 0x00, 0x00, 0x00, 0x06, 0x00, 0x00, 0x00, 0x00, 0x10,
    0x80, 0x20, 0x07, 0xff, 0x80, 0x18, 0x0f, 0xf9, 0xc0, 0x00, 0x80, 0x00, 0x06, 0x00, 0x00, 0x00, 0x00, 0x10,
    0x80, 0x60, 0x0f, 0xfc, 0x00, 0x0c, 0x01, 0xff, 0x80, 0x01, 0x81, 0x00, 0x06, 0x00, 0x00, 0x00, 0x00, 0x10,
    0x80, 0xc0, 0x7f, 0xee, 0x00, 0x04, 0x00, 0xff, 0xe0, 0x03, 0x03, 0x00, 0x07, 0x00, 0x00, 0x00, 0x00, 0x10,
    0xc1, 0x87, 0xff, 0x06, 0x00, 0x00, 0x00, 0x67, 0xff, 0x06, 0x06, 0x00, 0x03, 0x00, 0x00, 0x00, 0x00, 0x10,
    0xff, 0xff, 0xf8, 0x03, 0x00, 0x00, 0x00, 0x30, 0xff, 0xff, 0xfc, 0x00, 0x03, 0x80, 0x00, 0x00, 0x00, 0x10,
    0xff, 0xff, 0xc0, 0x01, 0x00, 0x00, 0x00, 0x10, 0x1f, 0xff, 0xf8, 0x00, 0x01, 0x80, 0x00, 0x00, 0x00, 0x10,
    0xbf, 0xfb, 0x00, 0x00, 0x00, 0x00, 0x00, 0x00, 0x03, 0xfc, 0x00, 0x00, 0x00, 0xc0, 0x00, 0x00, 0x00, 0x10,
    0x80, 0x03, 0x80, 0x00, 0x00, 0x00, 0x00, 0x00, 0x03, 0x80, 0x00, 0x00, 0x00, 0xe0, 0x00, 0x00, 0x00, 0x10,
    0xff, 0xff, 0xff, 0xff, 0xff, 0xff, 0xff, 0xff, 0xff, 0xff, 0xff, 0xff, 0xff, 0xff, 0xff, 0xff, 0xff, 0xf0,
};

static const lv_img_dsc_t gaming40 = {
    .header.cf = LV_IMG_CF_INDEXED_1BIT,
    .header.always_zero = 0,
    .header.reserved = 0,
    .header.w = 140,
    .header.h = 68,
    .data_size = 1232,
    .data = gaming40_map,
};

static const LV_ATTRIBUTE_MEM_ALIGN LV_ATTRIBUTE_LARGE_CONST uint8_t gaming41_map[] = {
#if CONFIG_NICE_VIEW_WIDGET_INVERTED
    0xff, 0xff, 0xff, 0xff, /*Color of index 0*/
    0x00, 0x00, 0x00, 0xff, /*Color of index 1*/
#else
    0x00, 0x00, 0x00, 0xff, /*Color of index 0*/
    0xff, 0xff, 0xff, 0xff, /*Color of index 1*/
#endif
    0xff, 0xff, 0xff, 0xff, 0xff, 0xff, 0xff, 0xff, 0xff, 0xff, 0xff, 0xff, 0xff, 0xff, 0xff, 0xff, 0xff, 0xf0,
    0x80, 0x00, 0x00, 0x00, 0x00, 0x00, 0x30, 0x00, 0x20, 0x03, 0x80, 0x00, 0x00, 0x00, 0x03, 0xc0, 0x00, 0x10,
    0x80, 0x00, 0x00, 0x00, 0x00, 0x00, 0x70, 0x00, 0xc0, 0x03, 0x00, 0x00, 0x00, 0x00, 0x03, 0x80, 0x00, 0x10,
    0x80, 0x00, 0x00, 0x00, 0x02, 0x00, 0xff, 0xe1, 0xc0, 0x06, 0x00, 0x00, 0x00, 0x08, 0x07, 0xe0, 0x00, 0x10,
    0x80, 0x00, 0x00, 0x00, 0x06, 0x1f, 0xff, 0xff, 0x80, 0x0e, 0x00, 0x00, 0x00, 0x18, 0xff, 0xff, 0xc0, 0x10,
    0x80, 0x20, 0x00, 0x00, 0x0c, 0xff, 0xff, 0xff, 0xe0, 0x0c, 0x80, 0x00, 0x00, 0x77, 0xff, 0xff, 0xe0, 0x10,
    0x80, 0x60, 0x00, 0x00, 0x1f, 0xff, 0x00, 0xdf, 0xf8, 0x1d, 0x80, 0x00, 0x00, 0x7f, 0xfc, 0x00, 0x30, 0x10,
    0xe0, 0xc0, 0x00, 0x80, 0x3f, 0xf0, 0x00, 0xe1, 0xff, 0x1b, 0x00, 0x02, 0x00, 0xff, 0xd8, 0x00, 0x18, 0x10,
    0xfd, 0x80, 0x01, 0x80, 0xff, 0xb8, 0x00, 0x30, 0x3f, 0xff, 0x00, 0x0c, 0x07, 0xfc, 0xf8, 0x00, 0x08, 0x10,
    0xff, 0x80, 0x07, 0x0f, 0xfc, 0x18, 0x00, 0x10, 0x07, 0xfe, 0x00, 0x1c, 0x3f, 0xe0, 0x78, 0x00, 0x00, 0x10,
    0x9f, 0xf8, 0x06, 0xff, 0xe0, 0x0c, 0x00, 0x00, 0x03, 0xff, 0xe0, 0x1f, 0xff, 0x00, 0x3e, 0x00, 0x00, 0x10,
    0x83, 0xff, 0xff, 0xff, 0x00, 0x04, 0x00, 0x00, 0x01, 0x9f, 0xff, 0xff, 0xf8, 0x00, 0x1b, 0x00, 0x00, 0x10,
    0x80, 0x7f, 0xff, 0xfc, 0x00, 0x00, 0x00, 0x00, 0x00, 0xdb, 0xff, 0xff, 0xf0, 0x00, 0x18, 0x00, 0x00, 0x10,
    0x80, 0x07, 0xff, 0x0e, 0x00, 0x00, 0x00, 0x00, 0x00, 0x58, 0x3f, 0xf8, 0x38, 0x20, 0x18, 0x00, 0x00, 0x10,
    0x80, 0x03, 0x80, 0x06, 0x02, 0x00, 0x00, 0x00, 0x00, 0x18, 0x0e, 0x00, 0x18, 0x00, 0x18, 0x00, 0x00, 0x10,
    0x80, 0x01, 0x80, 0x03, 0x06, 0x00, 0x00, 0x00, 0x00, 0x0c, 0x06, 0x02, 0x04, 0x00, 0x0c, 0x00, 0x00, 0x10,
    0x80, 0x00, 0xc0, 0x81, 0x0c, 0x00, 0x00, 0x00, 0x00, 0x0c, 0x03, 0x02, 0x10, 0x00, 0x0c, 0x00, 0x00, 0x10,
    0x80, 0x00, 0x41, 0x80, 0x1c, 0x00, 0x00, 0x00, 0x00, 0x0e, 0x01, 0x0c, 0x30, 0x00, 0x0e, 0x00, 0x00, 0x10,
    0x80, 0x00, 0x07, 0x3f, 0xf8, 0x00, 0x00, 0x00, 0x00, 0x3e, 0x00, 0x1c, 0x60, 0x00, 0x3e, 0x00, 0x00, 0x10,
    0x80, 0x00, 0x07, 0xff, 0xff, 0x00, 0x08, 0x00, 0x00, 0x63, 0x00, 0x1f, 0xc0, 0x00, 0x63, 0x00, 0x00, 0x10,
    0x80, 0x00, 0x0f, 0xff, 0xff, 0xe0, 0x18, 0x00, 0x00, 0x03, 0x80, 0x3f, 0x80, 0x00, 0x03, 0x80, 0x00, 0x10,
    0x80, 0x00, 0x7f, 0xec, 0x0f, 0xfc, 0x30, 0x00, 0x00, 0x01, 0x83, 0xfc, 0x00, 0x00, 0x01, 0x80, 0x00, 0x10,
    0x80, 0x21, 0xfe, 0x0e, 0x00, 0xff, 0x70, 0x00, 0x00, 0x01, 0x8f, 0xe0, 0x00, 0x00, 0x00, 0x00, 0x00, 0x10,
    0x80, 0x47, 0xf0, 0x03, 0x00, 0x3f, 0xe0, 0x00, 0x00, 0x03, 0x3f, 0x80, 0x00, 0x00, 0x00, 0x00, 0x00, 0x10,
    0x81, 0xff, 0xc0, 0x01, 0x00, 0x3f, 0xf0, 0x00, 0x20, 0x07, 0xfe, 0x00, 0x00, 0x00, 0x00, 0x00, 0x00, 0x10,
    0x81, 0xff, 0x00, 0x00, 0x00, 0x19, 0xfe, 0x00, 0x60, 0x07, 0xfc, 0x00, 0x00, 0x00, 0x00, 0x00, 0x00, 0x10,
    0x87, 0xfb, 0x80, 0x00, 0x00, 0x04, 0x7f, 0x81, 0xc0, 0x3f, 0xce, 0x00, 0x00, 0x00, 0x00, 0x00, 0x00, 0x10,
    0xbf, 0xe1, 0x80, 0x00, 0x00, 0x00, 0x0f, 0xf9, 0x81, 0xff, 0x06, 0x00, 0x00, 0x00, 0x00, 0x00, 0x00, 0x10,
    0xff, 0x80, 0xc0, 0x00, 0x00, 0x00, 0x03, 0xff, 0xff, 0xfc, 0x01, 0x00, 0x00, 0x00, 0x00, 0x00, 0x00, 0x10,
    0xfc, 0x00, 0x40, 0x00, 0x00, 0x00, 0x00, 0xff, 0xff, 0xe0, 0x00, 0x00, 0x00, 0x00, 0x00, 0x00, 0x00, 0x10,
    0xc0, 0x00, 0x00, 0x00, 0x00, 0x00, 0x00, 0xe7, 0xff, 0x00, 0x00, 0x00, 0x00, 0x00, 0x00, 0x00, 0x00, 0x10,
    0x80, 0x00, 0x00, 0x00, 0x00, 0x00, 0x00, 0x60, 0x03, 0x82, 0x00, 0x00, 0x00, 0x00, 0x00, 0x00, 0x00, 0x10,
    0x80, 0x20, 0x00, 0x00, 0x00, 0x00, 0x00, 0x10, 0x01, 0x80, 0x80, 0x00, 0x00, 0x00, 0x02, 0x00, 0x00, 0x10,
    0x80, 0x60, 0x00, 0x00, 0x00, 0x00, 0x00, 0x00, 0x00, 0xc1, 0x80, 0x00, 0x00, 0x00, 0x00, 0x00, 0x00, 0x10,
    0x80, 0xc0, 0x00, 0x00, 0x00, 0x00, 0x00, 0x00, 0x00, 0x43, 0x00, 0x00, 0x00, 0x00, 0x00, 0x00, 0x00, 0x10,
    0x81, 0x80, 0x00, 0x80, 0x00, 0x00, 0x00, 0x00, 0x00, 0x06, 0x00, 0x02, 0x00, 0x00, 0x00, 0x00, 0x00, 0x10,
    0x8f, 0xfc, 0x03, 0x00, 0x00, 0x00, 0x00, 0x00, 0x20, 0x7f, 0xe0, 0x06, 0x00, 0x00, 0x00, 0x00, 0x00, 0x10,
    0xff, 0xff, 0xc7, 0x00, 0x00, 0x00, 0x00, 0x00, 0x63, 0xff, 0xfe, 0x0c, 0x00, 0x00, 0x00, 0x00, 0x00, 0x10,
    0xff, 0xff, 0xfe, 0x00, 0x00, 0x00, 0x00, 0x00, 0xdf, 0xff, 0xff, 0xd8, 0x00, 0x00, 0x00, 0x00, 0x00, 0x10,
    0xf8, 0x03, 0xff, 0x00, 0x00, 0x00, 0x00, 0x01, 0xff, 0xc0, 0x1f, 0xf8, 0x00, 0x00, 0x00, 0x00, 0x00, 0x10,
    0x80, 0x03, 0xbf, 0xc0, 0x00, 0x00, 0x00, 0x03, 0xff, 0x00, 0x0f, 0xfe, 0x00, 0x00, 0x00, 0x00, 0x00, 0x10,
    0x80, 0x01, 0x87, 0xf0, 0x02, 0x00, 0x08, 0x0f, 0xe3, 0x80, 0x06, 0x3f, 0x80, 0x08, 0x00, 0x00, 0x00, 0x10,
    0x80, 0x00, 0xc1, 0xfc, 0x0c, 0x00, 0x18, 0x7f, 0x81, 0x80, 0x03, 0x0f, 0xe0, 0x18, 0x00, 0x00, 0x00, 0x10,
    0x80, 0x00, 0x40, 0x7f, 0x9c, 0x00, 0x31, 0xfe, 0x00, 0x40, 0x01, 0x03, 0xfc, 0x70, 0x00, 0x00, 0x00, 0x10,
    0x80, 0x00, 0x00, 0x1f, 0xf8, 0x00, 0x7f, 0xf0, 0x00, 0x00, 0x00, 0x00, 0x7f, 0x60, 0x00, 0x00, 0x00, 0x10,
    0x80, 0x00, 0x00, 0x0f, 0xfe, 0x00, 0xff, 0xc0, 0x00, 0x00, 0x00, 0x00, 0x3f, 0xe0, 0x00, 0x00, 0x00, 0x10,
    0x80, 0x00, 0x00, 0x06, 0xff, 0xff, 0xff, 0xc0, 0x00, 0x00, 0x00, 0x00, 0x3f, 0xfe, 0x00, 0x00, 0x00, 0x10,
    0x80, 0x00, 0x00, 0x03, 0x1f, 0xff, 0xf8, 0xe0, 0x00, 0x00, 0x00, 0x00, 0x18, 0xff, 0x00, 0x00, 0x00, 0x10,
    0x80, 0x00, 0x00, 0x01, 0x01, 0xff, 0x80, 0x30, 0x00, 0x00, 0x00, 0x00, 0x1c, 0xc1, 0x80, 0x00, 0x00, 0x10,
    0x80, 0x00, 0x00, 0x00, 0x00, 0x30, 0x00, 0x10, 0x00, 0x00, 0x00, 0x00, 0x0f, 0x80, 0xc0, 0x00, 0x00, 0x10,
    0x80, 0x00, 0x00, 0x00, 0x00, 0x18, 0x00, 0x00, 0x00, 0x00, 0x00, 0x00, 0x03, 0x80, 0x60, 0x00, 0x00, 0x10,
    0x80, 0x00, 0x00, 0x00, 0x00, 0x0c, 0x00, 0x00, 0x00, 0x00, 0x00, 0x00, 0x03, 0x00, 0x00, 0x00, 0x00, 0x10,
    0x80, 0x00, 0x00, 0x00, 0x02, 0x04, 0x08, 0x00, 0x00, 0x00, 0x00, 0x00, 0x03, 0x00, 0x00, 0x00, 0x00, 0x10,
    0x80, 0x00, 0x00, 0x00, 0x0c, 0x00, 0x10, 0x00, 0x00, 0x00, 0x00, 0x00, 0x06, 0x00, 0x00, 0x00, 0x00, 0x10,
    0x80, 0x00, 0x00, 0x00, 0x1c, 0x00, 0x70, 0x00, 0x00, 0x00, 0x00, 0x00, 0x06, 0x00, 0x00, 0x00, 0x00, 0x10,
    0x80, 0x00, 0x00, 0x00, 0x1f, 0xff, 0x60, 0x00, 0x00, 0x00, 0x00, 0x00, 0x06, 0x00, 0x00, 0x00, 0x00, 0x10,
    0x80, 0x00, 0x00, 0x80, 0xff, 0xff, 0xf0, 0x00, 0x20, 0x00, 0x00, 0x00, 0x06, 0xc0, 0x00, 0x00, 0x00, 0x10,
    0x80, 0x00, 0x01, 0x87, 0xff, 0xff, 0xff, 0x00, 0x60, 0x00, 0x00, 0x00, 0x67, 0x80, 0x00, 0x00, 0x00, 0x10,
    0x80, 0x00, 0x03, 0x3f, 0xf8, 0x30, 0xff, 0xc0, 0xc0, 0x00, 0x00, 0x00, 0xc6, 0x00, 0x00, 0x00, 0x00, 0x10,
    0x80, 0x20, 0x07, 0xff, 0x80, 0x18, 0x0f, 0xf9, 0xc0, 0x00, 0x80, 0x03, 0x86, 0x00, 0x00, 0x00, 0x00, 0x10,
    0x80, 0x60, 0x0f, 0xfc, 0x00, 0x0c, 0x01, 0xff, 0x80, 0x01, 0x80, 0x1f, 0x06, 0x00, 0x00, 0x00, 0x00, 0x10,
    0x80, 0xc0, 0x7f, 0xee, 0x00, 0x04, 0x00, 0xff, 0xe0, 0x03, 0x00, 0xfc, 0x07, 0x00, 0x00, 0x00, 0x00, 0x10,
    0xc1, 0x87, 0xff, 0x06, 0x00, 0x00, 0x00, 0x67, 0xff, 0x06, 0x3f, 0xf0, 0x03, 0x00, 0x00, 0x00, 0x00, 0x10,
    0xff, 0xff, 0xf8, 0x03, 0x00, 0x00, 0x00, 0x30, 0xff, 0xff, 0xff, 0x80, 0x03, 0x80, 0x00, 0x00, 0x00, 0x10,
    0xff, 0xff, 0xc0, 0x01, 0x00, 0x00, 0x00, 0x10, 0x1f, 0xff, 0xfc, 0x00, 0x01, 0x80, 0x00, 0x00, 0x00, 0x10,
    0xbf, 0xfb, 0x00, 0x00, 0x00, 0x00, 0x00, 0x00, 0x03, 0xff, 0xec, 0x00, 0x00, 0xc0, 0x00, 0x00, 0x00, 0x10,
    0x80, 0x03, 0x80, 0x00, 0x00, 0x00, 0x00, 0x00, 0x03, 0x80, 0x0e, 0x00, 0x00, 0xe0, 0x00, 0x00, 0x00, 0x10,
    0xff, 0xff, 0xff, 0xff, 0xff, 0xff, 0xff, 0xff, 0xff, 0xff, 0xff, 0xff, 0xff, 0xff, 0xff, 0xff, 0xff, 0xf0,
};

static const lv_img_dsc_t gaming41 = {
    .header.cf = LV_IMG_CF_INDEXED_1BIT,
    .header.always_zero = 0,
    .header.reserved = 0,
    .header.w = 140,
    .header.h = 68,
    .data_size = 1232,
    .data = gaming41_map,
};

static const LV_ATTRIBUTE_MEM_ALIGN LV_ATTRIBUTE_LARGE_CONST uint8_t gaming42_map[] = {
#if CONFIG_NICE_VIEW_WIDGET_INVERTED
    0xff, 0xff, 0xff, 0xff, /*Color of index 0*/
    0x00, 0x00, 0x00, 0xff, /*Color of index 1*/
#else
    0x00, 0x00, 0x00, 0xff, /*Color of index 0*/
    0xff, 0xff, 0xff, 0xff, /*Color of index 1*/
#endif
    0xff, 0xff, 0xff, 0xff, 0xff, 0xff, 0xff, 0xff, 0xff, 0xff, 0xff, 0xff, 0xff, 0xff, 0xff, 0xff, 0xff, 0xf0,
    0x80, 0x00, 0x00, 0x00, 0x00, 0x00, 0x30, 0x00, 0x20, 0x03, 0x80, 0x00, 0x00, 0x00, 0x03, 0xc3, 0xb8, 0x10,
    0x80, 0x00, 0x00, 0x00, 0x00, 0x00, 0x70, 0x00, 0xc0, 0x03, 0x00, 0x00, 0x00, 0x00, 0x03, 0x83, 0xf8, 0x10,
    0x80, 0x00, 0x00, 0x00, 0x02, 0x00, 0xff, 0xe1, 0xc0, 0x06, 0x00, 0x00, 0x00, 0x08, 0x07, 0xe3, 0xf8, 0x10,
    0x80, 0x00, 0x00, 0x00, 0x06, 0x1f, 0xff, 0xff, 0x80, 0x0e, 0x00, 0x00, 0x00, 0x18, 0xff, 0xff, 0xf8, 0x10,
    0x80, 0x20, 0x00, 0x00, 0x0c, 0xff, 0xff, 0xff, 0xe0, 0x0c, 0x80, 0x00, 0x00, 0x77, 0xff, 0xff, 0xfc, 0x10,
    0x80, 0x60, 0x00, 0x00, 0x1f, 0xff, 0x00, 0xdf, 0xf8, 0x1d, 0x80, 0x00, 0x00, 0x7f, 0xfc, 0x07, 0xfc, 0x10,
    0xe0, 0xc0, 0x00, 0x80, 0x3f, 0xf0, 0x00, 0xe1, 0xff, 0x1b, 0x00, 0x02, 0x00, 0xff, 0xd8, 0x07, 0xfc, 0x10,
    0xfd, 0x80, 0x01, 0x80, 0xff, 0xb8, 0x00, 0x30, 0x3f, 0xff, 0x00, 0x0c, 0x07, 0xfc, 0xf8, 0x00, 0xe0, 0x10,
    0xff, 0x80, 0x07, 0x0f, 0xfc, 0x18, 0x00, 0x10, 0x07, 0xfe, 0x00, 0x1c, 0x3f, 0xe0, 0x78, 0x00, 0xe0, 0x10,
    0x9f, 0xf8, 0x06, 0xff, 0xe0, 0x0c, 0x00, 0x00, 0x03, 0xff, 0xe0, 0x1f, 0xff, 0x00, 0x3e, 0x00, 0x00, 0x10,
    0x83, 0xff, 0xff, 0xff, 0x00, 0x04, 0x00, 0x00, 0x01, 0x9f, 0xff, 0xff, 0xf8, 0x00, 0x1b, 0x00, 0x00, 0x10,
    0x80, 0x7f, 0xff, 0xfc, 0x00, 0x00, 0x00, 0x00, 0x00, 0xdb, 0xff, 0xff, 0xf0, 0x00, 0x18, 0x00, 0x00, 0x10,
    0x80, 0x07, 0xff, 0x0e, 0x00, 0x00, 0x00, 0x00, 0x00, 0x58, 0x3f, 0xf8, 0x38, 0x20, 0x18, 0x00, 0x00, 0x10,
    0x80, 0x03, 0x80, 0x06, 0x02, 0x00, 0x00, 0x00, 0x00, 0x18, 0x0e, 0x00, 0x18, 0x00, 0x18, 0x00, 0x00, 0x10,
    0x80, 0x01, 0x80, 0x03, 0x06, 0x00, 0x00, 0x00, 0x00, 0x0c, 0x06, 0x02, 0x74, 0x00, 0x0c, 0x00, 0x00, 0x10,
    0x80, 0x00, 0xc0, 0x81, 0x0c, 0x00, 0x00, 0x00, 0x00, 0x0c, 0x03, 0x03, 0xf8, 0x00, 0x0c, 0x00, 0x00, 0x10,
    0x80, 0x00, 0x41, 0x80, 0x1c, 0x00, 0x00, 0x00, 0x00, 0x0e, 0x01, 0x0f, 0xf0, 0x00, 0x0e, 0x00, 0x00, 0x10,
    0x80, 0x00, 0x07, 0x3f, 0xf8, 0x00, 0x00, 0x00, 0x00, 0x3e, 0x00, 0x1f, 0xfc, 0x00, 0x3e, 0x00, 0x00, 0x10,
    0x80, 0x00, 0x07, 0xff, 0xff, 0x00, 0x08, 0x00, 0x00, 0x63, 0x00, 0x1f, 0xdc, 0x00, 0x63, 0x00, 0x00, 0x10,
    0x80, 0x00, 0x0f, 0xff, 0xff, 0xe0, 0x18, 0x00, 0x00, 0x03, 0x80, 0x3f, 0xdc, 0x00, 0x03, 0x80, 0x00, 0x10,
    0x80, 0x00, 0x7f, 0xec, 0x0f, 0xfc, 0x30, 0x00, 0x00, 0x01, 0x83, 0xff, 0xfc, 0x00, 0x01, 0x80, 0x00, 0x10,
    0x80, 0x21, 0xfe, 0x0e, 0x00, 0xff, 0x70, 0x00, 0x00, 0x01, 0xcf, 0xe7, 0xf0, 0x00, 0x00, 0xc0, 0x00, 0x10,
    0x80, 0x47, 0xf0, 0x03, 0x00, 0x3f, 0xe0, 0x00, 0x00, 0x03, 0xff, 0x80, 0xf0, 0x00, 0x00, 0xe0, 0x00, 0x10,
    0x81, 0xff, 0xc0, 0x01, 0x00, 0x3f, 0xf0, 0x00, 0x20, 0x07, 0xfe, 0x00, 0x20, 0x00, 0x00, 0x60, 0x00, 0x10,
    0x81, 0xff, 0x00, 0x00, 0x00, 0x19, 0xfe, 0x00, 0x60, 0x07, 0xfc, 0x00, 0x00, 0x00, 0x00, 0x70, 0x80, 0x10,
    0x87, 0xfb, 0x80, 0x00, 0x00, 0x04, 0x7f, 0x81, 0xc0, 0x3f, 0xde, 0x00, 0x00, 0x00, 0x00, 0x1c, 0x00, 0x10,
    0xbf, 0xe1, 0x80, 0x00, 0x00, 0x00, 0x0f, 0xf9, 0x81, 0xff, 0x06, 0x00, 0x00, 0x00, 0x00, 0x06, 0x00, 0x10,
    0xff, 0x80, 0xc0, 0x00, 0x00, 0x00, 0x03, 0xff, 0xff, 0xfc, 0x01, 0x00, 0x00, 0x00, 0x00, 0x00, 0x00, 0x10,
    0xfc, 0x00, 0x40, 0x00, 0x00, 0x00, 0x00, 0xff, 0xff, 0xe0, 0x00, 0x00, 0x00, 0x00, 0x00, 0x00, 0x00, 0x10,
    0xc0, 0x00, 0x00, 0x00, 0x00, 0x00, 0x00, 0xe7, 0xff, 0x00, 0x00, 0x00, 0x00, 0x00, 0x00, 0x00, 0x00, 0x10,
    0x80, 0x00, 0x00, 0x00, 0x00, 0x00, 0x00, 0x60, 0x03, 0x82, 0x00, 0x00, 0x00, 0x00, 0x00, 0x00, 0x00, 0x10,
    0x80, 0x20, 0x00, 0x00, 0x00, 0x00, 0x00, 0x10, 0x01, 0x80, 0x80, 0x00, 0x00, 0x00, 0x02, 0x00, 0x00, 0x10,
    0x80, 0x60, 0x00, 0x00, 0x00, 0x00, 0x00, 0x00, 0x00, 0xc1, 0x80, 0x00, 0x00, 0x00, 0x00, 0x00, 0x00, 0x10,
    0x80, 0xc0, 0x00, 0x00, 0x00, 0x00, 0x00, 0x00, 0x00, 0x43, 0x00, 0x00, 0x00, 0x00, 0x00, 0x00, 0x00, 0x10,
    0x81, 0x80, 0x00, 0x80, 0x00, 0x00, 0x00, 0x00, 0x00, 0x06, 0x00, 0x02, 0x00, 0x00, 0x00, 0x00, 0x00, 0x10,
    0x8f, 0xfc, 0x03, 0x00, 0x00, 0x00, 0x00, 0x00, 0x20, 0x7f, 0xe0, 0x06, 0x00, 0x00, 0x00, 0x00, 0x00, 0x10,
    0xff, 0xff, 0xc7, 0x00, 0x00, 0x00, 0x00, 0x00, 0x63, 0xff, 0xfe, 0x0c, 0x00, 0x00, 0x00, 0x00, 0x00, 0x10,
    0xff, 0xff, 0xfe, 0x00, 0x00, 0x00, 0x00, 0x00, 0xdf, 0xff, 0xff, 0xd8, 0x00, 0x00, 0x00, 0x00, 0x00, 0x10,
    0xf8, 0x03, 0xff, 0x00, 0x00, 0x00, 0x00, 0x01, 0xff, 0xc0, 0x1f, 0xf8, 0x00, 0x00, 0x00, 0x00, 0x00, 0x10,
    0x80, 0x03, 0xbf, 0xc0, 0x00, 0x00, 0x00, 0x03, 0xff, 0x00, 0x0f, 0xfe, 0x00, 0x01, 0x80, 0x00, 0x00, 0x10,
    0x80, 0x01, 0x87, 0xf0, 0x02, 0x00, 0x08, 0x0f, 0xe3, 0x80, 0x06, 0x3f, 0x80, 0x0f, 0x00, 0x00, 0x00, 0x10,
    0x80, 0x00, 0xc1, 0xfc, 0x0c, 0x00, 0x18, 0x7f, 0x81, 0x80, 0x03, 0x0f, 0xe0, 0x1c, 0x06, 0x00, 0x00, 0x10,
    0x80, 0x00, 0x40, 0x7f, 0x9c, 0x00, 0x31, 0xfe, 0x00, 0x40, 0x01, 0x03, 0xfc, 0x78, 0x0f, 0x00, 0x00, 0x10,
    0x80, 0x00, 0x00, 0x1f, 0xf8, 0x00, 0x7f, 0xf0, 0x00, 0x00, 0x00, 0x00, 0x7f, 0xf8, 0x7f, 0x80, 0x00, 0x10,
    0x80, 0x00, 0x00, 0x0f, 0xfe, 0x00, 0xff, 0xc0, 0x00, 0x00, 0x00, 0x00, 0x3f, 0xf0, 0x7f, 0xc0, 0x00, 0x10,
    0x80, 0x00, 0x00, 0x06, 0xff, 0xff, 0xff, 0xc0, 0x00, 0x00, 0x00, 0x00, 0x3f, 0xff, 0xff, 0xc0, 0x00, 0x10,
    0x80, 0x00, 0x00, 0x03, 0x1f, 0xff, 0xf8, 0xe0, 0x00, 0x00, 0x00, 0x00, 0x18, 0xff, 0xfd, 0xc0, 0x00, 0x10,
    0x80, 0x00, 0x00, 0x01, 0x01, 0xff, 0x80, 0x30, 0x00, 0x00, 0x00, 0x00, 0x1c, 0xcd, 0xff, 0x80, 0x00, 0x10,
    0x80, 0x00, 0x00, 0x00, 0x00, 0x30, 0x00, 0x10, 0x00, 0x00, 0x00, 0x00, 0x0f, 0x80, 0xff, 0x80, 0x00, 0x10,
    0x80, 0x00, 0x00, 0x00, 0x00, 0x18, 0x00, 0x00, 0x00, 0x00, 0x00, 0x00, 0x03, 0x80, 0x7f, 0x80, 0x00, 0x10,
    0x80, 0x00, 0x00, 0x00, 0x00, 0x0c, 0x00, 0x00, 0x00, 0x00, 0x00, 0x00, 0x03, 0x00, 0x33, 0x00, 0x00, 0x10,
    0x80, 0x00, 0x00, 0x00, 0x02, 0x04, 0x08, 0x00, 0x00, 0x00, 0x00, 0x00, 0x03, 0xc0, 0x10, 0x00, 0x00, 0x10,
    0x80, 0x00, 0x00, 0x00, 0x0c, 0x00, 0x10, 0x00, 0x00, 0x00, 0x00, 0x00, 0x07, 0xe0, 0x00, 0x00, 0x00, 0x10,
    0x80, 0x00, 0x00, 0x00, 0x1c, 0x00, 0x70, 0x00, 0x00, 0x00, 0x00, 0x00, 0x07, 0xfc, 0x00, 0x00, 0x00, 0x10,
    0x80, 0x00, 0x00, 0x00, 0x1f, 0xff, 0x60, 0x00, 0x00, 0x00, 0x00, 0x00, 0x07, 0xfc, 0x00, 0x00, 0x00, 0x10,
    0x80, 0x00, 0x00, 0x80, 0xff, 0xff, 0xf0, 0x00, 0x20, 0x00, 0x00, 0x02, 0x07, 0xfc, 0x00, 0x00, 0x00, 0x10,
    0x80, 0x00, 0x01, 0x87, 0xff, 0xff, 0xff, 0x00, 0x60, 0x00, 0x00, 0x06, 0x0f, 0xd8, 0x00, 0x00, 0x00, 0x10,
    0x80, 0x00, 0x03, 0x3f, 0xf8, 0x30, 0xff, 0xc0, 0xc0, 0x00, 0x00, 0x0d, 0xff, 0xf8, 0x00, 0x00, 0x00, 0x10,
    0x80, 0x20, 0x07, 0xff, 0x80, 0x18, 0x0f, 0xf9, 0xc0, 0x00, 0x80, 0x1f, 0xf7, 0xfc, 0x00, 0x00, 0x00, 0x10,
    0x80, 0x60, 0x0f, 0xfc, 0x00, 0x0c, 0x01, 0xff, 0x80, 0x01, 0x80, 0x3f, 0xf7, 0xf8, 0x00, 0x00, 0x00, 0x10,
    0x80, 0xc0, 0x7f, 0xee, 0x00, 0x04, 0x00, 0xff, 0xe0, 0x03, 0x03, 0xff, 0x3f, 0x80, 0x00, 0x00, 0x00, 0x10,
    0xc1, 0x87, 0xff, 0x06, 0x00, 0x00, 0x00, 0x67, 0xff, 0x06, 0x3f, 0xf8, 0x1b, 0x00, 0x00, 0x00, 0x00, 0x10,
    0xff, 0xff, 0xf8, 0x03, 0x00, 0x00, 0x00, 0x30, 0xff, 0xff, 0xff, 0xc0, 0x07, 0x80, 0x00, 0x00, 0x00, 0x10,
    0xff, 0xff, 0xc0, 0x01, 0x00, 0x00, 0x00, 0x10, 0x1f, 0xff, 0xfe, 0x00, 0x05, 0x80, 0x00, 0x00, 0x00, 0x10,
    0xbf, 0xfb, 0x00, 0x00, 0x00, 0x00, 0x00, 0x00, 0x03, 0xff, 0xec, 0x00, 0x00, 0xc0, 0x00, 0x00, 0x00, 0x10,
    0x80, 0x03, 0x80, 0x00, 0x00, 0x00, 0x00, 0x00, 0x03, 0x80, 0x0e, 0x00, 0x00, 0xe0, 0x00, 0x00, 0x00, 0x10,
    0xff, 0xff, 0xff, 0xff, 0xff, 0xff, 0xff, 0xff, 0xff, 0xff, 0xff, 0xff, 0xff, 0xff, 0xff, 0xff, 0xff, 0xf0,
};

static const lv_img_dsc_t gaming42 = {
    .header.cf = LV_IMG_CF_INDEXED_1BIT,
    .header.always_zero = 0,
    .header.reserved = 0,
    .header.w = 140,
    .header.h = 68,
    .data_size = 1232,
    .data = gaming42_map,
};

static const LV_ATTRIBUTE_MEM_ALIGN LV_ATTRIBUTE_LARGE_CONST uint8_t gaming43_map[] = {
#if CONFIG_NICE_VIEW_WIDGET_INVERTED
    0xff, 0xff, 0xff, 0xff, /*Color of index 0*/
    0x00, 0x00, 0x00, 0xff, /*Color of index 1*/
#else
    0x00, 0x00, 0x00, 0xff, /*Color of index 0*/
    0xff, 0xff, 0xff, 0xff, /*Color of index 1*/
#endif
    0xff, 0xff, 0xff, 0xff, 0xff, 0xff, 0xff, 0xff, 0xff, 0xff, 0xff, 0xff, 0xff, 0xff, 0xff, 0xff, 0xff, 0xf0,
    0x80, 0x00, 0x00, 0x00, 0x00, 0x00, 0x30, 0x00, 0x20, 0x03, 0x80, 0x00, 0x00, 0x00, 0x03, 0xc3, 0xb8, 0x10,
    0x80, 0x00, 0x00, 0x00, 0x00, 0x00, 0x70, 0x00, 0xc0, 0x03, 0x00, 0x00, 0x00, 0x00, 0x03, 0x83, 0xf8, 0x10,
    0x80, 0x00, 0x00, 0x00, 0x02, 0x00, 0xff, 0xe1, 0xc0, 0x06, 0x00, 0x00, 0x00, 0x08, 0x07, 0xe3, 0xf8, 0x10,
    0x80, 0x00, 0x00, 0x00, 0x06, 0x1f, 0xff, 0xff, 0x80, 0x0e, 0x00, 0x00, 0x00, 0x18, 0xff, 0xff, 0xf8, 0x10,
    0x80, 0x20, 0x00, 0x00, 0x0c, 0xff, 0xff, 0xff, 0xe0, 0x0c, 0x80, 0x00, 0x00, 0x77, 0xff, 0xff, 0xfc, 0x10,
    0x80, 0x60, 0x00, 0x00, 0x1f, 0xff, 0x00, 0xdf, 0xf8, 0x1d, 0x80, 0x00, 0x00, 0x7f, 0xfc, 0x07, 0xfc, 0x10,
    0xe0, 0xc0, 0x00, 0x80, 0x3f, 0xf0, 0x00, 0xe1, 0xff, 0x1b, 0x00, 0x02, 0x00, 0xff, 0xd8, 0x07, 0xfc, 0x10,
    0xfd, 0x80, 0x01, 0x80, 0xff, 0xb8, 0x00, 0x30, 0x3f, 0xff, 0x00, 0x0c, 0x07, 0xfc, 0xf8, 0x00, 0xe0, 0x10,
    0xff, 0x80, 0x07, 0x0f, 0xfc, 0x18, 0x00, 0x10, 0x07, 0xfe, 0x00, 0x1c, 0x3f, 0xe0, 0x78, 0x00, 0xe0, 0x10,
    0x9f, 0xf8, 0x06, 0xff, 0xe0, 0x0c, 0x00, 0x00, 0x03, 0xff, 0xe0, 0x1f, 0xff, 0x00, 0x3e, 0x00, 0x00, 0x10,
    0x83, 0xff, 0xff, 0xff, 0x00, 0x04, 0x00, 0x00, 0x01, 0x9f, 0xff, 0xff, 0xf8, 0x00, 0x1b, 0x00, 0x00, 0x10,
    0x80, 0x7f, 0xff, 0xfc, 0x00, 0x00, 0x00, 0x00, 0x00, 0xdb, 0xff, 0xff, 0xf0, 0x00, 0x18, 0x00, 0x00, 0x10,
    0x80, 0x07, 0xff, 0x0e, 0x00, 0x00, 0x00, 0x00, 0x00, 0x58, 0x3f, 0xf8, 0x38, 0x20, 0x18, 0x00, 0x00, 0x10,
    0x80, 0x03, 0x80, 0x06, 0x02, 0x00, 0x00, 0x00, 0x00, 0x18, 0x0e, 0x00, 0x18, 0x00, 0x18, 0x00, 0x00, 0x10,
    0x80, 0x01, 0x80, 0x03, 0x06, 0x00, 0x00, 0x00, 0x00, 0x0c, 0x06, 0x02, 0x74, 0x00, 0x0c, 0x00, 0x00, 0x10,
    0x80, 0x00, 0xc0, 0x81, 0x0c, 0x00, 0x00, 0x00, 0x00, 0x0c, 0x03, 0x03, 0xf8, 0x00, 0x0c, 0x00, 0x00, 0x10,
    0x80, 0x00, 0x41, 0x80, 0x1c, 0x00, 0x00, 0x00, 0x00, 0x0e, 0x01, 0x0f, 0xf0, 0x00, 0x0e, 0x00, 0x00, 0x10,
    0x80, 0x00, 0x07, 0x3f, 0xf8, 0x00, 0x00, 0x00, 0x00, 0x3e, 0x00, 0x1f, 0xfc, 0x00, 0x3e, 0x00, 0x00, 0x10,
    0x80, 0x00, 0x07, 0xff, 0xff, 0x00, 0x08, 0x00, 0x00, 0x63, 0x00, 0x1f, 0xdc, 0x00, 0x63, 0x00, 0x00, 0x10,
    0x80, 0x00, 0x0f, 0xff, 0xff, 0xe0, 0x18, 0x00, 0x00, 0x03, 0x80, 0x3f, 0xdc, 0x00, 0x03, 0x80, 0x00, 0x10,
    0x80, 0x00, 0x7f, 0xec, 0x0f, 0xfc, 0x30, 0x00, 0x00, 0x01, 0x83, 0xff, 0xfc, 0x00, 0x01, 0x80, 0x00, 0x10,
    0x80, 0x21, 0xfe, 0x0e, 0x00, 0xff, 0x70, 0x00, 0x00, 0x01, 0xcf, 0xe7, 0xf0, 0x00, 0x00, 0xc0, 0x00, 0x10,
    0x80, 0x47, 0xf0, 0x03, 0x00, 0x3f, 0xe0, 0x00, 0x00, 0x03, 0xff, 0x80, 0xf0, 0x00, 0x00, 0xe0, 0x00, 0x10,
    0x81, 0xff, 0xc0, 0x01, 0x00, 0x3f, 0xf0, 0x00, 0x20, 0x07, 0xfe, 0x00, 0x20, 0x00, 0x00, 0x60, 0x00, 0x10,
    0x81, 0xff, 0x00, 0x00, 0x00, 0x19, 0xfe, 0x00, 0x60, 0x07, 0xfc, 0x00, 0x00, 0x00, 0x00, 0x70, 0x80, 0x10,
    0x87, 0xfb, 0x80, 0x00, 0x00, 0x04, 0x7f, 0x81, 0xc0, 0x3f, 0xfe, 0x00, 0x00, 0x00, 0x00, 0x3c, 0x00, 0x10,
    0xbf, 0xe1, 0x80, 0x00, 0x00, 0x00, 0x0f, 0xf9, 0x81, 0xff, 0x36, 0x00, 0x00, 0x00, 0x00, 0x36, 0x00, 0x10,
    0xff, 0x80, 0xc0, 0x00, 0x00, 0x00, 0x03, 0xff, 0xff, 0xfc, 0x31, 0x00, 0x00, 0x00, 0x00, 0x30, 0x00, 0x10,
    0xfc, 0x00, 0x40, 0x00, 0x00, 0x00, 0x00, 0xff, 0xff, 0xe0, 0x30, 0x00, 0x00, 0x00, 0x00, 0x30, 0x00, 0x10,
    0xc0, 0x00, 0x00, 0x00, 0x00, 0x00, 0x00, 0xe7, 0xff, 0x00, 0x30, 0x00, 0x00, 0x00, 0x00, 0x30, 0x00, 0x10,
    0x80, 0x00, 0x00, 0x00, 0x00, 0x00, 0x00, 0x60, 0x03, 0x82, 0x30, 0x00, 0x00, 0x00, 0x00, 0x30, 0x00, 0x10,
    0x80, 0x20, 0x00, 0x00, 0x00, 0x00, 0x00, 0x10, 0x01, 0x80, 0x80, 0x00, 0x00, 0x00, 0x02, 0x00, 0x00, 0x10,
    0x80, 0x60, 0x00, 0x00, 0x00, 0x00, 0x00, 0x00, 0x00, 0xc1, 0x80, 0x00, 0x00, 0x00, 0x00, 0x00, 0x00, 0x10,
    0x80, 0xc0, 0x00, 0x00, 0x00, 0x00, 0x00, 0x00, 0x00, 0x43, 0x00, 0x00, 0x00, 0x00, 0x00, 0x00, 0x00, 0x10,
    0x81, 0x80, 0x00, 0x80, 0x00, 0x00, 0x00, 0x00, 0x00, 0x06, 0x00, 0x02, 0x00, 0x00, 0x00, 0x00, 0x00, 0x10,
    0x8f, 0xfc, 0x03, 0x00, 0x00, 0x00, 0x00, 0x00, 0x20, 0x7f, 0xe0, 0x06, 0x00, 0x0c, 0x00, 0x00, 0x00, 0x10,
    0xff, 0xff, 0xc7, 0x00, 0x00, 0x00, 0x00, 0x00, 0x63, 0xff, 0xfe, 0x0c, 0x00, 0x0c, 0x00, 0x00, 0x00, 0x10,
    0xff, 0xff, 0xfe, 0x00, 0x00, 0x00, 0x00, 0x00, 0xdf, 0xff, 0xff, 0xd8, 0x00, 0x0c, 0x00, 0x00, 0x00, 0x10,
    0xf8, 0x03, 0xff, 0x00, 0x00, 0x00, 0x00, 0x01, 0xff, 0xc0, 0x1f, 0xf8, 0x00, 0x0c, 0x00, 0x00, 0x00, 0x10,
    0x80, 0x03, 0xbf, 0xc0, 0x00, 0x00, 0x00, 0x03, 0xff, 0x00, 0x0f, 0xfe, 0x00, 0x0d, 0x80, 0x00, 0x00, 0x10,
    0x80, 0x01, 0x87, 0xf0, 0x02, 0x00, 0x08, 0x0f, 0xe3, 0x80, 0x06, 0x3f, 0x80, 0x0f, 0x00, 0x00, 0x00, 0x10,
    0x80, 0x00, 0xc1, 0xfc, 0x0c, 0x00, 0x18, 0x7f, 0x81, 0x80, 0x03, 0x0f, 0xe0, 0x1c, 0x06, 0x00, 0x00, 0x10,
    0x80, 0x00, 0x40, 0x7f, 0x9c, 0x00, 0x31, 0xfe, 0x00, 0x40, 0x01, 0x03, 0xfc, 0x78, 0x0f, 0x00, 0x00, 0x10,
    0x80, 0x00, 0x00, 0x1f, 0xf8, 0x00, 0x7f, 0xf0, 0x00, 0x00, 0x00, 0x00, 0x7f, 0xf8, 0x7f, 0x80, 0x00, 0x10,
    0x80, 0x00, 0x00, 0x0f, 0xfe, 0x00, 0xff, 0xc0, 0x00, 0x00, 0x00, 0x00, 0x3f, 0xf0, 0x7f, 0xc0, 0x00, 0x10,
    0x80, 0x00, 0x00, 0x06, 0xff, 0xff, 0xff, 0xc0, 0x00, 0x00, 0x00, 0x00, 0x3f, 0xff, 0xff, 0xc0, 0x00, 0x10,
    0x80, 0x00, 0x00, 0x03, 0x1f, 0xff, 0xf8, 0xe0, 0x00, 0x00, 0x00, 0x00, 0x18, 0xff, 0xfd, 0xc0, 0x00, 0x10,
    0x80, 0x00, 0x00, 0x01, 0x01, 0xff, 0x80, 0x30, 0x00, 0x00, 0x00, 0x00, 0x1c, 0xcd, 0xff, 0x80, 0x00, 0x10,
    0x80, 0x00, 0x00, 0x00, 0x00, 0x30, 0x00, 0x10, 0x00, 0x00, 0x00, 0x00, 0x0f, 0x80, 0xff, 0x80, 0x00, 0x10,
    0x80, 0x00, 0x00, 0x00, 0x00, 0x18, 0x00, 0x00, 0x00, 0x00, 0x00, 0x00, 0x03, 0x80, 0x7f, 0x80, 0x00, 0x10,
    0x80, 0x00, 0x00, 0x00, 0x00, 0x0c, 0x00, 0x00, 0x00, 0x00, 0x00, 0x00, 0x03, 0x00, 0x33, 0x00, 0x00, 0x10,
    0x80, 0x00, 0x00, 0x00, 0x02, 0x04, 0x08, 0x00, 0x00, 0x00, 0x00, 0x00, 0x03, 0xc0, 0x10, 0x00, 0x00, 0x10,
    0x80, 0x00, 0x00, 0x00, 0x0c, 0x00, 0x10, 0x00, 0x00, 0x00, 0x00, 0x00, 0x07, 0xe0, 0x00, 0x00, 0x00, 0x10,
    0x80, 0x00, 0x00, 0x00, 0x1c, 0x00, 0x70, 0x00, 0x00, 0x00, 0x00, 0x00, 0x07, 0xfc, 0x00, 0x00, 0x00, 0x10,
    0x80, 0x00, 0x00, 0x00, 0x1f, 0xff, 0x60, 0x00, 0x00, 0x00, 0x00, 0x00, 0x07, 0xfc, 0x00, 0x00, 0x00, 0x10,
    0x80, 0x00, 0x00, 0x80, 0xff, 0xff, 0xf0, 0x00, 0x20, 0x00, 0x00, 0x02, 0x07, 0xfc, 0x00, 0x00, 0x00, 0x10,
    0x80, 0x00, 0x01, 0x87, 0xff, 0xff, 0xff, 0x00, 0x60, 0x00, 0x00, 0x06, 0x0f, 0xd8, 0x00, 0x00, 0x00, 0x10,
    0x80, 0x00, 0x03, 0x3f, 0xf8, 0x30, 0xff, 0xc0, 0xc0, 0x00, 0x00, 0x0d, 0xff, 0xf8, 0x00, 0x00, 0x00, 0x10,
    0x80, 0x20, 0x07, 0xff, 0x80, 0x18, 0x0f, 0xf9, 0xc0, 0x00, 0x80, 0x1f, 0xf7, 0xfc, 0x00, 0x00, 0x00, 0x10,
    0x80, 0x60, 0x0f, 0xfc, 0x00, 0x0c, 0x01, 0xff, 0x80, 0x01, 0x80, 0x3f, 0xf7, 0xf8, 0x00, 0x00, 0x00, 0x10,
    0x80, 0xc0, 0x7f, 0xee, 0x00, 0x04, 0x00, 0xff, 0xe0, 0x03, 0x03, 0xff, 0x3f, 0x80, 0x00, 0x00, 0x00, 0x10,
    0xc1, 0x87, 0xff, 0x06, 0x00, 0x00, 0x00, 0x67, 0xff, 0x06, 0x3f, 0xf8, 0x1b, 0x00, 0x00, 0x00, 0x00, 0x10,
    0xff, 0xff, 0xf8, 0x03, 0x00, 0x00, 0x00, 0x30, 0xff, 0xff, 0xff, 0xc0, 0x07, 0x80, 0x00, 0x00, 0x00, 0x10,
    0xff, 0xff, 0xc0, 0x01, 0x00, 0x00, 0x00, 0x10, 0x1f, 0xff, 0xfe, 0x00, 0x05, 0x80, 0x00, 0x00, 0x00, 0x10,
    0xbf, 0xfb, 0x00, 0x00, 0x00, 0x00, 0x00, 0x00, 0x03, 0xff, 0xec, 0x00, 0x00, 0xc0, 0x00, 0x00, 0x00, 0x10,
    0x80, 0x03, 0x80, 0x00, 0x00, 0x00, 0x00, 0x00, 0x03, 0x80, 0x0e, 0x00, 0x00, 0xe0, 0x00, 0x00, 0x00, 0x10,
    0xff, 0xff, 0xff, 0xff, 0xff, 0xff, 0xff, 0xff, 0xff, 0xff, 0xff, 0xff, 0xff, 0xff, 0xff, 0xff, 0xff, 0xf0,
};

static const lv_img_dsc_t gaming43 = {
    .header.cf = LV_IMG_CF_INDEXED_1BIT,
    .header.always_zero = 0,
    .header.reserved = 0,
    .header.w = 140,
    .header.h = 68,
    .data_size = 1232,
    .data = gaming43_map,
};

static const LV_ATTRIBUTE_MEM_ALIGN LV_ATTRIBUTE_LARGE_CONST uint8_t gaming44_map[] = {
#if CONFIG_NICE_VIEW_WIDGET_INVERTED
    0xff, 0xff, 0xff, 0xff, /*Color of index 0*/
    0x00, 0x00, 0x00, 0xff, /*Color of index 1*/
#else
    0x00, 0x00, 0x00, 0xff, /*Color of index 0*/
    0xff, 0xff, 0xff, 0xff, /*Color of index 1*/
#endif
    0xff, 0xff, 0xff, 0xff, 0xff, 0xff, 0xff, 0xff, 0xff, 0xff, 0xff, 0xff, 0xff, 0xff, 0xff, 0xff, 0xff, 0xf0,
    0x80, 0x00, 0x00, 0x00, 0x00, 0x00, 0x30, 0x00, 0x20, 0x03, 0x80, 0x00, 0x00, 0x00, 0x03, 0xc7, 0xbc, 0x10,
    0x80, 0x00, 0x00, 0x00, 0x00, 0x00, 0x70, 0x00, 0xc0, 0x03, 0x00, 0x00, 0x00, 0x00, 0x03, 0x87, 0xbc, 0x10,
    0x80, 0x00, 0x00, 0x00, 0x02, 0x00, 0xff, 0xe1, 0xc0, 0x06, 0x00, 0x00, 0x00, 0x08, 0x07, 0xe3, 0xb8, 0x10,
    0x80, 0x00, 0x00, 0x00, 0x06, 0x1f, 0xff, 0xff, 0x80, 0x0e, 0x00, 0x00, 0x00, 0x18, 0xff, 0xff, 0xc0, 0x10,
    0x80, 0x20, 0x00, 0x00, 0x0c, 0xff, 0xff, 0xff, 0xe0, 0x0c, 0x80, 0x00, 0x00, 0x77, 0xff, 0xff, 0xce, 0x10,
    0x80, 0x60, 0x00, 0x00, 0x1f, 0xff, 0x00, 0xdf, 0xf8, 0x1d, 0x80, 0x00, 0x00, 0x7f, 0xfc, 0x0f, 0x1e, 0x10,
    0xe0, 0xc0, 0x00, 0x80, 0x3f, 0xf0, 0x00, 0xe1, 0xff, 0x1b, 0x00, 0x02, 0x00, 0xff, 0xd8, 0x0e, 0x4e, 0x10,
    0xfd, 0x80, 0x01, 0x80, 0xff, 0xb8, 0x00, 0x30, 0x3f, 0xff, 0x00, 0x0c, 0x07, 0xfc, 0xf8, 0x04, 0xe4, 0x10,
    0xff, 0x80, 0x07, 0x0f, 0xfc, 0x18, 0x00, 0x10, 0x07, 0xfe, 0x00, 0x1c, 0x3f, 0xe0, 0x78, 0x00, 0xe0, 0x10,
    0x9f, 0xf8, 0x06, 0xff, 0xe0, 0x0c, 0x00, 0x00, 0x03, 0xff, 0xe0, 0x1f, 0xff, 0x00, 0x3e, 0x00, 0xe0, 0x10,
    0x83, 0xff, 0xff, 0xff, 0x00, 0x04, 0x00, 0x00, 0x01, 0x9f, 0xff, 0xff, 0xf8, 0x00, 0x1b, 0x00, 0x00, 0x10,
    0x80, 0x7f, 0xff, 0xfc, 0x00, 0x00, 0x00, 0x00, 0x00, 0xdb, 0xff, 0xff, 0xf0, 0x00, 0x18, 0x00, 0x00, 0x10,
    0x80, 0x07, 0xff, 0x0e, 0x00, 0x00, 0x00, 0x00, 0x00, 0x58, 0x3f, 0xf8, 0x38, 0x20, 0x18, 0x00, 0x00, 0x10,
    0x80, 0x03, 0x80, 0x06, 0x02, 0x00, 0x00, 0x00, 0x00, 0x18, 0x0e, 0x00, 0x38, 0x00, 0x18, 0x00, 0x00, 0x10,
    0x80, 0x01, 0x80, 0x03, 0x06, 0x00, 0x00, 0x00, 0x00, 0x0c, 0x06, 0x07, 0x7c, 0x00, 0x0c, 0x00, 0x00, 0x10,
    0x80, 0x00, 0xc0, 0x81, 0x0c, 0x00, 0x00, 0x00, 0x00, 0x0c, 0x03, 0x07, 0x78, 0x00, 0x0c, 0x00, 0x00, 0x10,
    0x80, 0x00, 0x41, 0x80, 0x1c, 0x00, 0x00, 0x00, 0x00, 0x0e, 0x01, 0x0f, 0x30, 0x00, 0x0e, 0x00, 0x00, 0x10,
    0x80, 0x00, 0x07, 0x3f, 0xf8, 0x00, 0x00, 0x00, 0x00, 0x3e, 0x00, 0x1f, 0x0e, 0x00, 0x3e, 0x00, 0x00, 0x10,
    0x80, 0x00, 0x07, 0xff, 0xff, 0x00, 0x08, 0x00, 0x00, 0x63, 0x00, 0x1f, 0xce, 0x00, 0x63, 0x00, 0x00, 0x10,
    0x80, 0x00, 0x0f, 0xff, 0xff, 0xe0, 0x18, 0x00, 0x00, 0x03, 0x80, 0x3f, 0xce, 0x00, 0x03, 0x80, 0x00, 0x10,
    0x80, 0x00, 0x7f, 0xec, 0x0f, 0xfc, 0x30, 0x00, 0x00, 0x01, 0x83, 0xff, 0x0e, 0x00, 0x01, 0x80, 0x00, 0x10,
    0x80, 0x21, 0xfe, 0x0e, 0x00, 0xff, 0x70, 0x00, 0x00, 0x01, 0xcf, 0xef, 0x70, 0x00, 0x00, 0xc0, 0x00, 0x10,
    0x80, 0x47, 0xf0, 0x03, 0x00, 0x3f, 0xe0, 0x00, 0x00, 0x03, 0xff, 0x86, 0x78, 0x00, 0x00, 0xe0, 0x00, 0x10,
    0x81, 0xff, 0xc0, 0x01, 0x00, 0x3f, 0xf0, 0x00, 0x20, 0x07, 0xfe, 0x00, 0x70, 0x00, 0x00, 0x60, 0x00, 0x10,
    0x81, 0xff, 0x00, 0x00, 0x00, 0x19, 0xfe, 0x00, 0x60, 0x07, 0xfc, 0x00, 0x20, 0x00, 0x00, 0x70, 0x80, 0x10,
    0x87, 0xfb, 0x80, 0x00, 0x00, 0x04, 0x7f, 0x81, 0xc0, 0x3f, 0xfe, 0x00, 0x00, 0x00, 0x00, 0x3c, 0x00, 0x10,
    0xbf, 0xe1, 0x80, 0x00, 0x00, 0x00, 0x0f, 0xf9, 0x81, 0xff, 0x36, 0x00, 0x00, 0x00, 0x00, 0x36, 0x00, 0x10,
    0xff, 0x80, 0xc0, 0x00, 0x00, 0x00, 0x03, 0xff, 0xff, 0xfc, 0x31, 0x00, 0x00, 0x00, 0x00, 0x30, 0x00, 0x10,
    0xfc, 0x00, 0x40, 0x00, 0x00, 0x00, 0x00, 0xff, 0xff, 0xe0, 0x30, 0x00, 0x00, 0x00, 0x00, 0x30, 0x00, 0x10,
    0xc0, 0x00, 0x00, 0x00, 0x00, 0x00, 0x00, 0xe7, 0xff, 0x00, 0x30, 0x00, 0x00, 0x00, 0x00, 0x30, 0x00, 0x10,
    0x80, 0x00, 0x00, 0x00, 0x00, 0x00, 0x00, 0x60, 0x03, 0x82, 0x30, 0x00, 0x00, 0x00, 0x00, 0x30, 0x00, 0x10,
    0x80, 0x20, 0x00, 0x00, 0x00, 0x00, 0x00, 0x10, 0x01, 0x80, 0x80, 0x00, 0x00, 0x00, 0x02, 0x00, 0x00, 0x10,
    0x80, 0x60, 0x00, 0x00, 0x00, 0x00, 0x00, 0x00, 0x00, 0xc1, 0x80, 0x00, 0x00, 0x00, 0x00, 0x00, 0x00, 0x10,
    0x80, 0xc0, 0x00, 0x00, 0x00, 0x00, 0x00, 0x00, 0x00, 0x43, 0x00, 0x00, 0x00, 0x00, 0x00, 0x00, 0x00, 0x10,
    0x81, 0x80, 0x00, 0x80, 0x00, 0x00, 0x00, 0x00, 0x00, 0x06, 0x00, 0x02, 0x00, 0x00, 0x00, 0x00, 0x00, 0x10,
    0x8f, 0xfc, 0x03, 0x00, 0x00, 0x00, 0x00, 0x00, 0x20, 0x7f, 0xe0, 0x06, 0x00, 0x0c, 0x00, 0x00, 0x00, 0x10,
    0xff, 0xff, 0xc7, 0x00, 0x00, 0x00, 0x00, 0x00, 0x63, 0xff, 0xfe, 0x0c, 0x00, 0x0c, 0x00, 0x00, 0x00, 0x10,
    0xff, 0xff, 0xfe, 0x00, 0x00, 0x00, 0x00, 0x00, 0xdf, 0xff, 0xff, 0xd8, 0x00, 0x0c, 0x00, 0x00, 0x00, 0x10,
    0xf8, 0x03, 0xff, 0x00, 0x00, 0x00, 0x00, 0x01, 0xff, 0xc0, 0x1f, 0xf8, 0x00, 0x0c, 0x00, 0x00, 0x00, 0x10,
    0x80, 0x03, 0xbf, 0xc0, 0x00, 0x00, 0x00, 0x03, 0xff, 0x00, 0x0f, 0xfe, 0x00, 0x0d, 0x80, 0x00, 0x00, 0x10,
    0x80, 0x01, 0x87, 0xf0, 0x02, 0x00, 0x08, 0x0f, 0xe3, 0x80, 0x06, 0x3f, 0x80, 0x0f, 0x06, 0x00, 0x00, 0x10,
    0x80, 0x00, 0xc1, 0xfc, 0x0c, 0x00, 0x18, 0x7f, 0x81, 0x80, 0x03, 0x0f, 0xe0, 0x1c, 0x0f, 0x00, 0x00, 0x10,
    0x80, 0x00, 0x40, 0x7f, 0x9c, 0x00, 0x31, 0xfe, 0x00, 0x40, 0x01, 0x03, 0xfc, 0x78, 0x4f, 0x00, 0x00, 0x10,
    0x80, 0x00, 0x00, 0x1f, 0xf8, 0x00, 0x7f, 0xf0, 0x00, 0x00, 0x00, 0x00, 0x7f, 0xf8, 0xf6, 0x40, 0x00, 0x10,
    0x80, 0x00, 0x00, 0x0f, 0xfe, 0x00, 0xff, 0xc0, 0x00, 0x00, 0x00, 0x00, 0x3f, 0xf0, 0xf0, 0xe0, 0x00, 0x10,
    0x80, 0x00, 0x00, 0x06, 0xff, 0xff, 0xff, 0xc0, 0x00, 0x00, 0x00, 0x00, 0x3f, 0xff, 0xfd, 0xe0, 0x00, 0x10,
    0x80, 0x00, 0x00, 0x03, 0x1f, 0xff, 0xf8, 0xe0, 0x00, 0x00, 0x00, 0x00, 0x18, 0xff, 0xfc, 0xe0, 0x00, 0x10,
    0x80, 0x00, 0x00, 0x01, 0x01, 0xff, 0x80, 0x30, 0x00, 0x00, 0x00, 0x00, 0x1c, 0xcd, 0xf0, 0x00, 0x00, 0x10,
    0x80, 0x00, 0x00, 0x00, 0x00, 0x30, 0x00, 0x10, 0x00, 0x00, 0x00, 0x00, 0x0f, 0x80, 0xfb, 0x80, 0x00, 0x10,
    0x80, 0x00, 0x00, 0x00, 0x00, 0x18, 0x00, 0x00, 0x00, 0x00, 0x00, 0x00, 0x03, 0x80, 0x7f, 0x80, 0x00, 0x10,
    0x80, 0x00, 0x00, 0x00, 0x00, 0x0c, 0x00, 0x00, 0x00, 0x00, 0x00, 0x00, 0x03, 0xc0, 0x73, 0x80, 0x00, 0x10,
    0x80, 0x00, 0x00, 0x00, 0x02, 0x04, 0x08, 0x00, 0x00, 0x00, 0x00, 0x00, 0x03, 0xe0, 0x11, 0x00, 0x00, 0x10,
    0x80, 0x00, 0x00, 0x00, 0x0c, 0x00, 0x10, 0x00, 0x00, 0x00, 0x00, 0x00, 0x07, 0xec, 0x00, 0x00, 0x00, 0x10,
    0x80, 0x00, 0x00, 0x00, 0x1c, 0x00, 0x70, 0x00, 0x00, 0x00, 0x00, 0x00, 0x07, 0xde, 0x00, 0x00, 0x00, 0x10,
    0x80, 0x00, 0x00, 0x00, 0x1f, 0xff, 0x60, 0x00, 0x00, 0x00, 0x00, 0x00, 0x0e, 0x1e, 0x00, 0x00, 0x00, 0x10,
    0x80, 0x00, 0x00, 0x80, 0xff, 0xff, 0xf0, 0x00, 0x20, 0x00, 0x00, 0x02, 0x0f, 0xde, 0x00, 0x00, 0x00, 0x10,
    0x80, 0x00, 0x01, 0x87, 0xff, 0xff, 0xff, 0x00, 0x60, 0x00, 0x00, 0x06, 0x0f, 0xc0, 0x00, 0x00, 0x00, 0x10,
    0x80, 0x00, 0x03, 0x3f, 0xf8, 0x30, 0xff, 0xc0, 0xc0, 0x00, 0x00, 0x0d, 0xff, 0x1c, 0x00, 0x00, 0x00, 0x10,
    0x80, 0x20, 0x07, 0xff, 0x80, 0x18, 0x0f, 0xf9, 0xc0, 0x00, 0x80, 0x1f, 0xf7, 0xbc, 0x00, 0x00, 0x00, 0x10,
    0x80, 0x60, 0x0f, 0xfc, 0x00, 0x0c, 0x01, 0xff, 0x80, 0x01, 0x80, 0x3f, 0xf7, 0xfc, 0x00, 0x00, 0x00, 0x10,
    0x80, 0xc0, 0x7f, 0xee, 0x00, 0x04, 0x00, 0xff, 0xe0, 0x03, 0x03, 0xff, 0x3f, 0x9c, 0x00, 0x00, 0x00, 0x10,
    0xc1, 0x87, 0xff, 0x06, 0x00, 0x00, 0x00, 0x67, 0xff, 0x06, 0x3f, 0xf8, 0x1b, 0x00, 0x00, 0x00, 0x00, 0x10,
    0xff, 0xff, 0xf8, 0x03, 0x00, 0x00, 0x00, 0x30, 0xff, 0xff, 0xff, 0xc0, 0x07, 0x80, 0x00, 0x00, 0x00, 0x10,
    0xff, 0xff, 0xc0, 0x01, 0x00, 0x00, 0x00, 0x10, 0x1f, 0xff, 0xfe, 0x00, 0x05, 0x80, 0x00, 0x00, 0x00, 0x10,
    0xbf, 0xfb, 0x00, 0x00, 0x00, 0x00, 0x00, 0x00, 0x03, 0xff, 0xec, 0x00, 0x00, 0xc0, 0x00, 0x00, 0x00, 0x10,
    0x80, 0x03, 0x80, 0x00, 0x00, 0x00, 0x00, 0x00, 0x03, 0x80, 0x0e, 0x00, 0x00, 0xe0, 0x00, 0x00, 0x00, 0x10,
    0xff, 0xff, 0xff, 0xff, 0xff, 0xff, 0xff, 0xff, 0xff, 0xff, 0xff, 0xff, 0xff, 0xff, 0xff, 0xff, 0xff, 0xf0,
};

static const lv_img_dsc_t gaming44 = {
    .header.cf = LV_IMG_CF_INDEXED_1BIT,
    .header.always_zero = 0,
    .header.reserved = 0,
    .header.w = 140,
    .header.h = 68,
    .data_size = 1232,
    .data = gaming44_map,
};

static const LV_ATTRIBUTE_MEM_ALIGN LV_ATTRIBUTE_LARGE_CONST uint8_t gaming45_map[] = {
#if CONFIG_NICE_VIEW_WIDGET_INVERTED
    0xff, 0xff, 0xff, 0xff, /*Color of index 0*/
    0x00, 0x00, 0x00, 0xff, /*Color of index 1*/
#else
    0x00, 0x00, 0x00, 0xff, /*Color of index 0*/
    0xff, 0xff, 0xff, 0xff, /*Color of index 1*/
#endif
    0xff, 0xff, 0xff, 0xff, 0xff, 0xff, 0xff, 0xff, 0xff, 0xff, 0xff, 0xff, 0xff, 0xff, 0xff, 0xff, 0xff, 0xf0,
    0x80, 0x00, 0x00, 0x00, 0x00, 0x00, 0x30, 0x00, 0x20, 0x03, 0x80, 0x00, 0x00, 0x00, 0x03, 0xc7, 0xbc, 0x10,
    0x80, 0x00, 0x00, 0x00, 0x00, 0x00, 0x70, 0x00, 0xc0, 0x03, 0x00, 0x00, 0x00, 0x00, 0x03, 0x87, 0xbc, 0x10,
    0x80, 0x00, 0x00, 0x00, 0x02, 0x00, 0xff, 0xe1, 0xc0, 0x06, 0x00, 0x00, 0x00, 0x08, 0x07, 0xe3, 0xb8, 0x10,
    0x80, 0x00, 0x00, 0x00, 0x06, 0x1f, 0xff, 0xff, 0x80, 0x0e, 0x00, 0x00, 0x00, 0x18, 0xff, 0xff, 0xc0, 0x10,
    0x80, 0x20, 0x00, 0x00, 0x0c, 0xff, 0xff, 0xff, 0xe0, 0x0c, 0x80, 0x00, 0x00, 0x77, 0xff, 0xff, 0xce, 0x10,
    0x80, 0x60, 0x00, 0x00, 0x1f, 0xff, 0x00, 0xdf, 0xf8, 0x1d, 0x80, 0x00, 0x00, 0x7f, 0xfc, 0x0f, 0x1e, 0x10,
    0xe0, 0xc0, 0x00, 0x80, 0x3f, 0xf0, 0x00, 0xe1, 0xff, 0x1b, 0x00, 0x02, 0x00, 0xff, 0xd8, 0x0e, 0x4e, 0x10,
    0xfd, 0x80, 0x01, 0x80, 0xff, 0xb8, 0x00, 0x30, 0x3f, 0xff, 0x00, 0x0c, 0x07, 0xfc, 0xf8, 0x04, 0xe4, 0x10,
    0xff, 0x80, 0x07, 0x0f, 0xfc, 0x18, 0x00, 0x10, 0x07, 0xfe, 0x00, 0x1c, 0x3f, 0xe0, 0x78, 0x00, 0xe0, 0x10,
    0x9f, 0xf8, 0x06, 0xff, 0xe0, 0x0c, 0x00, 0x00, 0x03, 0xff, 0xe0, 0x1f, 0xff, 0x00, 0x3e, 0x00, 0xe0, 0x10,
    0x83, 0xff, 0xff, 0xff, 0x00, 0x04, 0x00, 0x00, 0x01, 0x9f, 0xff, 0xff, 0xf8, 0x00, 0x1b, 0x00, 0x00, 0x10,
    0x80, 0x7f, 0xff, 0xfc, 0x00, 0x00, 0x00, 0x00, 0x00, 0xdb, 0xff, 0xff, 0xf0, 0x00, 0x18, 0x00, 0x00, 0x10,
    0x80, 0x07, 0xff, 0x0e, 0x00, 0x00, 0x00, 0x00, 0x00, 0x58, 0x3f, 0xf8, 0x38, 0x00, 0x18, 0x00, 0x00, 0x10,
    0x80, 0x03, 0x80, 0x06, 0x02, 0x00, 0x00, 0x00, 0x00, 0x18, 0x0e, 0x00, 0x38, 0x00, 0x18, 0x00, 0x00, 0x10,
    0x80, 0x01, 0x80, 0x03, 0x06, 0x00, 0x00, 0x00, 0x00, 0x0c, 0x06, 0x07, 0x7c, 0x00, 0x0c, 0x00, 0x00, 0x10,
    0x80, 0x00, 0xc0, 0x81, 0x0c, 0x00, 0x00, 0x00, 0x00, 0x0c, 0x03, 0x07, 0x78, 0x00, 0x0c, 0x00, 0x00, 0x10,
    0x80, 0x00, 0x41, 0x80, 0x1c, 0x00, 0x00, 0x00, 0x00, 0x0e, 0x01, 0x0f, 0x30, 0x00, 0x0e, 0x00, 0x00, 0x10,
    0x80, 0x00, 0x07, 0x3f, 0xf8, 0x00, 0x00, 0x00, 0x00, 0x3e, 0x00, 0x1f, 0x0e, 0x00, 0x3e, 0x00, 0x00, 0x10,
    0x80, 0x00, 0x07, 0xff, 0xff, 0x00, 0x08, 0x00, 0x00, 0x63, 0x00, 0x1f, 0xce, 0x00, 0x63, 0x00, 0x00, 0x10,
    0x80, 0x00, 0x0f, 0xff, 0xff, 0xe0, 0x18, 0x00, 0x00, 0x03, 0x80, 0x3f, 0xce, 0x00, 0x03, 0x80, 0x00, 0x10,
    0x80, 0x00, 0x7f, 0xec, 0x0f, 0xfc, 0x30, 0x00, 0x00, 0x01, 0x83, 0xff, 0x0e, 0x00, 0x01, 0x80, 0x00, 0x10,
    0x80, 0x21, 0xfe, 0x0e, 0x00, 0xff, 0x70, 0x00, 0x00, 0x01, 0xcf, 0xef, 0x70, 0x00, 0x00, 0xc0, 0x00, 0x10,
    0x80, 0x47, 0xf0, 0x03, 0x00, 0x3f, 0xe0, 0x00, 0x00, 0x03, 0xff, 0x86, 0x78, 0x00, 0x00, 0xe0, 0x00, 0x10,
    0x81, 0xff, 0xc0, 0x01, 0x00, 0x3f, 0xf0, 0x00, 0x20, 0x07, 0xfe, 0x00, 0x70, 0x00, 0x00, 0x60, 0x00, 0x10,
    0x81, 0xff, 0x00, 0x00, 0x00, 0x19, 0xfe, 0x00, 0x60, 0x07, 0xfc, 0x00, 0x20, 0x00, 0x00, 0x70, 0x80, 0x10,
    0x87, 0xfb, 0x80, 0x00, 0x00, 0x04, 0x7f, 0x81, 0xc0, 0x3f, 0xfe, 0x00, 0x00, 0x00, 0x00, 0x3c, 0x00, 0x10,
    0xbf, 0xe1, 0x80, 0x00, 0x00, 0x00, 0x0f, 0xf9, 0x81, 0xff, 0x36, 0x00, 0x00, 0x00, 0x00, 0x36, 0x00, 0x10,
    0xff, 0x80, 0xc0, 0x00, 0x00, 0x00, 0x03, 0xff, 0xff, 0xfc, 0x31, 0x00, 0x00, 0x00, 0x00, 0x30, 0x00, 0x10,
    0xfc, 0x00, 0x40, 0x00, 0x00, 0x00, 0x00, 0xff, 0xff, 0xe0, 0x30, 0x00, 0x00, 0x00, 0x00, 0x30, 0x00, 0x10,
    0xc0, 0x00, 0x00, 0x00, 0x00, 0x00, 0x00, 0xe7, 0xff, 0x00, 0x30, 0x00, 0x00, 0x00, 0x00, 0x30, 0x00, 0x10,
    0x80, 0x00, 0x00, 0x00, 0x00, 0x00, 0x00, 0x60, 0x03, 0x82, 0x30, 0x00, 0x00, 0x00, 0x00, 0x30, 0x00, 0x10,
    0x80, 0x20, 0x00, 0x00, 0x00, 0x00, 0x00, 0x10, 0x01, 0x80, 0x80, 0x00, 0x00, 0x00, 0x00, 0x00, 0x00, 0x10,
    0x80, 0x60, 0x00, 0x00, 0x00, 0x00, 0x00, 0x00, 0x00, 0xc1, 0x80, 0x00, 0x00, 0x00, 0x00, 0x00, 0x00, 0x10,
    0x80, 0xc0, 0x00, 0x00, 0x00, 0x00, 0x00, 0x00, 0x00, 0x43, 0x00, 0x00, 0x00, 0x00, 0x00, 0x00, 0x00, 0x10,
    0x81, 0x80, 0x00, 0x80, 0x00, 0x00, 0x00, 0x00, 0x00, 0x06, 0x00, 0x02, 0x00, 0x00, 0x00, 0x00, 0x00, 0x10,
    0x8f, 0xfc, 0x03, 0x00, 0x00, 0x00, 0x00, 0x00, 0x20, 0x7f, 0xe0, 0x06, 0x00, 0x0c, 0x00, 0x00, 0x00, 0x10,
    0xff, 0xff, 0xc7, 0x00, 0x00, 0x00, 0x00, 0x00, 0x63, 0xff, 0xfe, 0x0c, 0x00, 0x0c, 0x00, 0x00, 0x00, 0x10,
    0xff, 0xff, 0xfe, 0x00, 0x00, 0x00, 0x00, 0x00, 0xdf, 0xff, 0xff, 0xd8, 0x00, 0x0c, 0x00, 0x00, 0x00, 0x10,
    0xf8, 0x03, 0xff, 0x00, 0x00, 0x00, 0x00, 0x01, 0xff, 0xc0, 0x1f, 0xf8, 0x00, 0x0c, 0x00, 0x00, 0x00, 0x10,
    0x80, 0x03, 0xbf, 0xc0, 0x00, 0x00, 0x00, 0x03, 0xff, 0x00, 0x0f, 0xfe, 0x00, 0x0d, 0x80, 0x00, 0x00, 0x10,
    0x80, 0x01, 0x87, 0xf0, 0x02, 0x00, 0x08, 0x0f, 0xe3, 0x80, 0x06, 0x3f, 0x80, 0x0f, 0x06, 0x00, 0x00, 0x10,
    0x80, 0x00, 0xc1, 0xfc, 0x0c, 0x00, 0x18, 0x7f, 0x81, 0x80, 0x03, 0x0f, 0xe0, 0x1c, 0x0f, 0x00, 0x00, 0x10,
    0x80, 0x00, 0x40, 0x7f, 0x9c, 0x00, 0x31, 0xfe, 0x00, 0x40, 0x01, 0x03, 0xfc, 0x78, 0x4f, 0x00, 0x00, 0x10,
    0x80, 0x00, 0x00, 0x1f, 0xf8, 0x00, 0x7f, 0xf0, 0x00, 0x00, 0x00, 0x00, 0x7f, 0xf8, 0xf6, 0x40, 0x00, 0x10,
    0x80, 0x00, 0x00, 0x0f, 0xfe, 0x00, 0xff, 0xc0, 0x00, 0x00, 0x00, 0x00, 0x3f, 0xf0, 0xf0, 0xe0, 0x00, 0x10,
    0x80, 0x00, 0x00, 0x06, 0xff, 0xff, 0xff, 0xc0, 0x00, 0x00, 0x00, 0x00, 0x3f, 0xff, 0xfd, 0xe0, 0x00, 0x10,
    0x80, 0x00, 0x00, 0x03, 0x1f, 0xff, 0xf8, 0xe0, 0x00, 0x00, 0x00, 0x00, 0x18, 0xff, 0xfc, 0xe0, 0x00, 0x10,
    0x80, 0x00, 0x00, 0x01, 0x01, 0xff, 0x80, 0x30, 0x00, 0x00, 0x00, 0x00, 0x1c, 0xcd, 0xf0, 0x00, 0x00, 0x10,
    0x80, 0x00, 0x00, 0x00, 0x00, 0x30, 0x00, 0x10, 0x00, 0x00, 0x00, 0x00, 0x0f, 0x80, 0xfb, 0x80, 0x00, 0x10,
    0x80, 0x00, 0x00, 0x00, 0x00, 0x18, 0x00, 0x00, 0x00, 0x00, 0x00, 0x00, 0x03, 0x80, 0x7f, 0x80, 0x00, 0x10,
    0x80, 0x00, 0x00, 0x00, 0x00, 0x0c, 0x00, 0x00, 0x00, 0x00, 0x00, 0x00, 0x03, 0xc0, 0x73, 0x80, 0x00, 0x10,
    0x80, 0x00, 0x00, 0x00, 0x02, 0x04, 0x08, 0x00, 0x00, 0x00, 0x00, 0x00, 0x03, 0xe0, 0x11, 0x00, 0x00, 0x10,
    0x80, 0x00, 0x00, 0x00, 0x0c, 0x00, 0x10, 0x00, 0x00, 0x00, 0x00, 0x00, 0x07, 0xec, 0x00, 0x00, 0x00, 0x10,
    0x80, 0x00, 0x00, 0x00, 0x1c, 0x00, 0x70, 0x00, 0x00, 0x00, 0x00, 0x00, 0x07, 0xde, 0x00, 0x00, 0x00, 0x10,
    0x80, 0x00, 0x00, 0x00, 0x1f, 0xff, 0x60, 0x00, 0x00, 0x00, 0x00, 0x00, 0x0e, 0x1e, 0x00, 0x00, 0x00, 0x10,
    0x80, 0x00, 0x00, 0x80, 0xff, 0xff, 0xf0, 0x00, 0x20, 0x00, 0x00, 0x02, 0x0f, 0xde, 0x00, 0x00, 0x00, 0x10,
    0x80, 0x00, 0x01, 0x87, 0xff, 0xff, 0xff, 0x00, 0x60, 0x00, 0x00, 0x06, 0x0f, 0xc0, 0x00, 0x00, 0x00, 0x10,
    0x80, 0x00, 0x03, 0x3f, 0xf8, 0x30, 0xff, 0xc0, 0xc0, 0x00, 0x00, 0x0d, 0xff, 0x1c, 0x00, 0x00, 0x00, 0x10,
    0x80, 0x20, 0x07, 0xff, 0x80, 0x18, 0x0f, 0xf9, 0xc0, 0x00, 0x80, 0x1f, 0xf7, 0xbc, 0x00, 0x00, 0x00, 0x10,
    0x80, 0x60, 0x0f, 0xfc, 0x00, 0x0c, 0x01, 0xff, 0x80, 0x01, 0x80, 0x3f, 0xf7, 0xfc, 0x00, 0x00, 0x00, 0x10,
    0x80, 0xc0, 0x7f, 0xee, 0x00, 0x04, 0x00, 0xff, 0xe0, 0x03, 0x03, 0xff, 0x3f, 0x9c, 0x00, 0x00, 0x00, 0x10,
    0xc1, 0x87, 0xff, 0x06, 0x00, 0x00, 0x00, 0x67, 0xff, 0x06, 0x3f, 0xf8, 0x1b, 0x00, 0x00, 0x00, 0x00, 0x10,
    0xff, 0xff, 0xf8, 0x03, 0x00, 0x00, 0x00, 0x30, 0xff, 0xff, 0xff, 0xc0, 0x07, 0x80, 0x00, 0x00, 0x00, 0x10,
    0xff, 0xff, 0xc0, 0x01, 0x00, 0x00, 0x00, 0x10, 0x1f, 0xff, 0xfe, 0x00, 0x05, 0x80, 0x00, 0x00, 0x00, 0x10,
    0xbf, 0xfb, 0x00, 0x00, 0x00, 0x00, 0x00, 0x00, 0x03, 0xff, 0xec, 0x00, 0x00, 0xc0, 0x00, 0x00, 0x00, 0x10,
    0x80, 0x03, 0x80, 0x00, 0x00, 0x00, 0x00, 0x00, 0x03, 0x80, 0x0e, 0x00, 0x00, 0xe0, 0x00, 0x00, 0x00, 0x10,
    0xff, 0xff, 0xff, 0xff, 0xff, 0xff, 0xff, 0xff, 0xff, 0xff, 0xff, 0xff, 0xff, 0xff, 0xff, 0xff, 0xff, 0xf0,
};

static const lv_img_dsc_t gaming45 = {
    .header.cf = LV_IMG_CF_INDEXED_1BIT,
    .header.always_zero = 0,
    .header.reserved = 0,
    .header.w = 140,
    .header.h = 68,
    .data_size = 1232,
    .data = gaming45_map,
};

static const LV_ATTRIBUTE_MEM_ALIGN LV_ATTRIBUTE_LARGE_CONST uint8_t gaming46_map[] = {
#if CONFIG_NICE_VIEW_WIDGET_INVERTED
    0xff, 0xff, 0xff, 0xff, /*Color of index 0*/
    0x00, 0x00, 0x00, 0xff, /*Color of index 1*/
#else
    0x00, 0x00, 0x00, 0xff, /*Color of index 0*/
    0xff, 0xff, 0xff, 0xff, /*Color of index 1*/
#endif
    0xff, 0xff, 0xff, 0xff, 0xff, 0xff, 0xff, 0xff, 0xff, 0xff, 0xff, 0xff, 0xff, 0xff, 0xff, 0xff, 0xff, 0xf0,
    0x80, 0x00, 0x00, 0x00, 0x00, 0x00, 0x10, 0x00, 0x00, 0x01, 0x80, 0x00, 0x00, 0x00, 0x01, 0xc1, 0x98, 0x10,
    0xd4, 0x00, 0x00, 0x00, 0x00, 0x00, 0x20, 0x00, 0x80, 0x02, 0x00, 0x00, 0x00, 0x00, 0x02, 0x82, 0xa8, 0x10,
    0x80, 0x00, 0x00, 0x00, 0x02, 0x00, 0x77, 0x61, 0x40, 0x06, 0x00, 0x00, 0x00, 0x00, 0x07, 0x63, 0x70, 0x10,
    0xd4, 0x00, 0x00, 0x00, 0x02, 0x0a, 0xaa, 0xaa, 0x80, 0x0a, 0x00, 0x00, 0x00, 0x08, 0xaa, 0xaa, 0xa8, 0x10,
    0x80, 0x00, 0x00, 0x00, 0x0c, 0xdd, 0xdd, 0xdd, 0xc0, 0x0c, 0x80, 0x00, 0x00, 0x55, 0xdd, 0xdd, 0xdc, 0x10,
    0x94, 0x20, 0x00, 0x00, 0x0a, 0xaa, 0x00, 0x8a, 0xa8, 0x08, 0x80, 0x00, 0x00, 0x2a, 0xa8, 0x02, 0xa8, 0x10,
    0xe0, 0x40, 0x00, 0x00, 0x37, 0x70, 0x00, 0x61, 0x77, 0x13, 0x00, 0x02, 0x00, 0x77, 0x50, 0x07, 0x74, 0x10,
    0xa8, 0x80, 0x00, 0x80, 0xaa, 0xa8, 0x00, 0x20, 0x2a, 0xaa, 0x00, 0x08, 0x02, 0xa8, 0xa8, 0x00, 0xa0, 0x10,
    0xdd, 0x80, 0x05, 0x0d, 0xdc, 0x18, 0x00, 0x10, 0x05, 0xdc, 0x00, 0x1c, 0x1d, 0xc0, 0x58, 0x00, 0xc0, 0x10,
    0x8a, 0xa8, 0x02, 0xaa, 0xa0, 0x08, 0x00, 0x00, 0x02, 0xaa, 0xa0, 0x0a, 0xaa, 0x00, 0x2a, 0x00, 0x00, 0x10,
    0x83, 0x77, 0x77, 0x77, 0x00, 0x04, 0x00, 0x00, 0x01, 0x17, 0x77, 0x77, 0x70, 0x00, 0x13, 0x00, 0x00, 0x10,
    0xd4, 0x2a, 0xaa, 0xa8, 0x00, 0x00, 0x00, 0x00, 0x00, 0x8a, 0xaa, 0xaa, 0xa0, 0x00, 0x08, 0x00, 0x00, 0x10,
    0x80, 0x05, 0xdd, 0x0c, 0x00, 0x00, 0x00, 0x00, 0x00, 0x58, 0x1d, 0xd8, 0x18, 0x00, 0x18, 0x00, 0x00, 0x10,
    0xd4, 0x02, 0x80, 0x02, 0x02, 0x00, 0x00, 0x00, 0x00, 0x08, 0x0a, 0x00, 0x08, 0x00, 0x08, 0x00, 0x00, 0x10,
    0x80, 0x01, 0x00, 0x03, 0x06, 0x00, 0x00, 0x00, 0x00, 0x04, 0x06, 0x02, 0x74, 0x00, 0x04, 0x00, 0x00, 0x10,
    0xd4, 0x00, 0x80, 0x80, 0x08, 0x00, 0x00, 0x00, 0x00, 0x08, 0x02, 0x02, 0xa8, 0x00, 0x08, 0x00, 0x00, 0x10,
    0x80, 0x00, 0x41, 0x80, 0x1c, 0x00, 0x00, 0x00, 0x00, 0x0c, 0x01, 0x0d, 0xd0, 0x00, 0x0c, 0x00, 0x00, 0x10,
    0xd4, 0x00, 0x02, 0x2a, 0xa8, 0x00, 0x00, 0x00, 0x00, 0x2a, 0x00, 0x0a, 0xa8, 0x00, 0x2a, 0x00, 0x00, 0x10,
    0x80, 0x00, 0x07, 0x77, 0x77, 0x00, 0x00, 0x00, 0x00, 0x63, 0x00, 0x17, 0x54, 0x00, 0x63, 0x00, 0x00, 0x10,
    0xd4, 0x00, 0x0a, 0xaa, 0xaa, 0xa0, 0x08, 0x00, 0x00, 0x02, 0x80, 0x2a, 0x88, 0x00, 0x02, 0x80, 0x00, 0x10,
    0x80, 0x00, 0x5d, 0xcc, 0x0d, 0xdc, 0x10, 0x00, 0x00, 0x01, 0x81, 0xdd, 0xdc, 0x00, 0x01, 0x80, 0x00, 0x10,
    0xd4, 0x20, 0xaa, 0x0a, 0x00, 0xaa, 0x20, 0x00, 0x00, 0x00, 0x8a, 0xa2, 0xa0, 0x00, 0x00, 0x80, 0x00, 0x10,
    0x80, 0x47, 0x70, 0x03, 0x00, 0x37, 0x60, 0x00, 0x00, 0x03, 0x77, 0x00, 0x70, 0x00, 0x00, 0x60, 0x00, 0x10,
    0xd4, 0xaa, 0x80, 0x00, 0x00, 0x2a, 0xa0, 0x00, 0x20, 0x02, 0xaa, 0x00, 0x20, 0x00, 0x00, 0x20, 0x00, 0x10,
    0x81, 0xdd, 0x00, 0x00, 0x00, 0x19, 0xdc, 0x00, 0x40, 0x05, 0xdc, 0x00, 0x00, 0x00, 0x00, 0x50, 0x80, 0x10,
    0xc2, 0xaa, 0x80, 0x00, 0x00, 0x00, 0x2a, 0x80, 0x80, 0x2a, 0xaa, 0x00, 0x00, 0x00, 0x00, 0x28, 0x00, 0x10,
    0xb7, 0x61, 0x00, 0x00, 0x00, 0x00, 0x07, 0x71, 0x01, 0x77, 0x36, 0x00, 0x00, 0x00, 0x00, 0x36, 0x00, 0x10,
    0xaa, 0x80, 0x80, 0x00, 0x00, 0x00, 0x02, 0xaa, 0xaa, 0xa8, 0x20, 0x00, 0x00, 0x00, 0x00, 0x20, 0x00, 0x10,
    0xdc, 0x00, 0x40, 0x00, 0x00, 0x00, 0x00, 0xdd, 0xdd, 0xc0, 0x10, 0x00, 0x00, 0x00, 0x00, 0x10, 0x00, 0x10,
    0x80, 0x00, 0x00, 0x00, 0x00, 0x00, 0x00, 0xa2, 0xaa, 0x00, 0x20, 0x00, 0x00, 0x00, 0x00, 0x20, 0x00, 0x10,
    0x80, 0x00, 0x00, 0x00, 0x00, 0x00, 0x00, 0x60, 0x03, 0x00, 0x30, 0x00, 0x00, 0x00, 0x00, 0x30, 0x00, 0x10,
    0xd4, 0x20, 0x00, 0x00, 0x00, 0x00, 0x00, 0x00, 0x00, 0x80, 0x80, 0x00, 0x00, 0x00, 0x00, 0x00, 0x00, 0x10,
    0x80, 0x40, 0x00, 0x00, 0x00, 0x00, 0x00, 0x00, 0x00, 0xc1, 0x80, 0x00, 0x00, 0x00, 0x00, 0x00, 0x00, 0x10,
    0xd4, 0x80, 0x00, 0x00, 0x00, 0x00, 0x00, 0x00, 0x00, 0x02, 0x00, 0x00, 0x00, 0x00, 0x00, 0x00, 0x00, 0x10,
    0x81, 0x00, 0x00, 0x00, 0x00, 0x00, 0x00, 0x00, 0x00, 0x06, 0x00, 0x02, 0x00, 0x00, 0x00, 0x00, 0x00, 0x10,
    0x8a, 0xa8, 0x02, 0x00, 0x00, 0x00, 0x00, 0x00, 0x20, 0x2a, 0xa0, 0x02, 0x00, 0x08, 0x00, 0x00, 0x00, 0x10,
    0xdd, 0xdd, 0xc5, 0x00, 0x00, 0x00, 0x00, 0x00, 0x41, 0xdd, 0xdc, 0x0c, 0x00, 0x0c, 0x00, 0x00, 0x00, 0x10,
    0xaa, 0xaa, 0xaa, 0x00, 0x00, 0x00, 0x00, 0x00, 0x8a, 0xaa, 0xaa, 0x88, 0x00, 0x08, 0x00, 0x00, 0x00, 0x10,
    0xf0, 0x03, 0x77, 0x00, 0x00, 0x00, 0x00, 0x01, 0x77, 0x40, 0x17, 0x70, 0x00, 0x04, 0x00, 0x00, 0x00, 0x10,
    0x84, 0x02, 0xaa, 0x80, 0x00, 0x00, 0x00, 0x02, 0xaa, 0x00, 0x0a, 0xaa, 0x00, 0x08, 0x80, 0x00, 0x00, 0x10,
    0x80, 0x01, 0x85, 0xd0, 0x00, 0x00, 0x08, 0x0d, 0xc1, 0x80, 0x04, 0x1d, 0x80, 0x0d, 0x00, 0x00, 0x00, 0x10,
    0xd4, 0x00, 0x80, 0xa8, 0x08, 0x00, 0x08, 0x2a, 0x80, 0x80, 0x02, 0x0a, 0xa0, 0x08, 0x02, 0x00, 0x00, 0x10,
    0x80, 0x00, 0x40, 0x77, 0x14, 0x00, 0x31, 0x76, 0x00, 0x40, 0x01, 0x03, 0x74, 0x70, 0x07, 0x00, 0x00, 0x10,
    0xd4, 0x00, 0x00, 0x0a, 0xa8, 0x00, 0x2a, 0xa0, 0x00, 0x00, 0x00, 0x00, 0x2a, 0xa8, 0x2a, 0x80, 0x00, 0x10,
    0x80, 0x00, 0x00, 0x0d, 0xdc, 0x00, 0xdd, 0xc0, 0x00, 0x00, 0x00, 0x00, 0x1d, 0xd0, 0x5d, 0xc0, 0x00, 0x10,
    0xd4, 0x00, 0x00, 0x02, 0xaa, 0xaa, 0xaa, 0x80, 0x00, 0x00, 0x00, 0x00, 0x2a, 0xaa, 0xaa, 0x80, 0x00, 0x10,
    0x80, 0x00, 0x00, 0x03, 0x17, 0x77, 0x70, 0x60, 0x00, 0x00, 0x00, 0x00, 0x10, 0x77, 0x75, 0x40, 0x00, 0x10,
    0xd4, 0x00, 0x00, 0x00, 0x00, 0xaa, 0x80, 0x20, 0x00, 0x00, 0x00, 0x00, 0x08, 0x88, 0xaa, 0x80, 0x00, 0x10,
    0x80, 0x00, 0x00, 0x00, 0x00, 0x10, 0x00, 0x10, 0x00, 0x00, 0x00, 0x00, 0x0d, 0x80, 0xdd, 0x80, 0x00, 0x10,
    0xd4, 0x00, 0x00, 0x00, 0x00, 0x08, 0x00, 0x00, 0x00, 0x00, 0x00, 0x00, 0x02, 0x80, 0x2a, 0x80, 0x00, 0x10,
    0x80, 0x00, 0x00, 0x00, 0x00, 0x04, 0x00, 0x00, 0x00, 0x00, 0x00, 0x00, 0x03, 0x00, 0x33, 0x00, 0x00, 0x10,
    0xd4, 0x00, 0x00, 0x00, 0x02, 0x00, 0x08, 0x00, 0x00, 0x00, 0x00, 0x00, 0x02, 0x80, 0x00, 0x00, 0x00, 0x10,
    0x80, 0x00, 0x00, 0x00, 0x0c, 0x00, 0x10, 0x00, 0x00, 0x00, 0x00, 0x00, 0x05, 0xc0, 0x00, 0x00, 0x00, 0x10,
    0xd4, 0x00, 0x00, 0x00, 0x08, 0x00, 0x20, 0x00, 0x00, 0x00, 0x00, 0x00, 0x02, 0xa8, 0x00, 0x00, 0x00, 0x10,
    0x80, 0x00, 0x00, 0x00, 0x17, 0x77, 0x60, 0x00, 0x00, 0x00, 0x00, 0x00, 0x07, 0x74, 0x00, 0x00, 0x00, 0x10,
    0xd4, 0x00, 0x00, 0x80, 0xaa, 0xaa, 0xa0, 0x00, 0x20, 0x00, 0x00, 0x02, 0x02, 0xa8, 0x00, 0x00, 0x00, 0x10,
    0x80, 0x00, 0x01, 0x85, 0xdd, 0xdd, 0xdd, 0x00, 0x40, 0x00, 0x00, 0x04, 0x0d, 0xd8, 0x00, 0x00, 0x00, 0x10,
    0xd4, 0x00, 0x02, 0x2a, 0xa8, 0x20, 0xaa, 0x80, 0x80, 0x00, 0x00, 0x08, 0xaa, 0xa8, 0x00, 0x00, 0x00, 0x10,
    0x80, 0x20, 0x07, 0x77, 0x00, 0x10, 0x07, 0x71, 0x40, 0x00, 0x00, 0x17, 0x77, 0x74, 0x00, 0x00, 0x00, 0x10,
    0xd4, 0x20, 0x0a, 0xa8, 0x00, 0x08, 0x00, 0xaa, 0x80, 0x00, 0x80, 0x2a, 0xa2, 0xa8, 0x00, 0x00, 0x00, 0x10,
    0x80, 0xc0, 0x5d, 0xcc, 0x00, 0x04, 0x00, 0xdd, 0xc0, 0x01, 0x01, 0xdd, 0x1d, 0x80, 0x00, 0x00, 0x00, 0x10,
    0x80, 0x82, 0xaa, 0x02, 0x02, 0x00, 0x00, 0x22, 0xaa, 0x02, 0x2a, 0xa8, 0x0a, 0x00, 0x00, 0x00, 0x00, 0x10,
    0xf7, 0x77, 0x70, 0x03, 0x00, 0x00, 0x00, 0x30, 0x77, 0x77, 0x77, 0x40, 0x07, 0x00, 0x00, 0x00, 0x00, 0x10,
    0xaa, 0xaa, 0x80, 0x00, 0x00, 0x00, 0x00, 0x00, 0x0a, 0xaa, 0xaa, 0x00, 0x00, 0x80, 0x00, 0x00, 0x00, 0x10,
    0x9d, 0xd9, 0x00, 0x00, 0x00, 0x00, 0x00, 0x00, 0x01, 0xdd, 0xcc, 0x00, 0x00, 0xc0, 0x00, 0x00, 0x00, 0x10,
    0xc0, 0x02, 0x80, 0x00, 0x00, 0x00, 0x00, 0x00, 0x02, 0x80, 0x0a, 0x00, 0x00, 0xa0, 0x00, 0x00, 0x00, 0x10,
    0xff, 0xff, 0xff, 0xff, 0xff, 0xff, 0xff, 0xff, 0xff, 0xff, 0xff, 0xff, 0xff, 0xff, 0xff, 0xff, 0xff, 0xf0,
};

static const lv_img_dsc_t gaming46 = {
    .header.cf = LV_IMG_CF_INDEXED_1BIT,
    .header.always_zero = 0,
    .header.reserved = 0,
    .header.w = 140,
    .header.h = 68,
    .data_size = 1232,
    .data = gaming46_map,
};

static const LV_ATTRIBUTE_MEM_ALIGN LV_ATTRIBUTE_LARGE_CONST uint8_t gaming47_map[] = {
#if CONFIG_NICE_VIEW_WIDGET_INVERTED
    0xff, 0xff, 0xff, 0xff, /*Color of index 0*/
    0x00, 0x00, 0x00, 0xff, /*Color of index 1*/
#else
    0x00, 0x00, 0x00, 0xff, /*Color of index 0*/
    0xff, 0xff, 0xff, 0xff, /*Color of index 1*/
#endif
    0xff, 0xff, 0xff, 0xff, 0xff, 0xff, 0xff, 0xff, 0xff, 0xff, 0xff, 0xff, 0xff, 0xff, 0xff, 0xff, 0xff, 0xf0,
    0x80, 0x00, 0x00, 0x00, 0x00, 0x00, 0x00, 0x00, 0x00, 0x00, 0x00, 0x00, 0x00, 0x00, 0x00, 0x40, 0x00, 0x10,
    0xc4, 0x00, 0x00, 0x00, 0x00, 0x00, 0x20, 0x00, 0x80, 0x02, 0x00, 0x00, 0x00, 0x00, 0x02, 0x82, 0xa8, 0x10,
    0x80, 0x00, 0x00, 0x00, 0x00, 0x00, 0x00, 0x00, 0x00, 0x00, 0x00, 0x00, 0x00, 0x00, 0x00, 0x00, 0x00, 0x10,
    0x90, 0x00, 0x04, 0x00, 0x02, 0x0a, 0xaa, 0xaa, 0x80, 0x0a, 0x00, 0x00, 0x00, 0x08, 0xaa, 0xaa, 0xa8, 0x10,
    0x80, 0x00, 0x00, 0x00, 0x04, 0x44, 0x44, 0x44, 0x40, 0x04, 0x00, 0x00, 0x00, 0x44, 0x44, 0x44, 0x44, 0x10,
    0xc4, 0x20, 0x00, 0x00, 0x0a, 0xaa, 0x00, 0x8a, 0xa8, 0x08, 0x80, 0x00, 0x00, 0x2a, 0xa8, 0x02, 0xa8, 0x10,
    0x80, 0x00, 0x00, 0x00, 0x00, 0x00, 0x00, 0x00, 0x00, 0x00, 0x00, 0x00, 0x00, 0x00, 0x00, 0x00, 0x00, 0x10,
    0xa8, 0x80, 0x00, 0x80, 0xaa, 0xa8, 0x00, 0x20, 0x2a, 0xaa, 0x00, 0x08, 0x02, 0xa8, 0xa8, 0x00, 0xa0, 0x10,
    0xc4, 0x00, 0x04, 0x04, 0x44, 0x00, 0x00, 0x00, 0x04, 0x44, 0x00, 0x04, 0x04, 0x40, 0x40, 0x00, 0x40, 0x10,
    0x8a, 0xa8, 0x02, 0xaa, 0xa0, 0x08, 0x00, 0x00, 0x02, 0xaa, 0xa0, 0x0a, 0xaa, 0x00, 0x2a, 0x00, 0x00, 0x10,
    0x80, 0x00, 0x00, 0x00, 0x00, 0x00, 0x00, 0x00, 0x00, 0x00, 0x00, 0x00, 0x00, 0x00, 0x00, 0x00, 0x00, 0x10,
    0x90, 0x2a, 0xaa, 0xa8, 0x00, 0x00, 0x00, 0x00, 0x00, 0x8a, 0xaa, 0xaa, 0xa0, 0x00, 0x08, 0x00, 0x00, 0x10,
    0x80, 0x04, 0x44, 0x04, 0x00, 0x00, 0x00, 0x00, 0x00, 0x40, 0x04, 0x40, 0x00, 0x00, 0x00, 0x00, 0x00, 0x10,
    0xc4, 0x02, 0x80, 0x02, 0x02, 0x00, 0x00, 0x00, 0x00, 0x08, 0x0a, 0x00, 0x08, 0x00, 0x08, 0x00, 0x00, 0x10,
    0x80, 0x00, 0x00, 0x00, 0x00, 0x00, 0x00, 0x00, 0x00, 0x00, 0x00, 0x00, 0x00, 0x00, 0x00, 0x00, 0x00, 0x10,
    0x90, 0x00, 0x80, 0x80, 0x08, 0x00, 0x00, 0x00, 0x00, 0x08, 0x02, 0x02, 0xa8, 0x00, 0x08, 0x00, 0x00, 0x10,
    0x80, 0x00, 0x40, 0x00, 0x04, 0x00, 0x00, 0x00, 0x00, 0x04, 0x00, 0x04, 0x40, 0x00, 0x04, 0x00, 0x00, 0x10,
    0xc4, 0x00, 0x02, 0x2a, 0xa8, 0x00, 0x00, 0x00, 0x00, 0x2a, 0x00, 0x0a, 0xa8, 0x00, 0x2a, 0x00, 0x00, 0x10,
    0x80, 0x00, 0x00, 0x00, 0x00, 0x00, 0x00, 0x00, 0x00, 0x00, 0x00, 0x00, 0x00, 0x00, 0x00, 0x00, 0x00, 0x10,
    0x90, 0x00, 0x0a, 0xaa, 0xaa, 0xa0, 0x08, 0x00, 0x00, 0x02, 0x80, 0x2a, 0x88, 0x00, 0x02, 0x80, 0x00, 0x10,
    0x80, 0x00, 0x44, 0x44, 0x04, 0x44, 0x00, 0x00, 0x00, 0x00, 0x00, 0x44, 0x44, 0x00, 0x00, 0x00, 0x00, 0x10,
    0xc4, 0x20, 0xaa, 0x0a, 0x00, 0xaa, 0x20, 0x00, 0x00, 0x00, 0x8a, 0xa2, 0xa0, 0x00, 0x00, 0x80, 0x00, 0x10,
    0x80, 0x00, 0x00, 0x00, 0x00, 0x00, 0x00, 0x00, 0x00, 0x00, 0x00, 0x00, 0x00, 0x00, 0x00, 0x00, 0x00, 0x10,
    0x90, 0xaa, 0x80, 0x00, 0x00, 0x2a, 0xa0, 0x00, 0x20, 0x02, 0xaa, 0x00, 0x20, 0x00, 0x00, 0x20, 0x00, 0x10,
    0x80, 0x44, 0x00, 0x00, 0x00, 0x00, 0x44, 0x00, 0x40, 0x04, 0x44, 0x00, 0x00, 0x00, 0x00, 0x40, 0x80, 0x10,
    0xc2, 0xaa, 0x80, 0x00, 0x00, 0x00, 0x2a, 0x80, 0x80, 0x2a, 0xaa, 0x00, 0x00, 0x00, 0x00, 0x28, 0x00, 0x10,
    0x80, 0x00, 0x00, 0x00, 0x00, 0x00, 0x00, 0x00, 0x00, 0x00, 0x00, 0x00, 0x00, 0x00, 0x00, 0x00, 0x00, 0x10,
    0xaa, 0x80, 0x80, 0x00, 0x00, 0x00, 0x02, 0xaa, 0xaa, 0xa8, 0x20, 0x00, 0x00, 0x00, 0x00, 0x20, 0x00, 0x10,
    0xc4, 0x00, 0x40, 0x00, 0x00, 0x00, 0x00, 0x44, 0x44, 0x40, 0x00, 0x00, 0x00, 0x00, 0x00, 0x00, 0x00, 0x10,
    0x80, 0x00, 0x00, 0x00, 0x00, 0x00, 0x00, 0xa2, 0xaa, 0x00, 0x20, 0x00, 0x00, 0x00, 0x00, 0x20, 0x00, 0x10,
    0x80, 0x00, 0x00, 0x00, 0x00, 0x00, 0x00, 0x00, 0x00, 0x00, 0x00, 0x00, 0x00, 0x00, 0x00, 0x00, 0x00, 0x10,
    0x90, 0x20, 0x00, 0x00, 0x00, 0x00, 0x00, 0x00, 0x00, 0x80, 0x80, 0x00, 0x00, 0x00, 0x00, 0x00, 0x00, 0x10,
    0x80, 0x40, 0x00, 0x00, 0x00, 0x00, 0x00, 0x00, 0x00, 0x40, 0x00, 0x00, 0x00, 0x00, 0x00, 0x00, 0x00, 0x10,
    0xc4, 0x80, 0x00, 0x00, 0x00, 0x00, 0x00, 0x00, 0x00, 0x02, 0x00, 0x00, 0x00, 0x00, 0x00, 0x00, 0x00, 0x10,
    0x80, 0x00, 0x00, 0x00, 0x00, 0x00, 0x00, 0x00, 0x00, 0x00, 0x00, 0x00, 0x00, 0x00, 0x00, 0x00, 0x00, 0x10,
    0x8a, 0xa8, 0x02, 0x00, 0x00, 0x00, 0x00, 0x00, 0x20, 0x2a, 0xa0, 0x02, 0x00, 0x08, 0x00, 0x00, 0x00, 0x10,
    0xc4, 0x44, 0x44, 0x00, 0x00, 0x00, 0x00, 0x00, 0x40, 0x44, 0x44, 0x04, 0x00, 0x04, 0x00, 0x00, 0x00, 0x10,
    0xaa, 0xaa, 0xaa, 0x00, 0x00, 0x00, 0x00, 0x00, 0x8a, 0xaa, 0xaa, 0x88, 0x00, 0x08, 0x00, 0x00, 0x00, 0x10,
    0x80, 0x00, 0x00, 0x00, 0x00, 0x00, 0x00, 0x00, 0x00, 0x00, 0x00, 0x00, 0x00, 0x00, 0x00, 0x00, 0x00, 0x10,
    0x90, 0x02, 0xaa, 0x80, 0x00, 0x00, 0x00, 0x02, 0xaa, 0x00, 0x0a, 0xaa, 0x00, 0x08, 0x80, 0x00, 0x00, 0x10,
    0x80, 0x00, 0x04, 0x40, 0x00, 0x00, 0x00, 0x04, 0x40, 0x00, 0x04, 0x04, 0x00, 0x04, 0x00, 0x00, 0x00, 0x10,
    0xc4, 0x00, 0x80, 0xa8, 0x08, 0x00, 0x08, 0x2a, 0x80, 0x80, 0x02, 0x0a, 0xa0, 0x08, 0x02, 0x00, 0x00, 0x10,
    0x80, 0x00, 0x00, 0x00, 0x00, 0x00, 0x00, 0x00, 0x00, 0x00, 0x00, 0x00, 0x00, 0x00, 0x00, 0x00, 0x00, 0x10,
    0x90, 0x00, 0x00, 0x0a, 0xa8, 0x00, 0x2a, 0xa0, 0x00, 0x00, 0x00, 0x00, 0x2a, 0xa8, 0x2a, 0x80, 0x00, 0x10,
    0x80, 0x00, 0x00, 0x04, 0x54, 0x00, 0x44, 0x40, 0x00, 0x00, 0x00, 0x00, 0x04, 0x40, 0x44, 0x40, 0x00, 0x10,
    0xc4, 0x00, 0x00, 0x02, 0xaa, 0xaa, 0xaa, 0x80, 0x00, 0x00, 0x00, 0x00, 0x2a, 0xaa, 0xaa, 0x80, 0x00, 0x10,
    0x80, 0x00, 0x00, 0x00, 0x00, 0x00, 0x00, 0x00, 0x00, 0x00, 0x00, 0x00, 0x00, 0x00, 0x00, 0x00, 0x00, 0x10,
    0x90, 0x00, 0x00, 0x00, 0x00, 0xaa, 0x80, 0x20, 0x00, 0x00, 0x00, 0x00, 0x08, 0x88, 0xaa, 0x80, 0x00, 0x10,
    0x80, 0x00, 0x00, 0x00, 0x00, 0x00, 0x00, 0x00, 0x00, 0x00, 0x00, 0x00, 0x04, 0x00, 0x44, 0x00, 0x00, 0x10,
    0xc4, 0x00, 0x00, 0x00, 0x00, 0x08, 0x00, 0x00, 0x00, 0x00, 0x00, 0x00, 0x02, 0x80, 0x2a, 0x80, 0x00, 0x10,
    0x80, 0x00, 0x00, 0x00, 0x00, 0x00, 0x00, 0x00, 0x00, 0x00, 0x00, 0x00, 0x00, 0x00, 0x00, 0x00, 0x00, 0x10,
    0x90, 0x00, 0x00, 0x00, 0x02, 0x00, 0x08, 0x00, 0x00, 0x00, 0x00, 0x00, 0x02, 0x80, 0x00, 0x00, 0x00, 0x10,
    0x80, 0x00, 0x00, 0x00, 0x04, 0x00, 0x00, 0x00, 0x00, 0x00, 0x00, 0x00, 0x04, 0x40, 0x00, 0x00, 0x00, 0x10,
    0xc4, 0x00, 0x00, 0x00, 0x08, 0x00, 0x20, 0x00, 0x00, 0x00, 0x00, 0x00, 0x02, 0xa8, 0x00, 0x00, 0x00, 0x10,
    0x80, 0x00, 0x00, 0x00, 0x00, 0x00, 0x00, 0x00, 0x00, 0x00, 0x00, 0x00, 0x00, 0x00, 0x00, 0x00, 0x00, 0x10,
    0x90, 0x00, 0x00, 0x80, 0xaa, 0xaa, 0xa0, 0x00, 0x20, 0x00, 0x00, 0x02, 0x02, 0xa8, 0x00, 0x80, 0x00, 0x10,
    0x80, 0x00, 0x00, 0x04, 0x44, 0x44, 0x44, 0x00, 0x40, 0x00, 0x00, 0x04, 0x04, 0x40, 0x00, 0x00, 0x00, 0x10,
    0xc4, 0x00, 0x02, 0x2a, 0xa8, 0x20, 0xaa, 0x80, 0x80, 0x00, 0x00, 0x08, 0xaa, 0xa8, 0x00, 0x00, 0x00, 0x10,
    0x80, 0x40, 0x00, 0x00, 0x00, 0x00, 0x00, 0x00, 0x00, 0x00, 0x00, 0x00, 0x00, 0x00, 0x00, 0x00, 0x00, 0x10,
    0x90, 0x20, 0x0a, 0xa8, 0x00, 0x08, 0x00, 0xaa, 0x80, 0x00, 0x80, 0x2a, 0xa2, 0xa8, 0x00, 0x00, 0x00, 0x10,
    0x80, 0x40, 0x44, 0x44, 0x00, 0x04, 0x00, 0x44, 0x40, 0x00, 0x00, 0x44, 0x04, 0x00, 0x00, 0x00, 0x00, 0x10,
    0xc6, 0x82, 0xaa, 0x02, 0x02, 0x00, 0x00, 0x22, 0xaa, 0x02, 0x2a, 0xa8, 0x0a, 0x00, 0x00, 0x00, 0x00, 0x10,
    0x80, 0x00, 0x00, 0x00, 0x00, 0x00, 0x00, 0x00, 0x00, 0x00, 0x00, 0x00, 0x00, 0x00, 0x00, 0x00, 0x00, 0x10,
    0xaa, 0xaa, 0x80, 0x00, 0x00, 0x00, 0x00, 0x00, 0x0a, 0xaa, 0xaa, 0x00, 0x00, 0x80, 0x00, 0x00, 0x00, 0x10,
    0x84, 0x40, 0x00, 0x00, 0x00, 0x00, 0x00, 0x00, 0x00, 0x44, 0x44, 0x00, 0x00, 0x40, 0x00, 0x00, 0x00, 0x10,
    0xc0, 0x02, 0x80, 0x00, 0x00, 0x00, 0x00, 0x00, 0x02, 0x80, 0x0a, 0x00, 0x00, 0xa0, 0x00, 0x00, 0x00, 0x10,
    0xff, 0xff, 0xff, 0xff, 0xff, 0xff, 0xff, 0xff, 0xff, 0xff, 0xff, 0xff, 0xff, 0xff, 0xff, 0xff, 0xff, 0xf0,
};

static const lv_img_dsc_t gaming47 = {
    .header.cf = LV_IMG_CF_INDEXED_1BIT,
    .header.always_zero = 0,
    .header.reserved = 0,
    .header.w = 140,
    .header.h = 68,
    .data_size = 1232,
    .data = gaming47_map,
};

static const LV_ATTRIBUTE_MEM_ALIGN LV_ATTRIBUTE_LARGE_CONST uint8_t gaming48_map[] = {
#if CONFIG_NICE_VIEW_WIDGET_INVERTED
    0xff, 0xff, 0xff, 0xff, /*Color of index 0*/
    0x00, 0x00, 0x00, 0xff, /*Color of index 1*/
#else
    0x00, 0x00, 0x00, 0xff, /*Color of index 0*/
    0xff, 0xff, 0xff, 0xff, /*Color of index 1*/
#endif
    0xff, 0xff, 0xff, 0xff, 0xff, 0xff, 0xff, 0xff, 0xff, 0xff, 0xff, 0xff, 0xff, 0xff, 0xff, 0xff, 0xff, 0xf0,
    0x80, 0x00, 0x00, 0x00, 0x00, 0x00, 0x00, 0x00, 0x00, 0x00, 0x00, 0x00, 0x00, 0x00, 0x00, 0x00, 0x00, 0x10,
    0x80, 0x00, 0x00, 0x00, 0x00, 0x00, 0x00, 0x00, 0x00, 0x00, 0x00, 0x00, 0x00, 0x00, 0x00, 0x00, 0x00, 0x10,
    0x80, 0x00, 0x00, 0x00, 0x00, 0x00, 0x00, 0x00, 0x00, 0x00, 0x00, 0x00, 0x00, 0x00, 0x00, 0x00, 0x00, 0x10,
    0x80, 0x00, 0x04, 0x00, 0x00, 0x00, 0x00, 0x00, 0x00, 0x00, 0x00, 0x00, 0x00, 0x00, 0x00, 0x00, 0x00, 0x10,
    0x80, 0x00, 0x00, 0x00, 0x00, 0x00, 0x00, 0x00, 0x00, 0x00, 0x00, 0x00, 0x00, 0x00, 0x00, 0x00, 0x00, 0x10,
    0x80, 0x00, 0x00, 0x00, 0x00, 0x00, 0x04, 0x00, 0x00, 0x00, 0x00, 0x00, 0x00, 0x00, 0x00, 0x00, 0x00, 0x10,
    0x80, 0x00, 0x00, 0x00, 0x00, 0x00, 0x00, 0x00, 0x00, 0x00, 0x00, 0x00, 0x00, 0x00, 0x00, 0x00, 0x00, 0x10,
    0x80, 0x00, 0x00, 0x00, 0x00, 0x00, 0x00, 0x00, 0x00, 0x00, 0x00, 0x00, 0x00, 0x00, 0x00, 0x00, 0x00, 0x10,
    0x80, 0x00, 0x00, 0x00, 0x00, 0x00, 0x00, 0x00, 0x00, 0x00, 0x00, 0x00, 0x00, 0x00, 0x00, 0x00, 0x00, 0x10,
    0x80, 0x00, 0x00, 0x00, 0x00, 0x00, 0x00, 0x00, 0x00, 0x00, 0x00, 0x00, 0x00, 0x00, 0x00, 0x00, 0x00, 0x10,
    0x80, 0x00, 0x00, 0x00, 0x00, 0x00, 0x00, 0x00, 0x00, 0x00, 0x00, 0x00, 0x00, 0x00, 0x00, 0x00, 0x00, 0x10,
    0x80, 0x00, 0x00, 0x00, 0x00, 0x00, 0x00, 0x00, 0x00, 0x00, 0x00, 0x00, 0x00, 0x00, 0x00, 0x00, 0x00, 0x10,
    0x80, 0x00, 0x00, 0x00, 0x00, 0x00, 0x00, 0x00, 0x00, 0x00, 0x00, 0x00, 0x00, 0x00, 0x00, 0x00, 0x00, 0x10,
    0x80, 0x00, 0x00, 0x00, 0x00, 0x00, 0x00, 0x00, 0x00, 0x00, 0x00, 0x00, 0x00, 0x00, 0x00, 0x00, 0x00, 0x10,
    0x80, 0x00, 0x00, 0x00, 0x00, 0x00, 0x00, 0x00, 0x00, 0x00, 0x00, 0x00, 0x00, 0x00, 0x00, 0x00, 0x00, 0x10,
    0x80, 0x00, 0x00, 0x00, 0x00, 0x00, 0x00, 0x00, 0x00, 0x00, 0x00, 0x00, 0x00, 0x00, 0x00, 0x00, 0x00, 0x10,
    0x80, 0x00, 0x00, 0x00, 0x00, 0x00, 0x00, 0x00, 0x00, 0x00, 0x00, 0x00, 0x00, 0x00, 0x00, 0x00, 0x00, 0x10,
    0x80, 0x00, 0x00, 0x00, 0x00, 0x00, 0x00, 0x00, 0x00, 0x00, 0x00, 0x00, 0x00, 0x00, 0x00, 0x00, 0x00, 0x10,
    0x80, 0x00, 0x00, 0x00, 0x00, 0x00, 0x00, 0x00, 0x00, 0x00, 0x00, 0x00, 0x00, 0x00, 0x00, 0x00, 0x00, 0x10,
    0x80, 0x00, 0x00, 0x00, 0x40, 0x00, 0x00, 0x00, 0x00, 0x00, 0x00, 0x00, 0x00, 0x00, 0x00, 0x00, 0x00, 0x10,
    0x80, 0x00, 0x00, 0x00, 0x00, 0x00, 0x00, 0x00, 0x00, 0x00, 0x00, 0x00, 0x00, 0x00, 0x00, 0x00, 0x00, 0x10,
    0x80, 0x00, 0x00, 0x00, 0x00, 0x00, 0x00, 0x00, 0x00, 0x00, 0x00, 0x00, 0x00, 0x00, 0x00, 0x00, 0x00, 0x10,
    0x80, 0x00, 0x00, 0x00, 0x00, 0x00, 0x00, 0x00, 0x00, 0x00, 0x00, 0x00, 0x00, 0x00, 0x00, 0x00, 0x00, 0x10,
    0x80, 0x00, 0x00, 0x00, 0x00, 0x00, 0x00, 0x00, 0x00, 0x00, 0x00, 0x00, 0x00, 0x00, 0x00, 0x00, 0x00, 0x10,
    0x80, 0x00, 0x00, 0x00, 0x00, 0x00, 0x00, 0x00, 0x00, 0x00, 0x00, 0x00, 0x00, 0x00, 0x00, 0x00, 0x80, 0x10,
    0x80, 0x00, 0x00, 0x00, 0x00, 0x00, 0x00, 0x00, 0x00, 0x00, 0x00, 0x00, 0x00, 0x00, 0x00, 0x00, 0x00, 0x10,
    0x80, 0x00, 0x00, 0x00, 0x00, 0x00, 0x00, 0x00, 0x00, 0x00, 0x00, 0x00, 0x00, 0x00, 0x00, 0x00, 0x00, 0x10,
    0x80, 0x00, 0x00, 0x00, 0x00, 0x00, 0x00, 0x00, 0x00, 0x00, 0x00, 0x00, 0x00, 0x00, 0x01, 0x00, 0x00, 0x10,
    0x80, 0x00, 0x00, 0x00, 0x00, 0x00, 0x00, 0x00, 0x00, 0x00, 0x00, 0x00, 0x00, 0x00, 0x00, 0x00, 0x00, 0x10,
    0x80, 0x00, 0x00, 0x00, 0x00, 0x00, 0x00, 0x00, 0x00, 0x00, 0x00, 0x00, 0x00, 0x00, 0x00, 0x00, 0x00, 0x10,
    0x80, 0x00, 0x00, 0x00, 0x00, 0x00, 0x00, 0x00, 0x00, 0x00, 0x00, 0x00, 0x00, 0x00, 0x00, 0x00, 0x00, 0x10,
    0x80, 0x00, 0x00, 0x00, 0x00, 0x00, 0x00, 0x00, 0x00, 0x00, 0x00, 0x00, 0x00, 0x00, 0x00, 0x00, 0x00, 0x10,
    0x80, 0x00, 0x00, 0x00, 0x00, 0x00, 0x00, 0x00, 0x00, 0x00, 0x00, 0x00, 0x00, 0x00, 0x00, 0x00, 0x00, 0x10,
    0x80, 0x00, 0x00, 0x00, 0x00, 0x00, 0x00, 0x00, 0x00, 0x00, 0x00, 0x00, 0x00, 0x00, 0x00, 0x00, 0x00, 0x10,
    0x80, 0x00, 0x00, 0x00, 0x00, 0x00, 0x00, 0x00, 0x00, 0x00, 0x00, 0x00, 0x00, 0x00, 0x00, 0x00, 0x00, 0x10,
    0x80, 0x00, 0x00, 0x00, 0x00, 0x00, 0x00, 0x00, 0x00, 0x00, 0x00, 0x00, 0x00, 0x00, 0x00, 0x00, 0x00, 0x10,
    0x80, 0x00, 0x00, 0x00, 0x00, 0x00, 0x00, 0x00, 0x00, 0x00, 0x00, 0x00, 0x00, 0x00, 0x00, 0x00, 0x00, 0x10,
    0x80, 0x00, 0x00, 0x00, 0x00, 0x00, 0x00, 0x00, 0x00, 0x00, 0x00, 0x00, 0x00, 0x00, 0x00, 0x00, 0x00, 0x10,
    0x80, 0x00, 0x00, 0x00, 0x00, 0x00, 0x00, 0x00, 0x00, 0x00, 0x00, 0x00, 0x00, 0x00, 0x00, 0x00, 0x00, 0x10,
    0x80, 0x00, 0x00, 0x00, 0x00, 0x00, 0x00, 0x00, 0x00, 0x00, 0x00, 0x00, 0x00, 0x00, 0x00, 0x00, 0x00, 0x10,
    0x80, 0x00, 0x00, 0x00, 0x00, 0x00, 0x00, 0x00, 0x00, 0x00, 0x00, 0x00, 0x00, 0x00, 0x00, 0x00, 0x00, 0x10,
    0x80, 0x00, 0x00, 0x00, 0x00, 0x00, 0x00, 0x00, 0x00, 0x00, 0x00, 0x00, 0x00, 0x00, 0x00, 0x00, 0x00, 0x10,
    0x80, 0x00, 0x00, 0x00, 0x00, 0x00, 0x00, 0x00, 0x00, 0x00, 0x00, 0x00, 0x00, 0x00, 0x00, 0x00, 0x00, 0x10,
    0x80, 0x00, 0x00, 0x00, 0x00, 0x00, 0x00, 0x00, 0x00, 0x00, 0x00, 0x00, 0x00, 0x00, 0x00, 0x00, 0x00, 0x10,
    0x80, 0x00, 0x00, 0x00, 0x10, 0x00, 0x00, 0x00, 0x00, 0x00, 0x00, 0x00, 0x00, 0x00, 0x00, 0x00, 0x00, 0x10,
    0x80, 0x00, 0x00, 0x00, 0x00, 0x00, 0x00, 0x00, 0x00, 0x00, 0x00, 0x00, 0x00, 0x00, 0x00, 0x00, 0x00, 0x10,
    0x80, 0x00, 0x00, 0x00, 0x00, 0x00, 0x00, 0x00, 0x00, 0x00, 0x00, 0x00, 0x00, 0x00, 0x00, 0x00, 0x00, 0x10,
    0x80, 0x00, 0x00, 0x00, 0x00, 0x00, 0x00, 0x00, 0x00, 0x00, 0x00, 0x00, 0x00, 0x00, 0x00, 0x00, 0x00, 0x10,
    0x80, 0x00, 0x00, 0x00, 0x00, 0x00, 0x00, 0x00, 0x00, 0x00, 0x00, 0x00, 0x00, 0x00, 0x00, 0x00, 0x00, 0x10,
    0x80, 0x00, 0x00, 0x00, 0x00, 0x00, 0x00, 0x00, 0x00, 0x00, 0x00, 0x00, 0x00, 0x00, 0x00, 0x00, 0x00, 0x10,
    0x80, 0x00, 0x00, 0x00, 0x00, 0x00, 0x00, 0x00, 0x00, 0x00, 0x00, 0x00, 0x00, 0x00, 0x00, 0x00, 0x00, 0x10,
    0x80, 0x00, 0x00, 0x00, 0x00, 0x00, 0x00, 0x00, 0x00, 0x00, 0x00, 0x00, 0x00, 0x00, 0x00, 0x00, 0x00, 0x10,
    0x80, 0x00, 0x00, 0x00, 0x00, 0x00, 0x00, 0x00, 0x00, 0x00, 0x00, 0x00, 0x00, 0x00, 0x00, 0x00, 0x00, 0x10,
    0x80, 0x00, 0x00, 0x00, 0x00, 0x00, 0x00, 0x00, 0x00, 0x00, 0x00, 0x00, 0x00, 0x00, 0x00, 0x00, 0x00, 0x10,
    0x80, 0x00, 0x00, 0x00, 0x00, 0x00, 0x00, 0x00, 0x00, 0x00, 0x00, 0x00, 0x00, 0x00, 0x00, 0x00, 0x00, 0x10,
    0x80, 0x00, 0x00, 0x00, 0x00, 0x00, 0x00, 0x00, 0x00, 0x00, 0x00, 0x00, 0x00, 0x00, 0x00, 0x80, 0x00, 0x10,
    0x80, 0x00, 0x00, 0x00, 0x00, 0x00, 0x00, 0x00, 0x00, 0x00, 0x00, 0x00, 0x00, 0x00, 0x00, 0x00, 0x00, 0x10,
    0x80, 0x00, 0x00, 0x00, 0x00, 0x00, 0x00, 0x00, 0x00, 0x00, 0x00, 0x00, 0x00, 0x00, 0x00, 0x00, 0x00, 0x10,
    0x80, 0x40, 0x00, 0x00, 0x00, 0x00, 0x00, 0x00, 0x00, 0x00, 0x00, 0x00, 0x00, 0x00, 0x00, 0x00, 0x00, 0x10,
    0x80, 0x00, 0x00, 0x00, 0x00, 0x00, 0x00, 0x00, 0x00, 0x00, 0x00, 0x00, 0x00, 0x00, 0x00, 0x00, 0x00, 0x10,
    0x80, 0x00, 0x00, 0x00, 0x00, 0x00, 0x00, 0x00, 0x00, 0x00, 0x00, 0x00, 0x00, 0x00, 0x00, 0x00, 0x00, 0x10,
    0x82, 0x00, 0x00, 0x00, 0x02, 0x00, 0x00, 0x00, 0x00, 0x00, 0x00, 0x00, 0x00, 0x00, 0x00, 0x00, 0x00, 0x10,
    0x80, 0x00, 0x00, 0x00, 0x00, 0x00, 0x00, 0x00, 0x00, 0x00, 0x00, 0x00, 0x00, 0x00, 0x00, 0x00, 0x00, 0x10,
    0x80, 0x00, 0x00, 0x00, 0x00, 0x00, 0x00, 0x00, 0x00, 0x00, 0x00, 0x00, 0x00, 0x00, 0x00, 0x00, 0x00, 0x10,
    0x80, 0x00, 0x00, 0x00, 0x00, 0x00, 0x00, 0x00, 0x00, 0x00, 0x00, 0x00, 0x00, 0x00, 0x00, 0x00, 0x00, 0x10,
    0x80, 0x00, 0x00, 0x00, 0x00, 0x00, 0x00, 0x00, 0x00, 0x00, 0x00, 0x00, 0x00, 0x00, 0x00, 0x00, 0x00, 0x10,
    0xff, 0xff, 0xff, 0xff, 0xff, 0xff, 0xff, 0xff, 0xff, 0xff, 0xff, 0xff, 0xff, 0xff, 0xff, 0xff, 0xff, 0xf0,
};

static const lv_img_dsc_t gaming48 = {
    .header.cf = LV_IMG_CF_INDEXED_1BIT,
    .header.always_zero = 0,
    .header.reserved = 0,
    .header.w = 140,
    .header.h = 68,
    .data_size = 1232,
    .data = gaming48_map,
};

/* Pointer table lives in flash too (const pointers to const descriptors). */
const lv_img_dsc_t *const gaming_imgs[GAMING_FRAME_COUNT] = {
    &gaming1,
    &gaming2,
    &gaming3,
    &gaming4,
    &gaming5,
    &gaming6,
    &gaming7,
    &gaming8,
    &gaming9,
    &gaming10,
    &gaming11,
    &gaming12,
    &gaming13,
    &gaming14,
    &gaming15,
    &gaming16,
    &gaming17,
    &gaming18,
    &gaming19,
    &gaming20,
    &gaming21,
    &gaming22,
    &gaming23,
    &gaming24,
    &gaming25,
    &gaming26,
    &gaming27,
    &gaming28,
    &gaming29,
    &gaming30,
    &gaming31,
    &gaming32,
    &gaming33,
    &gaming34,
    &gaming35,
    &gaming36,
    &gaming37,
    &gaming38,
    &gaming39,
    &gaming40,
    &gaming41,
    &gaming42,
    &gaming43,
    &gaming44,
    &gaming45,
    &gaming46,
    &gaming47,
    &gaming48,
};
