/*
 * waterfall: 32 frames, 68x140 portrait, stored rotated as 140x68 LV_IMG_CF_INDEXED_1BIT.
 * Generated by tools/animations - edit the generator, not this file.
 */

#include <lvgl.h>
#include "waterfall.h"

#ifndef LV_ATTRIBUTE_MEM_ALIGN
#define LV_ATTRIBUTE_MEM_ALIGN
#endif
#ifndef LV_ATTRIBUTE_LARGE_CONST
#define LV_ATTRIBUTE_LARGE_CONST
#endif

static const LV_ATTRIBUTE_MEM_ALIGN LV_ATTRIBUTE_LARGE_CONST uint8_t waterfall1_map[] = {
#if CONFIG_NICE_VIEW_WIDGET_INVERTED
    0xff, 0xff, 0xff, 0xff, /*Color of index 0*/
    0x00, 0x00, 0x00, 0xff, /*Color of index 1*/
#else
    0x00, 0x00, 0x00, 0xff, /*Color of index 0*/
    0xff, 0xff, 0xff, 0xff, /*Color of index 1*/
#endif
    0x00, 0x00, 0x00, 0x00, 0x00, 0x00, 0x00, 0x00, 0x00, 0x00, 0x00, 0x00, 0x00, 0x00, 0x00, 0x00, 0x00, 0x00,
    0x7f, 0xfd, 0xdc, 0xff, 0xff, 0xff, 0xff, 0xff, 0xff, 0xff, 0xff, 0xff, 0xff, 0xf7, 0xff, 0xff, 0xff, 0xe0,
    0x7f, 0xff, 0xfe, 0xff, 0xff, 0xff, 0xff, 0xfd, 0xff, 0xff, 0xff, 0xff, 0xff, 0xef, 0xff, 0xff, 0xff, 0xe0,
    0x7f, 0xff, 0xfe, 0xff, 0xff, 0xff, 0xff, 0xff, 0xff, 0xff, 0xff, 0xff, 0xff, 0xe9, 0xff, 0xff, 0xff, 0xe0,
    0x7f, 0xff, 0x7e, 0xff, 0xff, 0xff, 0xff, 0xff, 0xef, 0xff, 0xff, 0xff, 0xff, 0xef, 0xff, 0xff, 0xff, 0xe0,
    0x7f, 0xff, 0x7e, 0xff, 0xff, 0xff, 0xff, 0xfe, 0xff, 0xff, 0xef, 0xff, 0xff, 0xef, 0xff, 0xff, 0xff, 0xe0,
    0x7f, 0xfb, 0xfe, 0xff, 0xff, 0xff, 0xff, 0xff, 0xdf, 0xff, 0xf7, 0xff, 0xff, 0xef, 0xff, 0xff, 0xfb, 0xe0,
    0x7f, 0xfb, 0xfe, 0xff, 0xff, 0xff, 0xff, 0xff, 0x3f, 0xff, 0xff, 0xff, 0xff, 0xf4, 0xff, 0xff, 0xff, 0xe0,
    0x7f, 0xfe, 0xf6, 0xff, 0xff, 0xff, 0xff, 0xff, 0xff, 0xff, 0xff, 0xbf, 0xff, 0xfb, 0xff, 0xff, 0xff, 0xe0,
    0x7f, 0xfe, 0xe2, 0xff, 0xff, 0xf3, 0xff, 0xff, 0xff, 0xff, 0xfb, 0x7f, 0xff, 0xfb, 0xff, 0xff, 0xff, 0xe0,
    0x7f, 0xff, 0xc8, 0xff, 0xff, 0xed, 0xff, 0xff, 0xff, 0xff, 0xfc, 0xff, 0xff, 0xfd, 0xff, 0xff, 0xff, 0xe0,
    0x7f, 0xff, 0xdc, 0xff, 0xff, 0xff, 0xff, 0xff, 0xff, 0xff, 0xff, 0xff, 0xff, 0xfd, 0x3f, 0xff, 0xff, 0xe0,
    0x7f, 0xf7, 0xfe, 0xff, 0xff, 0xfe, 0xff, 0xff, 0xff, 0xff, 0xff, 0xff, 0xff, 0xfd, 0xff, 0xff, 0xff, 0xe0,
    0x7f, 0xf7, 0xfd, 0xff, 0xff, 0xdf, 0xff, 0xff, 0xff, 0xff, 0xff, 0xff, 0xff, 0xfd, 0xff, 0xff, 0xff, 0xe0,
    0x7f, 0xff, 0xb2, 0x7f, 0xff, 0xbf, 0xff, 0xff, 0xff, 0xff, 0xff, 0xff, 0xff, 0xfd, 0xff, 0xfb, 0xff, 0xe0,
    0x7f, 0xff, 0xa0, 0x2f, 0xff, 0xff, 0xff, 0xf7, 0xff, 0xff, 0xf1, 0xff, 0xff, 0xfa, 0x7f, 0xff, 0xff, 0xe0,
    0x7f, 0xfd, 0xc8, 0x93, 0xff, 0xff, 0xcf, 0x89, 0xff, 0xff, 0xce, 0x7f, 0xff, 0xf7, 0xff, 0xff, 0xff, 0xe0,
    0x7f, 0xfd, 0xc0, 0x1c, 0xe3, 0xff, 0x30, 0x7e, 0xff, 0xff, 0xbf, 0x88, 0x3f, 0xe3, 0xff, 0xff, 0xff, 0xe0,
    0x7f, 0xff, 0xc0, 0x1f, 0x1c, 0xfe, 0xff, 0xff, 0x3e, 0x0f, 0x7f, 0xf7, 0xdf, 0xdf, 0xff, 0xff, 0xff, 0xe0,
    0x7f, 0xef, 0x40, 0x1f, 0xff, 0x79, 0xff, 0xff, 0xc1, 0xf0, 0xff, 0xff, 0xe7, 0xbf, 0xff, 0xff, 0xff, 0xe0,
    0x7f, 0xff, 0x69, 0xe0, 0x00, 0x00, 0x00, 0x00, 0x3f, 0xf0, 0x00, 0x00, 0x00, 0xb7, 0xff, 0xff, 0xff, 0xe0,
    0x7f, 0xff, 0x78, 0xe0, 0x00, 0x00, 0x00, 0x00, 0x00, 0x00, 0x00, 0x00, 0x00, 0x77, 0xff, 0xff, 0xff, 0xe0,
    0x7f, 0xff, 0x71, 0x18, 0x00, 0x00, 0x00, 0x00, 0x00, 0x00, 0x7f, 0xf8, 0x00, 0x77, 0xff, 0xff, 0xff, 0xe0,
    0x7f, 0xff, 0xf0, 0x08, 0x00, 0x00, 0x00, 0x00, 0x00, 0x00, 0x00, 0x00, 0x00, 0x77, 0xff, 0xff, 0xff, 0xe0,
    0x7f, 0xef, 0xe8, 0xa4, 0x07, 0xf8, 0x00, 0x00, 0x00, 0x00, 0x00, 0x00, 0x07, 0x6f, 0xff, 0xff, 0xff, 0xe0,
    0x7f, 0xeb, 0xf0, 0x42, 0x00, 0x00, 0x00, 0x00, 0x00, 0x00, 0x00, 0x00, 0x00, 0x6f, 0xff, 0xff, 0xfe, 0xe0,
    0x7f, 0xff, 0xf0, 0xaa, 0x00, 0x00, 0x00, 0x00, 0x00, 0x00, 0x00, 0xfe, 0x00, 0x2f, 0xff, 0xff, 0xff, 0xe0,
    0x7f, 0xff, 0xf1, 0xfa, 0x00, 0x00, 0x00, 0x00, 0x00, 0x00, 0x00, 0x00, 0x00, 0x2f, 0xff, 0xff, 0xff, 0xe0,
    0x7f, 0xfb, 0xf0, 0x07, 0xff, 0x00, 0x00, 0x00, 0x00, 0x00, 0x00, 0x0f, 0xff, 0x2f, 0xff, 0xfb, 0xff, 0xe0,
    0x7f, 0xfb, 0xf0, 0x41, 0x00, 0x00, 0x00, 0x00, 0x00, 0x00, 0x00, 0x00, 0x00, 0x2f, 0xff, 0xc0, 0x7f, 0xe0,
    0x7f, 0xef, 0xf8, 0xa9, 0x00, 0x00, 0x00, 0x01, 0xf8, 0x00, 0x00, 0x00, 0x00, 0x1f, 0xff, 0x80, 0x3f, 0xe0,
    0x7f, 0xef, 0xf9, 0x10, 0x80, 0x00, 0x00, 0x00, 0x00, 0x00, 0x00, 0x00, 0x00, 0x1f, 0xff, 0x00, 0x1f, 0xe0,
    0x7f, 0xfb, 0xf8, 0xaa, 0x80, 0x00, 0x00, 0x00, 0xff, 0xfc, 0x00, 0x00, 0x00, 0x1f, 0xff, 0x01, 0x1f, 0xe0,
    0x7f, 0xfb, 0xf8, 0x44, 0x80, 0x00, 0x00, 0x00, 0x00, 0x00, 0x00, 0x00, 0x00, 0x1b, 0xff, 0x0f, 0xff, 0xe0,
    0x7f, 0xff, 0xf8, 0xaa, 0x80, 0x00, 0x3f, 0xf0, 0x00, 0x00, 0x00, 0x00, 0x00, 0x1b, 0xfe, 0x1f, 0xff, 0xe0,
    0x7f, 0xff, 0xf9, 0x11, 0x00, 0x00, 0x00, 0x00, 0x00, 0x00, 0x00, 0x00, 0x00, 0x1b, 0xff, 0x1f, 0xff, 0xe0,
    0x7f, 0xeb, 0xf8, 0xef, 0x00, 0x00, 0x00, 0x00, 0x00, 0x07, 0xf0, 0x00, 0x00, 0x3b, 0xff, 0x1f, 0xff, 0xe0,
    0x7f, 0xeb, 0xf9, 0x01, 0x00, 0x00, 0x00, 0x00, 0x00, 0x00, 0x00, 0x00, 0x00, 0x3b, 0xff, 0x3f, 0xff, 0xe0,
    0x7f, 0xff, 0xf8, 0xbe, 0x80, 0x00, 0x00, 0x00, 0xff, 0x80, 0x00, 0x00, 0x00, 0x3b, 0xff, 0x9f, 0xff, 0xe0,
    0x7f, 0xff, 0xf9, 0x61, 0xc0, 0x00, 0x00, 0x00, 0x00, 0x00, 0x00, 0x00, 0x00, 0x37, 0xff, 0xdf, 0xff, 0xe0,
    0x7f, 0xfb, 0xf8, 0x8a, 0x7e, 0x00, 0x00, 0x00, 0x00, 0x00, 0x00, 0x07, 0xfe, 0x37, 0xff, 0xff, 0xff, 0xe0,
    0x7f, 0xfb, 0xf9, 0x5d, 0xa0, 0x00, 0x00, 0x00, 0x00, 0x00, 0x00, 0x00, 0x00, 0x37, 0xff, 0xff, 0xff, 0xe0,
    0x7f, 0xef, 0xf9, 0x2a, 0xa0, 0x00, 0x00, 0x01, 0xff, 0x00, 0x00, 0x00, 0x00, 0x37, 0xff, 0xff, 0xff, 0xe0,
    0x7f, 0xef, 0xd8, 0x5f, 0x50, 0x00, 0x00, 0x00, 0x00, 0x00, 0x00, 0x00, 0x00, 0x77, 0xff, 0xff, 0xff, 0xe0,
    0x7f, 0xff, 0xd8, 0xb0, 0xd0, 0x00, 0x00, 0x00, 0x00, 0x1f, 0xf8, 0x00, 0x00, 0x77, 0xff, 0xff, 0xbf, 0xe0,
    0x7f, 0xff, 0xf8, 0xed, 0x30, 0x00, 0x00, 0x00, 0x00, 0x00, 0x00, 0x00, 0x00, 0x6f, 0xff, 0xff, 0xff, 0xe0,
    0x7f, 0xff, 0x78, 0xca, 0xb0, 0x00, 0x00, 0x3f, 0xf8, 0x00, 0x00, 0x00, 0x00, 0x6f, 0xff, 0xff, 0xff, 0xe0,
    0x7f, 0xff, 0x78, 0x57, 0x50, 0x00, 0x00, 0x00, 0x00, 0x00, 0x00, 0x00, 0x00, 0x6f, 0xff, 0xff, 0xff, 0xe0,
    0x7f, 0xef, 0x79, 0xaa, 0x90, 0x00, 0x00, 0x00, 0x00, 0x00, 0x0f, 0xfe, 0x00, 0xef, 0xff, 0xff, 0xff, 0xe0,
    0x7f, 0xef, 0x69, 0x5d, 0xdf, 0xff, 0xff, 0xce, 0x7f, 0xff, 0xfe, 0xf3, 0xff, 0xff, 0xff, 0xff, 0xff, 0xe0,
    0x7f, 0xff, 0xf0, 0xca, 0x97, 0xff, 0x00, 0x3f, 0x9f, 0xff, 0xf9, 0xfc, 0x00, 0xff, 0xff, 0xff, 0xff, 0xe0,
    0x7f, 0xff, 0xfe, 0xd7, 0x39, 0xfc, 0xff, 0xff, 0xef, 0xc1, 0xf7, 0xff, 0xff, 0x7f, 0xff, 0xff, 0xff, 0xe0,
    0x7f, 0xfd, 0xfe, 0xe0, 0x7e, 0xfb, 0xff, 0xff, 0xf0, 0x3e, 0x0f, 0xff, 0xff, 0x9f, 0xff, 0xff, 0xff, 0xe0,
    0x7f, 0xfd, 0xbe, 0xff, 0xdf, 0x07, 0xff, 0xff, 0xff, 0xff, 0xff, 0xff, 0xff, 0xef, 0xff, 0xff, 0xff, 0xe0,
    0x7f, 0xf7, 0xbe, 0xff, 0xff, 0xff, 0xff, 0xff, 0xff, 0xff, 0xff, 0xff, 0xff, 0xf7, 0xff, 0xff, 0xff, 0xe0,
    0x7f, 0xf7, 0xfe, 0xff, 0xfe, 0xff, 0xff, 0xff, 0xff, 0xff, 0x3f, 0xff, 0xff, 0xfa, 0x7f, 0xff, 0xfd, 0xe0,
    0x7f, 0xff, 0xfe, 0xff, 0xed, 0xff, 0xff, 0xff, 0xff, 0xfe, 0xdf, 0xff, 0xff, 0xfb, 0xff, 0xff, 0xff, 0xe0,
    0x7f, 0xfe, 0xdc, 0xff, 0xf3, 0xff, 0xff, 0xff, 0xff, 0xff, 0xff, 0xff, 0xff, 0xfd, 0xff, 0xff, 0xff, 0xe0,
    0x7f, 0xff, 0xc8, 0xff, 0xff, 0xff, 0xff, 0x3f, 0xff, 0xff, 0xef, 0xff, 0xff, 0xfd, 0xff, 0xff, 0xff, 0xe0,
    0x7f, 0xff, 0xe2, 0xff, 0xff, 0xff, 0xff, 0xdf, 0xff, 0xfd, 0xff, 0xff, 0xff, 0xfd, 0x3f, 0xff, 0xff, 0xe0,
    0x7f, 0xfe, 0xf6, 0xff, 0xff, 0xff, 0xfe, 0xff, 0xff, 0xfb, 0xff, 0xff, 0xff, 0xfd, 0xff, 0xff, 0xff, 0xe0,
    0x7f, 0xfb, 0xfe, 0xff, 0xff, 0xff, 0xff, 0xff, 0xff, 0xff, 0xff, 0xff, 0xff, 0xfd, 0xff, 0xff, 0xff, 0xe0,
    0x7f, 0xff, 0xfe, 0xff, 0xff, 0xff, 0xff, 0xef, 0xff, 0xff, 0xff, 0xff, 0xff, 0xfb, 0xff, 0xbf, 0xff, 0xe0,
    0x7f, 0xff, 0xfe, 0xff, 0xff, 0xff, 0xfd, 0xff, 0xff, 0xff, 0xff, 0xff, 0xff, 0xf4, 0xff, 0xff, 0xff, 0xe0,
    0x7f, 0xff, 0x7e, 0xff, 0xff, 0xff, 0xff, 0xff, 0xff, 0xff, 0xff, 0xff, 0xff, 0xf7, 0xff, 0xff, 0xff, 0xe0,
    0x7f, 0xff, 0xbe, 0xff, 0xff, 0xff, 0xfb, 0xff, 0xff, 0xff, 0xff, 0xff, 0xff, 0xef, 0xff, 0xff, 0xff, 0xe0,
    0x7f, 0xfd, 0xfe, 0xff, 0xff, 0xff, 0xff, 0xff, 0xff, 0xff, 0xff, 0xff, 0xff, 0xef, 0xff, 0xff, 0xff, 0xe0,
    0x00, 0x00, 0x00, 0x00, 0x00, 0x00, 0x00, 0x00, 0x00, 0x00, 0x00, 0x00, 0x00, 0x00, 0x00, 0x00, 0x00, 0x00,
};

static const lv_img_dsc_t waterfall1 = {
    .header.cf = LV_IMG_CF_INDEXED_1BIT,
    .header.always_zero = 0,
    .header.reserved = 0,
    .header.w = 140,
    .header.h = 68,
    .data_size = 1232,
    .data = waterfall1_map,
};

static const LV_ATTRIBUTE_MEM_ALIGN LV_ATTRIBUTE_LARGE_CONST uint8_t waterfall2_map[] = {
#if CONFIG_NICE_VIEW_WIDGET_INVERTED
    0xff, 0xff, 0xff, 0xff, /*Color of index 0*/
    0x00, 0x00, 0x00, 0xff, /*Color of index 1*/
#else
    0x00, 0x00, 0x00, 0xff, /*Color of index 0*/
    0xff, 0xff, 0xff, 0xff, /*Color of index 1*/
#endif
    0x00, 0x00, 0x00, 0x00, 0x00, 0x00, 0x00, 0x00, 0x00, 0x00, 0x00, 0x00, 0x00, 0x00, 0x00, 0x00, 0x00, 0x00,
    0x7f, 0xfb, 0x3e, 0xff, 0xff, 0xff, 0xff, 0xff, 0xff, 0xff, 0xff, 0xff, 0xff, 0xf7, 0xff, 0xff, 0xff, 0xe0,
    0x7f, 0xff, 0xfe, 0xff, 0xff, 0xff, 0xff, 0xfd, 0xff, 0xff, 0xff, 0xff, 0xff, 0xef, 0xff, 0xff, 0xff, 0xe0,
    0x7f, 0xff, 0xfe, 0xff, 0xff, 0xff, 0xff, 0xff, 0xff, 0xff, 0xff, 0xff, 0xff, 0xe9, 0xff, 0xff, 0xff, 0xe0,
    0x7f, 0xff, 0xfe, 0xff, 0xff, 0xff, 0xff, 0xff, 0xef, 0xff, 0xff, 0xff, 0xff, 0xef, 0xff, 0xff, 0xff, 0xe0,
    0x7f, 0xfe, 0xfe, 0xff, 0xff, 0xff, 0xff, 0xfe, 0xff, 0xff, 0xef, 0xff, 0xff, 0xef, 0xff, 0xff, 0xff, 0xe0,
    0x7f, 0xf7, 0xe2, 0xff, 0xff, 0xff, 0xff, 0xff, 0xdf, 0xff, 0xf7, 0xff, 0xff, 0xef, 0xff, 0xff, 0xfb, 0xe0,
    0x7f, 0xf7, 0xe2, 0xff, 0xff, 0xff, 0xff, 0xff, 0x3f, 0xff, 0xff, 0xff, 0xff, 0xf4, 0xff, 0xff, 0xff, 0xe0,
    0x7f, 0xff, 0xdc, 0xff, 0xff, 0xff, 0xff, 0xff, 0xff, 0xff, 0xff, 0xbf, 0xff, 0xfb, 0xff, 0xff, 0xff, 0xe0,
    0x7f, 0xff, 0xdc, 0xff, 0xff, 0xf3, 0xff, 0xff, 0xff, 0xff, 0xfb, 0x7f, 0xff, 0xfb, 0xff, 0xff, 0xff, 0xe0,
    0x7f, 0xff, 0xbe, 0xff, 0xff, 0xed, 0xff, 0xff, 0xff, 0xff, 0xfc, 0xff, 0xff, 0xfd, 0xff, 0xff, 0xff, 0xe0,
    0x7f, 0xff, 0xbe, 0xff, 0xff, 0xff, 0xff, 0xff, 0xff, 0xff, 0xff, 0xff, 0xff, 0xfd, 0x3f, 0xff, 0xff, 0xe0,
    0x7f, 0xed, 0xbe, 0xff, 0xff, 0xfe, 0xff, 0xff, 0xff, 0xff, 0xff, 0xff, 0xff, 0xfd, 0xff, 0xff, 0xff, 0xe0,
    0x7f, 0xed, 0xff, 0xff, 0xff, 0xdf, 0xff, 0xff, 0xff, 0xff, 0xff, 0xff, 0xff, 0xfd, 0xff, 0xff, 0xff, 0xe0,
    0x7f, 0xff, 0xfc, 0xff, 0xff, 0xbf, 0xff, 0xff, 0xff, 0xff, 0xff, 0xff, 0xff, 0xfd, 0xff, 0xfb, 0xff, 0xe0,
    0x7f, 0xff, 0x70, 0x2f, 0xff, 0xff, 0xff, 0xf7, 0xff, 0xff, 0xf1, 0xff, 0xff, 0xfa, 0x7f, 0xff, 0xff, 0xe0,
    0x7f, 0xff, 0x68, 0x93, 0xff, 0xff, 0xcf, 0x89, 0xff, 0xff, 0xce, 0x7f, 0xff, 0xf7, 0xff, 0xff, 0xff, 0xe0,
    0x7f, 0xfb, 0x60, 0x1c, 0xe3, 0xff, 0x30, 0x7e, 0xff, 0xff, 0xbf, 0x88, 0x3f, 0xe3, 0xff, 0xff, 0xff, 0xe0,
    0x7f, 0xef, 0xc8, 0xaf, 0x1c, 0xfe, 0xff, 0xff, 0x3e, 0x0f, 0x7f, 0xf7, 0xdf, 0xdf, 0xff, 0xff, 0xff, 0xe0,
    0x7f, 0xef, 0xc1, 0x8f, 0xff, 0x79, 0xff, 0xff, 0xc1, 0xf0, 0xff, 0xff, 0xe7, 0xbf, 0xff, 0xff, 0xff, 0xe0,
    0x7f, 0xfb, 0xe8, 0x70, 0x00, 0x00, 0x00, 0x3f, 0xf0, 0x00, 0x00, 0x00, 0x00, 0xef, 0xff, 0xff, 0xff, 0xe0,
    0x7f, 0xfb, 0xe9, 0xb8, 0x00, 0x00, 0x00, 0x00, 0x00, 0x00, 0x00, 0x00, 0x00, 0x5f, 0xff, 0xff, 0xff, 0xe0,
    0x7f, 0xff, 0xf0, 0x04, 0x00, 0x00, 0x00, 0x00, 0x00, 0x7f, 0xf8, 0x00, 0x00, 0x5f, 0xff, 0xff, 0xff, 0xe0,
    0x7f, 0xfe, 0xf8, 0x02, 0x00, 0x00, 0x00, 0x00, 0x00, 0x00, 0x00, 0x00, 0x00, 0x5f, 0xff, 0xff, 0xff, 0xe0,
    0x7f, 0xfe, 0xe8, 0xab, 0xf8, 0x00, 0x00, 0x00, 0x00, 0x00, 0x00, 0x07, 0xf8, 0x5b, 0xff, 0xff, 0xff, 0xe0,
    0x7f, 0xfe, 0xf0, 0x45, 0x00, 0x00, 0x00, 0x00, 0x00, 0x00, 0x00, 0x00, 0x00, 0x5b, 0xff, 0xff, 0xfe, 0xe0,
    0x7f, 0xfe, 0xf0, 0xa9, 0x00, 0x00, 0x00, 0x00, 0x00, 0x00, 0xfe, 0x00, 0x00, 0x1b, 0xff, 0xff, 0xff, 0xe0,
    0x7f, 0xfe, 0xf0, 0x71, 0x00, 0x00, 0x00, 0x00, 0x00, 0x00, 0x00, 0x00, 0x00, 0x3b, 0xff, 0xff, 0xff, 0xe0,
    0x7f, 0xfe, 0xb9, 0x8d, 0x00, 0x00, 0x00, 0x00, 0x00, 0x00, 0x0f, 0xff, 0x00, 0x3b, 0xff, 0xfb, 0xff, 0xe0,
    0x7f, 0xff, 0xb8, 0x42, 0x00, 0x00, 0x00, 0x00, 0x00, 0x00, 0x00, 0x00, 0x00, 0x3b, 0xff, 0xc0, 0x7f, 0xe0,
    0x7f, 0xdf, 0xb8, 0xa9, 0x00, 0x00, 0x01, 0xf8, 0x00, 0x00, 0x00, 0x00, 0x00, 0x37, 0xff, 0x80, 0x3f, 0xe0,
    0x7f, 0xdf, 0xb9, 0x54, 0x80, 0x00, 0x00, 0x00, 0x00, 0x00, 0x00, 0x00, 0x00, 0x37, 0xff, 0x00, 0x1f, 0xe0,
    0x7f, 0xff, 0xb8, 0xaa, 0x80, 0x00, 0x00, 0xff, 0xfc, 0x00, 0x00, 0x00, 0x00, 0x37, 0xff, 0x01, 0x1f, 0xe0,
    0x7f, 0xff, 0xb8, 0x44, 0x40, 0x00, 0x00, 0x00, 0x00, 0x00, 0x00, 0x00, 0x00, 0x37, 0xff, 0x0f, 0xff, 0xe0,
    0x7f, 0xff, 0xb8, 0xaa, 0x40, 0x3f, 0xf0, 0x00, 0x00, 0x00, 0x00, 0x00, 0x00, 0x37, 0xfe, 0x1f, 0xff, 0xe0,
    0x7f, 0xff, 0xb9, 0x5c, 0x80, 0x00, 0x00, 0x00, 0x00, 0x00, 0x00, 0x00, 0x00, 0x37, 0xff, 0x1f, 0xff, 0xe0,
    0x7f, 0xdf, 0xb8, 0xe7, 0x80, 0x00, 0x00, 0x00, 0x07, 0xf0, 0x00, 0x00, 0x00, 0x2f, 0xff, 0x1f, 0xff, 0xe0,
    0x7f, 0xdf, 0xb8, 0x90, 0x80, 0x00, 0x00, 0x00, 0x00, 0x00, 0x00, 0x00, 0x00, 0x2f, 0xff, 0x3f, 0xff, 0xe0,
    0x7f, 0xff, 0xb9, 0x3f, 0x40, 0x00, 0x00, 0xff, 0x80, 0x00, 0x00, 0x00, 0x00, 0x2f, 0xff, 0x9f, 0xff, 0xe0,
    0x7f, 0xff, 0xb8, 0x60, 0xa0, 0x00, 0x00, 0x00, 0x00, 0x00, 0x00, 0x00, 0x00, 0x2f, 0xff, 0xdf, 0xff, 0xe0,
    0x7f, 0xfe, 0xb8, 0xca, 0x60, 0x00, 0x00, 0x00, 0x00, 0x00, 0x07, 0xfe, 0x00, 0x2f, 0xff, 0xff, 0xff, 0xe0,
    0x7f, 0xfe, 0xf9, 0x9d, 0xa0, 0x00, 0x00, 0x00, 0x00, 0x00, 0x00, 0x00, 0x00, 0x2f, 0xff, 0xff, 0xff, 0xe0,
    0x7f, 0xde, 0xf9, 0x2a, 0x90, 0x00, 0x01, 0xff, 0x00, 0x00, 0x00, 0x00, 0x00, 0x1f, 0xff, 0xff, 0xff, 0xe0,
    0x7f, 0xfe, 0xf9, 0x55, 0x50, 0x00, 0x00, 0x00, 0x00, 0x00, 0x00, 0x00, 0x00, 0x5f, 0xff, 0xff, 0xff, 0xe0,
    0x7f, 0xfe, 0xf9, 0x2f, 0x90, 0x00, 0x00, 0x00, 0x1f, 0xf8, 0x00, 0x00, 0x00, 0x5f, 0xff, 0xff, 0xbf, 0xe0,
    0x7f, 0xfa, 0xf9, 0x58, 0x50, 0x00, 0x00, 0x00, 0x00, 0x00, 0x00, 0x00, 0x00, 0x5b, 0xff, 0xff, 0xff, 0xe0,
    0x7f, 0xff, 0xf9, 0x32, 0xb0, 0x00, 0x3f, 0xf8, 0x00, 0x00, 0x00, 0x00, 0x00, 0x5b, 0xff, 0xff, 0xff, 0xe0,
    0x7f, 0xff, 0xf8, 0xaf, 0xd0, 0x00, 0x00, 0x00, 0x00, 0x00, 0x00, 0x00, 0x00, 0x5b, 0xff, 0xff, 0xff, 0xe0,
    0x7f, 0xeb, 0xd8, 0x6a, 0x90, 0x00, 0x00, 0x00, 0x00, 0x0f, 0xfe, 0x00, 0x00, 0xbb, 0xff, 0xff, 0xff, 0xe0,
    0x7f, 0xeb, 0xf8, 0xad, 0xdf, 0xff, 0xff, 0xce, 0x7f, 0xff, 0xfe, 0xf3, 0xff, 0xff, 0xff, 0xff, 0xff, 0xe0,
    0x7f, 0xff, 0xf8, 0xea, 0x97, 0xff, 0x00, 0x3f, 0x9f, 0xff, 0xf9, 0xfc, 0x00, 0xff, 0xff, 0xff, 0xff, 0xe0,
    0x7f, 0xff, 0x6a, 0xef, 0xb9, 0xfc, 0xff, 0xff, 0xef, 0xc1, 0xf7, 0xff, 0xff, 0x7f, 0xff, 0xff, 0xff, 0xe0,
    0x7f, 0xff, 0x62, 0xf0, 0x7e, 0xfb, 0xff, 0xff, 0xf0, 0x3e, 0x0f, 0xff, 0xff, 0x9f, 0xff, 0xff, 0xff, 0xe0,
    0x7f, 0xff, 0x76, 0xff, 0xdf, 0x07, 0xff, 0xff, 0xff, 0xff, 0xff, 0xff, 0xff, 0xef, 0xff, 0xff, 0xff, 0xe0,
    0x7f, 0xef, 0xfe, 0xff, 0xff, 0xff, 0xff, 0xff, 0xff, 0xff, 0xff, 0xff, 0xff, 0xf7, 0xff, 0xff, 0xff, 0xe0,
    0x7f, 0xef, 0xfe, 0xff, 0xfe, 0xff, 0xff, 0xff, 0xff, 0xff, 0x3f, 0xff, 0xff, 0xfa, 0x7f, 0xff, 0xfd, 0xe0,
    0x7f, 0xfd, 0xbe, 0xff, 0xed, 0xff, 0xff, 0xff, 0xff, 0xfe, 0xdf, 0xff, 0xff, 0xfb, 0xff, 0xff, 0xff, 0xe0,
    0x7f, 0xfd, 0xbe, 0xff, 0xf3, 0xff, 0xff, 0xff, 0xff, 0xff, 0xff, 0xff, 0xff, 0xfd, 0xff, 0xff, 0xff, 0xe0,
    0x7f, 0xff, 0xbe, 0xff, 0xff, 0xff, 0xff, 0x3f, 0xff, 0xff, 0xef, 0xff, 0xff, 0xfd, 0xff, 0xff, 0xff, 0xe0,
    0x7f, 0xff, 0xdc, 0xff, 0xff, 0xff, 0xff, 0xdf, 0xff, 0xfd, 0xff, 0xff, 0xff, 0xfd, 0x3f, 0xff, 0xff, 0xe0,
    0x7f, 0xf7, 0xdc, 0xff, 0xff, 0xff, 0xfe, 0xff, 0xff, 0xfb, 0xff, 0xff, 0xff, 0xfd, 0xff, 0xff, 0xff, 0xe0,
    0x7f, 0xf6, 0xe2, 0xff, 0xff, 0xff, 0xff, 0xff, 0xff, 0xff, 0xff, 0xff, 0xff, 0xfd, 0xff, 0xff, 0xff, 0xe0,
    0x7f, 0xff, 0xe2, 0xff, 0xff, 0xff, 0xff, 0xef, 0xff, 0xff, 0xff, 0xff, 0xff, 0xfb, 0xff, 0xbf, 0xff, 0xe0,
    0x7f, 0xff, 0xfe, 0xff, 0xff, 0xff, 0xfd, 0xff, 0xff, 0xff, 0xff, 0xff, 0xff, 0xf4, 0xff, 0xff, 0xff, 0xe0,
    0x7f, 0xff, 0xfe, 0xff, 0xff, 0xff, 0xff, 0xff, 0xff, 0xff, 0xff, 0xff, 0xff, 0xf7, 0xff, 0xff, 0xff, 0xe0,
    0x7f, 0xff, 0x7e, 0xff, 0xff, 0xff, 0xfb, 0xff, 0xff, 0xff, 0xff, 0xff, 0xff, 0xef, 0xff, 0xff, 0xff, 0xe0,
    0x7f, 0xfb, 0xfe, 0xff, 0xff, 0xff, 0xff, 0xff, 0xff, 0xff, 0xff, 0xff, 0xff, 0xef, 0xff, 0xff, 0xff, 0xe0,
    0x00, 0x00, 0x00, 0x00, 0x00, 0x00, 0x00, 0x00, 0x00, 0x00, 0x00, 0x00, 0x00, 0x00, 0x00, 0x00, 0x00, 0x00,
};

static const lv_img_dsc_t waterfall2 = {
    .header.cf = LV_IMG_CF_INDEXED_1BIT,
    .header.always_zero = 0,
    .header.reserved = 0,
    .header.w = 140,
    .header.h = 68,
    .data_size = 1232,
    .data = waterfall2_map,
};

static const LV_ATTRIBUTE_MEM_ALIGN LV_ATTRIBUTE_LARGE_CONST uint8_t waterfall3_map[] = {
#if CONFIG_NICE_VIEW_WIDGET_INVERTED
    0xff, 0xff, 0xff, 0xff, /*Color of index 0*/
    0x00, 0x00, 0x00, 0xff, /*Color of index 1*/
#else
    0x00, 0x00, 0x00, 0xff, /*Color of index 0*/
    0xff, 0xff, 0xff, 0xff, /*Color of index 1*/
#endif
    0x00, 0x00, 0x00, 0x00, 0x00, 0x00, 0x00, 0x00, 0x00, 0x00, 0x00, 0x00, 0x00, 0x00, 0x00, 0x00, 0x00, 0x00,
    0x7f, 0xf6, 0x7e, 0xff, 0xff, 0xff, 0xff, 0xff, 0xff, 0xff, 0xff, 0xff, 0xff, 0xf7, 0xff, 0xff, 0xff, 0xe0,
    0x7f, 0xff, 0xfe, 0xff, 0xff, 0xff, 0xff, 0xfd, 0xff, 0xff, 0xff, 0xff, 0xff, 0xef, 0xff, 0xff, 0xff, 0xe0,
    0x7f, 0xff, 0xf6, 0xff, 0xff, 0xff, 0xff, 0xff, 0xff, 0xff, 0xff, 0xff, 0xff, 0xe9, 0xff, 0xff, 0xff, 0xe0,
    0x7f, 0xfe, 0xfe, 0xff, 0xff, 0xff, 0xff, 0xff, 0xef, 0xff, 0xff, 0xff, 0xff, 0xef, 0xff, 0xff, 0xff, 0xe0,
    0x7f, 0xff, 0xfe, 0xff, 0xff, 0xff, 0xff, 0xfe, 0xff, 0xff, 0xef, 0xff, 0xff, 0xef, 0xff, 0xff, 0xff, 0xe0,
    0x7f, 0xff, 0xdc, 0xff, 0xff, 0xff, 0xff, 0xff, 0xdf, 0xff, 0xf7, 0xff, 0xff, 0xef, 0xff, 0xff, 0xfb, 0xe0,
    0x7f, 0xef, 0xbe, 0xff, 0xff, 0xff, 0xff, 0xff, 0x3f, 0xff, 0xff, 0xff, 0xff, 0xf4, 0xff, 0xff, 0xff, 0xe0,
    0x7f, 0xfd, 0xfe, 0xff, 0xff, 0xff, 0xff, 0xff, 0xff, 0xff, 0xff, 0xbf, 0xff, 0xfb, 0xff, 0xff, 0xff, 0xe0,
    0x7f, 0xfd, 0xfe, 0xff, 0xff, 0xf3, 0xff, 0xff, 0xff, 0xff, 0xfb, 0x7f, 0xff, 0xfb, 0xff, 0xff, 0xff, 0xe0,
    0x7f, 0xff, 0xfe, 0xff, 0xff, 0xed, 0xff, 0xff, 0xff, 0xff, 0xfc, 0xff, 0xff, 0xfd, 0xff, 0xff, 0xff, 0xe0,
    0x7f, 0xff, 0x7e, 0xff, 0xff, 0xff, 0xff, 0xff, 0xff, 0xff, 0xff, 0xff, 0xff, 0xfd, 0x3f, 0xff, 0xff, 0xe0,
    0x7f, 0xeb, 0xfe, 0xff, 0xff, 0xfe, 0xff, 0xff, 0xff, 0xff, 0xff, 0xff, 0xff, 0xfd, 0xff, 0xff, 0xff, 0xe0,
    0x7f, 0xeb, 0xf6, 0xff, 0xff, 0xdf, 0xff, 0xff, 0xff, 0xff, 0xff, 0xff, 0xff, 0xfd, 0xff, 0xff, 0xff, 0xe0,
    0x7f, 0xff, 0xef, 0xff, 0xff, 0xbf, 0xff, 0xff, 0xff, 0xff, 0xff, 0xff, 0xff, 0xfd, 0xff, 0xfb, 0xff, 0xe0,
    0x7f, 0xff, 0xf8, 0x2f, 0xff, 0xff, 0xff, 0xf7, 0xff, 0xff, 0xf1, 0xff, 0xff, 0xfa, 0x7f, 0xff, 0xff, 0xe0,
    0x7f, 0xfb, 0xd0, 0x93, 0xff, 0xff, 0xcf, 0x89, 0xff, 0xff, 0xce, 0x7f, 0xff, 0xf7, 0xff, 0xff, 0xff, 0xe0,
    0x7f, 0xff, 0xe0, 0x0c, 0xe3, 0xff, 0x30, 0x7e, 0xff, 0xff, 0xbf, 0x88, 0x3f, 0xe3, 0xff, 0xff, 0xff, 0xe0,
    0x7f, 0xde, 0xe8, 0xef, 0x1c, 0xfe, 0xff, 0xff, 0x3e, 0x0f, 0x7f, 0xf7, 0xdf, 0xdf, 0xff, 0xff, 0xff, 0xe0,
    0x7f, 0xde, 0xe1, 0x3f, 0xff, 0x79, 0xff, 0xff, 0xc1, 0xf0, 0xff, 0xff, 0xe7, 0xbf, 0xff, 0xff, 0xff, 0xe0,
    0x7f, 0xff, 0xe8, 0xf8, 0x00, 0x00, 0x3f, 0xf0, 0x00, 0x00, 0x00, 0x00, 0x00, 0xbb, 0xff, 0xff, 0xff, 0xe0,
    0x7f, 0xff, 0xe9, 0x04, 0x00, 0x00, 0x00, 0x00, 0x00, 0x00, 0x00, 0x00, 0x00, 0x37, 0xff, 0xff, 0xff, 0xe0,
    0x7f, 0xff, 0xb0, 0xaa, 0x00, 0x00, 0x00, 0x00, 0x7f, 0xf8, 0x00, 0x00, 0x00, 0x37, 0xff, 0xff, 0xff, 0xe0,
    0x7f, 0xff, 0xb1, 0x11, 0x00, 0x00, 0x00, 0x00, 0x00, 0x00, 0x00, 0x00, 0x00, 0x37, 0xff, 0xff, 0xff, 0xe0,
    0x7f, 0xd7, 0xf8, 0xa9, 0x00, 0x00, 0x00, 0x00, 0x00, 0x00, 0x07, 0xf8, 0x00, 0x77, 0xff, 0xff, 0xff, 0xe0,
    0x7f, 0xd7, 0xf8, 0x44, 0x80, 0x00, 0x00, 0x00, 0x00, 0x00, 0x00, 0x00, 0x00, 0x77, 0xff, 0xff, 0xfe, 0xe0,
    0x7f, 0xff, 0xf8, 0xaa, 0x80, 0x00, 0x00, 0x00, 0x00, 0xfe, 0x00, 0x00, 0x00, 0x37, 0xff, 0xff, 0xff, 0xe0,
    0x7f, 0xff, 0xf9, 0x10, 0x80, 0x00, 0x00, 0x00, 0x00, 0x00, 0x00, 0x00, 0x00, 0x2f, 0xff, 0xff, 0xff, 0xe0,
    0x7f, 0xf7, 0xf8, 0xfd, 0x00, 0x00, 0x00, 0x00, 0x00, 0x0f, 0xff, 0x00, 0x00, 0x2f, 0xff, 0xfb, 0xff, 0xe0,
    0x7f, 0xf7, 0xf8, 0x83, 0x00, 0x00, 0x00, 0x00, 0x00, 0x00, 0x00, 0x00, 0x00, 0x2f, 0xff, 0xc0, 0x7f, 0xe0,
    0x7f, 0xdd, 0xf9, 0x29, 0x00, 0x01, 0xf8, 0x00, 0x00, 0x00, 0x00, 0x00, 0x00, 0x2f, 0xff, 0x80, 0x3f, 0xe0,
    0x7f, 0xdd, 0xf8, 0x54, 0x80, 0x00, 0x00, 0x00, 0x00, 0x00, 0x00, 0x00, 0x00, 0x2f, 0xff, 0x00, 0x1f, 0xe0,
    0x7f, 0xf7, 0xf8, 0xaa, 0x40, 0x00, 0xff, 0xfc, 0x00, 0x00, 0x00, 0x00, 0x00, 0x2f, 0xff, 0x01, 0x1f, 0xe0,
    0x7f, 0xf7, 0xf8, 0x44, 0x40, 0x00, 0x00, 0x00, 0x00, 0x00, 0x00, 0x00, 0x00, 0x1f, 0xff, 0x0f, 0xff, 0xe0,
    0x7f, 0xfd, 0xf8, 0xaa, 0x7f, 0xf0, 0x00, 0x00, 0x00, 0x00, 0x00, 0x00, 0x3f, 0x9f, 0xfe, 0x1f, 0xff, 0xe0,
    0x7f, 0xfd, 0xf9, 0x7f, 0x40, 0x00, 0x00, 0x00, 0x00, 0x00, 0x00, 0x00, 0x00, 0x1f, 0xff, 0x1f, 0xff, 0xe0,
    0x7f, 0xd7, 0xf8, 0xc1, 0xc0, 0x00, 0x00, 0x07, 0xf0, 0x00, 0x00, 0x00, 0x00, 0x1b, 0xff, 0x1f, 0xff, 0xe0,
    0x7f, 0xd7, 0xf8, 0x9c, 0x40, 0x00, 0x00, 0x00, 0x00, 0x00, 0x00, 0x00, 0x00, 0x1b, 0xff, 0x3f, 0xff, 0xe0,
    0x7f, 0xfd, 0xf9, 0x3f, 0xa0, 0x00, 0xff, 0x80, 0x00, 0x00, 0x00, 0x00, 0x00, 0x1b, 0xff, 0x9f, 0xff, 0xe0,
    0x7f, 0xff, 0xf8, 0x60, 0x60, 0x00, 0x00, 0x00, 0x00, 0x00, 0x00, 0x00, 0x00, 0x3b, 0xff, 0xdf, 0xff, 0xe0,
    0x7f, 0xf7, 0xf8, 0xca, 0xb0, 0x00, 0x00, 0x00, 0x00, 0x07, 0xfe, 0x00, 0x00, 0x3b, 0xff, 0xff, 0xff, 0xe0,
    0x7f, 0xf7, 0xf8, 0xdd, 0xb0, 0x00, 0x00, 0x00, 0x00, 0x00, 0x00, 0x00, 0x00, 0x3b, 0xff, 0xff, 0xff, 0xe0,
    0x7f, 0xdf, 0xf8, 0xaa, 0x90, 0x01, 0xff, 0x00, 0x00, 0x00, 0x00, 0x00, 0x00, 0x37, 0xff, 0xff, 0xff, 0xe0,
    0x7f, 0xdf, 0xf8, 0xb7, 0x50, 0x00, 0x00, 0x00, 0x00, 0x00, 0x00, 0x00, 0x00, 0x37, 0xff, 0xff, 0xff, 0xe0,
    0x7f, 0xf7, 0xf8, 0xaa, 0x90, 0x00, 0x00, 0x1f, 0xf8, 0x00, 0x00, 0x00, 0x00, 0x37, 0xff, 0xff, 0xbf, 0xe0,
    0x7f, 0xf7, 0xb8, 0x9d, 0xd0, 0x00, 0x00, 0x00, 0x00, 0x00, 0x00, 0x00, 0x00, 0x77, 0xff, 0xff, 0xff, 0xe0,
    0x7f, 0xff, 0xb9, 0x4e, 0xe0, 0x3f, 0xf8, 0x00, 0x00, 0x00, 0x00, 0x00, 0x00, 0x77, 0xff, 0xff, 0xff, 0xe0,
    0x7f, 0xff, 0xf8, 0xe9, 0x20, 0x00, 0x00, 0x00, 0x00, 0x00, 0x00, 0x00, 0x00, 0x77, 0xff, 0xff, 0xff, 0xe0,
    0x7f, 0xdf, 0xf8, 0x32, 0x90, 0x00, 0x00, 0x00, 0x0f, 0xfe, 0x00, 0x00, 0x00, 0x6f, 0xff, 0xff, 0xff, 0xe0,
    0x7f, 0xdf, 0xf8, 0x95, 0xdf, 0xff, 0xff, 0xce, 0x7f, 0xff, 0xfe, 0xf3, 0xff, 0xff, 0xff, 0xff, 0xff, 0xe0,
    0x7f, 0xfe, 0xf8, 0xf2, 0x97, 0xff, 0x00, 0x3f, 0x9f, 0xff, 0xf9, 0xfc, 0x00, 0xff, 0xff, 0xff, 0xff, 0xe0,
    0x7f, 0xfe, 0xdc, 0xf7, 0xd9, 0xfc, 0xff, 0xff, 0xef, 0xc1, 0xf7, 0xff, 0xff, 0x7f, 0xff, 0xff, 0xff, 0xe0,
    0x7f, 0xfb, 0xdc, 0xfa, 0x3e, 0xfb, 0xff, 0xff, 0xf0, 0x3e, 0x0f, 0xff, 0xff, 0x9f, 0xff, 0xff, 0xff, 0xe0,
    0x7f, 0xfb, 0xfe, 0xfc, 0xdf, 0x07, 0xff, 0xff, 0xff, 0xff, 0xff, 0xff, 0xff, 0xef, 0xff, 0xff, 0xff, 0xe0,
    0x7f, 0xff, 0xea, 0xff, 0xff, 0xff, 0xff, 0xff, 0xff, 0xff, 0xff, 0xff, 0xff, 0xf7, 0xff, 0xff, 0xff, 0xe0,
    0x7f, 0xef, 0x76, 0xff, 0xfe, 0xff, 0xff, 0xff, 0xff, 0xff, 0x3f, 0xff, 0xff, 0xfa, 0x7f, 0xff, 0xfd, 0xe0,
    0x7f, 0xfb, 0xfe, 0xff, 0xed, 0xff, 0xff, 0xff, 0xff, 0xfe, 0xdf, 0xff, 0xff, 0xfb, 0xff, 0xff, 0xff, 0xe0,
    0x7f, 0xff, 0xfe, 0xff, 0xf3, 0xff, 0xff, 0xff, 0xff, 0xff, 0xff, 0xff, 0xff, 0xfd, 0xff, 0xff, 0xff, 0xe0,
    0x7f, 0xff, 0xfe, 0xff, 0xff, 0xff, 0xff, 0x3f, 0xff, 0xff, 0xef, 0xff, 0xff, 0xfd, 0xff, 0xff, 0xff, 0xe0,
    0x7f, 0xff, 0xbe, 0xff, 0xff, 0xff, 0xff, 0xdf, 0xff, 0xfd, 0xff, 0xff, 0xff, 0xfd, 0x3f, 0xff, 0xff, 0xe0,
    0x7f, 0xed, 0xfe, 0xff, 0xff, 0xff, 0xfe, 0xff, 0xff, 0xfb, 0xff, 0xff, 0xff, 0xfd, 0xff, 0xff, 0xff, 0xe0,
    0x7f, 0xed, 0xfe, 0xff, 0xff, 0xff, 0xff, 0xff, 0xff, 0xff, 0xff, 0xff, 0xff, 0xfd, 0xff, 0xff, 0xff, 0xe0,
    0x7f, 0xff, 0xdc, 0xff, 0xff, 0xff, 0xff, 0xef, 0xff, 0xff, 0xff, 0xff, 0xff, 0xfb, 0xff, 0xbf, 0xff, 0xe0,
    0x7f, 0xff, 0xc8, 0xff, 0xff, 0xff, 0xfd, 0xff, 0xff, 0xff, 0xff, 0xff, 0xff, 0xf4, 0xff, 0xff, 0xff, 0xe0,
    0x7f, 0xfe, 0xfe, 0xff, 0xff, 0xff, 0xff, 0xff, 0xff, 0xff, 0xff, 0xff, 0xff, 0xf7, 0xff, 0xff, 0xff, 0xe0,
    0x7f, 0xfe, 0xfe, 0xff, 0xff, 0xff, 0xfb, 0xff, 0xff, 0xff, 0xff, 0xff, 0xff, 0xef, 0xff, 0xff, 0xff, 0xe0,
    0x7f, 0xf7, 0xfe, 0xff, 0xff, 0xff, 0xff, 0xff, 0xff, 0xff, 0xff, 0xff, 0xff, 0xef, 0xff, 0xff, 0xff, 0xe0,
    0x00, 0x00, 0x00, 0x00, 0x00, 0x00, 0x00, 0x00, 0x00, 0x00, 0x00, 0x00, 0x00, 0x00, 0x00, 0x00, 0x00, 0x00,
};

static const lv_img_dsc_t waterfall3 = {
    .header.cf = LV_IMG_CF_INDEXED_1BIT,
    .header.always_zero = 0,
    .header.reserved = 0,
    .header.w = 140,
    .header.h = 68,
    .data_size = 1232,
    .data = waterfall3_map,
};

static const LV_ATTRIBUTE_MEM_ALIGN LV_ATTRIBUTE_LARGE_CONST uint8_t waterfall4_map[] = {
#if CONFIG_NICE_VIEW_WIDGET_INVERTED
    0xff, 0xff, 0xff, 0xff, /*Color of index 0*/
    0x00, 0x00, 0x00, 0xff, /*Color of index 1*/
#else
    0x00, 0x00, 0x00, 0xff, /*Color of index 0*/
    0xff, 0xff, 0xff, 0xff, /*Color of index 1*/
#endif
    0x00, 0x00, 0x00, 0x00, 0x00, 0x00, 0x00, 0x00, 0x00, 0x00, 0x00, 0x00, 0x00, 0x00, 0x00, 0x00, 0x00, 0x00,
    0x7f, 0xf7, 0xfe, 0xff, 0xff, 0xff, 0xff, 0xff, 0xff, 0xff, 0xff, 0xff, 0xff, 0xf7, 0xff, 0xff, 0xff, 0xe0,
    0x7f, 0xfd, 0xc0, 0xff, 0xff, 0xff, 0xff, 0xfd, 0xff, 0xff, 0xff, 0xff, 0xff, 0xef, 0xff, 0xff, 0xff, 0xe0,
    0x7f, 0xfd, 0xdc, 0xff, 0xff, 0xff, 0xff, 0xff, 0xff, 0xff, 0xff, 0xff, 0xff, 0xe9, 0xff, 0xff, 0xff, 0xe0,
    0x7f, 0xff, 0xfe, 0xff, 0xff, 0xff, 0xff, 0xff, 0xef, 0xff, 0xff, 0xff, 0xff, 0xef, 0xff, 0xff, 0xff, 0xe0,
    0x7f, 0xff, 0xfe, 0xff, 0xff, 0xff, 0xff, 0xfe, 0xff, 0xff, 0xef, 0xff, 0xff, 0xef, 0xff, 0xff, 0xff, 0xe0,
    0x7f, 0xef, 0xbe, 0xff, 0xff, 0xff, 0xff, 0xff, 0xdf, 0xff, 0xf7, 0xff, 0xff, 0xef, 0xff, 0xff, 0xfb, 0xe0,
    0x7f, 0xef, 0xfe, 0xff, 0xff, 0xff, 0xff, 0xff, 0x3f, 0xff, 0xff, 0xff, 0xff, 0xf4, 0xff, 0xff, 0xff, 0xe0,
    0x7f, 0xfb, 0xfe, 0xff, 0xff, 0xff, 0xff, 0xff, 0xff, 0xff, 0xff, 0xbf, 0xff, 0xfb, 0xff, 0xff, 0xff, 0xe0,
    0x7f, 0xfb, 0xfe, 0xff, 0xff, 0xf3, 0xff, 0xff, 0xff, 0xff, 0xfb, 0x7f, 0xff, 0xfb, 0xff, 0xff, 0xff, 0xe0,
    0x7f, 0xff, 0xfe, 0xff, 0xff, 0xed, 0xff, 0xff, 0xff, 0xff, 0xfc, 0xff, 0xff, 0xfd, 0xff, 0xff, 0xff, 0xe0,
    0x7f, 0xff, 0xe2, 0xff, 0xff, 0xff, 0xff, 0xff, 0xff, 0xff, 0xff, 0xff, 0xff, 0xfd, 0x3f, 0xff, 0xff, 0xe0,
    0x7f, 0xdf, 0xea, 0xff, 0xff, 0xfe, 0xff, 0xff, 0xff, 0xff, 0xff, 0xff, 0xff, 0xfd, 0xff, 0xff, 0xff, 0xe0,
    0x7f, 0xdf, 0xdc, 0xff, 0xff, 0xdf, 0xff, 0xff, 0xff, 0xff, 0xff, 0xff, 0xff, 0xfd, 0xff, 0xff, 0xff, 0xe0,
    0x7f, 0xfe, 0xdd, 0xff, 0xff, 0xbf, 0xff, 0xff, 0xff, 0xff, 0xff, 0xff, 0xff, 0xfd, 0xff, 0xfb, 0xff, 0xe0,
    0x7f, 0xf6, 0xfe, 0x6f, 0xff, 0xff, 0xff, 0xf7, 0xff, 0xff, 0xf1, 0xff, 0xff, 0xfa, 0x7f, 0xff, 0xff, 0xe0,
    0x7f, 0xff, 0xf8, 0x93, 0xff, 0xff, 0xcf, 0x89, 0xff, 0xff, 0xce, 0x7f, 0xff, 0xf7, 0xff, 0xff, 0xff, 0xe0,
    0x7f, 0xff, 0xb0, 0xec, 0xe3, 0xff, 0x30, 0x7e, 0xff, 0xff, 0xbf, 0x88, 0x3f, 0xe3, 0xff, 0xff, 0xff, 0xe0,
    0x7f, 0xdf, 0xb1, 0x1f, 0x1c, 0xfe, 0xff, 0xff, 0x3e, 0x0f, 0x7f, 0xf7, 0xdf, 0xdf, 0xff, 0xff, 0xff, 0xe0,
    0x7f, 0xff, 0xa0, 0x07, 0xff, 0x79, 0xff, 0xff, 0xc1, 0xf0, 0xff, 0xff, 0xe7, 0xbf, 0xff, 0xff, 0xff, 0xe0,
    0x7f, 0xf7, 0xe8, 0xfa, 0x00, 0x3f, 0xf0, 0x00, 0x00, 0x00, 0x00, 0x00, 0x00, 0x6f, 0xff, 0xff, 0xff, 0xe0,
    0x7f, 0xf7, 0xe9, 0x06, 0x00, 0x00, 0x00, 0x00, 0x00, 0x00, 0x00, 0x00, 0x00, 0x6f, 0xff, 0xff, 0xff, 0xe0,
    0x7f, 0xfd, 0xf0, 0xa9, 0x00, 0x00, 0x00, 0x7f, 0xf8, 0x00, 0x00, 0x00, 0x00, 0x6f, 0xff, 0xff, 0xff, 0xe0,
    0x7f, 0xfd, 0xf1, 0x10, 0x80, 0x00, 0x00, 0x00, 0x00, 0x00, 0x00, 0x00, 0x00, 0x6f, 0xff, 0xff, 0xff, 0xe0,
    0x7f, 0xbf, 0xf8, 0xaa, 0x80, 0x00, 0x00, 0x00, 0x00, 0x07, 0xf8, 0x00, 0x00, 0x5f, 0xff, 0xff, 0xff, 0xe0,
    0x7f, 0xbf, 0x78, 0x44, 0x80, 0x00, 0x00, 0x00, 0x00, 0x00, 0x00, 0x00, 0x00, 0x5f, 0xff, 0xff, 0xfe, 0xe0,
    0x7f, 0xff, 0x78, 0xaa, 0x80, 0x00, 0x00, 0x00, 0xfe, 0x00, 0x00, 0x00, 0x00, 0x1f, 0xff, 0xff, 0xff, 0xe0,
    0x7f, 0xff, 0x79, 0x10, 0x80, 0x00, 0x00, 0x00, 0x00, 0x00, 0x00, 0x00, 0x00, 0x1b, 0xff, 0xff, 0xff, 0xe0,
    0x7f, 0xff, 0x78, 0xaa, 0x80, 0x00, 0x00, 0x00, 0x0f, 0xff, 0x00, 0x00, 0x00, 0x1b, 0xff, 0xfb, 0xff, 0xe0,
    0x7f, 0xff, 0x78, 0x7e, 0x80, 0x00, 0x00, 0x00, 0x00, 0x00, 0x00, 0x00, 0x00, 0x1b, 0xff, 0xc0, 0x7f, 0xe0,
    0x7f, 0xbf, 0x78, 0x81, 0x01, 0xf8, 0x00, 0x00, 0x00, 0x00, 0x00, 0x00, 0x01, 0xbb, 0xff, 0x80, 0x3f, 0xe0,
    0x7f, 0xbf, 0xf9, 0x54, 0x80, 0x00, 0x00, 0x00, 0x00, 0x00, 0x00, 0x00, 0x00, 0x3b, 0xff, 0x00, 0x1f, 0xe0,
    0x7f, 0xff, 0xf8, 0xaa, 0x40, 0xff, 0xfc, 0x00, 0x00, 0x00, 0x00, 0x00, 0x00, 0xbb, 0xff, 0x01, 0x1f, 0xe0,
    0x7f, 0xff, 0xf9, 0x55, 0x20, 0x00, 0x00, 0x00, 0x00, 0x00, 0x00, 0x00, 0x00, 0x37, 0xff, 0x0f, 0xff, 0xe0,
    0x7f, 0xff, 0xf8, 0xaa, 0xb0, 0x00, 0x00, 0x00, 0x00, 0x00, 0x00, 0x3f, 0xf0, 0x37, 0xfe, 0x1f, 0xff, 0xe0,
    0x7f, 0xff, 0xf9, 0x5f, 0x20, 0x00, 0x00, 0x00, 0x00, 0x00, 0x00, 0x00, 0x00, 0x37, 0xff, 0x1f, 0xff, 0xe0,
    0x7f, 0xbf, 0xf8, 0xe0, 0xa0, 0x00, 0x07, 0xf0, 0x00, 0x00, 0x00, 0x00, 0x00, 0x37, 0xff, 0x1f, 0xff, 0xe0,
    0x7f, 0xbf, 0xf9, 0x9d, 0x60, 0x00, 0x00, 0x00, 0x00, 0x00, 0x00, 0x00, 0x00, 0x37, 0xff, 0x3f, 0xff, 0xe0,
    0x7f, 0xff, 0x78, 0xaf, 0xa0, 0xff, 0x80, 0x00, 0x00, 0x00, 0x00, 0x00, 0x00, 0xb7, 0xff, 0x9f, 0xff, 0xe0,
    0x7f, 0xff, 0x79, 0x50, 0x50, 0x00, 0x00, 0x00, 0x00, 0x00, 0x00, 0x00, 0x00, 0x2f, 0xff, 0xdf, 0xff, 0xe0,
    0x7f, 0xff, 0x79, 0x2a, 0xb0, 0x00, 0x00, 0x00, 0x07, 0xfe, 0x00, 0x00, 0x00, 0x2f, 0xff, 0xff, 0xff, 0xe0,
    0x7f, 0xff, 0x79, 0x6d, 0xd0, 0x00, 0x00, 0x00, 0x00, 0x00, 0x00, 0x00, 0x00, 0x2f, 0xff, 0xff, 0xff, 0xe0,
    0x7f, 0xbf, 0x79, 0x4a, 0x91, 0xff, 0x00, 0x00, 0x00, 0x00, 0x00, 0x00, 0x01, 0x2f, 0xff, 0xff, 0xff, 0xe0,
    0x7f, 0xbd, 0x79, 0x5f, 0xd0, 0x00, 0x00, 0x00, 0x00, 0x00, 0x00, 0x00, 0x00, 0x6f, 0xff, 0xff, 0xff, 0xe0,
    0x7f, 0xff, 0xf9, 0x2a, 0x90, 0x00, 0x1f, 0xf8, 0x00, 0x00, 0x00, 0x00, 0x00, 0x6f, 0xff, 0xff, 0xbf, 0xe0,
    0x7f, 0xff, 0xf9, 0xad, 0xa0, 0x00, 0x00, 0x00, 0x00, 0x00, 0x00, 0x00, 0x00, 0x5f, 0xff, 0xff, 0xff, 0xe0,
    0x7f, 0xfd, 0xf8, 0xf0, 0x7f, 0xf8, 0x00, 0x00, 0x00, 0x00, 0x00, 0x00, 0x3f, 0x5f, 0xff, 0xff, 0xff, 0xe0,
    0x7f, 0xfd, 0xf0, 0x3f, 0x80, 0x00, 0x00, 0x00, 0x00, 0x00, 0x00, 0x00, 0x00, 0x5f, 0xff, 0xff, 0xff, 0xe0,
    0x7f, 0xff, 0xe8, 0x90, 0x00, 0x00, 0x00, 0x0f, 0xfe, 0x00, 0x00, 0x00, 0x00, 0xdb, 0xff, 0xff, 0xff, 0xe0,
    0x7f, 0xff, 0xa0, 0x1f, 0xff, 0xff, 0xff, 0xce, 0x7f, 0xff, 0xfe, 0xf3, 0xff, 0xff, 0xff, 0xff, 0xff, 0xe0,
    0x7f, 0xf7, 0xc0, 0x10, 0x07, 0xff, 0x00, 0x3f, 0x9f, 0xff, 0xf9, 0xfc, 0x00, 0xff, 0xff, 0xff, 0xff, 0xe0,
    0x7f, 0xf7, 0xc0, 0x1f, 0xf9, 0xfc, 0xff, 0xff, 0xef, 0xc1, 0xf7, 0xff, 0xff, 0x7f, 0xff, 0xff, 0xff, 0xe0,
    0x7f, 0xff, 0xe8, 0x9f, 0xbe, 0xfb, 0xff, 0xff, 0xf0, 0x3e, 0x0f, 0xff, 0xff, 0x9f, 0xff, 0xff, 0xff, 0xe0,
    0x7f, 0xff, 0xe0, 0x1f, 0xdf, 0x07, 0xff, 0xff, 0xff, 0xff, 0xff, 0xff, 0xff, 0xef, 0xff, 0xff, 0xff, 0xe0,
    0x7f, 0xde, 0xd2, 0x3f, 0xff, 0xff, 0xff, 0xff, 0xff, 0xff, 0xff, 0xff, 0xff, 0xf7, 0xff, 0xff, 0xff, 0xe0,
    0x7f, 0xde, 0xdc, 0xff, 0xfe, 0xff, 0xff, 0xff, 0xff, 0xff, 0x3f, 0xff, 0xff, 0xfa, 0x7f, 0xff, 0xfd, 0xe0,
    0x7f, 0xff, 0xeb, 0xff, 0xed, 0xff, 0xff, 0xff, 0xff, 0xfe, 0xdf, 0xff, 0xff, 0xfb, 0xff, 0xff, 0xff, 0xe0,
    0x7f, 0xfb, 0xe2, 0xff, 0xf3, 0xff, 0xff, 0xff, 0xff, 0xff, 0xff, 0xff, 0xff, 0xfd, 0xff, 0xff, 0xff, 0xe0,
    0x7f, 0xff, 0xfe, 0xff, 0xff, 0xff, 0xff, 0x3f, 0xff, 0xff, 0xef, 0xff, 0xff, 0xfd, 0xff, 0xff, 0xff, 0xe0,
    0x7f, 0xff, 0x7e, 0xff, 0xff, 0xff, 0xff, 0xdf, 0xff, 0xfd, 0xff, 0xff, 0xff, 0xfd, 0x3f, 0xff, 0xff, 0xe0,
    0x7f, 0xef, 0xfe, 0xff, 0xff, 0xff, 0xfe, 0xff, 0xff, 0xfb, 0xff, 0xff, 0xff, 0xfd, 0xff, 0xff, 0xff, 0xe0,
    0x7f, 0xef, 0xfe, 0xff, 0xff, 0xff, 0xff, 0xff, 0xff, 0xff, 0xff, 0xff, 0xff, 0xfd, 0xff, 0xff, 0xff, 0xe0,
    0x7f, 0xff, 0xbe, 0xff, 0xff, 0xff, 0xff, 0xef, 0xff, 0xff, 0xff, 0xff, 0xff, 0xfb, 0xff, 0xbf, 0xff, 0xe0,
    0x7f, 0xfd, 0xbe, 0xff, 0xff, 0xff, 0xfd, 0xff, 0xff, 0xff, 0xff, 0xff, 0xff, 0xf4, 0xff, 0xff, 0xff, 0xe0,
    0x7f, 0xff, 0xfe, 0xff, 0xff, 0xff, 0xff, 0xff, 0xff, 0xff, 0xff, 0xff, 0xff, 0xf7, 0xff, 0xff, 0xff, 0xe0,
    0x7f, 0xff, 0xfe, 0xff, 0xff, 0xff, 0xfb, 0xff, 0xff, 0xff, 0xff, 0xff, 0xff, 0xef, 0xff, 0xff, 0xff, 0xe0,
    0x7f, 0xef, 0xc0, 0xff, 0xff, 0xff, 0xff, 0xff, 0xff, 0xff, 0xff, 0xff, 0xff, 0xef, 0xff, 0xff, 0xff, 0xe0,
    0x00, 0x00, 0x00, 0x00, 0x00, 0x00, 0x00, 0x00, 0x00, 0x00, 0x00, 0x00, 0x00, 0x00, 0x00, 0x00, 0x00, 0x00,
};

static const lv_img_dsc_t waterfall4 = {
    .header.cf = LV_IMG_CF_INDEXED_1BIT,
    .header.always_zero = 0,
    .header.reserved = 0,
    .header.w = 140,
    .header.h = 68,
    .data_size = 1232,
    .data = waterfall4_map,
};

static const LV_ATTRIBUTE_MEM_ALIGN LV_ATTRIBUTE_LARGE_CONST uint8_t waterfall5_map[] = {
#if CONFIG_NICE_VIEW_WIDGET_INVERTED
    0xff, 0xff, 0xff, 0xff, /*Color of index 0*/
    0x00, 0x00, 0x00, 0xff, /*Color of index 1*/
#else
    0x00, 0x00, 0x00, 0xff, /*Color of index 0*/
    0xff, 0xff, 0xff, 0xff, /*Color of index 1*/
#endif
    0x00, 0x00, 0x00, 0x00, 0x00, 0x00, 0x00, 0x00, 0x00, 0x00, 0x00, 0x00, 0x00, 0x00, 0x00, 0x00, 0x00, 0x00,
    0x7f, 0xff, 0xfe, 0xff, 0xff, 0xff, 0xff, 0xff, 0xff, 0xff, 0xff, 0xff, 0xff, 0xf7, 0xff, 0xff, 0xff, 0xe0,
    0x7f, 0xfd, 0xbe, 0xff, 0xff, 0xff, 0xff, 0xfd, 0xff, 0xff, 0xff, 0xff, 0xff, 0xef, 0xff, 0xff, 0xff, 0xe0,
    0x7f, 0xfb, 0xbe, 0xff, 0xff, 0xff, 0xff, 0xff, 0xff, 0xff, 0xff, 0xff, 0xff, 0xe9, 0xff, 0xff, 0xff, 0xe0,
    0x7f, 0xff, 0xfe, 0xff, 0xff, 0xff, 0xff, 0xff, 0xef, 0xff, 0xff, 0xff, 0xff, 0xef, 0xff, 0xff, 0xff, 0xe0,
    0x7f, 0xff, 0xfe, 0xff, 0xff, 0xff, 0xff, 0xfe, 0xff, 0xff, 0xef, 0xff, 0xff, 0xef, 0xff, 0xff, 0xff, 0xe0,
    0x7f, 0xff, 0x7e, 0xff, 0xff, 0xff, 0xff, 0xff, 0xdf, 0xff, 0xf7, 0xff, 0xff, 0xef, 0xff, 0xff, 0xfb, 0xe0,
    0x7f, 0xff, 0xfe, 0xff, 0xff, 0xff, 0xff, 0xff, 0x3f, 0xff, 0xff, 0xff, 0xff, 0xf4, 0xff, 0xff, 0xff, 0xe0,
    0x7f, 0xff, 0xf6, 0xff, 0xff, 0xff, 0xff, 0xff, 0xff, 0xff, 0xff, 0xbf, 0xff, 0xfb, 0xff, 0xff, 0xff, 0xe0,
    0x7f, 0xf7, 0xe2, 0xff, 0xff, 0xf3, 0xff, 0xff, 0xff, 0xff, 0xfb, 0x7f, 0xff, 0xfb, 0xff, 0xff, 0xff, 0xe0,
    0x7f, 0xfe, 0xc8, 0xff, 0xff, 0xed, 0xff, 0xff, 0xff, 0xff, 0xfc, 0xff, 0xff, 0xfd, 0xff, 0xff, 0xff, 0xe0,
    0x7f, 0xfe, 0xdc, 0xff, 0xff, 0xff, 0xff, 0xff, 0xff, 0xff, 0xff, 0xff, 0xff, 0xfd, 0x3f, 0xff, 0xff, 0xe0,
    0x7f, 0xff, 0xfe, 0xff, 0xff, 0xfe, 0xff, 0xff, 0xff, 0xff, 0xff, 0xff, 0xff, 0xfd, 0xff, 0xff, 0xff, 0xe0,
    0x7f, 0xff, 0xfe, 0xff, 0xff, 0xdf, 0xff, 0xff, 0xff, 0xff, 0xff, 0xff, 0xff, 0xfd, 0xff, 0xff, 0xff, 0xe0,
    0x7f, 0xf5, 0xbe, 0xff, 0xff, 0xbf, 0xff, 0xff, 0xff, 0xff, 0xff, 0xff, 0xff, 0xfd, 0xff, 0xfb, 0xff, 0xe0,
    0x7f, 0xf5, 0xbf, 0x3f, 0xff, 0xff, 0xff, 0xf7, 0xff, 0xff, 0xf1, 0xff, 0xff, 0xfa, 0x7f, 0xff, 0xff, 0xe0,
    0x7f, 0xff, 0xfc, 0xfb, 0xff, 0xff, 0xcf, 0x89, 0xff, 0xff, 0xce, 0x7f, 0xff, 0xf7, 0xff, 0xff, 0xff, 0xe0,
    0x7f, 0xff, 0xf9, 0x0c, 0xe3, 0xff, 0x30, 0x7e, 0xff, 0xff, 0xbf, 0x88, 0x3f, 0xe3, 0xff, 0xff, 0xff, 0xe0,
    0x7f, 0xfd, 0xf0, 0xa3, 0x1c, 0xfe, 0xff, 0xff, 0x3e, 0x0f, 0x7f, 0xf7, 0xdf, 0xdf, 0xff, 0xff, 0xff, 0xe0,
    0x7f, 0xff, 0x71, 0x13, 0xff, 0x79, 0xff, 0xff, 0xc1, 0xf0, 0xff, 0xff, 0xe7, 0xbf, 0xff, 0xff, 0xff, 0xe0,
    0x7f, 0xef, 0x78, 0xf9, 0x3f, 0xf0, 0x00, 0x00, 0x00, 0x00, 0x00, 0x00, 0x3e, 0xdb, 0xff, 0xff, 0xff, 0xe0,
    0x7f, 0xef, 0x78, 0x87, 0x00, 0x00, 0x00, 0x00, 0x00, 0x00, 0x00, 0x00, 0x00, 0x3b, 0xff, 0xff, 0xff, 0xe0,
    0x7f, 0xff, 0x79, 0x29, 0x80, 0x00, 0x7f, 0xf8, 0x00, 0x00, 0x00, 0x00, 0x00, 0x3b, 0xff, 0xff, 0xff, 0xe0,
    0x7f, 0xff, 0xf8, 0x54, 0x80, 0x00, 0x00, 0x00, 0x00, 0x00, 0x00, 0x00, 0x00, 0x3b, 0xff, 0xff, 0xff, 0xe0,
    0x7f, 0xff, 0xd8, 0xaa, 0x40, 0x00, 0x00, 0x00, 0x07, 0xf8, 0x00, 0x00, 0x00, 0x37, 0xff, 0xff, 0xff, 0xe0,
    0x7f, 0xff, 0xd8, 0x44, 0x40, 0x00, 0x00, 0x00, 0x00, 0x00, 0x00, 0x00, 0x00, 0x37, 0xff, 0xff, 0xfe, 0xe0,
    0x7f, 0xeb, 0xf8, 0xaa, 0x40, 0x00, 0x00, 0xfe, 0x00, 0x00, 0x00, 0x00, 0x00, 0x37, 0xff, 0xff, 0xff, 0xe0,
    0x7f, 0xeb, 0xf9, 0x55, 0x40, 0x00, 0x00, 0x00, 0x00, 0x00, 0x00, 0x00, 0x00, 0x37, 0xff, 0xff, 0xff, 0xe0,
    0x7f, 0xff, 0xf8, 0xaa, 0x40, 0x00, 0x00, 0x0f, 0xff, 0x00, 0x00, 0x00, 0x00, 0x37, 0xff, 0xfb, 0xff, 0xe0,
    0x7f, 0xff, 0xf8, 0x5c, 0x40, 0x00, 0x00, 0x00, 0x00, 0x00, 0x00, 0x00, 0x00, 0x37, 0xff, 0xc0, 0x7f, 0xe0,
    0x7f, 0xfb, 0xf8, 0xe3, 0xf8, 0x00, 0x00, 0x00, 0x00, 0x00, 0x00, 0x01, 0xf8, 0x2f, 0xff, 0x80, 0x3f, 0xe0,
    0x7f, 0xfb, 0xf9, 0x94, 0x80, 0x00, 0x00, 0x00, 0x00, 0x00, 0x00, 0x00, 0x00, 0x2f, 0xff, 0x00, 0x1f, 0xe0,
    0x7f, 0xef, 0xf9, 0x2a, 0x7f, 0xfc, 0x00, 0x00, 0x00, 0x00, 0x00, 0x00, 0xff, 0xaf, 0xff, 0x01, 0x1f, 0xe0,
    0x7f, 0xef, 0xf8, 0x55, 0x20, 0x00, 0x00, 0x00, 0x00, 0x00, 0x00, 0x00, 0x00, 0x2f, 0xff, 0x0f, 0xff, 0xe0,
    0x7f, 0xfb, 0xf8, 0xaa, 0xa0, 0x00, 0x00, 0x00, 0x00, 0x00, 0x3f, 0xf0, 0x00, 0x2f, 0xfe, 0x1f, 0xff, 0xe0,
    0x7f, 0xfb, 0xf8, 0x5f, 0xd0, 0x00, 0x00, 0x00, 0x00, 0x00, 0x00, 0x00, 0x00, 0x2f, 0xff, 0x1f, 0xff, 0xe0,
    0x7f, 0xff, 0xf8, 0xa0, 0x50, 0x07, 0xf0, 0x00, 0x00, 0x00, 0x00, 0x00, 0x00, 0x1f, 0xff, 0x1f, 0xff, 0xe0,
    0x7f, 0xff, 0xf9, 0x5d, 0xb0, 0x00, 0x00, 0x00, 0x00, 0x00, 0x00, 0x00, 0x00, 0x1f, 0xff, 0x3f, 0xff, 0xe0,
    0x7f, 0xeb, 0xf8, 0xab, 0x9f, 0x80, 0x00, 0x00, 0x00, 0x00, 0x00, 0x00, 0xff, 0x9f, 0xff, 0x9f, 0xff, 0xe0,
    0x7f, 0xeb, 0xf8, 0xbc, 0xd0, 0x00, 0x00, 0x00, 0x00, 0x00, 0x00, 0x00, 0x00, 0x1b, 0xff, 0xdf, 0xff, 0xe0,
    0x7f, 0xff, 0xf9, 0xb2, 0x30, 0x00, 0x00, 0x07, 0xfe, 0x00, 0x00, 0x00, 0x00, 0x1b, 0xff, 0xff, 0xff, 0xe0,
    0x7f, 0xff, 0xf8, 0x95, 0xd0, 0x00, 0x00, 0x00, 0x00, 0x00, 0x00, 0x00, 0x00, 0x1b, 0xff, 0xff, 0xff, 0xe0,
    0x7f, 0xfb, 0xf8, 0xaa, 0x9f, 0x00, 0x00, 0x00, 0x00, 0x00, 0x00, 0x01, 0xff, 0x3b, 0xff, 0xff, 0xff, 0xe0,
    0x7f, 0xfb, 0xd8, 0x6f, 0xd0, 0x00, 0x00, 0x00, 0x00, 0x00, 0x00, 0x00, 0x00, 0x3b, 0xff, 0xff, 0xff, 0xe0,
    0x7f, 0xef, 0xd8, 0x32, 0x90, 0x1f, 0xf8, 0x00, 0x00, 0x00, 0x00, 0x00, 0x00, 0x3b, 0xff, 0xff, 0xbf, 0xe0,
    0x7f, 0xef, 0xf8, 0x11, 0xa0, 0x00, 0x00, 0x00, 0x00, 0x00, 0x00, 0x00, 0x00, 0x37, 0xff, 0xff, 0xff, 0xe0,
    0x7f, 0xff, 0x79, 0xbc, 0x78, 0x00, 0x00, 0x00, 0x00, 0x00, 0x00, 0x3f, 0xf8, 0x37, 0xff, 0xff, 0xff, 0xe0,
    0x7f, 0xff, 0x78, 0x63, 0x80, 0x00, 0x00, 0x00, 0x00, 0x00, 0x00, 0x00, 0x00, 0x37, 0xff, 0xff, 0xff, 0xe0,
    0x7f, 0xff, 0x70, 0x90, 0x00, 0x00, 0x0f, 0xfe, 0x00, 0x00, 0x00, 0x00, 0x00, 0x77, 0xff, 0xff, 0xff, 0xe0,
    0x7f, 0xff, 0x60, 0x0f, 0xff, 0xff, 0xff, 0xce, 0x7f, 0xff, 0xfe, 0xf3, 0xff, 0xff, 0xff, 0xff, 0xff, 0xe0,
    0x7f, 0xfd, 0xe8, 0xa8, 0x07, 0xff, 0x00, 0x3f, 0x9f, 0xff, 0xf9, 0xfc, 0x00, 0xff, 0xff, 0xff, 0xff, 0xe0,
    0x7f, 0xfd, 0xe0, 0x0f, 0xf9, 0xfc, 0xff, 0xff, 0xef, 0xc1, 0xf7, 0xff, 0xff, 0x7f, 0xff, 0xff, 0xff, 0xe0,
    0x7f, 0xff, 0xe8, 0x8f, 0xbe, 0xfb, 0xff, 0xff, 0xf0, 0x3e, 0x0f, 0xff, 0xff, 0x9f, 0xff, 0xff, 0xff, 0xe0,
    0x7f, 0xff, 0xa0, 0x0f, 0xdf, 0x07, 0xff, 0xff, 0xff, 0xff, 0xff, 0xff, 0xff, 0xef, 0xff, 0xff, 0xff, 0xe0,
    0x7f, 0xfd, 0xaa, 0x9f, 0xff, 0xff, 0xff, 0xff, 0xff, 0xff, 0xff, 0xff, 0xff, 0xf7, 0xff, 0xff, 0xff, 0xe0,
    0x7f, 0xff, 0xf0, 0x1f, 0xfe, 0xff, 0xff, 0xff, 0xff, 0xff, 0x3f, 0xff, 0xff, 0xfa, 0x7f, 0xff, 0xfd, 0xe0,
    0x7f, 0xf7, 0xfc, 0x7f, 0xed, 0xff, 0xff, 0xff, 0xff, 0xfe, 0xdf, 0xff, 0xff, 0xfb, 0xff, 0xff, 0xff, 0xe0,
    0x7f, 0xf7, 0xdf, 0xff, 0xf3, 0xff, 0xff, 0xff, 0xff, 0xff, 0xff, 0xff, 0xff, 0xfd, 0xff, 0xff, 0xff, 0xe0,
    0x7f, 0xfe, 0xc8, 0xff, 0xff, 0xff, 0xff, 0x3f, 0xff, 0xff, 0xef, 0xff, 0xff, 0xfd, 0xff, 0xff, 0xff, 0xe0,
    0x7f, 0xfe, 0xe2, 0xff, 0xff, 0xff, 0xff, 0xdf, 0xff, 0xfd, 0xff, 0xff, 0xff, 0xfd, 0x3f, 0xff, 0xff, 0xe0,
    0x7f, 0xff, 0xf6, 0xff, 0xff, 0xff, 0xfe, 0xff, 0xff, 0xfb, 0xff, 0xff, 0xff, 0xfd, 0xff, 0xff, 0xff, 0xe0,
    0x7f, 0xff, 0xfe, 0xff, 0xff, 0xff, 0xff, 0xff, 0xff, 0xff, 0xff, 0xff, 0xff, 0xfd, 0xff, 0xff, 0xff, 0xe0,
    0x7f, 0xfb, 0x7e, 0xff, 0xff, 0xff, 0xff, 0xef, 0xff, 0xff, 0xff, 0xff, 0xff, 0xfb, 0xff, 0xbf, 0xff, 0xe0,
    0x7f, 0xfb, 0x7e, 0xff, 0xff, 0xff, 0xfd, 0xff, 0xff, 0xff, 0xff, 0xff, 0xff, 0xf4, 0xff, 0xff, 0xff, 0xe0,
    0x7f, 0xff, 0xfe, 0xff, 0xff, 0xff, 0xff, 0xff, 0xff, 0xff, 0xff, 0xff, 0xff, 0xf7, 0xff, 0xff, 0xff, 0xe0,
    0x7f, 0xff, 0xfe, 0xff, 0xff, 0xff, 0xfb, 0xff, 0xff, 0xff, 0xff, 0xff, 0xff, 0xef, 0xff, 0xff, 0xff, 0xe0,
    0x7f, 0xff, 0xbe, 0xff, 0xff, 0xff, 0xff, 0xff, 0xff, 0xff, 0xff, 0xff, 0xff, 0xef, 0xff, 0xff, 0xff, 0xe0,
    0x00, 0x00, 0x00, 0x00, 0x00, 0x00, 0x00, 0x00, 0x00, 0x00, 0x00, 0x00, 0x00, 0x00, 0x00, 0x00, 0x00, 0x00,
};

static const lv_img_dsc_t waterfall5 = {
    .header.cf = LV_IMG_CF_INDEXED_1BIT,
    .header.always_zero = 0,
    .header.reserved = 0,
    .header.w = 140,
    .header.h = 68,
    .data_size = 1232,
    .data = waterfall5_map,
};

static const LV_ATTRIBUTE_MEM_ALIGN LV_ATTRIBUTE_LARGE_CONST uint8_t waterfall6_map[] = {
#if CONFIG_NICE_VIEW_WIDGET_INVERTED
    0xff, 0xff, 0xff, 0xff, /*Color of index 0*/
    0x00, 0x00, 0x00, 0xff, /*Color of index 1*/
#else
    0x00, 0x00, 0x00, 0xff, /*Color of index 0*/
    0xff, 0xff, 0xff, 0xff, /*Color of index 1*/
#endif
    0x00, 0x00, 0x00, 0x00, 0x00, 0x00, 0x00, 0x00, 0x00, 0x00, 0x00, 0x00, 0x00, 0x00, 0x00, 0x00, 0x00, 0x00,
    0x7f, 0xff, 0xfe, 0xff, 0xff, 0xff, 0xff, 0xff, 0xff, 0xff, 0xff, 0xff, 0xff, 0xf7, 0xff, 0xff, 0xff, 0xe0,
    0x7f, 0xfb, 0x7e, 0xff, 0xff, 0xff, 0xff, 0xfd, 0xff, 0xff, 0xff, 0xff, 0xff, 0xef, 0xff, 0xff, 0xff, 0xe0,
    0x7f, 0xfb, 0x7e, 0xff, 0xff, 0xff, 0xff, 0xff, 0xff, 0xff, 0xff, 0xff, 0xff, 0xe9, 0xff, 0xff, 0xff, 0xe0,
    0x7f, 0xff, 0xfe, 0xff, 0xff, 0xff, 0xff, 0xff, 0xef, 0xff, 0xff, 0xff, 0xff, 0xef, 0xff, 0xff, 0xff, 0xe0,
    0x7f, 0xff, 0xfe, 0xff, 0xff, 0xff, 0xff, 0xfe, 0xff, 0xff, 0xef, 0xff, 0xff, 0xef, 0xff, 0xff, 0xff, 0xe0,
    0x7f, 0xfe, 0xe2, 0xff, 0xff, 0xff, 0xff, 0xff, 0xdf, 0xff, 0xf7, 0xff, 0xff, 0xef, 0xff, 0xff, 0xfb, 0xe0,
    0x7f, 0xfe, 0xe2, 0xff, 0xff, 0xff, 0xff, 0xff, 0x3f, 0xff, 0xff, 0xff, 0xff, 0xf4, 0xff, 0xff, 0xff, 0xe0,
    0x7f, 0xf7, 0xdc, 0xff, 0xff, 0xff, 0xff, 0xff, 0xff, 0xff, 0xff, 0xbf, 0xff, 0xfb, 0xff, 0xff, 0xff, 0xe0,
    0x7f, 0xf7, 0xdc, 0xff, 0xff, 0xf3, 0xff, 0xff, 0xff, 0xff, 0xfb, 0x7f, 0xff, 0xfb, 0xff, 0xff, 0xff, 0xe0,
    0x7f, 0xfd, 0xbe, 0xff, 0xff, 0xed, 0xff, 0xff, 0xff, 0xff, 0xfc, 0xff, 0xff, 0xfd, 0xff, 0xff, 0xff, 0xe0,
    0x7f, 0xfd, 0xbe, 0xff, 0xff, 0xff, 0xff, 0xff, 0xff, 0xff, 0xff, 0xff, 0xff, 0xfd, 0x3f, 0xff, 0xff, 0xe0,
    0x7f, 0xff, 0xbe, 0xff, 0xff, 0xfe, 0xff, 0xff, 0xff, 0xff, 0xff, 0xff, 0xff, 0xfd, 0xff, 0xff, 0xff, 0xe0,
    0x7f, 0xff, 0xfe, 0xff, 0xff, 0xdf, 0xff, 0xff, 0xff, 0xff, 0xff, 0xff, 0xff, 0xfd, 0xff, 0xff, 0xff, 0xe0,
    0x7f, 0xef, 0xff, 0xff, 0xff, 0xbf, 0xff, 0xff, 0xff, 0xff, 0xff, 0xff, 0xff, 0xfd, 0xff, 0xfb, 0xff, 0xe0,
    0x7f, 0xef, 0x76, 0x7f, 0xff, 0xff, 0xff, 0xf7, 0xff, 0xff, 0xf1, 0xff, 0xff, 0xfa, 0x7f, 0xff, 0xff, 0xe0,
    0x7f, 0xff, 0x65, 0x8f, 0xff, 0xff, 0xcf, 0x89, 0xff, 0xff, 0xce, 0x7f, 0xff, 0xf7, 0xff, 0xff, 0xff, 0xe0,
    0x7f, 0xff, 0x6a, 0x42, 0xe3, 0xff, 0x30, 0x7e, 0xff, 0xff, 0xbf, 0x88, 0x3f, 0xe3, 0xff, 0xff, 0xff, 0xe0,
    0x7f, 0xfb, 0xf0, 0xa9, 0x1c, 0xfe, 0xff, 0xff, 0x3e, 0x0f, 0x7f, 0xf7, 0xdf, 0xdf, 0xff, 0xff, 0xff, 0xe0,
    0x7f, 0xfb, 0xf9, 0x10, 0xff, 0x79, 0xff, 0xff, 0xc1, 0xf0, 0xff, 0xff, 0xe7, 0xbf, 0xff, 0xff, 0xff, 0xe0,
    0x7f, 0xef, 0xd8, 0xaa, 0xf0, 0x00, 0x00, 0x00, 0x00, 0x00, 0x00, 0x3f, 0xf0, 0x77, 0xff, 0xff, 0xff, 0xe0,
    0x7f, 0xff, 0xf8, 0x7e, 0x80, 0x00, 0x00, 0x00, 0x00, 0x00, 0x00, 0x00, 0x00, 0x6f, 0xff, 0xff, 0xff, 0xe0,
    0x7f, 0xfb, 0xf8, 0x81, 0x80, 0x7f, 0xf8, 0x00, 0x00, 0x00, 0x00, 0x00, 0x00, 0x6f, 0xff, 0xff, 0xff, 0xe0,
    0x7f, 0xfa, 0xf9, 0x54, 0x80, 0x00, 0x00, 0x00, 0x00, 0x00, 0x00, 0x00, 0x00, 0x6f, 0xff, 0xff, 0xff, 0xe0,
    0x7f, 0xfe, 0xf8, 0xaa, 0x40, 0x00, 0x00, 0x07, 0xf8, 0x00, 0x00, 0x00, 0x00, 0x6f, 0xff, 0xff, 0xff, 0xe0,
    0x7f, 0xfe, 0xf9, 0x55, 0x40, 0x00, 0x00, 0x00, 0x00, 0x00, 0x00, 0x00, 0x00, 0x6f, 0xff, 0xff, 0xfe, 0xe0,
    0x7f, 0xde, 0xf8, 0xaa, 0xa0, 0x00, 0xfe, 0x00, 0x00, 0x00, 0x00, 0x00, 0x00, 0x2f, 0xff, 0xff, 0xff, 0xe0,
    0x7f, 0xde, 0xf9, 0x55, 0x20, 0x00, 0x00, 0x00, 0x00, 0x00, 0x00, 0x00, 0x00, 0x1f, 0xff, 0xff, 0xff, 0xe0,
    0x7f, 0xfe, 0xb8, 0xaa, 0xa0, 0x00, 0x0f, 0xff, 0x00, 0x00, 0x00, 0x00, 0x00, 0x1f, 0xff, 0xfb, 0xff, 0xe0,
    0x7f, 0xff, 0xb9, 0x55, 0x20, 0x00, 0x00, 0x00, 0x00, 0x00, 0x00, 0x00, 0x00, 0x1f, 0xff, 0xc0, 0x7f, 0xe0,
    0x7f, 0xff, 0xb8, 0xbe, 0x40, 0x00, 0x00, 0x00, 0x00, 0x00, 0x01, 0xf8, 0x00, 0x1b, 0xff, 0x80, 0x3f, 0xe0,
    0x7f, 0xff, 0xb8, 0x61, 0xc0, 0x00, 0x00, 0x00, 0x00, 0x00, 0x00, 0x00, 0x00, 0x1b, 0xff, 0x00, 0x1f, 0xe0,
    0x7f, 0xdf, 0xb9, 0x8a, 0x7c, 0x00, 0x00, 0x00, 0x00, 0x00, 0x00, 0xff, 0xfc, 0x1b, 0xff, 0x01, 0x1f, 0xe0,
    0x7f, 0xdf, 0xb9, 0x5d, 0xa0, 0x00, 0x00, 0x00, 0x00, 0x00, 0x00, 0x00, 0x00, 0x3b, 0xff, 0x0f, 0xff, 0xe0,
    0x7f, 0xff, 0xb9, 0x2f, 0xa0, 0x00, 0x00, 0x00, 0x00, 0x3f, 0xf0, 0x00, 0x00, 0x3b, 0xfe, 0x1f, 0xff, 0xe0,
    0x7f, 0xff, 0xb8, 0x58, 0xd0, 0x00, 0x00, 0x00, 0x00, 0x00, 0x00, 0x00, 0x00, 0x3b, 0xff, 0x1f, 0xff, 0xe0,
    0x7f, 0xff, 0xb8, 0xa2, 0x37, 0xf0, 0x00, 0x00, 0x00, 0x00, 0x00, 0x00, 0x07, 0xb7, 0xff, 0x1f, 0xff, 0xe0,
    0x7f, 0xff, 0xb8, 0xed, 0xb0, 0x00, 0x00, 0x00, 0x00, 0x00, 0x00, 0x00, 0x00, 0x37, 0xff, 0x3f, 0xff, 0xe0,
    0x7f, 0xdf, 0xb9, 0xca, 0x90, 0x00, 0x00, 0x00, 0x00, 0x00, 0x00, 0xff, 0x80, 0x37, 0xff, 0x9f, 0xff, 0xe0,
    0x7f, 0xdf, 0xb0, 0x57, 0x50, 0x00, 0x00, 0x00, 0x00, 0x00, 0x00, 0x00, 0x00, 0x37, 0xff, 0xdf, 0xff, 0xe0,
    0x7f, 0xfe, 0xa8, 0xaa, 0x90, 0x00, 0x07, 0xfe, 0x00, 0x00, 0x00, 0x00, 0x00, 0x37, 0xff, 0xff, 0xff, 0xe0,
    0x7f, 0xfe, 0xe0, 0x1d, 0xd0, 0x00, 0x00, 0x00, 0x00, 0x00, 0x00, 0x00, 0x00, 0x37, 0xff, 0xff, 0xff, 0xe0,
    0x7f, 0xfe, 0xc0, 0x1a, 0xa0, 0x00, 0x00, 0x00, 0x00, 0x00, 0x01, 0xff, 0x00, 0x2f, 0xff, 0xff, 0xff, 0xe0,
    0x7f, 0xfe, 0xc0, 0x10, 0x40, 0x00, 0x00, 0x00, 0x00, 0x00, 0x00, 0x00, 0x00, 0x6f, 0xff, 0xff, 0xff, 0xe0,
    0x7f, 0xfe, 0xc8, 0x9f, 0x9f, 0xf8, 0x00, 0x00, 0x00, 0x00, 0x00, 0x00, 0x1f, 0x6f, 0xff, 0xff, 0xbf, 0xe0,
    0x7f, 0xfe, 0xe0, 0x10, 0x00, 0x00, 0x00, 0x00, 0x00, 0x00, 0x00, 0x00, 0x00, 0x6f, 0xff, 0xff, 0xff, 0xe0,
    0x7f, 0xfb, 0xf0, 0x38, 0x00, 0x00, 0x00, 0x00, 0x00, 0x00, 0x3f, 0xf8, 0x00, 0x6f, 0xff, 0xff, 0xff, 0xe0,
    0x7f, 0xfb, 0xf9, 0xc0, 0x00, 0x00, 0x00, 0x00, 0x00, 0x00, 0x00, 0x00, 0x00, 0x6f, 0xff, 0xff, 0xff, 0xe0,
    0x7f, 0xff, 0xd8, 0x30, 0x00, 0x0f, 0xfe, 0x00, 0x00, 0x00, 0x00, 0x00, 0x00, 0xdf, 0xff, 0xff, 0xff, 0xe0,
    0x7f, 0xff, 0xf0, 0x0f, 0xff, 0xff, 0xff, 0xce, 0x7f, 0xff, 0xfe, 0xf3, 0xff, 0xff, 0xff, 0xff, 0xff, 0xe0,
    0x7f, 0xeb, 0xf0, 0xa8, 0x07, 0xff, 0x00, 0x3f, 0x9f, 0xff, 0xf9, 0xfc, 0x00, 0xff, 0xff, 0xff, 0xff, 0xe0,
    0x7f, 0xeb, 0x60, 0x07, 0xf9, 0xfc, 0xff, 0xff, 0xef, 0xc1, 0xf7, 0xff, 0xff, 0x7f, 0xff, 0xff, 0xff, 0xe0,
    0x7f, 0xff, 0x6a, 0xa7, 0xbe, 0xfb, 0xff, 0xff, 0xf0, 0x3e, 0x0f, 0xff, 0xff, 0x9f, 0xff, 0xff, 0xff, 0xe0,
    0x7f, 0xff, 0x60, 0x07, 0xdf, 0x07, 0xff, 0xff, 0xff, 0xff, 0xff, 0xff, 0xff, 0xef, 0xff, 0xff, 0xff, 0xe0,
    0x7f, 0xff, 0xea, 0xa7, 0xff, 0xff, 0xff, 0xff, 0xff, 0xff, 0xff, 0xff, 0xff, 0xf7, 0xff, 0xff, 0xff, 0xe0,
    0x7f, 0xfd, 0xf0, 0x0f, 0xfe, 0xff, 0xff, 0xff, 0xff, 0xff, 0x3f, 0xff, 0xff, 0xfa, 0x7f, 0xff, 0xfd, 0xe0,
    0x7f, 0xef, 0xb8, 0x9f, 0xed, 0xff, 0xff, 0xff, 0xff, 0xfe, 0xdf, 0xff, 0xff, 0xfb, 0xff, 0xff, 0xff, 0xe0,
    0x7f, 0xff, 0xbe, 0x7f, 0xf3, 0xff, 0xff, 0xff, 0xff, 0xff, 0xff, 0xff, 0xff, 0xfd, 0xff, 0xff, 0xff, 0xe0,
    0x7f, 0xfd, 0xbf, 0xff, 0xff, 0xff, 0xff, 0x3f, 0xff, 0xff, 0xef, 0xff, 0xff, 0xfd, 0xff, 0xff, 0xff, 0xe0,
    0x7f, 0xff, 0xdc, 0xff, 0xff, 0xff, 0xff, 0xdf, 0xff, 0xfd, 0xff, 0xff, 0xff, 0xfd, 0x3f, 0xff, 0xff, 0xe0,
    0x7f, 0xff, 0xdc, 0xff, 0xff, 0xff, 0xfe, 0xff, 0xff, 0xfb, 0xff, 0xff, 0xff, 0xfd, 0xff, 0xff, 0xff, 0xe0,
    0x7f, 0xff, 0xe2, 0xff, 0xff, 0xff, 0xff, 0xff, 0xff, 0xff, 0xff, 0xff, 0xff, 0xfd, 0xff, 0xff, 0xff, 0xe0,
    0x7f, 0xf6, 0xe2, 0xff, 0xff, 0xff, 0xff, 0xef, 0xff, 0xff, 0xff, 0xff, 0xff, 0xfb, 0xff, 0xbf, 0xff, 0xe0,
    0x7f, 0xf6, 0xfe, 0xff, 0xff, 0xff, 0xfd, 0xff, 0xff, 0xff, 0xff, 0xff, 0xff, 0xf4, 0xff, 0xff, 0xff, 0xe0,
    0x7f, 0xff, 0xfe, 0xff, 0xff, 0xff, 0xff, 0xff, 0xff, 0xff, 0xff, 0xff, 0xff, 0xf7, 0xff, 0xff, 0xff, 0xe0,
    0x7f, 0xff, 0xfe, 0xff, 0xff, 0xff, 0xfb, 0xff, 0xff, 0xff, 0xff, 0xff, 0xff, 0xef, 0xff, 0xff, 0xff, 0xe0,
    0x7f, 0xff, 0x7e, 0xff, 0xff, 0xff, 0xff, 0xff, 0xff, 0xff, 0xff, 0xff, 0xff, 0xef, 0xff, 0xff, 0xff, 0xe0,
    0x00, 0x00, 0x00, 0x00, 0x00, 0x00, 0x00, 0x00, 0x00, 0x00, 0x00, 0x00, 0x00, 0x00, 0x00, 0x00, 0x00, 0x00,
};

static const lv_img_dsc_t waterfall6 = {
    .header.cf = LV_IMG_CF_INDEXED_1BIT,
    .header.always_zero = 0,
    .header.reserved = 0,
    .header.w = 140,
    .header.h = 68,
    .data_size = 1232,
    .data = waterfall6_map,
};

static const LV_ATTRIBUTE_MEM_ALIGN LV_ATTRIBUTE_LARGE_CONST uint8_t waterfall7_map[] = {
#if CONFIG_NICE_VIEW_WIDGET_INVERTED
    0xff, 0xff, 0xff, 0xff, /*Color of index 0*/
    0x00, 0x00, 0x00, 0xff, /*Color of index 1*/
#else
    0x00, 0x00, 0x00, 0xff, /*Color of index 0*/
    0xff, 0xff, 0xff, 0xff, /*Color of index 1*/
#endif
    0x00, 0x00, 0x00, 0x00, 0x00, 0x00, 0x00, 0x00, 0x00, 0x00, 0x00, 0x00, 0x00, 0x00, 0x00, 0x00, 0x00, 0x00,
    0x7f, 0xff, 0xfe, 0xff, 0xff, 0xff, 0xff, 0xff, 0xff, 0xff, 0xff, 0xff, 0xff, 0xf7, 0xff, 0xff, 0xff, 0xe0,
    0x7f, 0xf6, 0xfe, 0xff, 0xff, 0xff, 0xff, 0xfd, 0xff, 0xff, 0xff, 0xff, 0xff, 0xef, 0xff, 0xff, 0xff, 0xe0,
    0x7f, 0xf6, 0xfe, 0xff, 0xff, 0xff, 0xff, 0xff, 0xff, 0xff, 0xff, 0xff, 0xff, 0xe9, 0xff, 0xff, 0xff, 0xe0,
    0x7f, 0xff, 0xe2, 0xff, 0xff, 0xff, 0xff, 0xff, 0xef, 0xff, 0xff, 0xff, 0xff, 0xef, 0xff, 0xff, 0xff, 0xe0,
    0x7f, 0xff, 0xc8, 0xff, 0xff, 0xff, 0xff, 0xfe, 0xff, 0xff, 0xef, 0xff, 0xff, 0xef, 0xff, 0xff, 0xff, 0xe0,
    0x7f, 0xfd, 0xfe, 0xff, 0xff, 0xff, 0xff, 0xff, 0xdf, 0xff, 0xf7, 0xff, 0xff, 0xef, 0xff, 0xff, 0xfb, 0xe0,
    0x7f, 0xfd, 0xfe, 0xff, 0xff, 0xff, 0xff, 0xff, 0x3f, 0xff, 0xff, 0xff, 0xff, 0xf4, 0xff, 0xff, 0xff, 0xe0,
    0x7f, 0xef, 0xbe, 0xff, 0xff, 0xff, 0xff, 0xff, 0xff, 0xff, 0xff, 0xbf, 0xff, 0xfb, 0xff, 0xff, 0xff, 0xe0,
    0x7f, 0xef, 0xbe, 0xff, 0xff, 0xf3, 0xff, 0xff, 0xff, 0xff, 0xfb, 0x7f, 0xff, 0xfb, 0xff, 0xff, 0xff, 0xe0,
    0x7f, 0xff, 0xfe, 0xff, 0xff, 0xed, 0xff, 0xff, 0xff, 0xff, 0xfc, 0xff, 0xff, 0xfd, 0xff, 0xff, 0xff, 0xe0,
    0x7f, 0xff, 0xfe, 0xff, 0xff, 0xff, 0xff, 0xff, 0xff, 0xff, 0xff, 0xff, 0xff, 0xfd, 0x3f, 0xff, 0xff, 0xe0,
    0x7f, 0xff, 0x7e, 0xff, 0xff, 0xfe, 0xff, 0xff, 0xff, 0xff, 0xff, 0xff, 0xff, 0xfd, 0xff, 0xff, 0xff, 0xe0,
    0x7f, 0xff, 0x76, 0xff, 0xff, 0xdf, 0xff, 0xff, 0xff, 0xff, 0xff, 0xff, 0xff, 0xfd, 0xff, 0xff, 0xff, 0xe0,
    0x7f, 0xfb, 0xeb, 0x9f, 0xff, 0xbf, 0xff, 0xff, 0xff, 0xff, 0xff, 0xff, 0xff, 0xfd, 0xff, 0xfb, 0xff, 0xe0,
    0x7f, 0xfb, 0xfe, 0xef, 0xff, 0xff, 0xff, 0xf7, 0xff, 0xff, 0xf1, 0xff, 0xff, 0xfa, 0x7f, 0xff, 0xff, 0xe0,
    0x7f, 0xff, 0xdd, 0x03, 0xff, 0xff, 0xcf, 0x89, 0xff, 0xff, 0xce, 0x7f, 0xff, 0xf7, 0xff, 0xff, 0xff, 0xe0,
    0x7f, 0xfe, 0xda, 0x44, 0xe3, 0xff, 0x30, 0x7e, 0xff, 0xff, 0xbf, 0x88, 0x3f, 0xe3, 0xff, 0xff, 0xff, 0xe0,
    0x7f, 0xff, 0xf8, 0xaa, 0x9c, 0xfe, 0xff, 0xff, 0x3e, 0x0f, 0x7f, 0xf7, 0xdf, 0xdf, 0xff, 0xff, 0xff, 0xe0,
    0x7f, 0xff, 0xf1, 0x55, 0x7f, 0x79, 0xff, 0xff, 0xc1, 0xf0, 0xff, 0xff, 0xe7, 0xbf, 0xff, 0xff, 0xff, 0xe0,
    0x7f, 0xde, 0xf8, 0xaa, 0x40, 0x00, 0x00, 0x00, 0x00, 0x00, 0x3f, 0xf0, 0x00, 0xdf, 0xff, 0xff, 0xff, 0xe0,
    0x7f, 0xdf, 0xf8, 0x44, 0x40, 0x00, 0x00, 0x00, 0x00, 0x00, 0x00, 0x00, 0x00, 0x5b, 0xff, 0xff, 0xff, 0xe0,
    0x7f, 0xf7, 0xb8, 0xff, 0x7f, 0xf8, 0x00, 0x00, 0x00, 0x00, 0x00, 0x00, 0x7f, 0x5b, 0xff, 0xff, 0xff, 0xe0,
    0x7f, 0xf7, 0xb9, 0x80, 0xc0, 0x00, 0x00, 0x00, 0x00, 0x00, 0x00, 0x00, 0x00, 0x5b, 0xff, 0xff, 0xff, 0xe0,
    0x7f, 0xff, 0xf9, 0x2a, 0x40, 0x00, 0x07, 0xf8, 0x00, 0x00, 0x00, 0x00, 0x00, 0x3b, 0xff, 0xff, 0xff, 0xe0,
    0x7f, 0xff, 0xf8, 0x55, 0x20, 0x00, 0x00, 0x00, 0x00, 0x00, 0x00, 0x00, 0x00, 0x3b, 0xff, 0xff, 0xfe, 0xe0,
    0x7f, 0xd7, 0xf8, 0xaa, 0xa0, 0xfe, 0x00, 0x00, 0x00, 0x00, 0x00, 0x00, 0x00, 0x3b, 0xff, 0xff, 0xff, 0xe0,
    0x7f, 0xd7, 0xf9, 0x55, 0x20, 0x00, 0x00, 0x00, 0x00, 0x00, 0x00, 0x00, 0x00, 0x37, 0xff, 0xff, 0xff, 0xe0,
    0x7f, 0xff, 0xf8, 0xaa, 0x90, 0x0f, 0xff, 0x00, 0x00, 0x00, 0x00, 0x00, 0x00, 0x37, 0xff, 0xfb, 0xff, 0xe0,
    0x7f, 0xff, 0xf9, 0x55, 0x50, 0x00, 0x00, 0x00, 0x00, 0x00, 0x00, 0x00, 0x00, 0x37, 0xff, 0xc0, 0x7f, 0xe0,
    0x7f, 0xf7, 0xf8, 0xaa, 0xa0, 0x00, 0x00, 0x00, 0x00, 0x01, 0xf8, 0x00, 0x00, 0x37, 0xff, 0x80, 0x3f, 0xe0,
    0x7f, 0xf7, 0xf8, 0x5f, 0xa0, 0x00, 0x00, 0x00, 0x00, 0x00, 0x00, 0x00, 0x00, 0x37, 0xff, 0x00, 0x1f, 0xe0,
    0x7f, 0xdd, 0xf9, 0x20, 0x40, 0x00, 0x00, 0x00, 0x00, 0x00, 0xff, 0xfc, 0x00, 0x37, 0xff, 0x01, 0x1f, 0xe0,
    0x7f, 0xfd, 0xf8, 0xdd, 0xa0, 0x00, 0x00, 0x00, 0x00, 0x00, 0x00, 0x00, 0x00, 0x2f, 0xff, 0x0f, 0xff, 0xe0,
    0x7f, 0xf7, 0xf8, 0xaf, 0xa0, 0x00, 0x00, 0x00, 0x3f, 0xf0, 0x00, 0x00, 0x00, 0x2f, 0xfe, 0x1f, 0xff, 0xe0,
    0x7f, 0xf7, 0xf8, 0xb8, 0x50, 0x00, 0x00, 0x00, 0x00, 0x00, 0x00, 0x00, 0x00, 0x2f, 0xff, 0x1f, 0xff, 0xe0,
    0x7f, 0xfd, 0xf9, 0x32, 0xb0, 0x00, 0x00, 0x00, 0x00, 0x00, 0x00, 0x07, 0xf0, 0x2f, 0xff, 0x1f, 0xff, 0xe0,
    0x7f, 0xfd, 0xf9, 0x6d, 0xd0, 0x00, 0x00, 0x00, 0x00, 0x00, 0x00, 0x00, 0x00, 0x2f, 0xff, 0x3f, 0xff, 0xe0,
    0x7f, 0xd7, 0xf9, 0xaa, 0x90, 0x00, 0x00, 0x00, 0x00, 0x00, 0xff, 0x80, 0x00, 0x2f, 0xff, 0x9f, 0xff, 0xe0,
    0x7f, 0xd7, 0xf8, 0x6f, 0xd0, 0x00, 0x00, 0x00, 0x00, 0x00, 0x00, 0x00, 0x00, 0x1f, 0xff, 0xdf, 0xff, 0xe0,
    0x7f, 0xff, 0xf0, 0x92, 0x90, 0x07, 0xfe, 0x00, 0x00, 0x00, 0x00, 0x00, 0x00, 0x1f, 0xff, 0xff, 0xff, 0xe0,
    0x7f, 0xff, 0xe0, 0x11, 0x20, 0x00, 0x00, 0x00, 0x00, 0x00, 0x00, 0x00, 0x00, 0x1f, 0xff, 0xff, 0xff, 0xe0,
    0x7f, 0xf7, 0xe8, 0xac, 0xc0, 0x00, 0x00, 0x00, 0x00, 0x01, 0xff, 0x00, 0x00, 0x1b, 0xff, 0xff, 0xff, 0xe0,
    0x7f, 0xf7, 0xe0, 0x0b, 0x00, 0x00, 0x00, 0x00, 0x00, 0x00, 0x00, 0x00, 0x00, 0x5b, 0xff, 0xff, 0xff, 0xe0,
    0x7f, 0xdf, 0xe8, 0x8f, 0xf8, 0x00, 0x00, 0x00, 0x00, 0x00, 0x00, 0x1f, 0xf8, 0x5b, 0xff, 0xff, 0xbf, 0xe0,
    0x7f, 0xdf, 0xa0, 0x08, 0x00, 0x00, 0x00, 0x00, 0x00, 0x00, 0x00, 0x00, 0x00, 0x3b, 0xff, 0xff, 0xff, 0xe0,
    0x7f, 0xf7, 0xa8, 0x90, 0x00, 0x00, 0x00, 0x00, 0x00, 0x3f, 0xf8, 0x00, 0x00, 0x3b, 0xff, 0xff, 0xff, 0xe0,
    0x7f, 0xff, 0xf1, 0xe0, 0x00, 0x00, 0x00, 0x00, 0x00, 0x00, 0x00, 0x00, 0x00, 0x3b, 0xff, 0xff, 0xff, 0xe0,
    0x7f, 0xfe, 0xf8, 0x30, 0x0f, 0xfe, 0x00, 0x00, 0x00, 0x00, 0x00, 0x00, 0x0e, 0xb7, 0xff, 0xff, 0xff, 0xe0,
    0x7f, 0xfe, 0xf8, 0x0f, 0xff, 0xff, 0xff, 0xce, 0x7f, 0xff, 0xfe, 0xf3, 0xff, 0xff, 0xff, 0xff, 0xff, 0xe0,
    0x7f, 0xdf, 0xf0, 0xa4, 0x07, 0xff, 0x00, 0x3f, 0x9f, 0xff, 0xf9, 0xfc, 0x00, 0xff, 0xff, 0xff, 0xff, 0xe0,
    0x7f, 0xdf, 0xd0, 0x07, 0xf9, 0xfc, 0xff, 0xff, 0xef, 0xc1, 0xf7, 0xff, 0xff, 0x7f, 0xff, 0xff, 0xff, 0xe0,
    0x7f, 0xff, 0xd2, 0xab, 0xbe, 0xfb, 0xff, 0xff, 0xf0, 0x3e, 0x0f, 0xff, 0xff, 0x9f, 0xff, 0xff, 0xff, 0xe0,
    0x7f, 0xff, 0xf0, 0x03, 0xdf, 0x07, 0xff, 0xff, 0xff, 0xff, 0xff, 0xff, 0xff, 0xef, 0xff, 0xff, 0xff, 0xe0,
    0x7f, 0xfb, 0xf2, 0xab, 0xff, 0xff, 0xff, 0xff, 0xff, 0xff, 0xff, 0xff, 0xff, 0xf7, 0xff, 0xff, 0xff, 0xe0,
    0x7f, 0xfb, 0xf0, 0x07, 0xfe, 0xff, 0xff, 0xff, 0xff, 0xff, 0x3f, 0xff, 0xff, 0xfa, 0x7f, 0xff, 0xfd, 0xe0,
    0x7f, 0xef, 0x7a, 0xa7, 0xed, 0xff, 0xff, 0xff, 0xff, 0xfe, 0xdf, 0xff, 0xff, 0xfb, 0xff, 0xff, 0xff, 0xe0,
    0x7f, 0xef, 0x7c, 0x1f, 0xf3, 0xff, 0xff, 0xff, 0xff, 0xff, 0xff, 0xff, 0xff, 0xfd, 0xff, 0xff, 0xff, 0xe0,
    0x7f, 0xff, 0xff, 0xff, 0xff, 0xff, 0xff, 0x3f, 0xff, 0xff, 0xef, 0xff, 0xff, 0xfd, 0xff, 0xff, 0xff, 0xe0,
    0x7f, 0xfd, 0xfe, 0xff, 0xff, 0xff, 0xff, 0xdf, 0xff, 0xfd, 0xff, 0xff, 0xff, 0xfd, 0x3f, 0xff, 0xff, 0xe0,
    0x7f, 0xff, 0xbe, 0xff, 0xff, 0xff, 0xfe, 0xff, 0xff, 0xfb, 0xff, 0xff, 0xff, 0xfd, 0xff, 0xff, 0xff, 0xe0,
    0x7f, 0xff, 0xbe, 0xff, 0xff, 0xff, 0xff, 0xff, 0xff, 0xff, 0xff, 0xff, 0xff, 0xfd, 0xff, 0xff, 0xff, 0xe0,
    0x7f, 0xfd, 0xfe, 0xff, 0xff, 0xff, 0xff, 0xef, 0xff, 0xff, 0xff, 0xff, 0xff, 0xfb, 0xff, 0xbf, 0xff, 0xe0,
    0x7f, 0xf7, 0xfe, 0xff, 0xff, 0xff, 0xfd, 0xff, 0xff, 0xff, 0xff, 0xff, 0xff, 0xf4, 0xff, 0xff, 0xff, 0xe0,
    0x7f, 0xff, 0xe2, 0xff, 0xff, 0xff, 0xff, 0xff, 0xff, 0xff, 0xff, 0xff, 0xff, 0xf7, 0xff, 0xff, 0xff, 0xe0,
    0x7f, 0xff, 0xf6, 0xff, 0xff, 0xff, 0xfb, 0xff, 0xff, 0xff, 0xff, 0xff, 0xff, 0xef, 0xff, 0xff, 0xff, 0xe0,
    0x7f, 0xfe, 0xfe, 0xff, 0xff, 0xff, 0xff, 0xff, 0xff, 0xff, 0xff, 0xff, 0xff, 0xef, 0xff, 0xff, 0xff, 0xe0,
    0x00, 0x00, 0x00, 0x00, 0x00, 0x00, 0x00, 0x00, 0x00, 0x00, 0x00, 0x00, 0x00, 0x00, 0x00, 0x00, 0x00, 0x00,
};

static const lv_img_dsc_t waterfall7 = {
    .header.cf = LV_IMG_CF_INDEXED_1BIT,
    .header.always_zero = 0,
    .header.reserved = 0,
    .header.w = 140,
    .header.h = 68,
    .data_size = 1232,
    .data = waterfall7_map,
};

static const LV_ATTRIBUTE_MEM_ALIGN LV_ATTRIBUTE_LARGE_CONST uint8_t waterfall8_map[] = {
#if CONFIG_NICE_VIEW_WIDGET_INVERTED
    0xff, 0xff, 0xff, 0xff, /*Color of index 0*/
    0x00, 0x00, 0x00, 0xff, /*Color of index 1*/
#else
    0x00, 0x00, 0x00, 0xff, /*Color of index 0*/
    0xff, 0xff, 0xff, 0xff, /*Color of index 1*/
#endif
    0x00, 0x00, 0x00, 0x00, 0x00, 0x00, 0x00, 0x00, 0x00, 0x00, 0x00, 0x00, 0x00, 0x00, 0x00, 0x00, 0x00, 0x00,
    0x7f, 0xff, 0xe2, 0xff, 0xff, 0xff, 0xff, 0xff, 0xff, 0xff, 0xff, 0xff, 0xff, 0xf7, 0xff, 0xff, 0xff, 0xe0,
    0x7f, 0xef, 0xfe, 0xff, 0xff, 0xff, 0xff, 0xfd, 0xff, 0xff, 0xff, 0xff, 0xff, 0xef, 0xff, 0xff, 0xff, 0xe0,
    0x7f, 0xef, 0xfe, 0xff, 0xff, 0xff, 0xff, 0xff, 0xff, 0xff, 0xff, 0xff, 0xff, 0xe9, 0xff, 0xff, 0xff, 0xe0,
    0x7f, 0xfd, 0x9c, 0xff, 0xff, 0xff, 0xff, 0xff, 0xef, 0xff, 0xff, 0xff, 0xff, 0xef, 0xff, 0xff, 0xff, 0xe0,
    0x7f, 0xfd, 0xbe, 0xff, 0xff, 0xff, 0xff, 0xfe, 0xff, 0xff, 0xef, 0xff, 0xff, 0xef, 0xff, 0xff, 0xff, 0xe0,
    0x7f, 0xff, 0xfe, 0xff, 0xff, 0xff, 0xff, 0xff, 0xdf, 0xff, 0xf7, 0xff, 0xff, 0xef, 0xff, 0xff, 0xfb, 0xe0,
    0x7f, 0xff, 0xfe, 0xff, 0xff, 0xff, 0xff, 0xff, 0x3f, 0xff, 0xff, 0xff, 0xff, 0xf4, 0xff, 0xff, 0xff, 0xe0,
    0x7f, 0xef, 0x7e, 0xff, 0xff, 0xff, 0xff, 0xff, 0xff, 0xff, 0xff, 0xbf, 0xff, 0xfb, 0xff, 0xff, 0xff, 0xe0,
    0x7f, 0xff, 0x7e, 0xff, 0xff, 0xf3, 0xff, 0xff, 0xff, 0xff, 0xfb, 0x7f, 0xff, 0xfb, 0xff, 0xff, 0xff, 0xe0,
    0x7f, 0xfb, 0xfe, 0xff, 0xff, 0xed, 0xff, 0xff, 0xff, 0xff, 0xfc, 0xff, 0xff, 0xfd, 0xff, 0xff, 0xff, 0xe0,
    0x7f, 0xfb, 0xe2, 0xff, 0xff, 0xff, 0xff, 0xff, 0xff, 0xff, 0xff, 0xff, 0xff, 0xfd, 0x3f, 0xff, 0xff, 0xe0,
    0x7f, 0xfe, 0xea, 0xff, 0xff, 0xfe, 0xff, 0xff, 0xff, 0xff, 0xff, 0xff, 0xff, 0xfd, 0xff, 0xff, 0xff, 0xe0,
    0x7f, 0xfe, 0xdd, 0x8f, 0xff, 0xdf, 0xff, 0xff, 0xff, 0xff, 0xff, 0xff, 0xff, 0xfd, 0xff, 0xff, 0xff, 0xe0,
    0x7f, 0xdf, 0xde, 0x7f, 0xff, 0xbf, 0xff, 0xff, 0xff, 0xff, 0xff, 0xff, 0xff, 0xfd, 0xff, 0xfb, 0xff, 0xe0,
    0x7f, 0xdf, 0xfd, 0x83, 0xff, 0xff, 0xff, 0xf7, 0xff, 0xff, 0xf1, 0xff, 0xff, 0xfa, 0x7f, 0xff, 0xff, 0xe0,
    0x7f, 0xf7, 0xfb, 0x28, 0xff, 0xff, 0xcf, 0x89, 0xff, 0xff, 0xce, 0x7f, 0xff, 0xf7, 0xff, 0xff, 0xff, 0xe0,
    0x7f, 0xf7, 0xba, 0x44, 0x63, 0xff, 0x30, 0x7e, 0xff, 0xff, 0xbf, 0x88, 0x3f, 0xe3, 0xff, 0xff, 0xff, 0xe0,
    0x7f, 0xff, 0xb8, 0xaa, 0x5c, 0xfe, 0xff, 0xff, 0x3e, 0x0f, 0x7f, 0xf7, 0xdf, 0xdf, 0xff, 0xff, 0xff, 0xe0,
    0x7f, 0xff, 0xb9, 0x55, 0x7f, 0x79, 0xff, 0xff, 0xc1, 0xf0, 0xff, 0xff, 0xe7, 0xbf, 0xff, 0xff, 0xff, 0xe0,
    0x7f, 0xfd, 0xf8, 0xaa, 0xa0, 0x00, 0x00, 0x00, 0x00, 0x3f, 0xf0, 0x00, 0x00, 0xb7, 0xff, 0xff, 0xff, 0xe0,
    0x7f, 0xfd, 0xf8, 0x44, 0x20, 0x00, 0x00, 0x00, 0x00, 0x00, 0x00, 0x00, 0x00, 0x77, 0xff, 0xff, 0xff, 0xe0,
    0x7f, 0xff, 0xf8, 0xaa, 0x78, 0x00, 0x00, 0x00, 0x00, 0x00, 0x00, 0x7f, 0xf8, 0x77, 0xff, 0xff, 0xff, 0xe0,
    0x7f, 0xff, 0xf9, 0x7f, 0x40, 0x00, 0x00, 0x00, 0x00, 0x00, 0x00, 0x00, 0x00, 0x77, 0xff, 0xff, 0xff, 0xe0,
    0x7f, 0xfd, 0xf8, 0xc0, 0xc0, 0x07, 0xf8, 0x00, 0x00, 0x00, 0x00, 0x00, 0x00, 0x6f, 0xff, 0xff, 0xff, 0xe0,
    0x7f, 0xfd, 0x79, 0x9d, 0x40, 0x00, 0x00, 0x00, 0x00, 0x00, 0x00, 0x00, 0x00, 0x6f, 0xff, 0xff, 0xfe, 0xe0,
    0x7f, 0xbf, 0x79, 0x2a, 0xbe, 0x00, 0x00, 0x00, 0x00, 0x00, 0x00, 0x00, 0xfe, 0x2f, 0xff, 0xff, 0xff, 0xe0,
    0x7f, 0xbf, 0x78, 0x55, 0x50, 0x00, 0x00, 0x00, 0x00, 0x00, 0x00, 0x00, 0x00, 0x2f, 0xff, 0xff, 0xff, 0xe0,
    0x7f, 0xff, 0x78, 0xaa, 0x9f, 0xff, 0x00, 0x00, 0x00, 0x00, 0x00, 0x00, 0x0f, 0x2f, 0xff, 0xfb, 0xff, 0xe0,
    0x7f, 0xff, 0x78, 0xdd, 0xd0, 0x00, 0x00, 0x00, 0x00, 0x00, 0x00, 0x00, 0x00, 0x2f, 0xff, 0xc0, 0x7f, 0xe0,
    0x7f, 0xff, 0x78, 0xaa, 0x90, 0x00, 0x00, 0x00, 0x01, 0xf8, 0x00, 0x00, 0x00, 0x1f, 0xff, 0x80, 0x3f, 0xe0,
    0x7f, 0xff, 0xf8, 0x5f, 0xd0, 0x00, 0x00, 0x00, 0x00, 0x00, 0x00, 0x00, 0x00, 0x1f, 0xff, 0x00, 0x1f, 0xe0,
    0x7f, 0xbf, 0xf9, 0x30, 0x60, 0x00, 0x00, 0x00, 0x00, 0xff, 0xfc, 0x00, 0x00, 0x1f, 0xff, 0x01, 0x1f, 0xe0,
    0x7f, 0xbf, 0xf9, 0xed, 0xa0, 0x00, 0x00, 0x00, 0x00, 0x00, 0x00, 0x00, 0x00, 0x1b, 0xff, 0x0f, 0xff, 0xe0,
    0x7f, 0xff, 0xf0, 0x4a, 0xa0, 0x00, 0x00, 0x3f, 0xf0, 0x00, 0x00, 0x00, 0x00, 0x1b, 0xfe, 0x1f, 0xff, 0xe0,
    0x7f, 0xff, 0xe0, 0x37, 0x50, 0x00, 0x00, 0x00, 0x00, 0x00, 0x00, 0x00, 0x00, 0x1b, 0xff, 0x1f, 0xff, 0xe0,
    0x7f, 0xff, 0xc8, 0x9a, 0x90, 0x00, 0x00, 0x00, 0x00, 0x00, 0x07, 0xf0, 0x00, 0x3b, 0xff, 0x1f, 0xff, 0xe0,
    0x7f, 0xff, 0xc0, 0x1d, 0xd0, 0x00, 0x00, 0x00, 0x00, 0x00, 0x00, 0x00, 0x00, 0x3b, 0xff, 0x3f, 0xff, 0xe0,
    0x7f, 0xbf, 0x40, 0x1a, 0x90, 0x00, 0x00, 0x00, 0x00, 0xff, 0x80, 0x00, 0x00, 0x3b, 0xff, 0x9f, 0xff, 0xe0,
    0x7f, 0xbf, 0x41, 0xd7, 0x20, 0x00, 0x00, 0x00, 0x00, 0x00, 0x00, 0x00, 0x00, 0x37, 0xff, 0xdf, 0xff, 0xe0,
    0x7f, 0xff, 0x68, 0x30, 0x47, 0xfe, 0x00, 0x00, 0x00, 0x00, 0x00, 0x00, 0x07, 0x37, 0xff, 0xff, 0xff, 0xe0,
    0x7f, 0xff, 0x70, 0x0f, 0x80, 0x00, 0x00, 0x00, 0x00, 0x00, 0x00, 0x00, 0x00, 0x37, 0xff, 0xff, 0xff, 0xe0,
    0x7f, 0xff, 0x70, 0xa8, 0x00, 0x00, 0x00, 0x00, 0x01, 0xff, 0x00, 0x00, 0x00, 0x37, 0xff, 0xff, 0xff, 0xe0,
    0x7f, 0xff, 0x60, 0x04, 0x00, 0x00, 0x00, 0x00, 0x00, 0x00, 0x00, 0x00, 0x00, 0x77, 0xff, 0xff, 0xff, 0xe0,
    0x7f, 0xbd, 0xe8, 0x84, 0x00, 0x00, 0x00, 0x00, 0x00, 0x00, 0x1f, 0xf8, 0x00, 0x77, 0xff, 0xff, 0xbf, 0xe0,
    0x7f, 0xbd, 0xe0, 0x04, 0x00, 0x00, 0x00, 0x00, 0x00, 0x00, 0x00, 0x00, 0x00, 0x6f, 0xff, 0xff, 0xff, 0xe0,
    0x7f, 0xff, 0xe8, 0xa8, 0x00, 0x00, 0x00, 0x00, 0x3f, 0xf8, 0x00, 0x00, 0x00, 0x6f, 0xff, 0xff, 0xff, 0xe0,
    0x7f, 0xf7, 0xf0, 0xe8, 0x00, 0x00, 0x00, 0x00, 0x00, 0x00, 0x00, 0x00, 0x00, 0x6f, 0xff, 0xff, 0xff, 0xe0,
    0x7f, 0xfd, 0xf9, 0x1f, 0xfe, 0x00, 0x00, 0x00, 0x00, 0x00, 0x00, 0x0f, 0xfe, 0xef, 0xff, 0xff, 0xff, 0xe0,
    0x7f, 0xff, 0xb8, 0x47, 0xff, 0xff, 0xff, 0xce, 0x7f, 0xff, 0xfe, 0xf3, 0xff, 0xff, 0xff, 0xff, 0xff, 0xe0,
    0x7f, 0xdf, 0xb8, 0xa4, 0x07, 0xff, 0x00, 0x3f, 0x9f, 0xff, 0xf9, 0xfc, 0x00, 0xff, 0xff, 0xff, 0xff, 0xe0,
    0x7f, 0xdf, 0xb0, 0x03, 0xf9, 0xfc, 0xff, 0xff, 0xef, 0xc1, 0xf7, 0xff, 0xff, 0x7f, 0xff, 0xff, 0xff, 0xe0,
    0x7f, 0xf7, 0xf2, 0xab, 0xbe, 0xfb, 0xff, 0xff, 0xf0, 0x3e, 0x0f, 0xff, 0xff, 0x9f, 0xff, 0xff, 0xff, 0xe0,
    0x7f, 0xf6, 0xf4, 0x43, 0xdf, 0x07, 0xff, 0xff, 0xff, 0xff, 0xff, 0xff, 0xff, 0xef, 0xff, 0xff, 0xff, 0xe0,
    0x7f, 0xff, 0xd2, 0xab, 0xff, 0xff, 0xff, 0xff, 0xff, 0xff, 0xff, 0xff, 0xff, 0xf7, 0xff, 0xff, 0xff, 0xe0,
    0x7f, 0xff, 0xd0, 0x03, 0xfe, 0xff, 0xff, 0xff, 0xff, 0xff, 0x3f, 0xff, 0xff, 0xfa, 0x7f, 0xff, 0xfd, 0xe0,
    0x7f, 0xde, 0xea, 0xa7, 0xed, 0xff, 0xff, 0xff, 0xff, 0xfe, 0xdf, 0xff, 0xff, 0xfb, 0xff, 0xff, 0xff, 0xe0,
    0x7f, 0xdf, 0xe4, 0x47, 0xf3, 0xff, 0xff, 0xff, 0xff, 0xff, 0xff, 0xff, 0xff, 0xfd, 0xff, 0xff, 0xff, 0xe0,
    0x7f, 0xfb, 0xff, 0x1f, 0xff, 0xff, 0xff, 0x3f, 0xff, 0xff, 0xef, 0xff, 0xff, 0xfd, 0xff, 0xff, 0xff, 0xe0,
    0x7f, 0xfb, 0xfe, 0xff, 0xff, 0xff, 0xff, 0xdf, 0xff, 0xfd, 0xff, 0xff, 0xff, 0xfd, 0x3f, 0xff, 0xff, 0xe0,
    0x7f, 0xff, 0x7e, 0xff, 0xff, 0xff, 0xfe, 0xff, 0xff, 0xfb, 0xff, 0xff, 0xff, 0xfd, 0xff, 0xff, 0xff, 0xe0,
    0x7f, 0xff, 0xfe, 0xff, 0xff, 0xff, 0xff, 0xff, 0xff, 0xff, 0xff, 0xff, 0xff, 0xfd, 0xff, 0xff, 0xff, 0xe0,
    0x7f, 0xef, 0xfe, 0xff, 0xff, 0xff, 0xff, 0xef, 0xff, 0xff, 0xff, 0xff, 0xff, 0xfb, 0xff, 0xbf, 0xff, 0xe0,
    0x7f, 0xef, 0xfe, 0xff, 0xff, 0xff, 0xfd, 0xff, 0xff, 0xff, 0xff, 0xff, 0xff, 0xf4, 0xff, 0xff, 0xff, 0xe0,
    0x7f, 0xfd, 0x9c, 0xff, 0xff, 0xff, 0xff, 0xff, 0xff, 0xff, 0xff, 0xff, 0xff, 0xf7, 0xff, 0xff, 0xff, 0xe0,
    0x7f, 0xfd, 0xdc, 0xff, 0xff, 0xff, 0xfb, 0xff, 0xff, 0xff, 0xff, 0xff, 0xff, 0xef, 0xff, 0xff, 0xff, 0xe0,
    0x7f, 0xff, 0xfe, 0xff, 0xff, 0xff, 0xff, 0xff, 0xff, 0xff, 0xff, 0xff, 0xff, 0xef, 0xff, 0xff, 0xff, 0xe0,
    0x00, 0x00, 0x00, 0x00, 0x00, 0x00, 0x00, 0x00, 0x00, 0x00, 0x00, 0x00, 0x00, 0x00, 0x00, 0x00, 0x00, 0x00,
};

static const lv_img_dsc_t waterfall8 = {
    .header.cf = LV_IMG_CF_INDEXED_1BIT,
    .header.always_zero = 0,
    .header.reserved = 0,
    .header.w = 140,
    .header.h = 68,
    .data_size = 1232,
    .data = waterfall8_map,
};

static const LV_ATTRIBUTE_MEM_ALIGN LV_ATTRIBUTE_LARGE_CONST uint8_t waterfall9_map[] = {
#if CONFIG_NICE_VIEW_WIDGET_INVERTED
    0xff, 0xff, 0xff, 0xff, /*Color of index 0*/
    0x00, 0x00, 0x00, 0xff, /*Color of index 1*/
#else
    0x00, 0x00, 0x00, 0xff, /*Color of index 0*/
    0xff, 0xff, 0xff, 0xff, /*Color of index 1*/
#endif
    0x00, 0x00, 0x00, 0x00, 0x00, 0x00, 0x00, 0x00, 0x00, 0x00, 0x00, 0x00, 0x00, 0x00, 0x00, 0x00, 0x00, 0x00,
    0x7f, 0xff, 0xdc, 0xff, 0xff, 0xff, 0xff, 0xff, 0xff, 0xff, 0xff, 0xff, 0xff, 0xf7, 0xff, 0xff, 0xff, 0xe0,
    0x7f, 0xff, 0xfe, 0xff, 0xff, 0xff, 0xff, 0xfd, 0xff, 0xff, 0xff, 0xff, 0xff, 0xef, 0xff, 0xff, 0xff, 0xe0,
    0x7f, 0xff, 0xfe, 0xff, 0xff, 0xff, 0xff, 0xff, 0xff, 0xff, 0xff, 0xff, 0xff, 0xe9, 0xff, 0xff, 0xff, 0xe0,
    0x7f, 0xfb, 0x7e, 0xff, 0xff, 0xff, 0xff, 0xff, 0xef, 0xff, 0xff, 0xff, 0xff, 0xef, 0xff, 0xff, 0xff, 0xe0,
    0x7f, 0xfb, 0x7e, 0xff, 0xff, 0xff, 0xff, 0xfe, 0xff, 0xff, 0xef, 0xff, 0xff, 0xef, 0xff, 0xff, 0xff, 0xe0,
    0x7f, 0xff, 0xfe, 0xff, 0xff, 0xff, 0xff, 0xff, 0xdf, 0xff, 0xf7, 0xff, 0xff, 0xef, 0xff, 0xff, 0xfb, 0xe0,
    0x7f, 0xff, 0xfe, 0xff, 0xff, 0xff, 0xff, 0xff, 0x3f, 0xff, 0xff, 0xff, 0xff, 0xf4, 0xff, 0xff, 0xff, 0xe0,
    0x7f, 0xfe, 0xf6, 0xff, 0xff, 0xff, 0xff, 0xff, 0xff, 0xff, 0xff, 0xbf, 0xff, 0xfb, 0xff, 0xff, 0xff, 0xe0,
    0x7f, 0xfe, 0xe2, 0xff, 0xff, 0xf3, 0xff, 0xff, 0xff, 0xff, 0xfb, 0x7f, 0xff, 0xfb, 0xff, 0xff, 0xff, 0xe0,
    0x7f, 0xf7, 0xc8, 0xff, 0xff, 0xed, 0xff, 0xff, 0xff, 0xff, 0xfc, 0xff, 0xff, 0xfd, 0xff, 0xff, 0xff, 0xe0,
    0x7f, 0xf7, 0xdc, 0xff, 0xff, 0xff, 0xff, 0xff, 0xff, 0xff, 0xff, 0xff, 0xff, 0xfd, 0x3f, 0xff, 0xff, 0xe0,
    0x7f, 0xff, 0xff, 0x87, 0xff, 0xfe, 0xff, 0xff, 0xff, 0xff, 0xff, 0xff, 0xff, 0xfd, 0xff, 0xff, 0xff, 0xe0,
    0x7f, 0xff, 0xfe, 0x41, 0xff, 0xdf, 0xff, 0xff, 0xff, 0xff, 0xff, 0xff, 0xff, 0xfd, 0xff, 0xff, 0xff, 0xe0,
    0x7f, 0xff, 0xbc, 0xbe, 0xff, 0xbf, 0xff, 0xff, 0xff, 0xff, 0xff, 0xff, 0xff, 0xfd, 0xff, 0xfb, 0xff, 0xe0,
    0x7f, 0xff, 0xbd, 0xc1, 0xff, 0xff, 0xff, 0xf7, 0xff, 0xff, 0xf1, 0xff, 0xff, 0xfa, 0x7f, 0xff, 0xff, 0xe0,
    0x7f, 0xfd, 0xfb, 0x2a, 0xff, 0xff, 0xcf, 0x89, 0xff, 0xff, 0xce, 0x7f, 0xff, 0xf7, 0xff, 0xff, 0xff, 0xe0,
    0x7f, 0xfd, 0xfa, 0x55, 0x63, 0xff, 0x30, 0x7e, 0xff, 0xff, 0xbf, 0x88, 0x3f, 0xe3, 0xff, 0xff, 0xff, 0xe0,
    0x7f, 0xff, 0xf8, 0xaa, 0xbc, 0xfe, 0xff, 0xff, 0x3e, 0x0f, 0x7f, 0xf7, 0xdf, 0xdf, 0xff, 0xff, 0xff, 0xe0,
    0x7f, 0xff, 0x69, 0x55, 0x3f, 0x79, 0xff, 0xff, 0xc1, 0xf0, 0xff, 0xff, 0xe7, 0xbf, 0xff, 0xff, 0xff, 0xe0,
    0x7f, 0xff, 0x78, 0xaa, 0xa0, 0x00, 0x00, 0x00, 0x3f, 0xf0, 0x00, 0x00, 0x00, 0xef, 0xff, 0xff, 0xff, 0xe0,
    0x7f, 0xff, 0x79, 0x55, 0x20, 0x00, 0x00, 0x00, 0x00, 0x00, 0x00, 0x00, 0x00, 0x5f, 0xff, 0xff, 0xff, 0xe0,
    0x7f, 0xef, 0x78, 0xaa, 0xa0, 0x00, 0x00, 0x00, 0x00, 0x00, 0x7f, 0xf8, 0x00, 0x5f, 0xff, 0xff, 0xff, 0xe0,
    0x7f, 0xef, 0xf8, 0x55, 0x20, 0x00, 0x00, 0x00, 0x00, 0x00, 0x00, 0x00, 0x00, 0x5f, 0xff, 0xff, 0xff, 0xe0,
    0x7f, 0xff, 0xd8, 0xbf, 0x47, 0xf8, 0x00, 0x00, 0x00, 0x00, 0x00, 0x00, 0x07, 0x5b, 0xff, 0xff, 0xff, 0xe0,
    0x7f, 0xfb, 0xd9, 0x60, 0xc0, 0x00, 0x00, 0x00, 0x00, 0x00, 0x00, 0x00, 0x00, 0x5b, 0xff, 0xff, 0xfe, 0xe0,
    0x7f, 0xff, 0xf8, 0xca, 0x40, 0x00, 0x00, 0x00, 0x00, 0x00, 0x00, 0xfe, 0x00, 0x1b, 0xff, 0xff, 0xff, 0xe0,
    0x7f, 0xff, 0xf8, 0x95, 0x20, 0x00, 0x00, 0x00, 0x00, 0x00, 0x00, 0x00, 0x00, 0x3b, 0xff, 0xff, 0xff, 0xe0,
    0x7f, 0xeb, 0xf8, 0xaa, 0x9f, 0x00, 0x00, 0x00, 0x00, 0x00, 0x00, 0x0f, 0xff, 0x3b, 0xff, 0xfb, 0xff, 0xe0,
    0x7f, 0xeb, 0xf9, 0x5d, 0xd0, 0x00, 0x00, 0x00, 0x00, 0x00, 0x00, 0x00, 0x00, 0x3b, 0xff, 0xc0, 0x7f, 0xe0,
    0x7f, 0xff, 0xf9, 0x2a, 0x90, 0x00, 0x00, 0x01, 0xf8, 0x00, 0x00, 0x00, 0x00, 0x37, 0xff, 0x80, 0x3f, 0xe0,
    0x7f, 0xff, 0xf9, 0x57, 0xd0, 0x00, 0x00, 0x00, 0x00, 0x00, 0x00, 0x00, 0x00, 0x37, 0xff, 0x00, 0x1f, 0xe0,
    0x7f, 0xfb, 0xf9, 0xa8, 0x50, 0x00, 0x00, 0x00, 0xff, 0xfc, 0x00, 0x00, 0x00, 0x37, 0xff, 0x01, 0x1f, 0xe0,
    0x7f, 0xfb, 0xf8, 0x75, 0xa0, 0x00, 0x00, 0x00, 0x00, 0x00, 0x00, 0x00, 0x00, 0x37, 0xff, 0x0f, 0xff, 0xe0,
    0x7f, 0xef, 0xf0, 0x9a, 0x90, 0x00, 0x3f, 0xf0, 0x00, 0x00, 0x00, 0x00, 0x00, 0x37, 0xfe, 0x1f, 0xff, 0xe0,
    0x7f, 0xef, 0xe0, 0x1f, 0xd0, 0x00, 0x00, 0x00, 0x00, 0x00, 0x00, 0x00, 0x00, 0x37, 0xff, 0x1f, 0xff, 0xe0,
    0x7f, 0xfb, 0xe8, 0x8a, 0x90, 0x00, 0x00, 0x00, 0x00, 0x07, 0xf0, 0x00, 0x00, 0x2f, 0xff, 0x1f, 0xff, 0xe0,
    0x7f, 0xfb, 0xc0, 0x0d, 0xd0, 0x00, 0x00, 0x00, 0x00, 0x00, 0x00, 0x00, 0x00, 0x2f, 0xff, 0x3f, 0xff, 0xe0,
    0x7f, 0xff, 0xe8, 0xaa, 0xa0, 0x00, 0x00, 0x00, 0xff, 0x80, 0x00, 0x00, 0x00, 0x2f, 0xff, 0x9f, 0xff, 0xe0,
    0x7f, 0xff, 0xe0, 0x18, 0x40, 0x00, 0x00, 0x00, 0x00, 0x00, 0x00, 0x00, 0x00, 0x2f, 0xff, 0xdf, 0xff, 0xe0,
    0x7f, 0xeb, 0xe1, 0xf7, 0xfe, 0x00, 0x00, 0x00, 0x00, 0x00, 0x00, 0x07, 0xfe, 0x2f, 0xff, 0xff, 0xff, 0xe0,
    0x7f, 0xeb, 0xf8, 0x10, 0x00, 0x00, 0x00, 0x00, 0x00, 0x00, 0x00, 0x00, 0x00, 0x2f, 0xff, 0xff, 0xff, 0xe0,
    0x7f, 0xff, 0xf8, 0xa8, 0x00, 0x00, 0x00, 0x01, 0xff, 0x00, 0x00, 0x00, 0x00, 0x1f, 0xff, 0xff, 0xff, 0xe0,
    0x7f, 0xff, 0xd0, 0x04, 0x00, 0x00, 0x00, 0x00, 0x00, 0x00, 0x00, 0x00, 0x00, 0x5f, 0xff, 0xff, 0xff, 0xe0,
    0x7f, 0xff, 0xd0, 0xa4, 0x00, 0x00, 0x00, 0x00, 0x00, 0x1f, 0xf8, 0x00, 0x00, 0x5f, 0xff, 0xff, 0xbf, 0xe0,
    0x7f, 0xff, 0xe0, 0x04, 0x00, 0x00, 0x00, 0x00, 0x00, 0x00, 0x00, 0x00, 0x00, 0x5b, 0xff, 0xff, 0xff, 0xe0,
    0x7f, 0xef, 0x68, 0xa4, 0x00, 0x00, 0x00, 0x3f, 0xf8, 0x00, 0x00, 0x00, 0x00, 0x5b, 0xff, 0xff, 0xff, 0xe0,
    0x7f, 0xef, 0x71, 0xf4, 0x00, 0x00, 0x00, 0x00, 0x00, 0x00, 0x00, 0x00, 0x00, 0x5b, 0xff, 0xff, 0xff, 0xe0,
    0x7f, 0xff, 0x70, 0x0e, 0x00, 0x00, 0x00, 0x00, 0x00, 0x00, 0x0f, 0xfe, 0x00, 0xbb, 0xff, 0xff, 0xff, 0xe0,
    0x7f, 0xff, 0x68, 0x43, 0xff, 0xff, 0xff, 0xce, 0x7f, 0xff, 0xfe, 0xf3, 0xff, 0xff, 0xff, 0xff, 0xff, 0xe0,
    0x7f, 0xff, 0xf8, 0xaa, 0x07, 0xff, 0x00, 0x3f, 0x9f, 0xff, 0xf9, 0xfc, 0x00, 0xff, 0xff, 0xff, 0xff, 0xe0,
    0x7f, 0xff, 0xf8, 0x01, 0xf9, 0xfc, 0xff, 0xff, 0xef, 0xc1, 0xf7, 0xff, 0xff, 0x7f, 0xff, 0xff, 0xff, 0xe0,
    0x7f, 0xfd, 0xf2, 0xa9, 0xbe, 0xfb, 0xff, 0xff, 0xf0, 0x3e, 0x0f, 0xff, 0xff, 0x9f, 0xff, 0xff, 0xff, 0xe0,
    0x7f, 0xf5, 0xb4, 0x45, 0xdf, 0x07, 0xff, 0xff, 0xff, 0xff, 0xff, 0xff, 0xff, 0xef, 0xff, 0xff, 0xff, 0xe0,
    0x7f, 0xff, 0xb2, 0xa9, 0xff, 0xff, 0xff, 0xff, 0xff, 0xff, 0xff, 0xff, 0xff, 0xf7, 0xff, 0xff, 0xff, 0xe0,
    0x7f, 0xff, 0xf8, 0x01, 0xfe, 0xff, 0xff, 0xff, 0xff, 0xff, 0x3f, 0xff, 0xff, 0xfa, 0x7f, 0xff, 0xfd, 0xe0,
    0x7f, 0xff, 0xfa, 0xab, 0xed, 0xff, 0xff, 0xff, 0xff, 0xfe, 0xdf, 0xff, 0xff, 0xfb, 0xff, 0xff, 0xff, 0xe0,
    0x7f, 0xfe, 0xdc, 0x47, 0xf3, 0xff, 0xff, 0xff, 0xff, 0xff, 0xff, 0xff, 0xff, 0xfd, 0xff, 0xff, 0xff, 0xe0,
    0x7f, 0xf7, 0xcb, 0x1f, 0xff, 0xff, 0xff, 0x3f, 0xff, 0xff, 0xef, 0xff, 0xff, 0xfd, 0xff, 0xff, 0xff, 0xe0,
    0x7f, 0xf7, 0xe2, 0xff, 0xff, 0xff, 0xff, 0xdf, 0xff, 0xfd, 0xff, 0xff, 0xff, 0xfd, 0x3f, 0xff, 0xff, 0xe0,
    0x7f, 0xfe, 0xf6, 0xff, 0xff, 0xff, 0xfe, 0xff, 0xff, 0xfb, 0xff, 0xff, 0xff, 0xfd, 0xff, 0xff, 0xff, 0xe0,
    0x7f, 0xff, 0xfe, 0xff, 0xff, 0xff, 0xff, 0xff, 0xff, 0xff, 0xff, 0xff, 0xff, 0xfd, 0xff, 0xff, 0xff, 0xe0,
    0x7f, 0xff, 0xfe, 0xff, 0xff, 0xff, 0xff, 0xef, 0xff, 0xff, 0xff, 0xff, 0xff, 0xfb, 0xff, 0xbf, 0xff, 0xe0,
    0x7f, 0xff, 0xfe, 0xff, 0xff, 0xff, 0xfd, 0xff, 0xff, 0xff, 0xff, 0xff, 0xff, 0xf4, 0xff, 0xff, 0xff, 0xe0,
    0x7f, 0xfb, 0x7e, 0xff, 0xff, 0xff, 0xff, 0xff, 0xff, 0xff, 0xff, 0xff, 0xff, 0xf7, 0xff, 0xff, 0xff, 0xe0,
    0x7f, 0xfb, 0xbe, 0xff, 0xff, 0xff, 0xfb, 0xff, 0xff, 0xff, 0xff, 0xff, 0xff, 0xef, 0xff, 0xff, 0xff, 0xe0,
    0x7f, 0xff, 0xfe, 0xff, 0xff, 0xff, 0xff, 0xff, 0xff, 0xff, 0xff, 0xff, 0xff, 0xef, 0xff, 0xff, 0xff, 0xe0,
    0x00, 0x00, 0x00, 0x00, 0x00, 0x00, 0x00, 0x00, 0x00, 0x00, 0x00, 0x00, 0x00, 0x00, 0x00, 0x00, 0x00, 0x00,
};

static const lv_img_dsc_t waterfall9 = {
    .header.cf = LV_IMG_CF_INDEXED_1BIT,
    .header.always_zero = 0,
    .header.reserved = 0,
    .header.w = 140,
    .header.h = 68,
    .data_size = 1232,
    .data = waterfall9_map,
};

static const LV_ATTRIBUTE_MEM_ALIGN LV_ATTRIBUTE_LARGE_CONST uint8_t waterfall10_map[] = {
#if CONFIG_NICE_VIEW_WIDGET_INVERTED
    0xff, 0xff, 0xff, 0xff, /*Color of index 0*/
    0x00, 0x00, 0x00, 0xff, /*Color of index 1*/
#else
    0x00, 0x00, 0x00, 0xff, /*Color of index 0*/
    0xff, 0xff, 0xff, 0xff, /*Color of index 1*/
#endif
    0x00, 0x00, 0x00, 0x00, 0x00, 0x00, 0x00, 0x00, 0x00, 0x00, 0x00, 0x00, 0x00, 0x00, 0x00, 0x00, 0x00, 0x00,
    0x7f, 0xff, 0x3e, 0xff, 0xff, 0xff, 0xff, 0xff, 0xff, 0xff, 0xff, 0xff, 0xff, 0xf7, 0xff, 0xff, 0xff, 0xe0,
    0x7f, 0xff, 0xfe, 0xff, 0xff, 0xff, 0xff, 0xfd, 0xff, 0xff, 0xff, 0xff, 0xff, 0xef, 0xff, 0xff, 0xff, 0xe0,
    0x7f, 0xff, 0xfe, 0xff, 0xff, 0xff, 0xff, 0xff, 0xff, 0xff, 0xff, 0xff, 0xff, 0xe9, 0xff, 0xff, 0xff, 0xe0,
    0x7f, 0xff, 0xfe, 0xff, 0xff, 0xff, 0xff, 0xff, 0xef, 0xff, 0xff, 0xff, 0xff, 0xef, 0xff, 0xff, 0xff, 0xe0,
    0x7f, 0xf6, 0xfe, 0xff, 0xff, 0xff, 0xff, 0xfe, 0xff, 0xff, 0xef, 0xff, 0xff, 0xef, 0xff, 0xff, 0xff, 0xe0,
    0x7f, 0xff, 0xe2, 0xff, 0xff, 0xff, 0xff, 0xff, 0xdf, 0xff, 0xf7, 0xff, 0xff, 0xef, 0xff, 0xff, 0xfb, 0xe0,
    0x7f, 0xff, 0xe2, 0xff, 0xff, 0xff, 0xff, 0xff, 0x3f, 0xff, 0xff, 0xff, 0xff, 0xf4, 0xff, 0xff, 0xff, 0xe0,
    0x7f, 0xff, 0xdc, 0xff, 0xff, 0xff, 0xff, 0xff, 0xff, 0xff, 0xff, 0xbf, 0xff, 0xfb, 0xff, 0xff, 0xff, 0xe0,
    0x7f, 0xff, 0xdc, 0xff, 0xff, 0xf3, 0xff, 0xff, 0xff, 0xff, 0xfb, 0x7f, 0xff, 0xfb, 0xff, 0xff, 0xff, 0xe0,
    0x7f, 0xff, 0xbe, 0xff, 0xff, 0xed, 0xff, 0xff, 0xff, 0xff, 0xfc, 0xff, 0xff, 0xfd, 0xff, 0xff, 0xff, 0xe0,
    0x7f, 0xff, 0xbe, 0xc3, 0xff, 0xff, 0xff, 0xff, 0xff, 0xff, 0xff, 0xff, 0xff, 0xfd, 0x3f, 0xff, 0xff, 0xe0,
    0x7f, 0xfd, 0xbf, 0x29, 0xff, 0xfe, 0xff, 0xff, 0xff, 0xff, 0xff, 0xff, 0xff, 0xfd, 0xff, 0xff, 0xff, 0xe0,
    0x7f, 0xfd, 0xfe, 0x44, 0xff, 0xdf, 0xff, 0xff, 0xff, 0xff, 0xff, 0xff, 0xff, 0xfd, 0xff, 0xff, 0xff, 0xe0,
    0x7f, 0xff, 0xfc, 0xae, 0x7f, 0xbf, 0xff, 0xff, 0xff, 0xff, 0xff, 0xff, 0xff, 0xfd, 0xff, 0xfb, 0xff, 0xe0,
    0x7f, 0xff, 0x75, 0x73, 0x7f, 0xff, 0xff, 0xf7, 0xff, 0xff, 0xf1, 0xff, 0xff, 0xfa, 0x7f, 0xff, 0xff, 0xe0,
    0x7f, 0xef, 0x64, 0x88, 0xff, 0xff, 0xcf, 0x89, 0xff, 0xff, 0xce, 0x7f, 0xff, 0xf7, 0xff, 0xff, 0xff, 0xe0,
    0x7f, 0xeb, 0x6d, 0x5d, 0x63, 0xff, 0x30, 0x7e, 0xff, 0xff, 0xbf, 0x88, 0x3f, 0xe3, 0xff, 0xff, 0xff, 0xe0,
    0x7f, 0xff, 0xf8, 0xaa, 0xbc, 0xfe, 0xff, 0xff, 0x3e, 0x0f, 0x7f, 0xf7, 0xdf, 0xdf, 0xff, 0xff, 0xff, 0xe0,
    0x7f, 0xff, 0xf8, 0x55, 0x5f, 0x79, 0xff, 0xff, 0xc1, 0xf0, 0xff, 0xff, 0xe7, 0xbf, 0xff, 0xff, 0xff, 0xe0,
    0x7f, 0xfb, 0xd8, 0xaa, 0x90, 0x00, 0x00, 0x3f, 0xf0, 0x00, 0x00, 0x00, 0x00, 0xbb, 0xff, 0xff, 0xff, 0xe0,
    0x7f, 0xfb, 0xf8, 0xdd, 0xd0, 0x00, 0x00, 0x00, 0x00, 0x00, 0x00, 0x00, 0x00, 0x37, 0xff, 0xff, 0xff, 0xe0,
    0x7f, 0xff, 0xf8, 0xaa, 0x90, 0x00, 0x00, 0x00, 0x00, 0x7f, 0xf8, 0x00, 0x00, 0x37, 0xff, 0xff, 0xff, 0xe0,
    0x7f, 0xfe, 0xf8, 0x55, 0x50, 0x00, 0x00, 0x00, 0x00, 0x00, 0x00, 0x00, 0x00, 0x37, 0xff, 0xff, 0xff, 0xe0,
    0x7f, 0xfe, 0xf8, 0xaa, 0xb8, 0x00, 0x00, 0x00, 0x00, 0x00, 0x00, 0x07, 0xf8, 0x77, 0xff, 0xff, 0xff, 0xe0,
    0x7f, 0xfe, 0xf9, 0x5f, 0xa0, 0x00, 0x00, 0x00, 0x00, 0x00, 0x00, 0x00, 0x00, 0x77, 0xff, 0xff, 0xfe, 0xe0,
    0x7f, 0xfe, 0xf8, 0x99, 0xc0, 0x00, 0x00, 0x00, 0x00, 0x00, 0xfe, 0x00, 0x00, 0x37, 0xff, 0xff, 0xff, 0xe0,
    0x7f, 0xfe, 0xf8, 0x66, 0x40, 0x00, 0x00, 0x00, 0x00, 0x00, 0x00, 0x00, 0x00, 0x2f, 0xff, 0xff, 0xff, 0xe0,
    0x7f, 0xde, 0xb8, 0xca, 0xa0, 0x00, 0x00, 0x00, 0x00, 0x00, 0x0f, 0xff, 0x00, 0x2f, 0xff, 0xfb, 0xff, 0xe0,
    0x7f, 0xdf, 0xb8, 0x5d, 0xd0, 0x00, 0x00, 0x00, 0x00, 0x00, 0x00, 0x00, 0x00, 0x2f, 0xff, 0xc0, 0x7f, 0xe0,
    0x7f, 0xff, 0xb8, 0xaa, 0x90, 0x00, 0x01, 0xf8, 0x00, 0x00, 0x00, 0x00, 0x00, 0x2f, 0xff, 0x80, 0x3f, 0xe0,
    0x7f, 0xff, 0xb8, 0xb7, 0xd0, 0x00, 0x00, 0x00, 0x00, 0x00, 0x00, 0x00, 0x00, 0x2f, 0xff, 0x00, 0x1f, 0xe0,
    0x7f, 0xff, 0xb9, 0xe8, 0x30, 0x00, 0x00, 0xff, 0xfc, 0x00, 0x00, 0x00, 0x00, 0x2f, 0xff, 0x01, 0x1f, 0xe0,
    0x7f, 0xff, 0xb8, 0x35, 0xd0, 0x00, 0x00, 0x00, 0x00, 0x00, 0x00, 0x00, 0x00, 0x1f, 0xff, 0x0f, 0xff, 0xe0,
    0x7f, 0xdf, 0xb0, 0x92, 0x90, 0x3f, 0xf0, 0x00, 0x00, 0x00, 0x00, 0x00, 0x00, 0x1f, 0xfe, 0x1f, 0xff, 0xe0,
    0x7f, 0xdf, 0xa0, 0x0f, 0xd0, 0x00, 0x00, 0x00, 0x00, 0x00, 0x00, 0x00, 0x00, 0x1f, 0xff, 0x1f, 0xff, 0xe0,
    0x7f, 0xff, 0xa8, 0x8a, 0x90, 0x00, 0x00, 0x00, 0x07, 0xf0, 0x00, 0x00, 0x00, 0x1b, 0xff, 0x1f, 0xff, 0xe0,
    0x7f, 0xff, 0xa0, 0x04, 0x20, 0x00, 0x00, 0x00, 0x00, 0x00, 0x00, 0x00, 0x00, 0x1b, 0xff, 0x3f, 0xff, 0xe0,
    0x7f, 0xff, 0xa8, 0xaf, 0xc0, 0x00, 0x00, 0xff, 0x80, 0x00, 0x00, 0x00, 0x00, 0x1b, 0xff, 0x9f, 0xff, 0xe0,
    0x7f, 0xff, 0xa0, 0x08, 0x00, 0x00, 0x00, 0x00, 0x00, 0x00, 0x00, 0x00, 0x00, 0x3b, 0xff, 0xdf, 0xff, 0xe0,
    0x7f, 0xde, 0xb0, 0xce, 0x00, 0x00, 0x00, 0x00, 0x00, 0x00, 0x07, 0xfe, 0x00, 0x3b, 0xff, 0xff, 0xff, 0xe0,
    0x7f, 0xde, 0xf9, 0x30, 0x00, 0x00, 0x00, 0x00, 0x00, 0x00, 0x00, 0x00, 0x00, 0x3b, 0xff, 0xff, 0xff, 0xe0,
    0x7f, 0xfe, 0xf8, 0x88, 0x00, 0x00, 0x01, 0xff, 0x00, 0x00, 0x00, 0x00, 0x00, 0x37, 0xff, 0xff, 0xff, 0xe0,
    0x7f, 0xfe, 0xf8, 0x04, 0x00, 0x00, 0x00, 0x00, 0x00, 0x00, 0x00, 0x00, 0x00, 0x37, 0xff, 0xff, 0xff, 0xe0,
    0x7f, 0xfe, 0xf0, 0xaa, 0x00, 0x00, 0x00, 0x00, 0x1f, 0xf8, 0x00, 0x00, 0x00, 0x37, 0xff, 0xff, 0xbf, 0xe0,
    0x7f, 0xfa, 0xf0, 0x42, 0x00, 0x00, 0x00, 0x00, 0x00, 0x00, 0x00, 0x00, 0x00, 0x77, 0xff, 0xff, 0xff, 0xe0,
    0x7f, 0xff, 0xf0, 0xfa, 0x00, 0x00, 0x3f, 0xf8, 0x00, 0x00, 0x00, 0x00, 0x00, 0x77, 0xff, 0xff, 0xff, 0xe0,
    0x7f, 0xff, 0xf1, 0x8e, 0x00, 0x00, 0x00, 0x00, 0x00, 0x00, 0x00, 0x00, 0x00, 0x77, 0xff, 0xff, 0xff, 0xe0,
    0x7f, 0xfb, 0xd0, 0x22, 0x00, 0x00, 0x00, 0x00, 0x00, 0x0f, 0xfe, 0x00, 0x00, 0x6f, 0xff, 0xff, 0xff, 0xe0,
    0x7f, 0xfb, 0xf8, 0x45, 0xff, 0xff, 0xff, 0xce, 0x7f, 0xff, 0xfe, 0xf3, 0xff, 0xff, 0xff, 0xff, 0xff, 0xe0,
    0x7f, 0xff, 0xf8, 0xa9, 0x07, 0xff, 0x00, 0x3f, 0x9f, 0xff, 0xf9, 0xfc, 0x00, 0xff, 0xff, 0xff, 0xff, 0xe0,
    0x7f, 0xff, 0x69, 0x10, 0xf9, 0xfc, 0xff, 0xff, 0xef, 0xc1, 0xf7, 0xff, 0xff, 0x7f, 0xff, 0xff, 0xff, 0xe0,
    0x7f, 0xef, 0x6a, 0xaa, 0xbe, 0xfb, 0xff, 0xff, 0xf0, 0x3e, 0x0f, 0xff, 0xff, 0x9f, 0xff, 0xff, 0xff, 0xe0,
    0x7f, 0xef, 0x78, 0x44, 0xdf, 0x07, 0xff, 0xff, 0xff, 0xff, 0xff, 0xff, 0xff, 0xef, 0xff, 0xff, 0xff, 0xe0,
    0x7f, 0xff, 0xfa, 0xaa, 0xff, 0xff, 0xff, 0xff, 0xff, 0xff, 0xff, 0xff, 0xff, 0xf7, 0xff, 0xff, 0xff, 0xe0,
    0x7f, 0xff, 0xf9, 0x11, 0xfe, 0xff, 0xff, 0xff, 0xff, 0xff, 0x3f, 0xff, 0xff, 0xfa, 0x7f, 0xff, 0xfd, 0xe0,
    0x7f, 0xfd, 0xbc, 0xab, 0xed, 0xff, 0xff, 0xff, 0xff, 0xfe, 0xdf, 0xff, 0xff, 0xfb, 0xff, 0xff, 0xff, 0xe0,
    0x7f, 0xfd, 0xbe, 0x07, 0xf3, 0xff, 0xff, 0xff, 0xff, 0xff, 0xff, 0xff, 0xff, 0xfd, 0xff, 0xff, 0xff, 0xe0,
    0x7f, 0xff, 0xbf, 0xff, 0xff, 0xff, 0xff, 0x3f, 0xff, 0xff, 0xef, 0xff, 0xff, 0xfd, 0xff, 0xff, 0xff, 0xe0,
    0x7f, 0xf7, 0xdc, 0xff, 0xff, 0xff, 0xff, 0xdf, 0xff, 0xfd, 0xff, 0xff, 0xff, 0xfd, 0x3f, 0xff, 0xff, 0xe0,
    0x7f, 0xff, 0xdc, 0xff, 0xff, 0xff, 0xfe, 0xff, 0xff, 0xfb, 0xff, 0xff, 0xff, 0xfd, 0xff, 0xff, 0xff, 0xe0,
    0x7f, 0xfe, 0xe2, 0xff, 0xff, 0xff, 0xff, 0xff, 0xff, 0xff, 0xff, 0xff, 0xff, 0xfd, 0xff, 0xff, 0xff, 0xe0,
    0x7f, 0xff, 0xe2, 0xff, 0xff, 0xff, 0xff, 0xef, 0xff, 0xff, 0xff, 0xff, 0xff, 0xfb, 0xff, 0xbf, 0xff, 0xe0,
    0x7f, 0xff, 0xfe, 0xff, 0xff, 0xff, 0xfd, 0xff, 0xff, 0xff, 0xff, 0xff, 0xff, 0xf4, 0xff, 0xff, 0xff, 0xe0,
    0x7f, 0xff, 0xfe, 0xff, 0xff, 0xff, 0xff, 0xff, 0xff, 0xff, 0xff, 0xff, 0xff, 0xf7, 0xff, 0xff, 0xff, 0xe0,
    0x7f, 0xfb, 0x7e, 0xff, 0xff, 0xff, 0xfb, 0xff, 0xff, 0xff, 0xff, 0xff, 0xff, 0xef, 0xff, 0xff, 0xff, 0xe0,
    0x7f, 0xff, 0xfe, 0xff, 0xff, 0xff, 0xff, 0xff, 0xff, 0xff, 0xff, 0xff, 0xff, 0xef, 0xff, 0xff, 0xff, 0xe0,
    0x00, 0x00, 0x00, 0x00, 0x00, 0x00, 0x00, 0x00, 0x00, 0x00, 0x00, 0x00, 0x00, 0x00, 0x00, 0x00, 0x00, 0x00,
};

static const lv_img_dsc_t waterfall10 = {
    .header.cf = LV_IMG_CF_INDEXED_1BIT,
    .header.always_zero = 0,
    .header.reserved = 0,
    .header.w = 140,
    .header.h = 68,
    .data_size = 1232,
    .data = waterfall10_map,
};

static const LV_ATTRIBUTE_MEM_ALIGN LV_ATTRIBUTE_LARGE_CONST uint8_t waterfall11_map[] = {
#if CONFIG_NICE_VIEW_WIDGET_INVERTED
    0xff, 0xff, 0xff, 0xff, /*Color of index 0*/
    0x00, 0x00, 0x00, 0xff, /*Color of index 1*/
#else
    0x00, 0x00, 0x00, 0xff, /*Color of index 0*/
    0xff, 0xff, 0xff, 0xff, /*Color of index 1*/
#endif
    0x00, 0x00, 0x00, 0x00, 0x00, 0x00, 0x00, 0x00, 0x00, 0x00, 0x00, 0x00, 0x00, 0x00, 0x00, 0x00, 0x00, 0x00,
    0x7f, 0xfe, 0x7e, 0xff, 0xff, 0xff, 0xff, 0xff, 0xff, 0xff, 0xff, 0xff, 0xff, 0xf7, 0xff, 0xff, 0xff, 0xe0,
    0x7f, 0xff, 0xfe, 0xff, 0xff, 0xff, 0xff, 0xfd, 0xff, 0xff, 0xff, 0xff, 0xff, 0xef, 0xff, 0xff, 0xff, 0xe0,
    0x7f, 0xff, 0xf6, 0xff, 0xff, 0xff, 0xff, 0xff, 0xff, 0xff, 0xff, 0xff, 0xff, 0xe9, 0xff, 0xff, 0xff, 0xe0,
    0x7f, 0xf6, 0xfe, 0xff, 0xff, 0xff, 0xff, 0xff, 0xef, 0xff, 0xff, 0xff, 0xff, 0xef, 0xff, 0xff, 0xff, 0xe0,
    0x7f, 0xf7, 0xfe, 0xff, 0xff, 0xff, 0xff, 0xfe, 0xff, 0xff, 0xef, 0xff, 0xff, 0xef, 0xff, 0xff, 0xff, 0xe0,
    0x7f, 0xff, 0xdc, 0xff, 0xff, 0xff, 0xff, 0xff, 0xdf, 0xff, 0xf7, 0xff, 0xff, 0xef, 0xff, 0xff, 0xfb, 0xe0,
    0x7f, 0xff, 0xbe, 0xff, 0xff, 0xff, 0xff, 0xff, 0x3f, 0xff, 0xff, 0xff, 0xff, 0xf4, 0xff, 0xff, 0xff, 0xe0,
    0x7f, 0xfd, 0xfe, 0xff, 0xff, 0xff, 0xff, 0xff, 0xff, 0xff, 0xff, 0xbf, 0xff, 0xfb, 0xff, 0xff, 0xff, 0xe0,
    0x7f, 0xfd, 0xfe, 0xff, 0xff, 0xf3, 0xff, 0xff, 0xff, 0xff, 0xfb, 0x7f, 0xff, 0xfb, 0xff, 0xff, 0xff, 0xe0,
    0x7f, 0xef, 0xfe, 0xc3, 0xff, 0xed, 0xff, 0xff, 0xff, 0xff, 0xfc, 0xff, 0xff, 0xfd, 0xff, 0xff, 0xff, 0xe0,
    0x7f, 0xef, 0x7f, 0x14, 0xff, 0xff, 0xff, 0xff, 0xff, 0xff, 0xff, 0xff, 0xff, 0xfd, 0x3f, 0xff, 0xff, 0xe0,
    0x7f, 0xfb, 0xfe, 0xaa, 0x7f, 0xfe, 0xff, 0xff, 0xff, 0xff, 0xff, 0xff, 0xff, 0xfd, 0xff, 0xff, 0xff, 0xe0,
    0x7f, 0xfb, 0xf6, 0x55, 0x3f, 0xdf, 0xff, 0xff, 0xff, 0xff, 0xff, 0xff, 0xff, 0xfd, 0xff, 0xff, 0xff, 0xe0,
    0x7f, 0xff, 0xec, 0xaa, 0xbf, 0xbf, 0xff, 0xff, 0xff, 0xff, 0xff, 0xff, 0xff, 0xfd, 0xff, 0xfb, 0xff, 0xe0,
    0x7f, 0xff, 0xfd, 0x55, 0x3f, 0xff, 0xff, 0xf7, 0xff, 0xff, 0xf1, 0xff, 0xff, 0xfa, 0x7f, 0xff, 0xff, 0xe0,
    0x7f, 0xdb, 0xdc, 0xbf, 0xbf, 0xff, 0xcf, 0x89, 0xff, 0xff, 0xce, 0x7f, 0xff, 0xf7, 0xff, 0xff, 0xff, 0xe0,
    0x7f, 0xdf, 0xdd, 0x60, 0xa3, 0xff, 0x30, 0x7e, 0xff, 0xff, 0xbf, 0x88, 0x3f, 0xe3, 0xff, 0xff, 0xff, 0xe0,
    0x7f, 0xfe, 0xf8, 0x8a, 0x7c, 0xfe, 0xff, 0xff, 0x3e, 0x0f, 0x7f, 0xf7, 0xdf, 0xdf, 0xff, 0xff, 0xff, 0xe0,
    0x7f, 0xfe, 0xf8, 0x95, 0x3f, 0x79, 0xff, 0xff, 0xc1, 0xf0, 0xff, 0xff, 0xe7, 0xbf, 0xff, 0xff, 0xff, 0xe0,
    0x7f, 0xff, 0xf9, 0x2a, 0x90, 0x00, 0x3f, 0xf0, 0x00, 0x00, 0x00, 0x00, 0x00, 0x6f, 0xff, 0xff, 0xff, 0xe0,
    0x7f, 0xff, 0xf9, 0x5d, 0xd0, 0x00, 0x00, 0x00, 0x00, 0x00, 0x00, 0x00, 0x00, 0x6f, 0xff, 0xff, 0xff, 0xe0,
    0x7f, 0xdf, 0xb9, 0x2a, 0x90, 0x00, 0x00, 0x00, 0x7f, 0xf8, 0x00, 0x00, 0x00, 0x6f, 0xff, 0xff, 0xff, 0xe0,
    0x7f, 0xdf, 0xb9, 0x55, 0x50, 0x00, 0x00, 0x00, 0x00, 0x00, 0x00, 0x00, 0x00, 0x6f, 0xff, 0xff, 0xff, 0xe0,
    0x7f, 0xf7, 0xf9, 0x2a, 0x90, 0x00, 0x00, 0x00, 0x00, 0x00, 0x07, 0xf8, 0x00, 0x5f, 0xff, 0xff, 0xff, 0xe0,
    0x7f, 0xf7, 0xf8, 0x9d, 0xa0, 0x00, 0x00, 0x00, 0x00, 0x00, 0x00, 0x00, 0x00, 0x5f, 0xff, 0xff, 0xfe, 0xe0,
    0x7f, 0xff, 0xf8, 0x4f, 0x40, 0x00, 0x00, 0x00, 0x00, 0xfe, 0x00, 0x00, 0x00, 0x1f, 0xff, 0xff, 0xff, 0xe0,
    0x7f, 0xff, 0xf8, 0x28, 0xc0, 0x00, 0x00, 0x00, 0x00, 0x00, 0x00, 0x00, 0x00, 0x1b, 0xff, 0xff, 0xff, 0xe0,
    0x7f, 0xd7, 0xf9, 0x12, 0x20, 0x00, 0x00, 0x00, 0x00, 0x0f, 0xff, 0x00, 0x00, 0x1b, 0xff, 0xfb, 0xff, 0xe0,
    0x7f, 0xd7, 0xf8, 0xed, 0xa0, 0x00, 0x00, 0x00, 0x00, 0x00, 0x00, 0x00, 0x00, 0x1b, 0xff, 0xc0, 0x7f, 0xe0,
    0x7f, 0xfd, 0xf0, 0x2a, 0x90, 0x01, 0xf8, 0x00, 0x00, 0x00, 0x00, 0x00, 0x00, 0x3b, 0xff, 0x80, 0x3f, 0xe0,
    0x7f, 0xfd, 0xe0, 0x1f, 0xd0, 0x00, 0x00, 0x00, 0x00, 0x00, 0x00, 0x00, 0x00, 0x3b, 0xff, 0x00, 0x1f, 0xe0,
    0x7f, 0xf7, 0xe9, 0xfa, 0x90, 0x00, 0xff, 0xfc, 0x00, 0x00, 0x00, 0x00, 0x00, 0x3b, 0xff, 0x01, 0x1f, 0xe0,
    0x7f, 0xf7, 0xc0, 0x1d, 0xa0, 0x00, 0x00, 0x00, 0x00, 0x00, 0x00, 0x00, 0x00, 0x37, 0xff, 0x0f, 0xff, 0xe0,
    0x7f, 0xfd, 0xc8, 0xaa, 0x3f, 0xf0, 0x00, 0x00, 0x00, 0x00, 0x00, 0x00, 0x3f, 0xb7, 0xfe, 0x1f, 0xff, 0xe0,
    0x7f, 0xfd, 0xf0, 0x04, 0xc0, 0x00, 0x00, 0x00, 0x00, 0x00, 0x00, 0x00, 0x00, 0x37, 0xff, 0x1f, 0xff, 0xe0,
    0x7f, 0xf7, 0xe8, 0xa7, 0x00, 0x00, 0x00, 0x07, 0xf0, 0x00, 0x00, 0x00, 0x00, 0x37, 0xff, 0x1f, 0xff, 0xe0,
    0x7f, 0xf7, 0xe0, 0x04, 0x00, 0x00, 0x00, 0x00, 0x00, 0x00, 0x00, 0x00, 0x00, 0x37, 0xff, 0x3f, 0xff, 0xe0,
    0x7f, 0xfd, 0xe8, 0xa4, 0x00, 0x00, 0xff, 0x80, 0x00, 0x00, 0x00, 0x00, 0x00, 0x37, 0xff, 0x9f, 0xff, 0xe0,
    0x7f, 0xff, 0xf0, 0x04, 0x00, 0x00, 0x00, 0x00, 0x00, 0x00, 0x00, 0x00, 0x00, 0x2f, 0xff, 0xdf, 0xff, 0xe0,
    0x7f, 0xd7, 0xf0, 0xa8, 0x00, 0x00, 0x00, 0x00, 0x00, 0x07, 0xfe, 0x00, 0x00, 0x2f, 0xff, 0xff, 0xff, 0xe0,
    0x7f, 0xd7, 0xf9, 0xf8, 0x00, 0x00, 0x00, 0x00, 0x00, 0x00, 0x00, 0x00, 0x00, 0x2f, 0xff, 0xff, 0xff, 0xe0,
    0x7f, 0xff, 0xf8, 0x08, 0x00, 0x01, 0xff, 0x00, 0x00, 0x00, 0x00, 0x00, 0x00, 0x2f, 0xff, 0xff, 0xff, 0xe0,
    0x7f, 0xff, 0xf8, 0x04, 0x00, 0x00, 0x00, 0x00, 0x00, 0x00, 0x00, 0x00, 0x00, 0x6f, 0xff, 0xff, 0xff, 0xe0,
    0x7f, 0xf7, 0xf8, 0xaa, 0x00, 0x00, 0x00, 0x1f, 0xf8, 0x00, 0x00, 0x00, 0x00, 0x6f, 0xff, 0xff, 0xbf, 0xe0,
    0x7f, 0xf7, 0xb8, 0x75, 0x00, 0x00, 0x00, 0x00, 0x00, 0x00, 0x00, 0x00, 0x00, 0x5f, 0xff, 0xff, 0xff, 0xe0,
    0x7f, 0xdf, 0xb1, 0x8d, 0x00, 0x3f, 0xf8, 0x00, 0x00, 0x00, 0x00, 0x00, 0x00, 0x5f, 0xff, 0xff, 0xff, 0xe0,
    0x7f, 0xdf, 0xf0, 0x53, 0x00, 0x00, 0x00, 0x00, 0x00, 0x00, 0x00, 0x00, 0x00, 0x5f, 0xff, 0xff, 0xff, 0xe0,
    0x7f, 0xff, 0xf0, 0xa9, 0x00, 0x00, 0x00, 0x00, 0x0f, 0xfe, 0x00, 0x00, 0x00, 0xdb, 0xff, 0xff, 0xff, 0xe0,
    0x7f, 0xff, 0xf8, 0x44, 0xff, 0xff, 0xff, 0xce, 0x7f, 0xff, 0xfe, 0xf3, 0xff, 0xff, 0xff, 0xff, 0xff, 0xe0,
    0x7f, 0xfe, 0xf8, 0xaa, 0x87, 0xff, 0x00, 0x3f, 0x9f, 0xff, 0xf9, 0xfc, 0x00, 0xff, 0xff, 0xff, 0xff, 0xe0,
    0x7f, 0xfe, 0xd9, 0x55, 0x79, 0xfc, 0xff, 0xff, 0xef, 0xc1, 0xf7, 0xff, 0xff, 0x7f, 0xff, 0xff, 0xff, 0xe0,
    0x7f, 0xdb, 0xda, 0xaa, 0x7e, 0xfb, 0xff, 0xff, 0xf0, 0x3e, 0x0f, 0xff, 0xff, 0x9f, 0xff, 0xff, 0xff, 0xe0,
    0x7f, 0xfb, 0xf8, 0x44, 0xdf, 0x07, 0xff, 0xff, 0xff, 0xff, 0xff, 0xff, 0xff, 0xef, 0xff, 0xff, 0xff, 0xe0,
    0x7f, 0xff, 0xec, 0xaa, 0xff, 0xff, 0xff, 0xff, 0xff, 0xff, 0xff, 0xff, 0xff, 0xf7, 0xff, 0xff, 0xff, 0xe0,
    0x7f, 0xff, 0x75, 0x55, 0xfe, 0xff, 0xff, 0xff, 0xff, 0xff, 0x3f, 0xff, 0xff, 0xfa, 0x7f, 0xff, 0xfd, 0xe0,
    0x7f, 0xfb, 0xfe, 0x23, 0xed, 0xff, 0xff, 0xff, 0xff, 0xfe, 0xdf, 0xff, 0xff, 0xfb, 0xff, 0xff, 0xff, 0xe0,
    0x7f, 0xff, 0xff, 0x8f, 0xf3, 0xff, 0xff, 0xff, 0xff, 0xff, 0xff, 0xff, 0xff, 0xfd, 0xff, 0xff, 0xff, 0xe0,
    0x7f, 0xef, 0xfe, 0xff, 0xff, 0xff, 0xff, 0x3f, 0xff, 0xff, 0xef, 0xff, 0xff, 0xfd, 0xff, 0xff, 0xff, 0xe0,
    0x7f, 0xef, 0xbe, 0xff, 0xff, 0xff, 0xff, 0xdf, 0xff, 0xfd, 0xff, 0xff, 0xff, 0xfd, 0x3f, 0xff, 0xff, 0xe0,
    0x7f, 0xfd, 0xfe, 0xff, 0xff, 0xff, 0xfe, 0xff, 0xff, 0xfb, 0xff, 0xff, 0xff, 0xfd, 0xff, 0xff, 0xff, 0xe0,
    0x7f, 0xfd, 0xfe, 0xff, 0xff, 0xff, 0xff, 0xff, 0xff, 0xff, 0xff, 0xff, 0xff, 0xfd, 0xff, 0xff, 0xff, 0xe0,
    0x7f, 0xff, 0xdc, 0xff, 0xff, 0xff, 0xff, 0xef, 0xff, 0xff, 0xff, 0xff, 0xff, 0xfb, 0xff, 0xbf, 0xff, 0xe0,
    0x7f, 0xff, 0xc8, 0xff, 0xff, 0xff, 0xfd, 0xff, 0xff, 0xff, 0xff, 0xff, 0xff, 0xf4, 0xff, 0xff, 0xff, 0xe0,
    0x7f, 0xf6, 0xfe, 0xff, 0xff, 0xff, 0xff, 0xff, 0xff, 0xff, 0xff, 0xff, 0xff, 0xf7, 0xff, 0xff, 0xff, 0xe0,
    0x7f, 0xf6, 0xfe, 0xff, 0xff, 0xff, 0xfb, 0xff, 0xff, 0xff, 0xff, 0xff, 0xff, 0xef, 0xff, 0xff, 0xff, 0xe0,
    0x7f, 0xff, 0xfe, 0xff, 0xff, 0xff, 0xff, 0xff, 0xff, 0xff, 0xff, 0xff, 0xff, 0xef, 0xff, 0xff, 0xff, 0xe0,
    0x00, 0x00, 0x00, 0x00, 0x00, 0x00, 0x00, 0x00, 0x00, 0x00, 0x00, 0x00, 0x00, 0x00, 0x00, 0x00, 0x00, 0x00,
};

static const lv_img_dsc_t waterfall11 = {
    .header.cf = LV_IMG_CF_INDEXED_1BIT,
    .header.always_zero = 0,
    .header.reserved = 0,
    .header.w = 140,
    .header.h = 68,
    .data_size = 1232,
    .data = waterfall11_map,
};

static const LV_ATTRIBUTE_MEM_ALIGN LV_ATTRIBUTE_LARGE_CONST uint8_t waterfall12_map[] = {
#if CONFIG_NICE_VIEW_WIDGET_INVERTED
    0xff, 0xff, 0xff, 0xff, /*Color of index 0*/
    0x00, 0x00, 0x00, 0xff, /*Color of index 1*/
#else
    0x00, 0x00, 0x00, 0xff, /*Color of index 0*/
    0xff, 0xff, 0xff, 0xff, /*Color of index 1*/
#endif
    0x00, 0x00, 0x00, 0x00, 0x00, 0x00, 0x00, 0x00, 0x00, 0x00, 0x00, 0x00, 0x00, 0x00, 0x00, 0x00, 0x00, 0x00,
    0x7f, 0xfe, 0xfe, 0xff, 0xff, 0xff, 0xff, 0xff, 0xff, 0xff, 0xff, 0xff, 0xff, 0xf7, 0xff, 0xff, 0xff, 0xe0,
    0x7f, 0xff, 0xc0, 0xff, 0xff, 0xff, 0xff, 0xfd, 0xff, 0xff, 0xff, 0xff, 0xff, 0xef, 0xff, 0xff, 0xff, 0xe0,
    0x7f, 0xff, 0xdc, 0xff, 0xff, 0xff, 0xff, 0xff, 0xff, 0xff, 0xff, 0xff, 0xff, 0xe9, 0xff, 0xff, 0xff, 0xe0,
    0x7f, 0xef, 0xfe, 0xff, 0xff, 0xff, 0xff, 0xff, 0xef, 0xff, 0xff, 0xff, 0xff, 0xef, 0xff, 0xff, 0xff, 0xe0,
    0x7f, 0xef, 0xfe, 0xff, 0xff, 0xff, 0xff, 0xfe, 0xff, 0xff, 0xef, 0xff, 0xff, 0xef, 0xff, 0xff, 0xff, 0xe0,
    0x7f, 0xff, 0xbe, 0xff, 0xff, 0xff, 0xff, 0xff, 0xdf, 0xff, 0xf7, 0xff, 0xff, 0xef, 0xff, 0xff, 0xfb, 0xe0,
    0x7f, 0xfb, 0xfe, 0xff, 0xff, 0xff, 0xff, 0xff, 0x3f, 0xff, 0xff, 0xff, 0xff, 0xf4, 0xff, 0xff, 0xff, 0xe0,
    0x7f, 0xff, 0xfe, 0xff, 0xff, 0xff, 0xff, 0xff, 0xff, 0xff, 0xff, 0xbf, 0xff, 0xfb, 0xff, 0xff, 0xff, 0xe0,
    0x7f, 0xff, 0xfe, 0xf7, 0xff, 0xf3, 0xff, 0xff, 0xff, 0xff, 0xfb, 0x7f, 0xff, 0xfb, 0xff, 0xff, 0xff, 0xe0,
    0x7f, 0xdf, 0xfe, 0x88, 0xff, 0xed, 0xff, 0xff, 0xff, 0xff, 0xfc, 0xff, 0xff, 0xfd, 0xff, 0xff, 0xff, 0xe0,
    0x7f, 0xdf, 0xe3, 0x55, 0x7f, 0xff, 0xff, 0xff, 0xff, 0xff, 0xff, 0xff, 0xff, 0xfd, 0x3f, 0xff, 0xff, 0xe0,
    0x7f, 0xff, 0xea, 0xaa, 0xbf, 0xfe, 0xff, 0xff, 0xff, 0xff, 0xff, 0xff, 0xff, 0xfd, 0xff, 0xff, 0xff, 0xe0,
    0x7f, 0xff, 0xde, 0xdd, 0xdf, 0xdf, 0xff, 0xff, 0xff, 0xff, 0xff, 0xff, 0xff, 0xfd, 0xff, 0xff, 0xff, 0xe0,
    0x7f, 0xfe, 0xde, 0xaa, 0x9f, 0xbf, 0xff, 0xff, 0xff, 0xff, 0xff, 0xff, 0xff, 0xfd, 0xff, 0xfb, 0xff, 0xe0,
    0x7f, 0xfe, 0xfd, 0x55, 0x5f, 0xff, 0xff, 0xf7, 0xff, 0xff, 0xf1, 0xff, 0xff, 0xfa, 0x7f, 0xff, 0xff, 0xe0,
    0x7f, 0xdf, 0xfe, 0xaa, 0x9f, 0xff, 0xcf, 0x89, 0xff, 0xff, 0xce, 0x7f, 0xff, 0xf7, 0xff, 0xff, 0xff, 0xe0,
    0x7f, 0xdf, 0xbe, 0xdf, 0xd3, 0xff, 0x30, 0x7e, 0xff, 0xff, 0xbf, 0x88, 0x3f, 0xe3, 0xff, 0xff, 0xff, 0xe0,
    0x7f, 0xf7, 0xb8, 0xb9, 0xbc, 0xfe, 0xff, 0xff, 0x3e, 0x0f, 0x7f, 0xf7, 0xdf, 0xdf, 0xff, 0xff, 0xff, 0xe0,
    0x7f, 0xf7, 0xb9, 0x66, 0x7f, 0x79, 0xff, 0xff, 0xc1, 0xf0, 0xff, 0xff, 0xe7, 0xbf, 0xff, 0xff, 0xff, 0xe0,
    0x7f, 0xff, 0xf8, 0xca, 0xa0, 0x3f, 0xf0, 0x00, 0x00, 0x00, 0x00, 0x00, 0x00, 0xdb, 0xff, 0xff, 0xff, 0xe0,
    0x7f, 0xff, 0xf8, 0x9d, 0xd0, 0x00, 0x00, 0x00, 0x00, 0x00, 0x00, 0x00, 0x00, 0x3b, 0xff, 0xff, 0xff, 0xe0,
    0x7f, 0xbd, 0xf8, 0xaa, 0x90, 0x00, 0x00, 0x7f, 0xf8, 0x00, 0x00, 0x00, 0x00, 0x3b, 0xff, 0xff, 0xff, 0xe0,
    0x7f, 0xbd, 0xf8, 0xb7, 0x50, 0x00, 0x00, 0x00, 0x00, 0x00, 0x00, 0x00, 0x00, 0x3b, 0xff, 0xff, 0xff, 0xe0,
    0x7f, 0xff, 0xf8, 0xaa, 0x90, 0x00, 0x00, 0x00, 0x00, 0x07, 0xf8, 0x00, 0x00, 0x37, 0xff, 0xff, 0xff, 0xe0,
    0x7f, 0xff, 0x78, 0x9d, 0xa0, 0x00, 0x00, 0x00, 0x00, 0x00, 0x00, 0x00, 0x00, 0x37, 0xff, 0xff, 0xfe, 0xe0,
    0x7f, 0xff, 0x78, 0x4a, 0xa0, 0x00, 0x00, 0x00, 0xfe, 0x00, 0x00, 0x00, 0x00, 0x37, 0xff, 0xff, 0xff, 0xe0,
    0x7f, 0xff, 0x79, 0xa7, 0xc0, 0x00, 0x00, 0x00, 0x00, 0x00, 0x00, 0x00, 0x00, 0x37, 0xff, 0xff, 0xff, 0xe0,
    0x7f, 0xbf, 0x78, 0x78, 0x40, 0x00, 0x00, 0x00, 0x0f, 0xff, 0x00, 0x00, 0x00, 0x37, 0xff, 0xfb, 0xff, 0xe0,
    0x7f, 0xbf, 0x70, 0x15, 0xa0, 0x00, 0x00, 0x00, 0x00, 0x00, 0x00, 0x00, 0x00, 0x37, 0xff, 0xc0, 0x7f, 0xe0,
    0x7f, 0xff, 0x70, 0xaa, 0x91, 0xf8, 0x00, 0x00, 0x00, 0x00, 0x00, 0x00, 0x01, 0xaf, 0xff, 0x80, 0x3f, 0xe0,
    0x7f, 0xff, 0xe0, 0x0f, 0xd0, 0x00, 0x00, 0x00, 0x00, 0x00, 0x00, 0x00, 0x00, 0x2f, 0xff, 0x00, 0x1f, 0xe0,
    0x7f, 0xff, 0xe8, 0xca, 0x90, 0xff, 0xfc, 0x00, 0x00, 0x00, 0x00, 0x00, 0x00, 0xaf, 0xff, 0x01, 0x1f, 0xe0,
    0x7f, 0xff, 0xe1, 0x3d, 0xa0, 0x00, 0x00, 0x00, 0x00, 0x00, 0x00, 0x00, 0x00, 0x2f, 0xff, 0x0f, 0xff, 0xe0,
    0x7f, 0xbf, 0xe8, 0x88, 0x70, 0x00, 0x00, 0x00, 0x00, 0x00, 0x00, 0x3f, 0xf0, 0x2f, 0xfe, 0x1f, 0xff, 0xe0,
    0x7f, 0xbf, 0xe8, 0x07, 0x80, 0x00, 0x00, 0x00, 0x00, 0x00, 0x00, 0x00, 0x00, 0x2f, 0xff, 0x1f, 0xff, 0xe0,
    0x7f, 0xff, 0xf0, 0xaa, 0x00, 0x00, 0x07, 0xf0, 0x00, 0x00, 0x00, 0x00, 0x00, 0x1f, 0xff, 0x1f, 0xff, 0xe0,
    0x7f, 0xff, 0xf0, 0x02, 0x00, 0x00, 0x00, 0x00, 0x00, 0x00, 0x00, 0x00, 0x00, 0x1f, 0xff, 0x3f, 0xff, 0xe0,
    0x7f, 0xff, 0x70, 0xaa, 0x00, 0xff, 0x80, 0x00, 0x00, 0x00, 0x00, 0x00, 0x00, 0x9f, 0xff, 0x9f, 0xff, 0xe0,
    0x7f, 0xff, 0x70, 0x02, 0x00, 0x00, 0x00, 0x00, 0x00, 0x00, 0x00, 0x00, 0x00, 0x1b, 0xff, 0xdf, 0xff, 0xe0,
    0x7f, 0xbf, 0x70, 0xaa, 0x00, 0x00, 0x00, 0x00, 0x07, 0xfe, 0x00, 0x00, 0x00, 0x1b, 0xff, 0xff, 0xff, 0xe0,
    0x7f, 0xbf, 0x78, 0x64, 0x00, 0x00, 0x00, 0x00, 0x00, 0x00, 0x00, 0x00, 0x00, 0x1b, 0xff, 0xff, 0xff, 0xe0,
    0x7f, 0xff, 0x79, 0x98, 0x01, 0xff, 0x00, 0x00, 0x00, 0x00, 0x00, 0x00, 0x01, 0x3b, 0xff, 0xff, 0xff, 0xe0,
    0x7f, 0xfd, 0x78, 0x04, 0x00, 0x00, 0x00, 0x00, 0x00, 0x00, 0x00, 0x00, 0x00, 0x3b, 0xff, 0xff, 0xff, 0xe0,
    0x7f, 0xff, 0xf8, 0xfa, 0x00, 0x00, 0x1f, 0xf8, 0x00, 0x00, 0x00, 0x00, 0x00, 0x3b, 0xff, 0xff, 0xbf, 0xe0,
    0x7f, 0xff, 0xf8, 0x87, 0x00, 0x00, 0x00, 0x00, 0x00, 0x00, 0x00, 0x00, 0x00, 0x37, 0xff, 0xff, 0xff, 0xe0,
    0x7f, 0xbd, 0xf9, 0x29, 0x3f, 0xf8, 0x00, 0x00, 0x00, 0x00, 0x00, 0x00, 0x3f, 0x37, 0xff, 0xff, 0xff, 0xe0,
    0x7f, 0xfd, 0xf8, 0x54, 0x80, 0x00, 0x00, 0x00, 0x00, 0x00, 0x00, 0x00, 0x00, 0x37, 0xff, 0xff, 0xff, 0xe0,
    0x7f, 0xf7, 0xf8, 0xaa, 0x40, 0x00, 0x00, 0x0f, 0xfe, 0x00, 0x00, 0x00, 0x00, 0x77, 0xff, 0xff, 0xff, 0xe0,
    0x7f, 0xf7, 0xb8, 0x44, 0x7f, 0xff, 0xff, 0xce, 0x7f, 0xff, 0xfe, 0xf3, 0xff, 0xff, 0xff, 0xff, 0xff, 0xe0,
    0x7f, 0xff, 0xb8, 0xaa, 0x47, 0xff, 0x00, 0x3f, 0x9f, 0xff, 0xf9, 0xfc, 0x00, 0xff, 0xff, 0xff, 0xff, 0xe0,
    0x7f, 0xff, 0xbd, 0x55, 0x79, 0xfc, 0xff, 0xff, 0xef, 0xc1, 0xf7, 0xff, 0xff, 0x7f, 0xff, 0xff, 0xff, 0xe0,
    0x7f, 0xdf, 0xfc, 0xaa, 0x7e, 0xfb, 0xff, 0xff, 0xf0, 0x3e, 0x0f, 0xff, 0xff, 0x9f, 0xff, 0xff, 0xff, 0xe0,
    0x7f, 0xdf, 0xfc, 0x44, 0x5f, 0x07, 0xff, 0xff, 0xff, 0xff, 0xff, 0xff, 0xff, 0xef, 0xff, 0xff, 0xff, 0xe0,
    0x7f, 0xfe, 0xde, 0xaa, 0xff, 0xff, 0xff, 0xff, 0xff, 0xff, 0xff, 0xff, 0xff, 0xf7, 0xff, 0xff, 0xff, 0xe0,
    0x7f, 0xfe, 0xdd, 0x51, 0xfe, 0xff, 0xff, 0xff, 0xff, 0xff, 0x3f, 0xff, 0xff, 0xfa, 0x7f, 0xff, 0xfd, 0xe0,
    0x7f, 0xff, 0xea, 0x87, 0xed, 0xff, 0xff, 0xff, 0xff, 0xfe, 0xdf, 0xff, 0xff, 0xfb, 0xff, 0xff, 0xff, 0xe0,
    0x7f, 0xff, 0xe2, 0xff, 0xf3, 0xff, 0xff, 0xff, 0xff, 0xff, 0xff, 0xff, 0xff, 0xfd, 0xff, 0xff, 0xff, 0xe0,
    0x7f, 0xdf, 0xfe, 0xff, 0xff, 0xff, 0xff, 0x3f, 0xff, 0xff, 0xef, 0xff, 0xff, 0xfd, 0xff, 0xff, 0xff, 0xe0,
    0x7f, 0xff, 0x7e, 0xff, 0xff, 0xff, 0xff, 0xdf, 0xff, 0xfd, 0xff, 0xff, 0xff, 0xfd, 0x3f, 0xff, 0xff, 0xe0,
    0x7f, 0xfb, 0xfe, 0xff, 0xff, 0xff, 0xfe, 0xff, 0xff, 0xfb, 0xff, 0xff, 0xff, 0xfd, 0xff, 0xff, 0xff, 0xe0,
    0x7f, 0xfb, 0xfe, 0xff, 0xff, 0xff, 0xff, 0xff, 0xff, 0xff, 0xff, 0xff, 0xff, 0xfd, 0xff, 0xff, 0xff, 0xe0,
    0x7f, 0xff, 0xbe, 0xff, 0xff, 0xff, 0xff, 0xef, 0xff, 0xff, 0xff, 0xff, 0xff, 0xfb, 0xff, 0xbf, 0xff, 0xe0,
    0x7f, 0xff, 0xbe, 0xff, 0xff, 0xff, 0xfd, 0xff, 0xff, 0xff, 0xff, 0xff, 0xff, 0xf4, 0xff, 0xff, 0xff, 0xe0,
    0x7f, 0xef, 0xfe, 0xff, 0xff, 0xff, 0xff, 0xff, 0xff, 0xff, 0xff, 0xff, 0xff, 0xf7, 0xff, 0xff, 0xff, 0xe0,
    0x7f, 0xef, 0xfe, 0xff, 0xff, 0xff, 0xfb, 0xff, 0xff, 0xff, 0xff, 0xff, 0xff, 0xef, 0xff, 0xff, 0xff, 0xe0,
    0x7f, 0xfd, 0xc0, 0xff, 0xff, 0xff, 0xff, 0xff, 0xff, 0xff, 0xff, 0xff, 0xff, 0xef, 0xff, 0xff, 0xff, 0xe0,
    0x00, 0x00, 0x00, 0x00, 0x00, 0x00, 0x00, 0x00, 0x00, 0x00, 0x00, 0x00, 0x00, 0x00, 0x00, 0x00, 0x00, 0x00,
};

static const lv_img_dsc_t waterfall12 = {
    .header.cf = LV_IMG_CF_INDEXED_1BIT,
    .header.always_zero = 0,
    .header.reserved = 0,
    .header.w = 140,
    .header.h = 68,
    .data_size = 1232,
    .data = waterfall12_map,
};

static const LV_ATTRIBUTE_MEM_ALIGN LV_ATTRIBUTE_LARGE_CONST uint8_t waterfall13_map[] = {
#if CONFIG_NICE_VIEW_WIDGET_INVERTED
    0xff, 0xff, 0xff, 0xff, /*Color of index 0*/
    0x00, 0x00, 0x00, 0xff, /*Color of index 1*/
#else
    0x00, 0x00, 0x00, 0xff, /*Color of index 0*/
    0xff, 0xff, 0xff, 0xff, /*Color of index 1*/
#endif
    0x00, 0x00, 0x00, 0x00, 0x00, 0x00, 0x00, 0x00, 0x00, 0x00, 0x00, 0x00, 0x00, 0x00, 0x00, 0x00, 0x00, 0x00,
    0x7f, 0xfd, 0xfe, 0xff, 0xff, 0xff, 0xff, 0xff, 0xff, 0xff, 0xff, 0xff, 0xff, 0xf7, 0xff, 0xff, 0xff, 0xe0,
    0x7f, 0xff, 0xbe, 0xff, 0xff, 0xff, 0xff, 0xfd, 0xff, 0xff, 0xff, 0xff, 0xff, 0xef, 0xff, 0xff, 0xff, 0xe0,
    0x7f, 0xff, 0xbe, 0xff, 0xff, 0xff, 0xff, 0xff, 0xff, 0xff, 0xff, 0xff, 0xff, 0xe9, 0xff, 0xff, 0xff, 0xe0,
    0x7f, 0xff, 0xfe, 0xff, 0xff, 0xff, 0xff, 0xff, 0xef, 0xff, 0xff, 0xff, 0xff, 0xef, 0xff, 0xff, 0xff, 0xe0,
    0x7f, 0xff, 0xfe, 0xff, 0xff, 0xff, 0xff, 0xfe, 0xff, 0xff, 0xef, 0xff, 0xff, 0xef, 0xff, 0xff, 0xff, 0xe0,
    0x7f, 0xfb, 0x7e, 0xff, 0xff, 0xff, 0xff, 0xff, 0xdf, 0xff, 0xf7, 0xff, 0xff, 0xef, 0xff, 0xff, 0xfb, 0xe0,
    0x7f, 0xfb, 0xfe, 0xff, 0xff, 0xff, 0xff, 0xff, 0x3f, 0xff, 0xff, 0xff, 0xff, 0xf4, 0xff, 0xff, 0xff, 0xe0,
    0x7f, 0xff, 0xf6, 0xff, 0xff, 0xff, 0xff, 0xff, 0xff, 0xff, 0xff, 0xbf, 0xff, 0xfb, 0xff, 0xff, 0xff, 0xe0,
    0x7f, 0xff, 0xe2, 0xff, 0xff, 0xf3, 0xff, 0xff, 0xff, 0xff, 0xfb, 0x7f, 0xff, 0xfb, 0xff, 0xff, 0xff, 0xe0,
    0x7f, 0xfe, 0xc8, 0xc0, 0xff, 0xed, 0xff, 0xff, 0xff, 0xff, 0xfc, 0xff, 0xff, 0xfd, 0xff, 0xff, 0xff, 0xe0,
    0x7f, 0xfe, 0xdc, 0x95, 0x7f, 0xff, 0xff, 0xff, 0xff, 0xff, 0xff, 0xff, 0xff, 0xfd, 0x3f, 0xff, 0xff, 0xe0,
    0x7f, 0xf7, 0xff, 0x2a, 0xbf, 0xfe, 0xff, 0xff, 0xff, 0xff, 0xff, 0xff, 0xff, 0xfd, 0xff, 0xff, 0xff, 0xe0,
    0x7f, 0xf7, 0xff, 0x5d, 0xdf, 0xdf, 0xff, 0xff, 0xff, 0xff, 0xff, 0xff, 0xff, 0xfd, 0xff, 0xff, 0xff, 0xe0,
    0x7f, 0xfd, 0xbf, 0x2a, 0x9f, 0xbf, 0xff, 0xff, 0xff, 0xff, 0xff, 0xff, 0xff, 0xfd, 0xff, 0xfb, 0xff, 0xe0,
    0x7f, 0xfd, 0xbe, 0x55, 0x5f, 0xff, 0xff, 0xf7, 0xff, 0xff, 0xf1, 0xff, 0xff, 0xfa, 0x7f, 0xff, 0xff, 0xe0,
    0x7f, 0xff, 0xff, 0x2a, 0x9f, 0xff, 0xcf, 0x89, 0xff, 0xff, 0xce, 0x7f, 0xff, 0xf7, 0xff, 0xff, 0xff, 0xe0,
    0x7f, 0xff, 0xff, 0x5d, 0xd3, 0xff, 0x30, 0x7e, 0xff, 0xff, 0xbf, 0x88, 0x3f, 0xe3, 0xff, 0xff, 0xff, 0xe0,
    0x7f, 0xfd, 0xf1, 0x2a, 0xbc, 0xfe, 0xff, 0xff, 0x3e, 0x0f, 0x7f, 0xf7, 0xdf, 0xdf, 0xff, 0xff, 0xff, 0xe0,
    0x7f, 0xef, 0x68, 0x9f, 0xff, 0x79, 0xff, 0xff, 0xc1, 0xf0, 0xff, 0xff, 0xe7, 0xbf, 0xff, 0xff, 0xff, 0xe0,
    0x7f, 0xff, 0x78, 0x50, 0x7f, 0xf0, 0x00, 0x00, 0x00, 0x00, 0x00, 0x00, 0x3e, 0x77, 0xff, 0xff, 0xff, 0xe0,
    0x7f, 0xff, 0x78, 0x2d, 0xa0, 0x00, 0x00, 0x00, 0x00, 0x00, 0x00, 0x00, 0x00, 0x6f, 0xff, 0xff, 0xff, 0xe0,
    0x7f, 0xff, 0x78, 0x2a, 0x90, 0x00, 0x7f, 0xf8, 0x00, 0x00, 0x00, 0x00, 0x00, 0x6f, 0xff, 0xff, 0xff, 0xe0,
    0x7f, 0xff, 0xf8, 0x57, 0x50, 0x00, 0x00, 0x00, 0x00, 0x00, 0x00, 0x00, 0x00, 0x6f, 0xff, 0xff, 0xff, 0xe0,
    0x7f, 0xef, 0xd8, 0x4a, 0x90, 0x00, 0x00, 0x00, 0x07, 0xf8, 0x00, 0x00, 0x00, 0x6f, 0xff, 0xff, 0xff, 0xe0,
    0x7f, 0xef, 0xd9, 0x5d, 0xd0, 0x00, 0x00, 0x00, 0x00, 0x00, 0x00, 0x00, 0x00, 0x6f, 0xff, 0xff, 0xfe, 0xe0,
    0x7f, 0xfb, 0xf8, 0xea, 0xa0, 0x00, 0x00, 0xfe, 0x00, 0x00, 0x00, 0x00, 0x00, 0x2f, 0xff, 0xff, 0xff, 0xe0,
    0x7f, 0xfb, 0xf1, 0x67, 0x20, 0x00, 0x00, 0x00, 0x00, 0x00, 0x00, 0x00, 0x00, 0x1f, 0xff, 0xff, 0xff, 0xe0,
    0x7f, 0xff, 0xe8, 0x98, 0xc0, 0x00, 0x00, 0x0f, 0xff, 0x00, 0x00, 0x00, 0x00, 0x1f, 0xff, 0xfb, 0xff, 0xe0,
    0x7f, 0xff, 0xd0, 0x0f, 0x00, 0x00, 0x00, 0x00, 0x00, 0x00, 0x00, 0x00, 0x00, 0x1f, 0xff, 0xc0, 0x7f, 0xe0,
    0x7f, 0xeb, 0xd0, 0xa5, 0xf8, 0x00, 0x00, 0x00, 0x00, 0x00, 0x00, 0x01, 0xf8, 0x1b, 0xff, 0x80, 0x3f, 0xe0,
    0x7f, 0xeb, 0xe0, 0x04, 0x00, 0x00, 0x00, 0x00, 0x00, 0x00, 0x00, 0x00, 0x00, 0x1b, 0xff, 0x00, 0x1f, 0xe0,
    0x7f, 0xff, 0xe8, 0xa4, 0xff, 0xfc, 0x00, 0x00, 0x00, 0x00, 0x00, 0x00, 0xff, 0x9b, 0xff, 0x01, 0x1f, 0xe0,
    0x7f, 0xff, 0xe1, 0xf4, 0x00, 0x00, 0x00, 0x00, 0x00, 0x00, 0x00, 0x00, 0x00, 0x3b, 0xff, 0x0f, 0xff, 0xe0,
    0x7f, 0xfb, 0xf0, 0x0c, 0x00, 0x00, 0x00, 0x00, 0x00, 0x00, 0x3f, 0xf0, 0x00, 0x3b, 0xfe, 0x1f, 0xff, 0xe0,
    0x7f, 0xfb, 0xf0, 0x04, 0x00, 0x00, 0x00, 0x00, 0x00, 0x00, 0x00, 0x00, 0x00, 0x3b, 0xff, 0x1f, 0xff, 0xe0,
    0x7f, 0xef, 0xf8, 0xaa, 0x00, 0x07, 0xf0, 0x00, 0x00, 0x00, 0x00, 0x00, 0x00, 0x37, 0xff, 0x1f, 0xff, 0xe0,
    0x7f, 0xef, 0xf0, 0x42, 0x00, 0x00, 0x00, 0x00, 0x00, 0x00, 0x00, 0x00, 0x00, 0x37, 0xff, 0x3f, 0xff, 0xe0,
    0x7f, 0xfb, 0xf0, 0xa9, 0xff, 0x80, 0x00, 0x00, 0x00, 0x00, 0x00, 0x00, 0xff, 0xb7, 0xff, 0x9f, 0xff, 0xe0,
    0x7f, 0xfb, 0xf0, 0x01, 0x00, 0x00, 0x00, 0x00, 0x00, 0x00, 0x00, 0x00, 0x00, 0x37, 0xff, 0xdf, 0xff, 0xe0,
    0x7f, 0xff, 0xf0, 0xa9, 0x00, 0x00, 0x00, 0x07, 0xfe, 0x00, 0x00, 0x00, 0x00, 0x37, 0xff, 0xff, 0xff, 0xe0,
    0x7f, 0xff, 0xf8, 0x72, 0x00, 0x00, 0x00, 0x00, 0x00, 0x00, 0x00, 0x00, 0x00, 0x37, 0xff, 0xff, 0xff, 0xe0,
    0x7f, 0xeb, 0xf9, 0x8f, 0xff, 0x00, 0x00, 0x00, 0x00, 0x00, 0x00, 0x01, 0xff, 0x2f, 0xff, 0xff, 0xff, 0xe0,
    0x7f, 0xeb, 0xd8, 0x3e, 0x00, 0x00, 0x00, 0x00, 0x00, 0x00, 0x00, 0x00, 0x00, 0x6f, 0xff, 0xff, 0xff, 0xe0,
    0x7f, 0xff, 0xd8, 0xc3, 0x00, 0x1f, 0xf8, 0x00, 0x00, 0x00, 0x00, 0x00, 0x00, 0x6f, 0xff, 0xff, 0xbf, 0xe0,
    0x7f, 0xff, 0xf9, 0x14, 0x80, 0x00, 0x00, 0x00, 0x00, 0x00, 0x00, 0x00, 0x00, 0x6f, 0xff, 0xff, 0xff, 0xe0,
    0x7f, 0xff, 0x78, 0xaa, 0x78, 0x00, 0x00, 0x00, 0x00, 0x00, 0x00, 0x3f, 0xf8, 0x6f, 0xff, 0xff, 0xff, 0xe0,
    0x7f, 0xff, 0x78, 0x55, 0x40, 0x00, 0x00, 0x00, 0x00, 0x00, 0x00, 0x00, 0x00, 0x6f, 0xff, 0xff, 0xff, 0xe0,
    0x7f, 0xef, 0x78, 0xaa, 0xa0, 0x00, 0x0f, 0xfe, 0x00, 0x00, 0x00, 0x00, 0x00, 0xdf, 0xff, 0xff, 0xff, 0xe0,
    0x7f, 0xef, 0x69, 0x55, 0x3f, 0xff, 0xff, 0xce, 0x7f, 0xff, 0xfe, 0xf3, 0xff, 0xff, 0xff, 0xff, 0xff, 0xe0,
    0x7f, 0xfd, 0xf0, 0xaa, 0xa7, 0xff, 0x00, 0x3f, 0x9f, 0xff, 0xf9, 0xfc, 0x00, 0xff, 0xff, 0xff, 0xff, 0xe0,
    0x7f, 0xfd, 0xfd, 0x55, 0x39, 0xfc, 0xff, 0xff, 0xef, 0xc1, 0xf7, 0xff, 0xff, 0x7f, 0xff, 0xff, 0xff, 0xe0,
    0x7f, 0xff, 0xfc, 0xaa, 0x7e, 0xfb, 0xff, 0xff, 0xf0, 0x3e, 0x0f, 0xff, 0xff, 0x9f, 0xff, 0xff, 0xff, 0xe0,
    0x7f, 0xff, 0xbe, 0x55, 0x5f, 0x07, 0xff, 0xff, 0xff, 0xff, 0xff, 0xff, 0xff, 0xef, 0xff, 0xff, 0xff, 0xe0,
    0x7f, 0xf5, 0xbf, 0x2a, 0xff, 0xff, 0xff, 0xff, 0xff, 0xff, 0xff, 0xff, 0xff, 0xf7, 0xff, 0xff, 0xff, 0xe0,
    0x7f, 0xf7, 0xfe, 0x81, 0xfe, 0xff, 0xff, 0xff, 0xff, 0xff, 0x3f, 0xff, 0xff, 0xfa, 0x7f, 0xff, 0xfd, 0xe0,
    0x7f, 0xff, 0xfe, 0xff, 0xed, 0xff, 0xff, 0xff, 0xff, 0xfe, 0xdf, 0xff, 0xff, 0xfb, 0xff, 0xff, 0xff, 0xe0,
    0x7f, 0xff, 0xdc, 0xff, 0xf3, 0xff, 0xff, 0xff, 0xff, 0xff, 0xff, 0xff, 0xff, 0xfd, 0xff, 0xff, 0xff, 0xe0,
    0x7f, 0xfe, 0xc8, 0xff, 0xff, 0xff, 0xff, 0x3f, 0xff, 0xff, 0xef, 0xff, 0xff, 0xfd, 0xff, 0xff, 0xff, 0xe0,
    0x7f, 0xfe, 0xe2, 0xff, 0xff, 0xff, 0xff, 0xdf, 0xff, 0xfd, 0xff, 0xff, 0xff, 0xfd, 0x3f, 0xff, 0xff, 0xe0,
    0x7f, 0xff, 0xf6, 0xff, 0xff, 0xff, 0xfe, 0xff, 0xff, 0xfb, 0xff, 0xff, 0xff, 0xfd, 0xff, 0xff, 0xff, 0xe0,
    0x7f, 0xfb, 0xfe, 0xff, 0xff, 0xff, 0xff, 0xff, 0xff, 0xff, 0xff, 0xff, 0xff, 0xfd, 0xff, 0xff, 0xff, 0xe0,
    0x7f, 0xff, 0x7e, 0xff, 0xff, 0xff, 0xff, 0xef, 0xff, 0xff, 0xff, 0xff, 0xff, 0xfb, 0xff, 0xbf, 0xff, 0xe0,
    0x7f, 0xff, 0x7e, 0xff, 0xff, 0xff, 0xfd, 0xff, 0xff, 0xff, 0xff, 0xff, 0xff, 0xf4, 0xff, 0xff, 0xff, 0xe0,
    0x7f, 0xff, 0xfe, 0xff, 0xff, 0xff, 0xff, 0xff, 0xff, 0xff, 0xff, 0xff, 0xff, 0xf7, 0xff, 0xff, 0xff, 0xe0,
    0x7f, 0xff, 0xfe, 0xff, 0xff, 0xff, 0xfb, 0xff, 0xff, 0xff, 0xff, 0xff, 0xff, 0xef, 0xff, 0xff, 0xff, 0xe0,
    0x7f, 0xfd, 0xbe, 0xff, 0xff, 0xff, 0xff, 0xff, 0xff, 0xff, 0xff, 0xff, 0xff, 0xef, 0xff, 0xff, 0xff, 0xe0,
    0x00, 0x00, 0x00, 0x00, 0x00, 0x00, 0x00, 0x00, 0x00, 0x00, 0x00, 0x00, 0x00, 0x00, 0x00, 0x00, 0x00, 0x00,
};

static const lv_img_dsc_t waterfall13 = {
    .header.cf = LV_IMG_CF_INDEXED_1BIT,
    .header.always_zero = 0,
    .header.reserved = 0,
    .header.w = 140,
    .header.h = 68,
    .data_size = 1232,
    .data = waterfall13_map,
};

static const LV_ATTRIBUTE_MEM_ALIGN LV_ATTRIBUTE_LARGE_CONST uint8_t waterfall14_map[] = {
#if CONFIG_NICE_VIEW_WIDGET_INVERTED
    0xff, 0xff, 0xff, 0xff, /*Color of index 0*/
    0x00, 0x00, 0x00, 0xff, /*Color of index 1*/
#else
    0x00, 0x00, 0x00, 0xff, /*Color of index 0*/
    0xff, 0xff, 0xff, 0xff, /*Color of index 1*/
#endif
    0x00, 0x00, 0x00, 0x00, 0x00, 0x00, 0x00, 0x00, 0x00, 0x00, 0x00, 0x00, 0x00, 0x00, 0x00, 0x00, 0x00, 0x00,
    0x7f, 0xfb, 0xfe, 0xff, 0xff, 0xff, 0xff, 0xff, 0xff, 0xff, 0xff, 0xff, 0xff, 0xf7, 0xff, 0xff, 0xff, 0xe0,
    0x7f, 0xff, 0x7e, 0xff, 0xff, 0xff, 0xff, 0xfd, 0xff, 0xff, 0xff, 0xff, 0xff, 0xef, 0xff, 0xff, 0xff, 0xe0,
    0x7f, 0xff, 0x7e, 0xff, 0xff, 0xff, 0xff, 0xff, 0xff, 0xff, 0xff, 0xff, 0xff, 0xe9, 0xff, 0xff, 0xff, 0xe0,
    0x7f, 0xff, 0xfe, 0xff, 0xff, 0xff, 0xff, 0xff, 0xef, 0xff, 0xff, 0xff, 0xff, 0xef, 0xff, 0xff, 0xff, 0xe0,
    0x7f, 0xff, 0xfe, 0xff, 0xff, 0xff, 0xff, 0xfe, 0xff, 0xff, 0xef, 0xff, 0xff, 0xef, 0xff, 0xff, 0xff, 0xe0,
    0x7f, 0xf6, 0xe2, 0xff, 0xff, 0xff, 0xff, 0xff, 0xdf, 0xff, 0xf7, 0xff, 0xff, 0xef, 0xff, 0xff, 0xfb, 0xe0,
    0x7f, 0xf6, 0xe2, 0xff, 0xff, 0xff, 0xff, 0xff, 0x3f, 0xff, 0xff, 0xff, 0xff, 0xf4, 0xff, 0xff, 0xff, 0xe0,
    0x7f, 0xff, 0xdc, 0xff, 0xff, 0xff, 0xff, 0xff, 0xff, 0xff, 0xff, 0xbf, 0xff, 0xfb, 0xff, 0xff, 0xff, 0xe0,
    0x7f, 0xff, 0xdc, 0xff, 0xff, 0xf3, 0xff, 0xff, 0xff, 0xff, 0xfb, 0x7f, 0xff, 0xfb, 0xff, 0xff, 0xff, 0xe0,
    0x7f, 0xfd, 0xbe, 0xff, 0xff, 0xed, 0xff, 0xff, 0xff, 0xff, 0xfc, 0xff, 0xff, 0xfd, 0xff, 0xff, 0xff, 0xe0,
    0x7f, 0xfd, 0xbe, 0xe0, 0x7f, 0xff, 0xff, 0xff, 0xff, 0xff, 0xff, 0xff, 0xff, 0xfd, 0x3f, 0xff, 0xff, 0xe0,
    0x7f, 0xef, 0xbe, 0xca, 0xbf, 0xfe, 0xff, 0xff, 0xff, 0xff, 0xff, 0xff, 0xff, 0xfd, 0xff, 0xff, 0xff, 0xe0,
    0x7f, 0xef, 0xfe, 0x9d, 0xdf, 0xdf, 0xff, 0xff, 0xff, 0xff, 0xff, 0xff, 0xff, 0xfd, 0xff, 0xff, 0xff, 0xe0,
    0x7f, 0xff, 0xfe, 0xaa, 0x9f, 0xbf, 0xff, 0xff, 0xff, 0xff, 0xff, 0xff, 0xff, 0xfd, 0xff, 0xfb, 0xff, 0xe0,
    0x7f, 0xff, 0x76, 0xb7, 0x5f, 0xff, 0xff, 0xf7, 0xff, 0xff, 0xf1, 0xff, 0xff, 0xfa, 0x7f, 0xff, 0xff, 0xe0,
    0x7f, 0xff, 0x62, 0xaa, 0x9f, 0xff, 0xcf, 0x89, 0xff, 0xff, 0xce, 0x7f, 0xff, 0xf7, 0xff, 0xff, 0xff, 0xe0,
    0x7f, 0xff, 0x6a, 0x9d, 0xd3, 0xff, 0x30, 0x7e, 0xff, 0xff, 0xbf, 0x88, 0x3f, 0xe3, 0xff, 0xff, 0xff, 0xe0,
    0x7f, 0xeb, 0xf8, 0xaa, 0xbc, 0xfe, 0xff, 0xff, 0x3e, 0x0f, 0x7f, 0xf7, 0xdf, 0xdf, 0xff, 0xff, 0xff, 0xe0,
    0x7f, 0xeb, 0xf8, 0xc7, 0x7f, 0x79, 0xff, 0xff, 0xc1, 0xf0, 0xff, 0xff, 0xe7, 0xbf, 0xff, 0xff, 0xff, 0xe0,
    0x7f, 0xff, 0xd8, 0x33, 0xf0, 0x00, 0x00, 0x00, 0x00, 0x00, 0x00, 0x3f, 0xf0, 0xdf, 0xff, 0xff, 0xff, 0xe0,
    0x7f, 0xff, 0xf8, 0x0c, 0xc0, 0x00, 0x00, 0x00, 0x00, 0x00, 0x00, 0x00, 0x00, 0x5b, 0xff, 0xff, 0xff, 0xe0,
    0x7f, 0xfb, 0xf8, 0x12, 0x20, 0x7f, 0xf8, 0x00, 0x00, 0x00, 0x00, 0x00, 0x00, 0x5b, 0xff, 0xff, 0xff, 0xe0,
    0x7f, 0xfa, 0xf8, 0x17, 0xd0, 0x00, 0x00, 0x00, 0x00, 0x00, 0x00, 0x00, 0x00, 0x5b, 0xff, 0xff, 0xff, 0xe0,
    0x7f, 0xfe, 0xf8, 0x2a, 0x90, 0x00, 0x00, 0x07, 0xf8, 0x00, 0x00, 0x00, 0x00, 0x3b, 0xff, 0xff, 0xff, 0xe0,
    0x7f, 0xfe, 0xf9, 0xed, 0xd0, 0x00, 0x00, 0x00, 0x00, 0x00, 0x00, 0x00, 0x00, 0x3b, 0xff, 0xff, 0xfe, 0xe0,
    0x7f, 0xfe, 0xf1, 0xf2, 0x90, 0x00, 0xfe, 0x00, 0x00, 0x00, 0x00, 0x00, 0x00, 0x3b, 0xff, 0xff, 0xff, 0xe0,
    0x7f, 0xfe, 0xf0, 0x17, 0xa0, 0x00, 0x00, 0x00, 0x00, 0x00, 0x00, 0x00, 0x00, 0x37, 0xff, 0xff, 0xff, 0xe0,
    0x7f, 0xfe, 0xa8, 0xa8, 0x40, 0x00, 0x0f, 0xff, 0x00, 0x00, 0x00, 0x00, 0x00, 0x37, 0xff, 0xfb, 0xff, 0xe0,
    0x7f, 0xff, 0xb0, 0x07, 0x80, 0x00, 0x00, 0x00, 0x00, 0x00, 0x00, 0x00, 0x00, 0x37, 0xff, 0xc0, 0x7f, 0xe0,
    0x7f, 0xdf, 0xb0, 0xaa, 0x00, 0x00, 0x00, 0x00, 0x00, 0x00, 0x01, 0xf8, 0x00, 0x37, 0xff, 0x80, 0x3f, 0xe0,
    0x7f, 0xdf, 0xb0, 0x02, 0x00, 0x00, 0x00, 0x00, 0x00, 0x00, 0x00, 0x00, 0x00, 0x37, 0xff, 0x00, 0x1f, 0xe0,
    0x7f, 0xff, 0xb0, 0xab, 0xfc, 0x00, 0x00, 0x00, 0x00, 0x00, 0x00, 0xff, 0xfc, 0x37, 0xff, 0x01, 0x1f, 0xe0,
    0x7f, 0xff, 0xb0, 0x02, 0x00, 0x00, 0x00, 0x00, 0x00, 0x00, 0x00, 0x00, 0x00, 0x2f, 0xff, 0x0f, 0xff, 0xe0,
    0x7f, 0xff, 0xb1, 0xfc, 0x00, 0x00, 0x00, 0x00, 0x00, 0x3f, 0xf0, 0x00, 0x00, 0x2f, 0xfe, 0x1f, 0xff, 0xe0,
    0x7f, 0xff, 0xb8, 0x04, 0x00, 0x00, 0x00, 0x00, 0x00, 0x00, 0x00, 0x00, 0x00, 0x2f, 0xff, 0x1f, 0xff, 0xe0,
    0x7f, 0xdf, 0xb8, 0xaa, 0x07, 0xf0, 0x00, 0x00, 0x00, 0x00, 0x00, 0x00, 0x07, 0xaf, 0xff, 0x1f, 0xff, 0xe0,
    0x7f, 0xdf, 0xb8, 0x45, 0x00, 0x00, 0x00, 0x00, 0x00, 0x00, 0x00, 0x00, 0x00, 0x2f, 0xff, 0x3f, 0xff, 0xe0,
    0x7f, 0xff, 0xb8, 0xa9, 0x80, 0x00, 0x00, 0x00, 0x00, 0x00, 0x00, 0xff, 0x80, 0x2f, 0xff, 0x9f, 0xff, 0xe0,
    0x7f, 0xff, 0xb9, 0x11, 0x00, 0x00, 0x00, 0x00, 0x00, 0x00, 0x00, 0x00, 0x00, 0x1f, 0xff, 0xdf, 0xff, 0xe0,
    0x7f, 0xfe, 0xb0, 0xa9, 0x00, 0x00, 0x07, 0xfe, 0x00, 0x00, 0x00, 0x00, 0x00, 0x1f, 0xff, 0xff, 0xff, 0xe0,
    0x7f, 0xfe, 0xf8, 0x7d, 0x00, 0x00, 0x00, 0x00, 0x00, 0x00, 0x00, 0x00, 0x00, 0x1f, 0xff, 0xff, 0xff, 0xe0,
    0x7f, 0xde, 0xf9, 0xbf, 0x00, 0x00, 0x00, 0x00, 0x00, 0x00, 0x01, 0xff, 0x00, 0x1b, 0xff, 0xff, 0xff, 0xe0,
    0x7f, 0xfe, 0xf8, 0x41, 0x00, 0x00, 0x00, 0x00, 0x00, 0x00, 0x00, 0x00, 0x00, 0x5b, 0xff, 0xff, 0xff, 0xe0,
    0x7f, 0xfe, 0xf8, 0xaa, 0x9f, 0xf8, 0x00, 0x00, 0x00, 0x00, 0x00, 0x00, 0x1f, 0x5b, 0xff, 0xff, 0xbf, 0xe0,
    0x7f, 0xfe, 0xf9, 0x55, 0x40, 0x00, 0x00, 0x00, 0x00, 0x00, 0x00, 0x00, 0x00, 0x3b, 0xff, 0xff, 0xff, 0xe0,
    0x7f, 0xfb, 0xf8, 0xaa, 0xa0, 0x00, 0x00, 0x00, 0x00, 0x00, 0x3f, 0xf8, 0x00, 0x3b, 0xff, 0xff, 0xff, 0xe0,
    0x7f, 0xfb, 0xf8, 0x55, 0x20, 0x00, 0x00, 0x00, 0x00, 0x00, 0x00, 0x00, 0x00, 0x3b, 0xff, 0xff, 0xff, 0xe0,
    0x7f, 0xef, 0xd8, 0xaa, 0x90, 0x0f, 0xfe, 0x00, 0x00, 0x00, 0x00, 0x00, 0x00, 0xb7, 0xff, 0xff, 0xff, 0xe0,
    0x7f, 0xef, 0xf9, 0x55, 0x5f, 0xff, 0xff, 0xce, 0x7f, 0xff, 0xfe, 0xf3, 0xff, 0xff, 0xff, 0xff, 0xff, 0xe0,
    0x7f, 0xfb, 0xf8, 0xaa, 0x97, 0xff, 0x00, 0x3f, 0x9f, 0xff, 0xf9, 0xfc, 0x00, 0xff, 0xff, 0xff, 0xff, 0xe0,
    0x7f, 0xfb, 0x6a, 0x55, 0x39, 0xfc, 0xff, 0xff, 0xef, 0xc1, 0xf7, 0xff, 0xff, 0x7f, 0xff, 0xff, 0xff, 0xe0,
    0x7f, 0xff, 0x62, 0xaa, 0xbe, 0xfb, 0xff, 0xff, 0xf0, 0x3e, 0x0f, 0xff, 0xff, 0x9f, 0xff, 0xff, 0xff, 0xe0,
    0x7f, 0xff, 0x77, 0x55, 0x5f, 0x07, 0xff, 0xff, 0xff, 0xff, 0xff, 0xff, 0xff, 0xef, 0xff, 0xff, 0xff, 0xe0,
    0x7f, 0xef, 0xfe, 0x80, 0xff, 0xff, 0xff, 0xff, 0xff, 0xff, 0xff, 0xff, 0xff, 0xf7, 0xff, 0xff, 0xff, 0xe0,
    0x7f, 0xed, 0xfe, 0xff, 0xfe, 0xff, 0xff, 0xff, 0xff, 0xff, 0x3f, 0xff, 0xff, 0xfa, 0x7f, 0xff, 0xfd, 0xe0,
    0x7f, 0xff, 0xbe, 0xff, 0xed, 0xff, 0xff, 0xff, 0xff, 0xfe, 0xdf, 0xff, 0xff, 0xfb, 0xff, 0xff, 0xff, 0xe0,
    0x7f, 0xff, 0xbe, 0xff, 0xf3, 0xff, 0xff, 0xff, 0xff, 0xff, 0xff, 0xff, 0xff, 0xfd, 0xff, 0xff, 0xff, 0xe0,
    0x7f, 0xfd, 0xbe, 0xff, 0xff, 0xff, 0xff, 0x3f, 0xff, 0xff, 0xef, 0xff, 0xff, 0xfd, 0xff, 0xff, 0xff, 0xe0,
    0x7f, 0xff, 0xdc, 0xff, 0xff, 0xff, 0xff, 0xdf, 0xff, 0xfd, 0xff, 0xff, 0xff, 0xfd, 0x3f, 0xff, 0xff, 0xe0,
    0x7f, 0xf7, 0xdc, 0xff, 0xff, 0xff, 0xfe, 0xff, 0xff, 0xfb, 0xff, 0xff, 0xff, 0xfd, 0xff, 0xff, 0xff, 0xe0,
    0x7f, 0xf7, 0xe2, 0xff, 0xff, 0xff, 0xff, 0xff, 0xff, 0xff, 0xff, 0xff, 0xff, 0xfd, 0xff, 0xff, 0xff, 0xe0,
    0x7f, 0xfe, 0xe2, 0xff, 0xff, 0xff, 0xff, 0xef, 0xff, 0xff, 0xff, 0xff, 0xff, 0xfb, 0xff, 0xbf, 0xff, 0xe0,
    0x7f, 0xfe, 0xfe, 0xff, 0xff, 0xff, 0xfd, 0xff, 0xff, 0xff, 0xff, 0xff, 0xff, 0xf4, 0xff, 0xff, 0xff, 0xe0,
    0x7f, 0xff, 0xfe, 0xff, 0xff, 0xff, 0xff, 0xff, 0xff, 0xff, 0xff, 0xff, 0xff, 0xf7, 0xff, 0xff, 0xff, 0xe0,
    0x7f, 0xff, 0xfe, 0xff, 0xff, 0xff, 0xfb, 0xff, 0xff, 0xff, 0xff, 0xff, 0xff, 0xef, 0xff, 0xff, 0xff, 0xe0,
    0x7f, 0xfb, 0x7e, 0xff, 0xff, 0xff, 0xff, 0xff, 0xff, 0xff, 0xff, 0xff, 0xff, 0xef, 0xff, 0xff, 0xff, 0xe0,
    0x00, 0x00, 0x00, 0x00, 0x00, 0x00, 0x00, 0x00, 0x00, 0x00, 0x00, 0x00, 0x00, 0x00, 0x00, 0x00, 0x00, 0x00,
};

static const lv_img_dsc_t waterfall14 = {
    .header.cf = LV_IMG_CF_INDEXED_1BIT,
    .header.always_zero = 0,
    .header.reserved = 0,
    .header.w = 140,
    .header.h = 68,
    .data_size = 1232,
    .data = waterfall14_map,
};

static const LV_ATTRIBUTE_MEM_ALIGN LV_ATTRIBUTE_LARGE_CONST uint8_t waterfall15_map[] = {
#if CONFIG_NICE_VIEW_WIDGET_INVERTED
    0xff, 0xff, 0xff, 0xff, /*Color of index 0*/
    0x00, 0x00, 0x00, 0xff, /*Color of index 1*/
#else
    0x00, 0x00, 0x00, 0xff, /*Color of index 0*/
    0xff, 0xff, 0xff, 0xff, /*Color of index 1*/
#endif
    0x00, 0x00, 0x00, 0x00, 0x00, 0x00, 0x00, 0x00, 0x00, 0x00, 0x00, 0x00, 0x00, 0x00, 0x00, 0x00, 0x00, 0x00,
    0x7f, 0xf7, 0xfe, 0xff, 0xff, 0xff, 0xff, 0xff, 0xff, 0xff, 0xff, 0xff, 0xff, 0xf7, 0xff, 0xff, 0xff, 0xe0,
    0x7f, 0xfe, 0xfe, 0xff, 0xff, 0xff, 0xff, 0xfd, 0xff, 0xff, 0xff, 0xff, 0xff, 0xef, 0xff, 0xff, 0xff, 0xe0,
    0x7f, 0xfe, 0xfe, 0xff, 0xff, 0xff, 0xff, 0xff, 0xff, 0xff, 0xff, 0xff, 0xff, 0xe9, 0xff, 0xff, 0xff, 0xe0,
    0x7f, 0xff, 0xe2, 0xff, 0xff, 0xff, 0xff, 0xff, 0xef, 0xff, 0xff, 0xff, 0xff, 0xef, 0xff, 0xff, 0xff, 0xe0,
    0x7f, 0xff, 0xc8, 0xff, 0xff, 0xff, 0xff, 0xfe, 0xff, 0xff, 0xef, 0xff, 0xff, 0xef, 0xff, 0xff, 0xff, 0xe0,
    0x7f, 0xfd, 0xfe, 0xff, 0xff, 0xff, 0xff, 0xff, 0xdf, 0xff, 0xf7, 0xff, 0xff, 0xef, 0xff, 0xff, 0xfb, 0xe0,
    0x7f, 0xed, 0xfe, 0xff, 0xff, 0xff, 0xff, 0xff, 0x3f, 0xff, 0xff, 0xff, 0xff, 0xf4, 0xff, 0xff, 0xff, 0xe0,
    0x7f, 0xff, 0xbe, 0xff, 0xff, 0xff, 0xff, 0xff, 0xff, 0xff, 0xff, 0xbf, 0xff, 0xfb, 0xff, 0xff, 0xff, 0xe0,
    0x7f, 0xff, 0xbe, 0xff, 0xff, 0xf3, 0xff, 0xff, 0xff, 0xff, 0xfb, 0x7f, 0xff, 0xfb, 0xff, 0xff, 0xff, 0xe0,
    0x7f, 0xff, 0xfe, 0xff, 0xff, 0xed, 0xff, 0xff, 0xff, 0xff, 0xfc, 0xff, 0xff, 0xfd, 0xff, 0xff, 0xff, 0xe0,
    0x7f, 0xff, 0xfe, 0xff, 0xff, 0xff, 0xff, 0xff, 0xff, 0xff, 0xff, 0xff, 0xff, 0xfd, 0x3f, 0xff, 0xff, 0xe0,
    0x7f, 0xef, 0x7e, 0xf0, 0x7f, 0xfe, 0xff, 0xff, 0xff, 0xff, 0xff, 0xff, 0xff, 0xfd, 0xff, 0xff, 0xff, 0xe0,
    0x7f, 0xef, 0x76, 0xed, 0xbf, 0xdf, 0xff, 0xff, 0xff, 0xff, 0xff, 0xff, 0xff, 0xfd, 0xff, 0xff, 0xff, 0xe0,
    0x7f, 0xfb, 0xea, 0xca, 0x9f, 0xbf, 0xff, 0xff, 0xff, 0xff, 0xff, 0xff, 0xff, 0xfd, 0xff, 0xfb, 0xff, 0xe0,
    0x7f, 0xfb, 0xfe, 0x57, 0x5f, 0xff, 0xff, 0xf7, 0xff, 0xff, 0xf1, 0xff, 0xff, 0xfa, 0x7f, 0xff, 0xff, 0xe0,
    0x7f, 0xff, 0xdc, 0xca, 0x9f, 0xff, 0xcf, 0x89, 0xff, 0xff, 0xce, 0x7f, 0xff, 0xf7, 0xff, 0xff, 0xff, 0xe0,
    0x7f, 0xfe, 0xdc, 0xdd, 0xd3, 0xff, 0x30, 0x7e, 0xff, 0xff, 0xbf, 0x88, 0x3f, 0xe3, 0xff, 0xff, 0xff, 0xe0,
    0x7f, 0xdf, 0xf8, 0xca, 0xbc, 0xfe, 0xff, 0xff, 0x3e, 0x0f, 0x7f, 0xf7, 0xdf, 0xdf, 0xff, 0xff, 0xff, 0xe0,
    0x7f, 0xdf, 0xf8, 0xe7, 0x3f, 0x79, 0xff, 0xff, 0xc1, 0xf0, 0xff, 0xff, 0xe7, 0xbf, 0xff, 0xff, 0xff, 0xe0,
    0x7f, 0xfe, 0xf9, 0xf8, 0xc0, 0x00, 0x00, 0x00, 0x00, 0x00, 0x3f, 0xf0, 0x00, 0xb7, 0xff, 0xff, 0xff, 0xe0,
    0x7f, 0xff, 0xf8, 0xc7, 0x00, 0x00, 0x00, 0x00, 0x00, 0x00, 0x00, 0x00, 0x00, 0x77, 0xff, 0xff, 0xff, 0xe0,
    0x7f, 0xf7, 0xa0, 0x20, 0x7f, 0xf8, 0x00, 0x00, 0x00, 0x00, 0x00, 0x00, 0x7f, 0x77, 0xff, 0xff, 0xff, 0xe0,
    0x7f, 0xf7, 0xa1, 0x90, 0x00, 0x00, 0x00, 0x00, 0x00, 0x00, 0x00, 0x00, 0x00, 0x77, 0xff, 0xff, 0xff, 0xe0,
    0x7f, 0xdf, 0xc8, 0x70, 0x00, 0x00, 0x07, 0xf8, 0x00, 0x00, 0x00, 0x00, 0x00, 0x6f, 0xff, 0xff, 0xff, 0xe0,
    0x7f, 0xdf, 0xc8, 0x10, 0x00, 0x00, 0x00, 0x00, 0x00, 0x00, 0x00, 0x00, 0x00, 0x6f, 0xff, 0xff, 0xfe, 0xe0,
    0x7f, 0xf7, 0xd1, 0xf8, 0x00, 0xfe, 0x00, 0x00, 0x00, 0x00, 0x00, 0x00, 0x00, 0x2f, 0xff, 0xff, 0xff, 0xe0,
    0x7f, 0xf7, 0xe0, 0x08, 0x00, 0x00, 0x00, 0x00, 0x00, 0x00, 0x00, 0x00, 0x00, 0x2f, 0xff, 0xff, 0xff, 0xe0,
    0x7f, 0xff, 0xe8, 0xa4, 0x00, 0x0f, 0xff, 0x00, 0x00, 0x00, 0x00, 0x00, 0x00, 0x2f, 0xff, 0xfb, 0xff, 0xe0,
    0x7f, 0xff, 0xe8, 0x42, 0x00, 0x00, 0x00, 0x00, 0x00, 0x00, 0x00, 0x00, 0x00, 0x2f, 0xff, 0xc0, 0x7f, 0xe0,
    0x7f, 0xd7, 0xf0, 0xaa, 0x00, 0x00, 0x00, 0x00, 0x00, 0x01, 0xf8, 0x00, 0x00, 0x1f, 0xff, 0x80, 0x3f, 0xe0,
    0x7f, 0xd7, 0xf0, 0x02, 0x00, 0x00, 0x00, 0x00, 0x00, 0x00, 0x00, 0x00, 0x00, 0x1f, 0xff, 0x00, 0x1f, 0xe0,
    0x7f, 0xfd, 0xf0, 0xaa, 0x00, 0x00, 0x00, 0x00, 0x00, 0x00, 0xff, 0xfc, 0x00, 0x1f, 0xff, 0x01, 0x1f, 0xe0,
    0x7f, 0xfd, 0xf0, 0x42, 0x00, 0x00, 0x00, 0x00, 0x00, 0x00, 0x00, 0x00, 0x00, 0x1b, 0xff, 0x0f, 0xff, 0xe0,
    0x7f, 0xf7, 0xf8, 0xaa, 0x00, 0x00, 0x00, 0x00, 0x3f, 0xf0, 0x00, 0x00, 0x00, 0x1b, 0xfe, 0x1f, 0xff, 0xe0,
    0x7f, 0xf7, 0xf8, 0xfc, 0x00, 0x00, 0x00, 0x00, 0x00, 0x00, 0x00, 0x00, 0x00, 0x1b, 0xff, 0x1f, 0xff, 0xe0,
    0x7f, 0xdd, 0xf9, 0x03, 0xf0, 0x00, 0x00, 0x00, 0x00, 0x00, 0x00, 0x07, 0xf0, 0x3b, 0xff, 0x1f, 0xff, 0xe0,
    0x7f, 0xdd, 0xf8, 0x45, 0x00, 0x00, 0x00, 0x00, 0x00, 0x00, 0x00, 0x00, 0x00, 0x3b, 0xff, 0x3f, 0xff, 0xe0,
    0x7f, 0xf7, 0xf8, 0xa9, 0x00, 0x00, 0x00, 0x00, 0x00, 0x00, 0xff, 0x80, 0x00, 0x3b, 0xff, 0x9f, 0xff, 0xe0,
    0x7f, 0xf7, 0xf9, 0x10, 0x80, 0x00, 0x00, 0x00, 0x00, 0x00, 0x00, 0x00, 0x00, 0x37, 0xff, 0xdf, 0xff, 0xe0,
    0x7f, 0xff, 0xf8, 0xbe, 0x80, 0x07, 0xfe, 0x00, 0x00, 0x00, 0x00, 0x00, 0x00, 0x37, 0xff, 0xff, 0xff, 0xe0,
    0x7f, 0xff, 0xf8, 0xc3, 0x80, 0x00, 0x00, 0x00, 0x00, 0x00, 0x00, 0x00, 0x00, 0x37, 0xff, 0xff, 0xff, 0xe0,
    0x7f, 0xd7, 0xf9, 0x3f, 0x80, 0x00, 0x00, 0x00, 0x00, 0x01, 0xff, 0x00, 0x00, 0x37, 0xff, 0xff, 0xff, 0xe0,
    0x7f, 0xd7, 0xf8, 0x40, 0xc0, 0x00, 0x00, 0x00, 0x00, 0x00, 0x00, 0x00, 0x00, 0x77, 0xff, 0xff, 0xff, 0xe0,
    0x7f, 0xff, 0xf8, 0xaa, 0x78, 0x00, 0x00, 0x00, 0x00, 0x00, 0x00, 0x1f, 0xf8, 0x77, 0xff, 0xff, 0xbf, 0xe0,
    0x7f, 0xff, 0xb9, 0x5d, 0xa0, 0x00, 0x00, 0x00, 0x00, 0x00, 0x00, 0x00, 0x00, 0x6f, 0xff, 0xff, 0xff, 0xe0,
    0x7f, 0xf7, 0xb9, 0x2a, 0x90, 0x00, 0x00, 0x00, 0x00, 0x3f, 0xf8, 0x00, 0x00, 0x6f, 0xff, 0xff, 0xff, 0xe0,
    0x7f, 0xff, 0xf8, 0x55, 0x50, 0x00, 0x00, 0x00, 0x00, 0x00, 0x00, 0x00, 0x00, 0x6f, 0xff, 0xff, 0xff, 0xe0,
    0x7f, 0xde, 0xf8, 0xaa, 0x9f, 0xfe, 0x00, 0x00, 0x00, 0x00, 0x00, 0x00, 0x0e, 0xef, 0xff, 0xff, 0xff, 0xe0,
    0x7f, 0xde, 0xf8, 0xdd, 0xdf, 0xff, 0xff, 0xce, 0x7f, 0xff, 0xfe, 0xf3, 0xff, 0xff, 0xff, 0xff, 0xff, 0xe0,
    0x7f, 0xff, 0xf8, 0xaa, 0x97, 0xff, 0x00, 0x3f, 0x9f, 0xff, 0xf9, 0xfc, 0x00, 0xff, 0xff, 0xff, 0xff, 0xe0,
    0x7f, 0xff, 0xdd, 0x55, 0x39, 0xfc, 0xff, 0xff, 0xef, 0xc1, 0xf7, 0xff, 0xff, 0x7f, 0xff, 0xff, 0xff, 0xe0,
    0x7f, 0xff, 0xdc, 0xaa, 0xbe, 0xfb, 0xff, 0xff, 0xf0, 0x3e, 0x0f, 0xff, 0xff, 0x9f, 0xff, 0xff, 0xff, 0xe0,
    0x7f, 0xff, 0xfe, 0xcc, 0x5f, 0x07, 0xff, 0xff, 0xff, 0xff, 0xff, 0xff, 0xff, 0xef, 0xff, 0xff, 0xff, 0xe0,
    0x7f, 0xfb, 0xea, 0xf3, 0xff, 0xff, 0xff, 0xff, 0xff, 0xff, 0xff, 0xff, 0xff, 0xf7, 0xff, 0xff, 0xff, 0xe0,
    0x7f, 0xeb, 0xf6, 0xff, 0xfe, 0xff, 0xff, 0xff, 0xff, 0xff, 0x3f, 0xff, 0xff, 0xfa, 0x7f, 0xff, 0xfd, 0xe0,
    0x7f, 0xff, 0x7e, 0xff, 0xed, 0xff, 0xff, 0xff, 0xff, 0xfe, 0xdf, 0xff, 0xff, 0xfb, 0xff, 0xff, 0xff, 0xe0,
    0x7f, 0xff, 0x7e, 0xff, 0xf3, 0xff, 0xff, 0xff, 0xff, 0xff, 0xff, 0xff, 0xff, 0xfd, 0xff, 0xff, 0xff, 0xe0,
    0x7f, 0xff, 0xfe, 0xff, 0xff, 0xff, 0xff, 0x3f, 0xff, 0xff, 0xef, 0xff, 0xff, 0xfd, 0xff, 0xff, 0xff, 0xe0,
    0x7f, 0xfd, 0xfe, 0xff, 0xff, 0xff, 0xff, 0xdf, 0xff, 0xfd, 0xff, 0xff, 0xff, 0xfd, 0x3f, 0xff, 0xff, 0xe0,
    0x7f, 0xef, 0xbe, 0xff, 0xff, 0xff, 0xfe, 0xff, 0xff, 0xfb, 0xff, 0xff, 0xff, 0xfd, 0xff, 0xff, 0xff, 0xe0,
    0x7f, 0xef, 0xbe, 0xff, 0xff, 0xff, 0xff, 0xff, 0xff, 0xff, 0xff, 0xff, 0xff, 0xfd, 0xff, 0xff, 0xff, 0xe0,
    0x7f, 0xfd, 0xfe, 0xff, 0xff, 0xff, 0xff, 0xef, 0xff, 0xff, 0xff, 0xff, 0xff, 0xfb, 0xff, 0xbf, 0xff, 0xe0,
    0x7f, 0xff, 0xfe, 0xff, 0xff, 0xff, 0xfd, 0xff, 0xff, 0xff, 0xff, 0xff, 0xff, 0xf4, 0xff, 0xff, 0xff, 0xe0,
    0x7f, 0xff, 0xe2, 0xff, 0xff, 0xff, 0xff, 0xff, 0xff, 0xff, 0xff, 0xff, 0xff, 0xf7, 0xff, 0xff, 0xff, 0xe0,
    0x7f, 0xff, 0xf6, 0xff, 0xff, 0xff, 0xfb, 0xff, 0xff, 0xff, 0xff, 0xff, 0xff, 0xef, 0xff, 0xff, 0xff, 0xe0,
    0x7f, 0xf6, 0xfe, 0xff, 0xff, 0xff, 0xff, 0xff, 0xff, 0xff, 0xff, 0xff, 0xff, 0xef, 0xff, 0xff, 0xff, 0xe0,
    0x00, 0x00, 0x00, 0x00, 0x00, 0x00, 0x00, 0x00, 0x00, 0x00, 0x00, 0x00, 0x00, 0x00, 0x00, 0x00, 0x00, 0x00,
};

static const lv_img_dsc_t waterfall15 = {
    .header.cf = LV_IMG_CF_INDEXED_1BIT,
    .header.always_zero = 0,
    .header.reserved = 0,
    .header.w = 140,
    .header.h = 68,
    .data_size = 1232,
    .data = waterfall15_map,
};

static const LV_ATTRIBUTE_MEM_ALIGN LV_ATTRIBUTE_LARGE_CONST uint8_t waterfall16_map[] = {
#if CONFIG_NICE_VIEW_WIDGET_INVERTED
    0xff, 0xff, 0xff, 0xff, /*Color of index 0*/
    0x00, 0x00, 0x00, 0xff, /*Color of index 1*/
#else
    0x00, 0x00, 0x00, 0xff, /*Color of index 0*/
    0xff, 0xff, 0xff, 0xff, /*Color of index 1*/
#endif
    0x00, 0x00, 0x00, 0x00, 0x00, 0x00, 0x00, 0x00, 0x00, 0x00, 0x00, 0x00, 0x00, 0x00, 0x00, 0x00, 0x00, 0x00,
    0x7f, 0xf6, 0xe2, 0xff, 0xff, 0xff, 0xff, 0xff, 0xff, 0xff, 0xff, 0xff, 0xff, 0xf7, 0xff, 0xff, 0xff, 0xe0,
    0x7f, 0xff, 0xfe, 0xff, 0xff, 0xff, 0xff, 0xfd, 0xff, 0xff, 0xff, 0xff, 0xff, 0xef, 0xff, 0xff, 0xff, 0xe0,
    0x7f, 0xff, 0xfe, 0xff, 0xff, 0xff, 0xff, 0xff, 0xff, 0xff, 0xff, 0xff, 0xff, 0xe9, 0xff, 0xff, 0xff, 0xe0,
    0x7f, 0xff, 0x9c, 0xff, 0xff, 0xff, 0xff, 0xff, 0xef, 0xff, 0xff, 0xff, 0xff, 0xef, 0xff, 0xff, 0xff, 0xe0,
    0x7f, 0xff, 0xbe, 0xff, 0xff, 0xff, 0xff, 0xfe, 0xff, 0xff, 0xef, 0xff, 0xff, 0xef, 0xff, 0xff, 0xff, 0xe0,
    0x7f, 0xef, 0xfe, 0xff, 0xff, 0xff, 0xff, 0xff, 0xdf, 0xff, 0xf7, 0xff, 0xff, 0xef, 0xff, 0xff, 0xfb, 0xe0,
    0x7f, 0xeb, 0xfe, 0xff, 0xff, 0xff, 0xff, 0xff, 0x3f, 0xff, 0xff, 0xff, 0xff, 0xf4, 0xff, 0xff, 0xff, 0xe0,
    0x7f, 0xff, 0x7e, 0xff, 0xff, 0xff, 0xff, 0xff, 0xff, 0xff, 0xff, 0xbf, 0xff, 0xfb, 0xff, 0xff, 0xff, 0xe0,
    0x7f, 0xff, 0x7e, 0xff, 0xff, 0xf3, 0xff, 0xff, 0xff, 0xff, 0xfb, 0x7f, 0xff, 0xfb, 0xff, 0xff, 0xff, 0xe0,
    0x7f, 0xff, 0xfe, 0xff, 0xff, 0xed, 0xff, 0xff, 0xff, 0xff, 0xfc, 0xff, 0xff, 0xfd, 0xff, 0xff, 0xff, 0xe0,
    0x7f, 0xff, 0xe2, 0xff, 0xff, 0xff, 0xff, 0xff, 0xff, 0xff, 0xff, 0xff, 0xff, 0xfd, 0x3f, 0xff, 0xff, 0xe0,
    0x7f, 0xde, 0xea, 0xff, 0xff, 0xfe, 0xff, 0xff, 0xff, 0xff, 0xff, 0xff, 0xff, 0xfd, 0xff, 0xff, 0xff, 0xe0,
    0x7f, 0xde, 0xdc, 0xf8, 0x7f, 0xdf, 0xff, 0xff, 0xff, 0xff, 0xff, 0xff, 0xff, 0xfd, 0xff, 0xff, 0xff, 0xe0,
    0x7f, 0xff, 0xdc, 0xf2, 0xbf, 0xbf, 0xff, 0xff, 0xff, 0xff, 0xff, 0xff, 0xff, 0xfd, 0xff, 0xfb, 0xff, 0xe0,
    0x7f, 0xff, 0xfe, 0x2f, 0xdf, 0xff, 0xff, 0xf7, 0xff, 0xff, 0xf1, 0xff, 0xff, 0xfa, 0x7f, 0xff, 0xff, 0xe0,
    0x7f, 0xff, 0xfe, 0xea, 0x9f, 0xff, 0xcf, 0x89, 0xff, 0xff, 0xce, 0x7f, 0xff, 0xf7, 0xff, 0xff, 0xff, 0xe0,
    0x7f, 0xff, 0xbe, 0xed, 0xd3, 0xff, 0x30, 0x7e, 0xff, 0xff, 0xbf, 0x88, 0x3f, 0xe3, 0xff, 0xff, 0xff, 0xe0,
    0x7f, 0xd7, 0xb8, 0xea, 0x9c, 0xfe, 0xff, 0xff, 0x3e, 0x0f, 0x7f, 0xf7, 0xdf, 0xdf, 0xff, 0xff, 0xff, 0xe0,
    0x7f, 0xf7, 0xb8, 0xf7, 0xbf, 0x79, 0xff, 0xff, 0xc1, 0xf0, 0xff, 0xff, 0xe7, 0xbf, 0xff, 0xff, 0xff, 0xe0,
    0x7f, 0xfd, 0xf9, 0x88, 0x40, 0x00, 0x00, 0x00, 0x00, 0x3f, 0xf0, 0x00, 0x00, 0xef, 0xff, 0xff, 0xff, 0xe0,
    0x7f, 0xfd, 0xf8, 0x47, 0x80, 0x00, 0x00, 0x00, 0x00, 0x00, 0x00, 0x00, 0x00, 0x5f, 0xff, 0xff, 0xff, 0xe0,
    0x7f, 0xff, 0xf1, 0xff, 0xf8, 0x00, 0x00, 0x00, 0x00, 0x00, 0x00, 0x7f, 0xf8, 0x5f, 0xff, 0xff, 0xff, 0xe0,
    0x7f, 0xff, 0xe0, 0x30, 0x00, 0x00, 0x00, 0x00, 0x00, 0x00, 0x00, 0x00, 0x00, 0x5f, 0xff, 0xff, 0xff, 0xe0,
    0x7f, 0xbd, 0xe8, 0x88, 0x00, 0x07, 0xf8, 0x00, 0x00, 0x00, 0x00, 0x00, 0x00, 0x5b, 0xff, 0xff, 0xff, 0xe0,
    0x7f, 0xbd, 0x70, 0x04, 0x00, 0x00, 0x00, 0x00, 0x00, 0x00, 0x00, 0x00, 0x00, 0x5b, 0xff, 0xff, 0xfe, 0xe0,
    0x7f, 0xff, 0x70, 0xf4, 0xfe, 0x00, 0x00, 0x00, 0x00, 0x00, 0x00, 0x00, 0xfe, 0x1b, 0xff, 0xff, 0xff, 0xe0,
    0x7f, 0xff, 0x71, 0x0c, 0x00, 0x00, 0x00, 0x00, 0x00, 0x00, 0x00, 0x00, 0x00, 0x3b, 0xff, 0xff, 0xff, 0xe0,
    0x7f, 0xff, 0x68, 0xa2, 0x0f, 0xff, 0x00, 0x00, 0x00, 0x00, 0x00, 0x00, 0x0f, 0x3b, 0xff, 0xfb, 0xff, 0xe0,
    0x7f, 0xff, 0x78, 0x42, 0x00, 0x00, 0x00, 0x00, 0x00, 0x00, 0x00, 0x00, 0x00, 0x3b, 0xff, 0xc0, 0x7f, 0xe0,
    0x7f, 0xbf, 0x78, 0xa9, 0x00, 0x00, 0x00, 0x00, 0x01, 0xf8, 0x00, 0x00, 0x00, 0x37, 0xff, 0x80, 0x3f, 0xe0,
    0x7f, 0xbf, 0xf0, 0x01, 0x00, 0x00, 0x00, 0x00, 0x00, 0x00, 0x00, 0x00, 0x00, 0x37, 0xff, 0x00, 0x1f, 0xe0,
    0x7f, 0xff, 0xf0, 0xa9, 0x00, 0x00, 0x00, 0x00, 0x00, 0xff, 0xfc, 0x00, 0x00, 0x37, 0xff, 0x01, 0x1f, 0xe0,
    0x7f, 0xff, 0xf0, 0x45, 0x00, 0x00, 0x00, 0x00, 0x00, 0x00, 0x00, 0x00, 0x00, 0x37, 0xff, 0x0f, 0xff, 0xe0,
    0x7f, 0xff, 0xf8, 0xa9, 0x00, 0x00, 0x00, 0x3f, 0xf0, 0x00, 0x00, 0x00, 0x00, 0x37, 0xfe, 0x1f, 0xff, 0xe0,
    0x7f, 0xff, 0xf8, 0x7a, 0x00, 0x00, 0x00, 0x00, 0x00, 0x00, 0x00, 0x00, 0x00, 0x37, 0xff, 0x1f, 0xff, 0xe0,
    0x7f, 0xbf, 0xf9, 0x86, 0x00, 0x00, 0x00, 0x00, 0x00, 0x00, 0x07, 0xf0, 0x00, 0x2f, 0xff, 0x1f, 0xff, 0xe0,
    0x7f, 0xbf, 0xf8, 0x41, 0x00, 0x00, 0x00, 0x00, 0x00, 0x00, 0x00, 0x00, 0x00, 0x2f, 0xff, 0x3f, 0xff, 0xe0,
    0x7f, 0xff, 0x78, 0xaa, 0x80, 0x00, 0x00, 0x00, 0x00, 0xff, 0x80, 0x00, 0x00, 0x2f, 0xff, 0x9f, 0xff, 0xe0,
    0x7f, 0xff, 0x79, 0x7c, 0x80, 0x00, 0x00, 0x00, 0x00, 0x00, 0x00, 0x00, 0x00, 0x2f, 0xff, 0xdf, 0xff, 0xe0,
    0x7f, 0xff, 0x78, 0xc3, 0x47, 0xfe, 0x00, 0x00, 0x00, 0x00, 0x00, 0x00, 0x07, 0x2f, 0xff, 0xff, 0xff, 0xe0,
    0x7f, 0xff, 0x78, 0x94, 0xc0, 0x00, 0x00, 0x00, 0x00, 0x00, 0x00, 0x00, 0x00, 0x2f, 0xff, 0xff, 0xff, 0xe0,
    0x7f, 0xbf, 0x79, 0x2f, 0x40, 0x00, 0x00, 0x00, 0x01, 0xff, 0x00, 0x00, 0x00, 0x1f, 0xff, 0xff, 0xff, 0xe0,
    0x7f, 0xbf, 0x78, 0x70, 0xa0, 0x00, 0x00, 0x00, 0x00, 0x00, 0x00, 0x00, 0x00, 0x5f, 0xff, 0xff, 0xff, 0xe0,
    0x7f, 0xfd, 0xf8, 0xca, 0x60, 0x00, 0x00, 0x00, 0x00, 0x00, 0x1f, 0xf8, 0x00, 0x5f, 0xff, 0xff, 0xbf, 0xe0,
    0x7f, 0xfd, 0xf9, 0x9d, 0xa0, 0x00, 0x00, 0x00, 0x00, 0x00, 0x00, 0x00, 0x00, 0x5b, 0xff, 0xff, 0xff, 0xe0,
    0x7f, 0xff, 0xf8, 0xaa, 0x90, 0x00, 0x00, 0x00, 0x3f, 0xf8, 0x00, 0x00, 0x00, 0x5b, 0xff, 0xff, 0xff, 0xe0,
    0x7f, 0xff, 0xf9, 0x77, 0x50, 0x00, 0x00, 0x00, 0x00, 0x00, 0x00, 0x00, 0x00, 0x5b, 0xff, 0xff, 0xff, 0xe0,
    0x7f, 0xf5, 0xf9, 0x2a, 0x9e, 0x00, 0x00, 0x00, 0x00, 0x00, 0x00, 0x0f, 0xfe, 0xbb, 0xff, 0xff, 0xff, 0xe0,
    0x7f, 0xf7, 0xb9, 0x5d, 0xdf, 0xff, 0xff, 0xce, 0x7f, 0xff, 0xfe, 0xf3, 0xff, 0xff, 0xff, 0xff, 0xff, 0xe0,
    0x7f, 0xff, 0xb9, 0xaa, 0x97, 0xff, 0x00, 0x3f, 0x9f, 0xff, 0xf9, 0xfc, 0x00, 0xff, 0xff, 0xff, 0xff, 0xe0,
    0x7f, 0xff, 0xbe, 0xb7, 0x39, 0xfc, 0xff, 0xff, 0xef, 0xc1, 0xf7, 0xff, 0xff, 0x7f, 0xff, 0xff, 0xff, 0xe0,
    0x7f, 0xff, 0xfe, 0xca, 0x7e, 0xfb, 0xff, 0xff, 0xf0, 0x3e, 0x0f, 0xff, 0xff, 0x9f, 0xff, 0xff, 0xff, 0xe0,
    0x7f, 0xfe, 0xfe, 0xf0, 0xdf, 0x07, 0xff, 0xff, 0xff, 0xff, 0xff, 0xff, 0xff, 0xef, 0xff, 0xff, 0xff, 0xe0,
    0x7f, 0xdf, 0xdc, 0xff, 0xff, 0xff, 0xff, 0xff, 0xff, 0xff, 0xff, 0xff, 0xff, 0xf7, 0xff, 0xff, 0xff, 0xe0,
    0x7f, 0xdf, 0xdc, 0xff, 0xfe, 0xff, 0xff, 0xff, 0xff, 0xff, 0x3f, 0xff, 0xff, 0xfa, 0x7f, 0xff, 0xfd, 0xe0,
    0x7f, 0xfe, 0xea, 0xff, 0xed, 0xff, 0xff, 0xff, 0xff, 0xfe, 0xdf, 0xff, 0xff, 0xfb, 0xff, 0xff, 0xff, 0xe0,
    0x7f, 0xff, 0xe2, 0xff, 0xf3, 0xff, 0xff, 0xff, 0xff, 0xff, 0xff, 0xff, 0xff, 0xfd, 0xff, 0xff, 0xff, 0xe0,
    0x7f, 0xff, 0xfe, 0xff, 0xff, 0xff, 0xff, 0x3f, 0xff, 0xff, 0xef, 0xff, 0xff, 0xfd, 0xff, 0xff, 0xff, 0xe0,
    0x7f, 0xff, 0xfe, 0xff, 0xff, 0xff, 0xff, 0xdf, 0xff, 0xfd, 0xff, 0xff, 0xff, 0xfd, 0x3f, 0xff, 0xff, 0xe0,
    0x7f, 0xeb, 0x7e, 0xff, 0xff, 0xff, 0xfe, 0xff, 0xff, 0xfb, 0xff, 0xff, 0xff, 0xfd, 0xff, 0xff, 0xff, 0xe0,
    0x7f, 0xeb, 0xfe, 0xff, 0xff, 0xff, 0xff, 0xff, 0xff, 0xff, 0xff, 0xff, 0xff, 0xfd, 0xff, 0xff, 0xff, 0xe0,
    0x7f, 0xff, 0xfe, 0xff, 0xff, 0xff, 0xff, 0xef, 0xff, 0xff, 0xff, 0xff, 0xff, 0xfb, 0xff, 0xbf, 0xff, 0xe0,
    0x7f, 0xff, 0xfe, 0xff, 0xff, 0xff, 0xfd, 0xff, 0xff, 0xff, 0xff, 0xff, 0xff, 0xf4, 0xff, 0xff, 0xff, 0xe0,
    0x7f, 0xff, 0x9c, 0xff, 0xff, 0xff, 0xff, 0xff, 0xff, 0xff, 0xff, 0xff, 0xff, 0xf7, 0xff, 0xff, 0xff, 0xe0,
    0x7f, 0xff, 0xdc, 0xff, 0xff, 0xff, 0xfb, 0xff, 0xff, 0xff, 0xff, 0xff, 0xff, 0xef, 0xff, 0xff, 0xff, 0xe0,
    0x7f, 0xed, 0xfe, 0xff, 0xff, 0xff, 0xff, 0xff, 0xff, 0xff, 0xff, 0xff, 0xff, 0xef, 0xff, 0xff, 0xff, 0xe0,
    0x00, 0x00, 0x00, 0x00, 0x00, 0x00, 0x00, 0x00, 0x00, 0x00, 0x00, 0x00, 0x00, 0x00, 0x00, 0x00, 0x00, 0x00,
};

static const lv_img_dsc_t waterfall16 = {
    .header.cf = LV_IMG_CF_INDEXED_1BIT,
    .header.always_zero = 0,
    .header.reserved = 0,
    .header.w = 140,
    .header.h = 68,
    .data_size = 1232,
    .data = waterfall16_map,
};

static const LV_ATTRIBUTE_MEM_ALIGN LV_ATTRIBUTE_LARGE_CONST uint8_t waterfall17_map[] = {
#if CONFIG_NICE_VIEW_WIDGET_INVERTED
    0xff, 0xff, 0xff, 0xff, /*Color of index 0*/
    0x00, 0x00, 0x00, 0xff, /*Color of index 1*/
#else
    0x00, 0x00, 0x00, 0xff, /*Color of index 0*/
    0xff, 0xff, 0xff, 0xff, /*Color of index 1*/
#endif
    0x00, 0x00, 0x00, 0x00, 0x00, 0x00, 0x00, 0x00, 0x00, 0x00, 0x00, 0x00, 0x00, 0x00, 0x00, 0x00, 0x00, 0x00,
    0x7f, 0xfd, 0xdc, 0xff, 0xff, 0xff, 0xff, 0xff, 0xff, 0xff, 0xff, 0xff, 0xff, 0xf7, 0xff, 0xff, 0xff, 0xe0,
    0x7f, 0xff, 0xfe, 0xff, 0xff, 0xff, 0xff, 0xfd, 0xff, 0xff, 0xff, 0xff, 0xff, 0xef, 0xff, 0xff, 0xff, 0xe0,
    0x7f, 0xff, 0xfe, 0xff, 0xff, 0xff, 0xff, 0xff, 0xff, 0xff, 0xff, 0xff, 0xff, 0xe9, 0xff, 0xff, 0xff, 0xe0,
    0x7f, 0xff, 0x7e, 0xff, 0xff, 0xff, 0xff, 0xff, 0xef, 0xff, 0xff, 0xff, 0xff, 0xef, 0xff, 0xff, 0xff, 0xe0,
    0x7f, 0xff, 0x7e, 0xff, 0xff, 0xff, 0xff, 0xfe, 0xff, 0xff, 0xef, 0xff, 0xff, 0xef, 0xff, 0xff, 0xff, 0xe0,
    0x7f, 0xfb, 0xfe, 0xff, 0xff, 0xff, 0xff, 0xff, 0xdf, 0xff, 0xf7, 0xff, 0xff, 0xef, 0xff, 0xff, 0xfb, 0xe0,
    0x7f, 0xfb, 0xfe, 0xff, 0xff, 0xff, 0xff, 0xff, 0x3f, 0xff, 0xff, 0xff, 0xff, 0xf4, 0xff, 0xff, 0xff, 0xe0,
    0x7f, 0xfe, 0xf6, 0xff, 0xff, 0xff, 0xff, 0xff, 0xff, 0xff, 0xff, 0xbf, 0xff, 0xfb, 0xff, 0xff, 0xff, 0xe0,
    0x7f, 0xfe, 0xe2, 0xff, 0xff, 0xf3, 0xff, 0xff, 0xff, 0xff, 0xfb, 0x7f, 0xff, 0xfb, 0xff, 0xff, 0xff, 0xe0,
    0x7f, 0xff, 0xc8, 0xff, 0xff, 0xed, 0xff, 0xff, 0xff, 0xff, 0xfc, 0xff, 0xff, 0xfd, 0xff, 0xff, 0xff, 0xe0,
    0x7f, 0xff, 0xdc, 0xff, 0xff, 0xff, 0xff, 0xff, 0xff, 0xff, 0xff, 0xff, 0xff, 0xfd, 0x3f, 0xff, 0xff, 0xe0,
    0x7f, 0xf7, 0xfe, 0xff, 0xff, 0xfe, 0xff, 0xff, 0xff, 0xff, 0xff, 0xff, 0xff, 0xfd, 0xff, 0xff, 0xff, 0xe0,
    0x7f, 0xf7, 0xfd, 0xff, 0xff, 0xdf, 0xff, 0xff, 0xff, 0xff, 0xff, 0xff, 0xff, 0xfd, 0xff, 0xff, 0xff, 0xe0,
    0x7f, 0xff, 0xb2, 0x7f, 0xff, 0xbf, 0xff, 0xff, 0xff, 0xff, 0xff, 0xff, 0xff, 0xfd, 0xff, 0xfb, 0xff, 0xe0,
    0x7f, 0xff, 0xa0, 0x2f, 0xff, 0xff, 0xff, 0xf7, 0xff, 0xff, 0xf1, 0xff, 0xff, 0xfa, 0x7f, 0xff, 0xff, 0xe0,
    0x7f, 0xfd, 0xc8, 0x93, 0xff, 0xff, 0xcf, 0x89, 0xff, 0xff, 0xce, 0x7f, 0xff, 0xf7, 0xff, 0xff, 0xff, 0xe0,
    0x7f, 0xfd, 0xc0, 0x1c, 0xe3, 0xff, 0x30, 0x7e, 0xff, 0xff, 0xbf, 0x88, 0x3f, 0xe3, 0xff, 0xff, 0xff, 0xe0,
    0x7f, 0xff, 0xc0, 0x1f, 0x1c, 0xfe, 0xff, 0xff, 0x3e, 0x0f, 0x7f, 0xf7, 0xdf, 0xdf, 0xff, 0xff, 0xff, 0xe0,
    0x7f, 0xef, 0x40, 0x1f, 0xff, 0x79, 0xff, 0xff, 0xc1, 0xf0, 0xff, 0xff, 0xe7, 0xbf, 0xff, 0xff, 0xff, 0xe0,
    0x7f, 0xff, 0x69, 0xe0, 0x00, 0x00, 0x00, 0x00, 0x3f, 0xf0, 0x00, 0x00, 0x00, 0xbb, 0xff, 0xff, 0xff, 0xe0,
    0x7f, 0xff, 0x78, 0xe0, 0x00, 0x00, 0x00, 0x00, 0x00, 0x00, 0x00, 0x00, 0x00, 0x37, 0xff, 0xff, 0xff, 0xe0,
    0x7f, 0xff, 0x71, 0x18, 0x00, 0x00, 0x00, 0x00, 0x00, 0x00, 0x7f, 0xf8, 0x00, 0x37, 0xff, 0xff, 0xff, 0xe0,
    0x7f, 0xff, 0xf0, 0x08, 0x00, 0x00, 0x00, 0x00, 0x00, 0x00, 0x00, 0x00, 0x00, 0x37, 0xff, 0xff, 0xff, 0xe0,
    0x7f, 0xef, 0xe8, 0xa4, 0x07, 0xf8, 0x00, 0x00, 0x00, 0x00, 0x00, 0x00, 0x07, 0x77, 0xff, 0xff, 0xff, 0xe0,
    0x7f, 0xeb, 0xf0, 0x42, 0x00, 0x00, 0x00, 0x00, 0x00, 0x00, 0x00, 0x00, 0x00, 0x77, 0xff, 0xff, 0xfe, 0xe0,
    0x7f, 0xff, 0xf0, 0xaa, 0x00, 0x00, 0x00, 0x00, 0x00, 0x00, 0x00, 0xfe, 0x00, 0x37, 0xff, 0xff, 0xff, 0xe0,
    0x7f, 0xff, 0xf1, 0xfa, 0x00, 0x00, 0x00, 0x00, 0x00, 0x00, 0x00, 0x00, 0x00, 0x2f, 0xff, 0xff, 0xff, 0xe0,
    0x7f, 0xfb, 0xf0, 0x07, 0xff, 0x00, 0x00, 0x00, 0x00, 0x00, 0x00, 0x0f, 0xff, 0x2f, 0xff, 0xfb, 0xff, 0xe0,
    0x7f, 0xfb, 0xf0, 0x41, 0x00, 0x00, 0x00, 0x00, 0x00, 0x00, 0x00, 0x00, 0x00, 0x2f, 0xff, 0xc0, 0x7f, 0xe0,
    0x7f, 0xef, 0xf8, 0xa9, 0x00, 0x00, 0x00, 0x01, 0xf8, 0x00, 0x00, 0x00, 0x00, 0x2f, 0xff, 0x80, 0x3f, 0xe0,
    0x7f, 0xef, 0xf9, 0x10, 0x80, 0x00, 0x00, 0x00, 0x00, 0x00, 0x00, 0x00, 0x00, 0x2f, 0xff, 0x00, 0x1f, 0xe0,
    0x7f, 0xfb, 0xf8, 0xaa, 0x80, 0x00, 0x00, 0x00, 0xff, 0xfc, 0x00, 0x00, 0x00, 0x2f, 0xff, 0x01, 0x1f, 0xe0,
    0x7f, 0xfb, 0xf8, 0x44, 0x80, 0x00, 0x00, 0x00, 0x00, 0x00, 0x00, 0x00, 0x00, 0x1f, 0xff, 0x0f, 0xff, 0xe0,
    0x7f, 0xff, 0xf8, 0xaa, 0x80, 0x00, 0x3f, 0xf0, 0x00, 0x00, 0x00, 0x00, 0x00, 0x1f, 0xfe, 0x1f, 0xff, 0xe0,
    0x7f, 0xff, 0xf9, 0x11, 0x00, 0x00, 0x00, 0x00, 0x00, 0x00, 0x00, 0x00, 0x00, 0x1f, 0xff, 0x1f, 0xff, 0xe0,
    0x7f, 0xeb, 0xf8, 0xef, 0x00, 0x00, 0x00, 0x00, 0x00, 0x07, 0xf0, 0x00, 0x00, 0x1b, 0xff, 0x1f, 0xff, 0xe0,
    0x7f, 0xeb, 0xf9, 0x01, 0x00, 0x00, 0x00, 0x00, 0x00, 0x00, 0x00, 0x00, 0x00, 0x1b, 0xff, 0x3f, 0xff, 0xe0,
    0x7f, 0xff, 0xf8, 0xbe, 0x80, 0x00, 0x00, 0x00, 0xff, 0x80, 0x00, 0x00, 0x00, 0x1b, 0xff, 0x9f, 0xff, 0xe0,
    0x7f, 0xff, 0xf9, 0x61, 0xc0, 0x00, 0x00, 0x00, 0x00, 0x00, 0x00, 0x00, 0x00, 0x3b, 0xff, 0xdf, 0xff, 0xe0,
    0x7f, 0xfb, 0xf8, 0x8a, 0x7e, 0x00, 0x00, 0x00, 0x00, 0x00, 0x00, 0x07, 0xfe, 0x3b, 0xff, 0xff, 0xff, 0xe0,
    0x7f, 0xfb, 0xf9, 0x5d, 0xa0, 0x00, 0x00, 0x00, 0x00, 0x00, 0x00, 0x00, 0x00, 0x3b, 0xff, 0xff, 0xff, 0xe0,
    0x7f, 0xef, 0xf9, 0x2a, 0xa0, 0x00, 0x00, 0x01, 0xff, 0x00, 0x00, 0x00, 0x00, 0x37, 0xff, 0xff, 0xff, 0xe0,
    0x7f, 0xef, 0xd8, 0x5f, 0x50, 0x00, 0x00, 0x00, 0x00, 0x00, 0x00, 0x00, 0x00, 0x37, 0xff, 0xff, 0xff, 0xe0,
    0x7f, 0xff, 0xd8, 0xb0, 0xd0, 0x00, 0x00, 0x00, 0x00, 0x1f, 0xf8, 0x00, 0x00, 0x37, 0xff, 0xff, 0xbf, 0xe0,
    0x7f, 0xff, 0xf8, 0xed, 0x30, 0x00, 0x00, 0x00, 0x00, 0x00, 0x00, 0x00, 0x00, 0x77, 0xff, 0xff, 0xff, 0xe0,
    0x7f, 0xff, 0x78, 0xca, 0xb0, 0x00, 0x00, 0x3f, 0xf8, 0x00, 0x00, 0x00, 0x00, 0x77, 0xff, 0xff, 0xff, 0xe0,
    0x7f, 0xff, 0x78, 0x57, 0x50, 0x00, 0x00, 0x00, 0x00, 0x00, 0x00, 0x00, 0x00, 0x77, 0xff, 0xff, 0xff, 0xe0,
    0x7f, 0xef, 0x79, 0xaa, 0x90, 0x00, 0x00, 0x00, 0x00, 0x00, 0x0f, 0xfe, 0x00, 0x6f, 0xff, 0xff, 0xff, 0xe0,
    0x7f, 0xef, 0x69, 0x5d, 0xdf, 0xff, 0xff, 0xce, 0x7f, 0xff, 0xfe, 0xf3, 0xff, 0xff, 0xff, 0xff, 0xff, 0xe0,
    0x7f, 0xff, 0xf0, 0xca, 0x97, 0xff, 0x00, 0x3f, 0x9f, 0xff, 0xf9, 0xfc, 0x00, 0xff, 0xff, 0xff, 0xff, 0xe0,
    0x7f, 0xff, 0xfe, 0xd7, 0x39, 0xfc, 0xff, 0xff, 0xef, 0xc1, 0xf7, 0xff, 0xff, 0x7f, 0xff, 0xff, 0xff, 0xe0,
    0x7f, 0xfd, 0xfe, 0xe0, 0x7e, 0xfb, 0xff, 0xff, 0xf0, 0x3e, 0x0f, 0xff, 0xff, 0x9f, 0xff, 0xff, 0xff, 0xe0,
    0x7f, 0xfd, 0xbe, 0xff, 0xdf, 0x07, 0xff, 0xff, 0xff, 0xff, 0xff, 0xff, 0xff, 0xef, 0xff, 0xff, 0xff, 0xe0,
    0x7f, 0xf7, 0xbe, 0xff, 0xff, 0xff, 0xff, 0xff, 0xff, 0xff, 0xff, 0xff, 0xff, 0xf7, 0xff, 0xff, 0xff, 0xe0,
    0x7f, 0xf7, 0xfe, 0xff, 0xfe, 0xff, 0xff, 0xff, 0xff, 0xff, 0x3f, 0xff, 0xff, 0xfa, 0x7f, 0xff, 0xfd, 0xe0,
    0x7f, 0xff, 0xfe, 0xff, 0xed, 0xff, 0xff, 0xff, 0xff, 0xfe, 0xdf, 0xff, 0xff, 0xfb, 0xff, 0xff, 0xff, 0xe0,
    0x7f, 0xfe, 0xdc, 0xff, 0xf3, 0xff, 0xff, 0xff, 0xff, 0xff, 0xff, 0xff, 0xff, 0xfd, 0xff, 0xff, 0xff, 0xe0,
    0x7f, 0xff, 0xc8, 0xff, 0xff, 0xff, 0xff, 0x3f, 0xff, 0xff, 0xef, 0xff, 0xff, 0xfd, 0xff, 0xff, 0xff, 0xe0,
    0x7f, 0xff, 0xe2, 0xff, 0xff, 0xff, 0xff, 0xdf, 0xff, 0xfd, 0xff, 0xff, 0xff, 0xfd, 0x3f, 0xff, 0xff, 0xe0,
    0x7f, 0xfe, 0xf6, 0xff, 0xff, 0xff, 0xfe, 0xff, 0xff, 0xfb, 0xff, 0xff, 0xff, 0xfd, 0xff, 0xff, 0xff, 0xe0,
    0x7f, 0xfb, 0xfe, 0xff, 0xff, 0xff, 0xff, 0xff, 0xff, 0xff, 0xff, 0xff, 0xff, 0xfd, 0xff, 0xff, 0xff, 0xe0,
    0x7f, 0xff, 0xfe, 0xff, 0xff, 0xff, 0xff, 0xef, 0xff, 0xff, 0xff, 0xff, 0xff, 0xfb, 0xff, 0xbf, 0xff, 0xe0,
    0x7f, 0xff, 0xfe, 0xff, 0xff, 0xff, 0xfd, 0xff, 0xff, 0xff, 0xff, 0xff, 0xff, 0xf4, 0xff, 0xff, 0xff, 0xe0,
    0x7f, 0xff, 0x7e, 0xff, 0xff, 0xff, 0xff, 0xff, 0xff, 0xff, 0xff, 0xff, 0xff, 0xf7, 0xff, 0xff, 0xff, 0xe0,
    0x7f, 0xff, 0xbe, 0xff, 0xff, 0xff, 0xfb, 0xff, 0xff, 0xff, 0xff, 0xff, 0xff, 0xef, 0xff, 0xff, 0xff, 0xe0,
    0x7f, 0xfd, 0xfe, 0xff, 0xff, 0xff, 0xff, 0xff, 0xff, 0xff, 0xff, 0xff, 0xff, 0xef, 0xff, 0xff, 0xff, 0xe0,
    0x00, 0x00, 0x00, 0x00, 0x00, 0x00, 0x00, 0x00, 0x00, 0x00, 0x00, 0x00, 0x00, 0x00, 0x00, 0x00, 0x00, 0x00,
};

static const lv_img_dsc_t waterfall17 = {
    .header.cf = LV_IMG_CF_INDEXED_1BIT,
    .header.always_zero = 0,
    .header.reserved = 0,
    .header.w = 140,
    .header.h = 68,
    .data_size = 1232,
    .data = waterfall17_map,
};

static const LV_ATTRIBUTE_MEM_ALIGN LV_ATTRIBUTE_LARGE_CONST uint8_t waterfall18_map[] = {
#if CONFIG_NICE_VIEW_WIDGET_INVERTED
    0xff, 0xff, 0xff, 0xff, /*Color of index 0*/
    0x00, 0x00, 0x00, 0xff, /*Color of index 1*/
#else
    0x00, 0x00, 0x00, 0xff, /*Color of index 0*/
    0xff, 0xff, 0xff, 0xff, /*Color of index 1*/
#endif
    0x00, 0x00, 0x00, 0x00, 0x00, 0x00, 0x00, 0x00, 0x00, 0x00, 0x00, 0x00, 0x00, 0x00, 0x00, 0x00, 0x00, 0x00,
    0x7f, 0xfb, 0x3e, 0xff, 0xff, 0xff, 0xff, 0xff, 0xff, 0xff, 0xff, 0xff, 0xff, 0xf7, 0xff, 0xff, 0xff, 0xe0,
    0x7f, 0xff, 0xfe, 0xff, 0xff, 0xff, 0xff, 0xfd, 0xff, 0xff, 0xff, 0xff, 0xff, 0xef, 0xff, 0xff, 0xff, 0xe0,
    0x7f, 0xff, 0xfe, 0xff, 0xff, 0xff, 0xff, 0xff, 0xff, 0xff, 0xff, 0xff, 0xff, 0xe9, 0xff, 0xff, 0xff, 0xe0,
    0x7f, 0xff, 0xfe, 0xff, 0xff, 0xff, 0xff, 0xff, 0xef, 0xff, 0xff, 0xff, 0xff, 0xef, 0xff, 0xff, 0xff, 0xe0,
    0x7f, 0xfe, 0xfe, 0xff, 0xff, 0xff, 0xff, 0xfe, 0xff, 0xff, 0xef, 0xff, 0xff, 0xef, 0xff, 0xff, 0xff, 0xe0,
    0x7f, 0xf7, 0xe2, 0xff, 0xff, 0xff, 0xff, 0xff, 0xdf, 0xff, 0xf7, 0xff, 0xff, 0xef, 0xff, 0xff, 0xfb, 0xe0,
    0x7f, 0xf7, 0xe2, 0xff, 0xff, 0xff, 0xff, 0xff, 0x3f, 0xff, 0xff, 0xff, 0xff, 0xf4, 0xff, 0xff, 0xff, 0xe0,
    0x7f, 0xff, 0xdc, 0xff, 0xff, 0xff, 0xff, 0xff, 0xff, 0xff, 0xff, 0xbf, 0xff, 0xfb, 0xff, 0xff, 0xff, 0xe0,
    0x7f, 0xff, 0xdc, 0xff, 0xff, 0xf3, 0xff, 0xff, 0xff, 0xff, 0xfb, 0x7f, 0xff, 0xfb, 0xff, 0xff, 0xff, 0xe0,
    0x7f, 0xff, 0xbe, 0xff, 0xff, 0xed, 0xff, 0xff, 0xff, 0xff, 0xfc, 0xff, 0xff, 0xfd, 0xff, 0xff, 0xff, 0xe0,
    0x7f, 0xff, 0xbe, 0xff, 0xff, 0xff, 0xff, 0xff, 0xff, 0xff, 0xff, 0xff, 0xff, 0xfd, 0x3f, 0xff, 0xff, 0xe0,
    0x7f, 0xed, 0xbe, 0xff, 0xff, 0xfe, 0xff, 0xff, 0xff, 0xff, 0xff, 0xff, 0xff, 0xfd, 0xff, 0xff, 0xff, 0xe0,
    0x7f, 0xed, 0xff, 0xff, 0xff, 0xdf, 0xff, 0xff, 0xff, 0xff, 0xff, 0xff, 0xff, 0xfd, 0xff, 0xff, 0xff, 0xe0,
    0x7f, 0xff, 0xfc, 0xff, 0xff, 0xbf, 0xff, 0xff, 0xff, 0xff, 0xff, 0xff, 0xff, 0xfd, 0xff, 0xfb, 0xff, 0xe0,
    0x7f, 0xff, 0x70, 0x2f, 0xff, 0xff, 0xff, 0xf7, 0xff, 0xff, 0xf1, 0xff, 0xff, 0xfa, 0x7f, 0xff, 0xff, 0xe0,
    0x7f, 0xff, 0x68, 0x93, 0xff, 0xff, 0xcf, 0x89, 0xff, 0xff, 0xce, 0x7f, 0xff, 0xf7, 0xff, 0xff, 0xff, 0xe0,
    0x7f, 0xfb, 0x60, 0x1c, 0xe3, 0xff, 0x30, 0x7e, 0xff, 0xff, 0xbf, 0x88, 0x3f, 0xe3, 0xff, 0xff, 0xff, 0xe0,
    0x7f, 0xef, 0xc8, 0xaf, 0x1c, 0xfe, 0xff, 0xff, 0x3e, 0x0f, 0x7f, 0xf7, 0xdf, 0xdf, 0xff, 0xff, 0xff, 0xe0,
    0x7f, 0xef, 0xc1, 0x8f, 0xff, 0x79, 0xff, 0xff, 0xc1, 0xf0, 0xff, 0xff, 0xe7, 0xbf, 0xff, 0xff, 0xff, 0xe0,
    0x7f, 0xfb, 0xe8, 0x70, 0x00, 0x00, 0x00, 0x3f, 0xf0, 0x00, 0x00, 0x00, 0x00, 0x6f, 0xff, 0xff, 0xff, 0xe0,
    0x7f, 0xfb, 0xe9, 0xb8, 0x00, 0x00, 0x00, 0x00, 0x00, 0x00, 0x00, 0x00, 0x00, 0x6f, 0xff, 0xff, 0xff, 0xe0,
    0x7f, 0xff, 0xf0, 0x04, 0x00, 0x00, 0x00, 0x00, 0x00, 0x7f, 0xf8, 0x00, 0x00, 0x6f, 0xff, 0xff, 0xff, 0xe0,
    0x7f, 0xfe, 0xf8, 0x02, 0x00, 0x00, 0x00, 0x00, 0x00, 0x00, 0x00, 0x00, 0x00, 0x6f, 0xff, 0xff, 0xff, 0xe0,
    0x7f, 0xfe, 0xe8, 0xab, 0xf8, 0x00, 0x00, 0x00, 0x00, 0x00, 0x00, 0x07, 0xf8, 0x5f, 0xff, 0xff, 0xff, 0xe0,
    0x7f, 0xfe, 0xf0, 0x45, 0x00, 0x00, 0x00, 0x00, 0x00, 0x00, 0x00, 0x00, 0x00, 0x5f, 0xff, 0xff, 0xfe, 0xe0,
    0x7f, 0xfe, 0xf0, 0xa9, 0x00, 0x00, 0x00, 0x00, 0x00, 0x00, 0xfe, 0x00, 0x00, 0x1f, 0xff, 0xff, 0xff, 0xe0,
    0x7f, 0xfe, 0xf0, 0x71, 0x00, 0x00, 0x00, 0x00, 0x00, 0x00, 0x00, 0x00, 0x00, 0x1b, 0xff, 0xff, 0xff, 0xe0,
    0x7f, 0xfe, 0xb9, 0x8d, 0x00, 0x00, 0x00, 0x00, 0x00, 0x00, 0x0f, 0xff, 0x00, 0x1b, 0xff, 0xfb, 0xff, 0xe0,
    0x7f, 0xff, 0xb8, 0x42, 0x00, 0x00, 0x00, 0x00, 0x00, 0x00, 0x00, 0x00, 0x00, 0x1b, 0xff, 0xc0, 0x7f, 0xe0,
    0x7f, 0xdf, 0xb8, 0xa9, 0x00, 0x00, 0x01, 0xf8, 0x00, 0x00, 0x00, 0x00, 0x00, 0x3b, 0xff, 0x80, 0x3f, 0xe0,
    0x7f, 0xdf, 0xb9, 0x54, 0x80, 0x00, 0x00, 0x00, 0x00, 0x00, 0x00, 0x00, 0x00, 0x3b, 0xff, 0x00, 0x1f, 0xe0,
    0x7f, 0xff, 0xb8, 0xaa, 0x80, 0x00, 0x00, 0xff, 0xfc, 0x00, 0x00, 0x00, 0x00, 0x3b, 0xff, 0x01, 0x1f, 0xe0,
    0x7f, 0xff, 0xb8, 0x44, 0x40, 0x00, 0x00, 0x00, 0x00, 0x00, 0x00, 0x00, 0x00, 0x37, 0xff, 0x0f, 0xff, 0xe0,
    0x7f, 0xff, 0xb8, 0xaa, 0x40, 0x3f, 0xf0, 0x00, 0x00, 0x00, 0x00, 0x00, 0x00, 0x37, 0xfe, 0x1f, 0xff, 0xe0,
    0x7f, 0xff, 0xb9, 0x5c, 0x80, 0x00, 0x00, 0x00, 0x00, 0x00, 0x00, 0x00, 0x00, 0x37, 0xff, 0x1f, 0xff, 0xe0,
    0x7f, 0xdf, 0xb8, 0xe7, 0x80, 0x00, 0x00, 0x00, 0x07, 0xf0, 0x00, 0x00, 0x00, 0x37, 0xff, 0x1f, 0xff, 0xe0,
    0x7f, 0xdf, 0xb8, 0x90, 0x80, 0x00, 0x00, 0x00, 0x00, 0x00, 0x00, 0x00, 0x00, 0x37, 0xff, 0x3f, 0xff, 0xe0,
    0x7f, 0xff, 0xb9, 0x3f, 0x40, 0x00, 0x00, 0xff, 0x80, 0x00, 0x00, 0x00, 0x00, 0x37, 0xff, 0x9f, 0xff, 0xe0,
    0x7f, 0xff, 0xb8, 0x60, 0xa0, 0x00, 0x00, 0x00, 0x00, 0x00, 0x00, 0x00, 0x00, 0x2f, 0xff, 0xdf, 0xff, 0xe0,
    0x7f, 0xfe, 0xb8, 0xca, 0x60, 0x00, 0x00, 0x00, 0x00, 0x00, 0x07, 0xfe, 0x00, 0x2f, 0xff, 0xff, 0xff, 0xe0,
    0x7f, 0xfe, 0xf9, 0x9d, 0xa0, 0x00, 0x00, 0x00, 0x00, 0x00, 0x00, 0x00, 0x00, 0x2f, 0xff, 0xff, 0xff, 0xe0,
    0x7f, 0xde, 0xf9, 0x2a, 0x90, 0x00, 0x01, 0xff, 0x00, 0x00, 0x00, 0x00, 0x00, 0x2f, 0xff, 0xff, 0xff, 0xe0,
    0x7f, 0xfe, 0xf9, 0x55, 0x50, 0x00, 0x00, 0x00, 0x00, 0x00, 0x00, 0x00, 0x00, 0x6f, 0xff, 0xff, 0xff, 0xe0,
    0x7f, 0xfe, 0xf9, 0x2f, 0x90, 0x00, 0x00, 0x00, 0x1f, 0xf8, 0x00, 0x00, 0x00, 0x6f, 0xff, 0xff, 0xbf, 0xe0,
    0x7f, 0xfa, 0xf9, 0x58, 0x50, 0x00, 0x00, 0x00, 0x00, 0x00, 0x00, 0x00, 0x00, 0x5f, 0xff, 0xff, 0xff, 0xe0,
    0x7f, 0xff, 0xf9, 0x32, 0xb0, 0x00, 0x3f, 0xf8, 0x00, 0x00, 0x00, 0x00, 0x00, 0x5f, 0xff, 0xff, 0xff, 0xe0,
    0x7f, 0xff, 0xf8, 0xaf, 0xd0, 0x00, 0x00, 0x00, 0x00, 0x00, 0x00, 0x00, 0x00, 0x5f, 0xff, 0xff, 0xff, 0xe0,
    0x7f, 0xeb, 0xd8, 0x6a, 0x90, 0x00, 0x00, 0x00, 0x00, 0x0f, 0xfe, 0x00, 0x00, 0xdb, 0xff, 0xff, 0xff, 0xe0,
    0x7f, 0xeb, 0xf8, 0xad, 0xdf, 0xff, 0xff, 0xce, 0x7f, 0xff, 0xfe, 0xf3, 0xff, 0xff, 0xff, 0xff, 0xff, 0xe0,
    0x7f, 0xff, 0xf8, 0xea, 0x97, 0xff, 0x00, 0x3f, 0x9f, 0xff, 0xf9, 0xfc, 0x00, 0xff, 0xff, 0xff, 0xff, 0xe0,
    0x7f, 0xff, 0x6a, 0xef, 0xb9, 0xfc, 0xff, 0xff, 0xef, 0xc1, 0xf7, 0xff, 0xff, 0x7f, 0xff, 0xff, 0xff, 0xe0,
    0x7f, 0xff, 0x62, 0xf0, 0x7e, 0xfb, 0xff, 0xff, 0xf0, 0x3e, 0x0f, 0xff, 0xff, 0x9f, 0xff, 0xff, 0xff, 0xe0,
    0x7f, 0xff, 0x76, 0xff, 0xdf, 0x07, 0xff, 0xff, 0xff, 0xff, 0xff, 0xff, 0xff, 0xef, 0xff, 0xff, 0xff, 0xe0,
    0x7f, 0xef, 0xfe, 0xff, 0xff, 0xff, 0xff, 0xff, 0xff, 0xff, 0xff, 0xff, 0xff, 0xf7, 0xff, 0xff, 0xff, 0xe0,
    0x7f, 0xef, 0xfe, 0xff, 0xfe, 0xff, 0xff, 0xff, 0xff, 0xff, 0x3f, 0xff, 0xff, 0xfa, 0x7f, 0xff, 0xfd, 0xe0,
    0x7f, 0xfd, 0xbe, 0xff, 0xed, 0xff, 0xff, 0xff, 0xff, 0xfe, 0xdf, 0xff, 0xff, 0xfb, 0xff, 0xff, 0xff, 0xe0,
    0x7f, 0xfd, 0xbe, 0xff, 0xf3, 0xff, 0xff, 0xff, 0xff, 0xff, 0xff, 0xff, 0xff, 0xfd, 0xff, 0xff, 0xff, 0xe0,
    0x7f, 0xff, 0xbe, 0xff, 0xff, 0xff, 0xff, 0x3f, 0xff, 0xff, 0xef, 0xff, 0xff, 0xfd, 0xff, 0xff, 0xff, 0xe0,
    0x7f, 0xff, 0xdc, 0xff, 0xff, 0xff, 0xff, 0xdf, 0xff, 0xfd, 0xff, 0xff, 0xff, 0xfd, 0x3f, 0xff, 0xff, 0xe0,
    0x7f, 0xf7, 0xdc, 0xff, 0xff, 0xff, 0xfe, 0xff, 0xff, 0xfb, 0xff, 0xff, 0xff, 0xfd, 0xff, 0xff, 0xff, 0xe0,
    0x7f, 0xf6, 0xe2, 0xff, 0xff, 0xff, 0xff, 0xff, 0xff, 0xff, 0xff, 0xff, 0xff, 0xfd, 0xff, 0xff, 0xff, 0xe0,
    0x7f, 0xff, 0xe2, 0xff, 0xff, 0xff, 0xff, 0xef, 0xff, 0xff, 0xff, 0xff, 0xff, 0xfb, 0xff, 0xbf, 0xff, 0xe0,
    0x7f, 0xff, 0xfe, 0xff, 0xff, 0xff, 0xfd, 0xff, 0xff, 0xff, 0xff, 0xff, 0xff, 0xf4, 0xff, 0xff, 0xff, 0xe0,
    0x7f, 0xff, 0xfe, 0xff, 0xff, 0xff, 0xff, 0xff, 0xff, 0xff, 0xff, 0xff, 0xff, 0xf7, 0xff, 0xff, 0xff, 0xe0,
    0x7f, 0xff, 0x7e, 0xff, 0xff, 0xff, 0xfb, 0xff, 0xff, 0xff, 0xff, 0xff, 0xff, 0xef, 0xff, 0xff, 0xff, 0xe0,
    0x7f, 0xfb, 0xfe, 0xff, 0xff, 0xff, 0xff, 0xff, 0xff, 0xff, 0xff, 0xff, 0xff, 0xef, 0xff, 0xff, 0xff, 0xe0,
    0x00, 0x00, 0x00, 0x00, 0x00, 0x00, 0x00, 0x00, 0x00, 0x00, 0x00, 0x00, 0x00, 0x00, 0x00, 0x00, 0x00, 0x00,
};

static const lv_img_dsc_t waterfall18 = {
    .header.cf = LV_IMG_CF_INDEXED_1BIT,
    .header.always_zero = 0,
    .header.reserved = 0,
    .header.w = 140,
    .header.h = 68,
    .data_size = 1232,
    .data = waterfall18_map,
};

static const LV_ATTRIBUTE_MEM_ALIGN LV_ATTRIBUTE_LARGE_CONST uint8_t waterfall19_map[] = {
#if CONFIG_NICE_VIEW_WIDGET_INVERTED
    0xff, 0xff, 0xff, 0xff, /*Color of index 0*/
    0x00, 0x00, 0x00, 0xff, /*Color of index 1*/
#else
    0x00, 0x00, 0x00, 0xff, /*Color of index 0*/
    0xff, 0xff, 0xff, 0xff, /*Color of index 1*/
#endif
    0x00, 0x00, 0x00, 0x00, 0x00, 0x00, 0x00, 0x00, 0x00, 0x00, 0x00, 0x00, 0x00, 0x00, 0x00, 0x00, 0x00, 0x00,
    0x7f, 0xf6, 0x7e, 0xff, 0xff, 0xff, 0xff, 0xff, 0xff, 0xff, 0xff, 0xff, 0xff, 0xf7, 0xff, 0xff, 0xff, 0xe0,
    0x7f, 0xff, 0xfe, 0xff, 0xff, 0xff, 0xff, 0xfd, 0xff, 0xff, 0xff, 0xff, 0xff, 0xef, 0xff, 0xff, 0xff, 0xe0,
    0x7f, 0xff, 0xf6, 0xff, 0xff, 0xff, 0xff, 0xff, 0xff, 0xff, 0xff, 0xff, 0xff, 0xe9, 0xff, 0xff, 0xff, 0xe0,
    0x7f, 0xfe, 0xfe, 0xff, 0xff, 0xff, 0xff, 0xff, 0xef, 0xff, 0xff, 0xff, 0xff, 0xef, 0xff, 0xff, 0xff, 0xe0,
    0x7f, 0xff, 0xfe, 0xff, 0xff, 0xff, 0xff, 0xfe, 0xff, 0xff, 0xef, 0xff, 0xff, 0xef, 0xff, 0xff, 0xff, 0xe0,
    0x7f, 0xff, 0xdc, 0xff, 0xff, 0xff, 0xff, 0xff, 0xdf, 0xff, 0xf7, 0xff, 0xff, 0xef, 0xff, 0xff, 0xfb, 0xe0,
    0x7f, 0xef, 0xbe, 0xff, 0xff, 0xff, 0xff, 0xff, 0x3f, 0xff, 0xff, 0xff, 0xff, 0xf4, 0xff, 0xff, 0xff, 0xe0,
    0x7f, 0xfd, 0xfe, 0xff, 0xff, 0xff, 0xff, 0xff, 0xff, 0xff, 0xff, 0xbf, 0xff, 0xfb, 0xff, 0xff, 0xff, 0xe0,
    0x7f, 0xfd, 0xfe, 0xff, 0xff, 0xf3, 0xff, 0xff, 0xff, 0xff, 0xfb, 0x7f, 0xff, 0xfb, 0xff, 0xff, 0xff, 0xe0,
    0x7f, 0xff, 0xfe, 0xff, 0xff, 0xed, 0xff, 0xff, 0xff, 0xff, 0xfc, 0xff, 0xff, 0xfd, 0xff, 0xff, 0xff, 0xe0,
    0x7f, 0xff, 0x7e, 0xff, 0xff, 0xff, 0xff, 0xff, 0xff, 0xff, 0xff, 0xff, 0xff, 0xfd, 0x3f, 0xff, 0xff, 0xe0,
    0x7f, 0xeb, 0xfe, 0xff, 0xff, 0xfe, 0xff, 0xff, 0xff, 0xff, 0xff, 0xff, 0xff, 0xfd, 0xff, 0xff, 0xff, 0xe0,
    0x7f, 0xeb, 0xf6, 0xff, 0xff, 0xdf, 0xff, 0xff, 0xff, 0xff, 0xff, 0xff, 0xff, 0xfd, 0xff, 0xff, 0xff, 0xe0,
    0x7f, 0xff, 0xef, 0xff, 0xff, 0xbf, 0xff, 0xff, 0xff, 0xff, 0xff, 0xff, 0xff, 0xfd, 0xff, 0xfb, 0xff, 0xe0,
    0x7f, 0xff, 0xf8, 0x2f, 0xff, 0xff, 0xff, 0xf7, 0xff, 0xff, 0xf1, 0xff, 0xff, 0xfa, 0x7f, 0xff, 0xff, 0xe0,
    0x7f, 0xfb, 0xd0, 0x93, 0xff, 0xff, 0xcf, 0x89, 0xff, 0xff, 0xce, 0x7f, 0xff, 0xf7, 0xff, 0xff, 0xff, 0xe0,
    0x7f, 0xff, 0xe0, 0x0c, 0xe3, 0xff, 0x30, 0x7e, 0xff, 0xff, 0xbf, 0x88, 0x3f, 0xe3, 0xff, 0xff, 0xff, 0xe0,
    0x7f, 0xde, 0xe8, 0xef, 0x1c, 0xfe, 0xff, 0xff, 0x3e, 0x0f, 0x7f, 0xf7, 0xdf, 0xdf, 0xff, 0xff, 0xff, 0xe0,
    0x7f, 0xde, 0xe1, 0x3f, 0xff, 0x79, 0xff, 0xff, 0xc1, 0xf0, 0xff, 0xff, 0xe7, 0xbf, 0xff, 0xff, 0xff, 0xe0,
    0x7f, 0xff, 0xe8, 0xf8, 0x00, 0x00, 0x3f, 0xf0, 0x00, 0x00, 0x00, 0x00, 0x00, 0xdb, 0xff, 0xff, 0xff, 0xe0,
    0x7f, 0xff, 0xe9, 0x04, 0x00, 0x00, 0x00, 0x00, 0x00, 0x00, 0x00, 0x00, 0x00, 0x3b, 0xff, 0xff, 0xff, 0xe0,
    0x7f, 0xff, 0xb0, 0xaa, 0x00, 0x00, 0x00, 0x00, 0x7f, 0xf8, 0x00, 0x00, 0x00, 0x3b, 0xff, 0xff, 0xff, 0xe0,
    0x7f, 0xff, 0xb1, 0x11, 0x00, 0x00, 0x00, 0x00, 0x00, 0x00, 0x00, 0x00, 0x00, 0x3b, 0xff, 0xff, 0xff, 0xe0,
    0x7f, 0xd7, 0xf8, 0xa9, 0x00, 0x00, 0x00, 0x00, 0x00, 0x00, 0x07, 0xf8, 0x00, 0x37, 0xff, 0xff, 0xff, 0xe0,
    0x7f, 0xd7, 0xf8, 0x44, 0x80, 0x00, 0x00, 0x00, 0x00, 0x00, 0x00, 0x00, 0x00, 0x37, 0xff, 0xff, 0xfe, 0xe0,
    0x7f, 0xff, 0xf8, 0xaa, 0x80, 0x00, 0x00, 0x00, 0x00, 0xfe, 0x00, 0x00, 0x00, 0x37, 0xff, 0xff, 0xff, 0xe0,
    0x7f, 0xff, 0xf9, 0x10, 0x80, 0x00, 0x00, 0x00, 0x00, 0x00, 0x00, 0x00, 0x00, 0x37, 0xff, 0xff, 0xff, 0xe0,
    0x7f, 0xf7, 0xf8, 0xfd, 0x00, 0x00, 0x00, 0x00, 0x00, 0x0f, 0xff, 0x00, 0x00, 0x37, 0xff, 0xfb, 0xff, 0xe0,
    0x7f, 0xf7, 0xf8, 0x83, 0x00, 0x00, 0x00, 0x00, 0x00, 0x00, 0x00, 0x00, 0x00, 0x37, 0xff, 0xc0, 0x7f, 0xe0,
    0x7f, 0xdd, 0xf9, 0x29, 0x00, 0x01, 0xf8, 0x00, 0x00, 0x00, 0x00, 0x00, 0x00, 0x2f, 0xff, 0x80, 0x3f, 0xe0,
    0x7f, 0xdd, 0xf8, 0x54, 0x80, 0x00, 0x00, 0x00, 0x00, 0x00, 0x00, 0x00, 0x00, 0x2f, 0xff, 0x00, 0x1f, 0xe0,
    0x7f, 0xf7, 0xf8, 0xaa, 0x40, 0x00, 0xff, 0xfc, 0x00, 0x00, 0x00, 0x00, 0x00, 0x2f, 0xff, 0x01, 0x1f, 0xe0,
    0x7f, 0xf7, 0xf8, 0x44, 0x40, 0x00, 0x00, 0x00, 0x00, 0x00, 0x00, 0x00, 0x00, 0x2f, 0xff, 0x0f, 0xff, 0xe0,
    0x7f, 0xfd, 0xf8, 0xaa, 0x7f, 0xf0, 0x00, 0x00, 0x00, 0x00, 0x00, 0x00, 0x3f, 0xaf, 0xfe, 0x1f, 0xff, 0xe0,
    0x7f, 0xfd, 0xf9, 0x7f, 0x40, 0x00, 0x00, 0x00, 0x00, 0x00, 0x00, 0x00, 0x00, 0x2f, 0xff, 0x1f, 0xff, 0xe0,
    0x7f, 0xd7, 0xf8, 0xc1, 0xc0, 0x00, 0x00, 0x07, 0xf0, 0x00, 0x00, 0x00, 0x00, 0x1f, 0xff, 0x1f, 0xff, 0xe0,
    0x7f, 0xd7, 0xf8, 0x9c, 0x40, 0x00, 0x00, 0x00, 0x00, 0x00, 0x00, 0x00, 0x00, 0x1f, 0xff, 0x3f, 0xff, 0xe0,
    0x7f, 0xfd, 0xf9, 0x3f, 0xa0, 0x00, 0xff, 0x80, 0x00, 0x00, 0x00, 0x00, 0x00, 0x1f, 0xff, 0x9f, 0xff, 0xe0,
    0x7f, 0xff, 0xf8, 0x60, 0x60, 0x00, 0x00, 0x00, 0x00, 0x00, 0x00, 0x00, 0x00, 0x1b, 0xff, 0xdf, 0xff, 0xe0,
    0x7f, 0xf7, 0xf8, 0xca, 0xb0, 0x00, 0x00, 0x00, 0x00, 0x07, 0xfe, 0x00, 0x00, 0x1b, 0xff, 0xff, 0xff, 0xe0,
    0x7f, 0xf7, 0xf8, 0xdd, 0xb0, 0x00, 0x00, 0x00, 0x00, 0x00, 0x00, 0x00, 0x00, 0x1b, 0xff, 0xff, 0xff, 0xe0,
    0x7f, 0xdf, 0xf8, 0xaa, 0x90, 0x01, 0xff, 0x00, 0x00, 0x00, 0x00, 0x00, 0x00, 0x3b, 0xff, 0xff, 0xff, 0xe0,
    0x7f, 0xdf, 0xf8, 0xb7, 0x50, 0x00, 0x00, 0x00, 0x00, 0x00, 0x00, 0x00, 0x00, 0x3b, 0xff, 0xff, 0xff, 0xe0,
    0x7f, 0xf7, 0xf8, 0xaa, 0x90, 0x00, 0x00, 0x1f, 0xf8, 0x00, 0x00, 0x00, 0x00, 0x3b, 0xff, 0xff, 0xbf, 0xe0,
    0x7f, 0xf7, 0xb8, 0x9d, 0xd0, 0x00, 0x00, 0x00, 0x00, 0x00, 0x00, 0x00, 0x00, 0x37, 0xff, 0xff, 0xff, 0xe0,
    0x7f, 0xff, 0xb9, 0x4e, 0xe0, 0x3f, 0xf8, 0x00, 0x00, 0x00, 0x00, 0x00, 0x00, 0x37, 0xff, 0xff, 0xff, 0xe0,
    0x7f, 0xff, 0xf8, 0xe9, 0x20, 0x00, 0x00, 0x00, 0x00, 0x00, 0x00, 0x00, 0x00, 0x37, 0xff, 0xff, 0xff, 0xe0,
    0x7f, 0xdf, 0xf8, 0x32, 0x90, 0x00, 0x00, 0x00, 0x0f, 0xfe, 0x00, 0x00, 0x00, 0x77, 0xff, 0xff, 0xff, 0xe0,
    0x7f, 0xdf, 0xf8, 0x95, 0xdf, 0xff, 0xff, 0xce, 0x7f, 0xff, 0xfe, 0xf3, 0xff, 0xff, 0xff, 0xff, 0xff, 0xe0,
    0x7f, 0xfe, 0xf8, 0xf2, 0x97, 0xff, 0x00, 0x3f, 0x9f, 0xff, 0xf9, 0xfc, 0x00, 0xff, 0xff, 0xff, 0xff, 0xe0,
    0x7f, 0xfe, 0xdc, 0xf7, 0xd9, 0xfc, 0xff, 0xff, 0xef, 0xc1, 0xf7, 0xff, 0xff, 0x7f, 0xff, 0xff, 0xff, 0xe0,
    0x7f, 0xfb, 0xdc, 0xfa, 0x3e, 0xfb, 0xff, 0xff, 0xf0, 0x3e, 0x0f, 0xff, 0xff, 0x9f, 0xff, 0xff, 0xff, 0xe0,
    0x7f, 0xfb, 0xfe, 0xfc, 0xdf, 0x07, 0xff, 0xff, 0xff, 0xff, 0xff, 0xff, 0xff, 0xef, 0xff, 0xff, 0xff, 0xe0,
    0x7f, 0xff, 0xea, 0xff, 0xff, 0xff, 0xff, 0xff, 0xff, 0xff, 0xff, 0xff, 0xff, 0xf7, 0xff, 0xff, 0xff, 0xe0,
    0x7f, 0xef, 0x76, 0xff, 0xfe, 0xff, 0xff, 0xff, 0xff, 0xff, 0x3f, 0xff, 0xff, 0xfa, 0x7f, 0xff, 0xfd, 0xe0,
    0x7f, 0xfb, 0xfe, 0xff, 0xed, 0xff, 0xff, 0xff, 0xff, 0xfe, 0xdf, 0xff, 0xff, 0xfb, 0xff, 0xff, 0xff, 0xe0,
    0x7f, 0xff, 0xfe, 0xff, 0xf3, 0xff, 0xff, 0xff, 0xff, 0xff, 0xff, 0xff, 0xff, 0xfd, 0xff, 0xff, 0xff, 0xe0,
    0x7f, 0xff, 0xfe, 0xff, 0xff, 0xff, 0xff, 0x3f, 0xff, 0xff, 0xef, 0xff, 0xff, 0xfd, 0xff, 0xff, 0xff, 0xe0,
    0x7f, 0xff, 0xbe, 0xff, 0xff, 0xff, 0xff, 0xdf, 0xff, 0xfd, 0xff, 0xff, 0xff, 0xfd, 0x3f, 0xff, 0xff, 0xe0,
    0x7f, 0xed, 0xfe, 0xff, 0xff, 0xff, 0xfe, 0xff, 0xff, 0xfb, 0xff, 0xff, 0xff, 0xfd, 0xff, 0xff, 0xff, 0xe0,
    0x7f, 0xed, 0xfe, 0xff, 0xff, 0xff, 0xff, 0xff, 0xff, 0xff, 0xff, 0xff, 0xff, 0xfd, 0xff, 0xff, 0xff, 0xe0,
    0x7f, 0xff, 0xdc, 0xff, 0xff, 0xff, 0xff, 0xef, 0xff, 0xff, 0xff, 0xff, 0xff, 0xfb, 0xff, 0xbf, 0xff, 0xe0,
    0x7f, 0xff, 0xc8, 0xff, 0xff, 0xff, 0xfd, 0xff, 0xff, 0xff, 0xff, 0xff, 0xff, 0xf4, 0xff, 0xff, 0xff, 0xe0,
    0x7f, 0xfe, 0xfe, 0xff, 0xff, 0xff, 0xff, 0xff, 0xff, 0xff, 0xff, 0xff, 0xff, 0xf7, 0xff, 0xff, 0xff, 0xe0,
    0x7f, 0xfe, 0xfe, 0xff, 0xff, 0xff, 0xfb, 0xff, 0xff, 0xff, 0xff, 0xff, 0xff, 0xef, 0xff, 0xff, 0xff, 0xe0,
    0x7f, 0xf7, 0xfe, 0xff, 0xff, 0xff, 0xff, 0xff, 0xff, 0xff, 0xff, 0xff, 0xff, 0xef, 0xff, 0xff, 0xff, 0xe0,
    0x00, 0x00, 0x00, 0x00, 0x00, 0x00, 0x00, 0x00, 0x00, 0x00, 0x00, 0x00, 0x00, 0x00, 0x00, 0x00, 0x00, 0x00,
};

static const lv_img_dsc_t waterfall19 = {
    .header.cf = LV_IMG_CF_INDEXED_1BIT,
    .header.always_zero = 0,
    .header.reserved = 0,
    .header.w = 140,
    .header.h = 68,
    .data_size = 1232,
    .data = waterfall19_map,
};

static const LV_ATTRIBUTE_MEM_ALIGN LV_ATTRIBUTE_LARGE_CONST uint8_t waterfall20_map[] = {
#if CONFIG_NICE_VIEW_WIDGET_INVERTED
    0xff, 0xff, 0xff, 0xff, /*Color of index 0*/
    0x00, 0x00, 0x00, 0xff, /*Color of index 1*/
#else
    0x00, 0x00, 0x00, 0xff, /*Color of index 0*/
    0xff, 0xff, 0xff, 0xff, /*Color of index 1*/
#endif
    0x00, 0x00, 0x00, 0x00, 0x00, 0x00, 0x00, 0x00, 0x00, 0x00, 0x00, 0x00, 0x00, 0x00, 0x00, 0x00, 0x00, 0x00,
    0x7f, 0xf7, 0xfe, 0xff, 0xff, 0xff, 0xff, 0xff, 0xff, 0xff, 0xff, 0xff, 0xff, 0xf7, 0xff, 0xff, 0xff, 0xe0,
    0x7f, 0xfd, 0xc0, 0xff, 0xff, 0xff, 0xff, 0xfd, 0xff, 0xff, 0xff, 0xff, 0xff, 0xef, 0xff, 0xff, 0xff, 0xe0,
    0x7f, 0xfd, 0xdc, 0xff, 0xff, 0xff, 0xff, 0xff, 0xff, 0xff, 0xff, 0xff, 0xff, 0xe9, 0xff, 0xff, 0xff, 0xe0,
    0x7f, 0xff, 0xfe, 0xff, 0xff, 0xff, 0xff, 0xff, 0xef, 0xff, 0xff, 0xff, 0xff, 0xef, 0xff, 0xff, 0xff, 0xe0,
    0x7f, 0xff, 0xfe, 0xff, 0xff, 0xff, 0xff, 0xfe, 0xff, 0xff, 0xef, 0xff, 0xff, 0xef, 0xff, 0xff, 0xff, 0xe0,
    0x7f, 0xef, 0xbe, 0xff, 0xff, 0xff, 0xff, 0xff, 0xdf, 0xff, 0xf7, 0xff, 0xff, 0xef, 0xff, 0xff, 0xfb, 0xe0,
    0x7f, 0xef, 0xfe, 0xff, 0xff, 0xff, 0xff, 0xff, 0x3f, 0xff, 0xff, 0xff, 0xff, 0xf4, 0xff, 0xff, 0xff, 0xe0,
    0x7f, 0xfb, 0xfe, 0xff, 0xff, 0xff, 0xff, 0xff, 0xff, 0xff, 0xff, 0xbf, 0xff, 0xfb, 0xff, 0xff, 0xff, 0xe0,
    0x7f, 0xfb, 0xfe, 0xff, 0xff, 0xf3, 0xff, 0xff, 0xff, 0xff, 0xfb, 0x7f, 0xff, 0xfb, 0xff, 0xff, 0xff, 0xe0,
    0x7f, 0xff, 0xfe, 0xff, 0xff, 0xed, 0xff, 0xff, 0xff, 0xff, 0xfc, 0xff, 0xff, 0xfd, 0xff, 0xff, 0xff, 0xe0,
    0x7f, 0xff, 0xe2, 0xff, 0xff, 0xff, 0xff, 0xff, 0xff, 0xff, 0xff, 0xff, 0xff, 0xfd, 0x3f, 0xff, 0xff, 0xe0,
    0x7f, 0xdf, 0xea, 0xff, 0xff, 0xfe, 0xff, 0xff, 0xff, 0xff, 0xff, 0xff, 0xff, 0xfd, 0xff, 0xff, 0xff, 0xe0,
    0x7f, 0xdf, 0xdc, 0xff, 0xff, 0xdf, 0xff, 0xff, 0xff, 0xff, 0xff, 0xff, 0xff, 0xfd, 0xff, 0xff, 0xff, 0xe0,
    0x7f, 0xfe, 0xdd, 0xff, 0xff, 0xbf, 0xff, 0xff, 0xff, 0xff, 0xff, 0xff, 0xff, 0xfd, 0xff, 0xfb, 0xff, 0xe0,
    0x7f, 0xf6, 0xfe, 0x6f, 0xff, 0xff, 0xff, 0xf7, 0xff, 0xff, 0xf1, 0xff, 0xff, 0xfa, 0x7f, 0xff, 0xff, 0xe0,
    0x7f, 0xff, 0xf8, 0x93, 0xff, 0xff, 0xcf, 0x89, 0xff, 0xff, 0xce, 0x7f, 0xff, 0xf7, 0xff, 0xff, 0xff, 0xe0,
    0x7f, 0xff, 0xb0, 0xec, 0xe3, 0xff, 0x30, 0x7e, 0xff, 0xff, 0xbf, 0x88, 0x3f, 0xe3, 0xff, 0xff, 0xff, 0xe0,
    0x7f, 0xdf, 0xb1, 0x1f, 0x1c, 0xfe, 0xff, 0xff, 0x3e, 0x0f, 0x7f, 0xf7, 0xdf, 0xdf, 0xff, 0xff, 0xff, 0xe0,
    0x7f, 0xff, 0xa0, 0x07, 0xff, 0x79, 0xff, 0xff, 0xc1, 0xf0, 0xff, 0xff, 0xe7, 0xbf, 0xff, 0xff, 0xff, 0xe0,
    0x7f, 0xf7, 0xe8, 0xfa, 0x00, 0x3f, 0xf0, 0x00, 0x00, 0x00, 0x00, 0x00, 0x00, 0x77, 0xff, 0xff, 0xff, 0xe0,
    0x7f, 0xf7, 0xe9, 0x06, 0x00, 0x00, 0x00, 0x00, 0x00, 0x00, 0x00, 0x00, 0x00, 0x6f, 0xff, 0xff, 0xff, 0xe0,
    0x7f, 0xfd, 0xf0, 0xa9, 0x00, 0x00, 0x00, 0x7f, 0xf8, 0x00, 0x00, 0x00, 0x00, 0x6f, 0xff, 0xff, 0xff, 0xe0,
    0x7f, 0xfd, 0xf1, 0x10, 0x80, 0x00, 0x00, 0x00, 0x00, 0x00, 0x00, 0x00, 0x00, 0x6f, 0xff, 0xff, 0xff, 0xe0,
    0x7f, 0xbf, 0xf8, 0xaa, 0x80, 0x00, 0x00, 0x00, 0x00, 0x07, 0xf8, 0x00, 0x00, 0x6f, 0xff, 0xff, 0xff, 0xe0,
    0x7f, 0xbf, 0x78, 0x44, 0x80, 0x00, 0x00, 0x00, 0x00, 0x00, 0x00, 0x00, 0x00, 0x6f, 0xff, 0xff, 0xfe, 0xe0,
    0x7f, 0xff, 0x78, 0xaa, 0x80, 0x00, 0x00, 0x00, 0xfe, 0x00, 0x00, 0x00, 0x00, 0x2f, 0xff, 0xff, 0xff, 0xe0,
    0x7f, 0xff, 0x79, 0x10, 0x80, 0x00, 0x00, 0x00, 0x00, 0x00, 0x00, 0x00, 0x00, 0x1f, 0xff, 0xff, 0xff, 0xe0,
    0x7f, 0xff, 0x78, 0xaa, 0x80, 0x00, 0x00, 0x00, 0x0f, 0xff, 0x00, 0x00, 0x00, 0x1f, 0xff, 0xfb, 0xff, 0xe0,
    0x7f, 0xff, 0x78, 0x7e, 0x80, 0x00, 0x00, 0x00, 0x00, 0x00, 0x00, 0x00, 0x00, 0x1f, 0xff, 0xc0, 0x7f, 0xe0,
    0x7f, 0xbf, 0x78, 0x81, 0x01, 0xf8, 0x00, 0x00, 0x00, 0x00, 0x00, 0x00, 0x01, 0x9b, 0xff, 0x80, 0x3f, 0xe0,
    0x7f, 0xbf, 0xf9, 0x54, 0x80, 0x00, 0x00, 0x00, 0x00, 0x00, 0x00, 0x00, 0x00, 0x1b, 0xff, 0x00, 0x1f, 0xe0,
    0x7f, 0xff, 0xf8, 0xaa, 0x40, 0xff, 0xfc, 0x00, 0x00, 0x00, 0x00, 0x00, 0x00, 0x9b, 0xff, 0x01, 0x1f, 0xe0,
    0x7f, 0xff, 0xf9, 0x55, 0x20, 0x00, 0x00, 0x00, 0x00, 0x00, 0x00, 0x00, 0x00, 0x3b, 0xff, 0x0f, 0xff, 0xe0,
    0x7f, 0xff, 0xf8, 0xaa, 0xb0, 0x00, 0x00, 0x00, 0x00, 0x00, 0x00, 0x3f, 0xf0, 0x3b, 0xfe, 0x1f, 0xff, 0xe0,
    0x7f, 0xff, 0xf9, 0x5f, 0x20, 0x00, 0x00, 0x00, 0x00, 0x00, 0x00, 0x00, 0x00, 0x3b, 0xff, 0x1f, 0xff, 0xe0,
    0x7f, 0xbf, 0xf8, 0xe0, 0xa0, 0x00, 0x07, 0xf0, 0x00, 0x00, 0x00, 0x00, 0x00, 0x37, 0xff, 0x1f, 0xff, 0xe0,
    0x7f, 0xbf, 0xf9, 0x9d, 0x60, 0x00, 0x00, 0x00, 0x00, 0x00, 0x00, 0x00, 0x00, 0x37, 0xff, 0x3f, 0xff, 0xe0,
    0x7f, 0xff, 0x78, 0xaf, 0xa0, 0xff, 0x80, 0x00, 0x00, 0x00, 0x00, 0x00, 0x00, 0xb7, 0xff, 0x9f, 0xff, 0xe0,
    0x7f, 0xff, 0x79, 0x50, 0x50, 0x00, 0x00, 0x00, 0x00, 0x00, 0x00, 0x00, 0x00, 0x37, 0xff, 0xdf, 0xff, 0xe0,
    0x7f, 0xff, 0x79, 0x2a, 0xb0, 0x00, 0x00, 0x00, 0x07, 0xfe, 0x00, 0x00, 0x00, 0x37, 0xff, 0xff, 0xff, 0xe0,
    0x7f, 0xff, 0x79, 0x6d, 0xd0, 0x00, 0x00, 0x00, 0x00, 0x00, 0x00, 0x00, 0x00, 0x37, 0xff, 0xff, 0xff, 0xe0,
    0x7f, 0xbf, 0x79, 0x4a, 0x91, 0xff, 0x00, 0x00, 0x00, 0x00, 0x00, 0x00, 0x01, 0x2f, 0xff, 0xff, 0xff, 0xe0,
    0x7f, 0xbd, 0x79, 0x5f, 0xd0, 0x00, 0x00, 0x00, 0x00, 0x00, 0x00, 0x00, 0x00, 0x6f, 0xff, 0xff, 0xff, 0xe0,
    0x7f, 0xff, 0xf9, 0x2a, 0x90, 0x00, 0x1f, 0xf8, 0x00, 0x00, 0x00, 0x00, 0x00, 0x6f, 0xff, 0xff, 0xbf, 0xe0,
    0x7f, 0xff, 0xf9, 0xad, 0xa0, 0x00, 0x00, 0x00, 0x00, 0x00, 0x00, 0x00, 0x00, 0x6f, 0xff, 0xff, 0xff, 0xe0,
    0x7f, 0xfd, 0xf8, 0xf0, 0x7f, 0xf8, 0x00, 0x00, 0x00, 0x00, 0x00, 0x00, 0x3f, 0x6f, 0xff, 0xff, 0xff, 0xe0,
    0x7f, 0xfd, 0xf0, 0x3f, 0x80, 0x00, 0x00, 0x00, 0x00, 0x00, 0x00, 0x00, 0x00, 0x6f, 0xff, 0xff, 0xff, 0xe0,
    0x7f, 0xff, 0xe8, 0x90, 0x00, 0x00, 0x00, 0x0f, 0xfe, 0x00, 0x00, 0x00, 0x00, 0xdf, 0xff, 0xff, 0xff, 0xe0,
    0x7f, 0xff, 0xa0, 0x1f, 0xff, 0xff, 0xff, 0xce, 0x7f, 0xff, 0xfe, 0xf3, 0xff, 0xff, 0xff, 0xff, 0xff, 0xe0,
    0x7f, 0xf7, 0xc0, 0x10, 0x07, 0xff, 0x00, 0x3f, 0x9f, 0xff, 0xf9, 0xfc, 0x00, 0xff, 0xff, 0xff, 0xff, 0xe0,
    0x7f, 0xf7, 0xc0, 0x1f, 0xf9, 0xfc, 0xff, 0xff, 0xef, 0xc1, 0xf7, 0xff, 0xff, 0x7f, 0xff, 0xff, 0xff, 0xe0,
    0x7f, 0xff, 0xe8, 0x9f, 0xbe, 0xfb, 0xff, 0xff, 0xf0, 0x3e, 0x0f, 0xff, 0xff, 0x9f, 0xff, 0xff, 0xff, 0xe0,
    0x7f, 0xff, 0xe0, 0x1f, 0xdf, 0x07, 0xff, 0xff, 0xff, 0xff, 0xff, 0xff, 0xff, 0xef, 0xff, 0xff, 0xff, 0xe0,
    0x7f, 0xde, 0xd2, 0x3f, 0xff, 0xff, 0xff, 0xff, 0xff, 0xff, 0xff, 0xff, 0xff, 0xf7, 0xff, 0xff, 0xff, 0xe0,
    0x7f, 0xde, 0xdc, 0xff, 0xfe, 0xff, 0xff, 0xff, 0xff, 0xff, 0x3f, 0xff, 0xff, 0xfa, 0x7f, 0xff, 0xfd, 0xe0,
    0x7f, 0xff, 0xeb, 0xff, 0xed, 0xff, 0xff, 0xff, 0xff, 0xfe, 0xdf, 0xff, 0xff, 0xfb, 0xff, 0xff, 0xff, 0xe0,
    0x7f, 0xfb, 0xe2, 0xff, 0xf3, 0xff, 0xff, 0xff, 0xff, 0xff, 0xff, 0xff, 0xff, 0xfd, 0xff, 0xff, 0xff, 0xe0,
    0x7f, 0xff, 0xfe, 0xff, 0xff, 0xff, 0xff, 0x3f, 0xff, 0xff, 0xef, 0xff, 0xff, 0xfd, 0xff, 0xff, 0xff, 0xe0,
    0x7f, 0xff, 0x7e, 0xff, 0xff, 0xff, 0xff, 0xdf, 0xff, 0xfd, 0xff, 0xff, 0xff, 0xfd, 0x3f, 0xff, 0xff, 0xe0,
    0x7f, 0xef, 0xfe, 0xff, 0xff, 0xff, 0xfe, 0xff, 0xff, 0xfb, 0xff, 0xff, 0xff, 0xfd, 0xff, 0xff, 0xff, 0xe0,
    0x7f, 0xef, 0xfe, 0xff, 0xff, 0xff, 0xff, 0xff, 0xff, 0xff, 0xff, 0xff, 0xff, 0xfd, 0xff, 0xff, 0xff, 0xe0,
    0x7f, 0xff, 0xbe, 0xff, 0xff, 0xff, 0xff, 0xef, 0xff, 0xff, 0xff, 0xff, 0xff, 0xfb, 0xff, 0xbf, 0xff, 0xe0,
    0x7f, 0xfd, 0xbe, 0xff, 0xff, 0xff, 0xfd, 0xff, 0xff, 0xff, 0xff, 0xff, 0xff, 0xf4, 0xff, 0xff, 0xff, 0xe0,
    0x7f, 0xff, 0xfe, 0xff, 0xff, 0xff, 0xff, 0xff, 0xff, 0xff, 0xff, 0xff, 0xff, 0xf7, 0xff, 0xff, 0xff, 0xe0,
    0x7f, 0xff, 0xfe, 0xff, 0xff, 0xff, 0xfb, 0xff, 0xff, 0xff, 0xff, 0xff, 0xff, 0xef, 0xff, 0xff, 0xff, 0xe0,
    0x7f, 0xef, 0xc0, 0xff, 0xff, 0xff, 0xff, 0xff, 0xff, 0xff, 0xff, 0xff, 0xff, 0xef, 0xff, 0xff, 0xff, 0xe0,
    0x00, 0x00, 0x00, 0x00, 0x00, 0x00, 0x00, 0x00, 0x00, 0x00, 0x00, 0x00, 0x00, 0x00, 0x00, 0x00, 0x00, 0x00,
};

static const lv_img_dsc_t waterfall20 = {
    .header.cf = LV_IMG_CF_INDEXED_1BIT,
    .header.always_zero = 0,
    .header.reserved = 0,
    .header.w = 140,
    .header.h = 68,
    .data_size = 1232,
    .data = waterfall20_map,
};

static const LV_ATTRIBUTE_MEM_ALIGN LV_ATTRIBUTE_LARGE_CONST uint8_t waterfall21_map[] = {
#if CONFIG_NICE_VIEW_WIDGET_INVERTED
    0xff, 0xff, 0xff, 0xff, /*Color of index 0*/
    0x00, 0x00, 0x00, 0xff, /*Color of index 1*/
#else
    0x00, 0x00, 0x00, 0xff, /*Color of index 0*/
    0xff, 0xff, 0xff, 0xff, /*Color of index 1*/
#endif
    0x00, 0x00, 0x00, 0x00, 0x00, 0x00, 0x00, 0x00, 0x00, 0x00, 0x00, 0x00, 0x00, 0x00, 0x00, 0x00, 0x00, 0x00,
    0x7f, 0xff, 0xfe, 0xff, 0xff, 0xff, 0xff, 0xff, 0xff, 0xff, 0xff, 0xff, 0xff, 0xf7, 0xff, 0xff, 0xff, 0xe0,
    0x7f, 0xfd, 0xbe, 0xff, 0xff, 0xff, 0xff, 0xfd, 0xff, 0xff, 0xff, 0xff, 0xff, 0xef, 0xff, 0xff, 0xff, 0xe0,
    0x7f, 0xfb, 0xbe, 0xff, 0xff, 0xff, 0xff, 0xff, 0xff, 0xff, 0xff, 0xff, 0xff, 0xe9, 0xff, 0xff, 0xff, 0xe0,
    0x7f, 0xff, 0xfe, 0xff, 0xff, 0xff, 0xff, 0xff, 0xef, 0xff, 0xff, 0xff, 0xff, 0xef, 0xff, 0xff, 0xff, 0xe0,
    0x7f, 0xff, 0xfe, 0xff, 0xff, 0xff, 0xff, 0xfe, 0xff, 0xff, 0xef, 0xff, 0xff, 0xef, 0xff, 0xff, 0xff, 0xe0,
    0x7f, 0xff, 0x7e, 0xff, 0xff, 0xff, 0xff, 0xff, 0xdf, 0xff, 0xf7, 0xff, 0xff, 0xef, 0xff, 0xff, 0xfb, 0xe0,
    0x7f, 0xff, 0xfe, 0xff, 0xff, 0xff, 0xff, 0xff, 0x3f, 0xff, 0xff, 0xff, 0xff, 0xf4, 0xff, 0xff, 0xff, 0xe0,
    0x7f, 0xff, 0xf6, 0xff, 0xff, 0xff, 0xff, 0xff, 0xff, 0xff, 0xff, 0xbf, 0xff, 0xfb, 0xff, 0xff, 0xff, 0xe0,
    0x7f, 0xf7, 0xe2, 0xff, 0xff, 0xf3, 0xff, 0xff, 0xff, 0xff, 0xfb, 0x7f, 0xff, 0xfb, 0xff, 0xff, 0xff, 0xe0,
    0x7f, 0xfe, 0xc8, 0xff, 0xff, 0xed, 0xff, 0xff, 0xff, 0xff, 0xfc, 0xff, 0xff, 0xfd, 0xff, 0xff, 0xff, 0xe0,
    0x7f, 0xfe, 0xdc, 0xff, 0xff, 0xff, 0xff, 0xff, 0xff, 0xff, 0xff, 0xff, 0xff, 0xfd, 0x3f, 0xff, 0xff, 0xe0,
    0x7f, 0xff, 0xfe, 0xff, 0xff, 0xfe, 0xff, 0xff, 0xff, 0xff, 0xff, 0xff, 0xff, 0xfd, 0xff, 0xff, 0xff, 0xe0,
    0x7f, 0xff, 0xfe, 0xff, 0xff, 0xdf, 0xff, 0xff, 0xff, 0xff, 0xff, 0xff, 0xff, 0xfd, 0xff, 0xff, 0xff, 0xe0,
    0x7f, 0xf5, 0xbe, 0xff, 0xff, 0xbf, 0xff, 0xff, 0xff, 0xff, 0xff, 0xff, 0xff, 0xfd, 0xff, 0xfb, 0xff, 0xe0,
    0x7f, 0xf5, 0xbf, 0x3f, 0xff, 0xff, 0xff, 0xf7, 0xff, 0xff, 0xf1, 0xff, 0xff, 0xfa, 0x7f, 0xff, 0xff, 0xe0,
    0x7f, 0xff, 0xfc, 0xfb, 0xff, 0xff, 0xcf, 0x89, 0xff, 0xff, 0xce, 0x7f, 0xff, 0xf7, 0xff, 0xff, 0xff, 0xe0,
    0x7f, 0xff, 0xf9, 0x0c, 0xe3, 0xff, 0x30, 0x7e, 0xff, 0xff, 0xbf, 0x88, 0x3f, 0xe3, 0xff, 0xff, 0xff, 0xe0,
    0x7f, 0xfd, 0xf0, 0xa3, 0x1c, 0xfe, 0xff, 0xff, 0x3e, 0x0f, 0x7f, 0xf7, 0xdf, 0xdf, 0xff, 0xff, 0xff, 0xe0,
    0x7f, 0xff, 0x71, 0x13, 0xff, 0x79, 0xff, 0xff, 0xc1, 0xf0, 0xff, 0xff, 0xe7, 0xbf, 0xff, 0xff, 0xff, 0xe0,
    0x7f, 0xef, 0x78, 0xf9, 0x3f, 0xf0, 0x00, 0x00, 0x00, 0x00, 0x00, 0x00, 0x3e, 0xdf, 0xff, 0xff, 0xff, 0xe0,
    0x7f, 0xef, 0x78, 0x87, 0x00, 0x00, 0x00, 0x00, 0x00, 0x00, 0x00, 0x00, 0x00, 0x5b, 0xff, 0xff, 0xff, 0xe0,
    0x7f, 0xff, 0x79, 0x29, 0x80, 0x00, 0x7f, 0xf8, 0x00, 0x00, 0x00, 0x00, 0x00, 0x5b, 0xff, 0xff, 0xff, 0xe0,
    0x7f, 0xff, 0xf8, 0x54, 0x80, 0x00, 0x00, 0x00, 0x00, 0x00, 0x00, 0x00, 0x00, 0x5b, 0xff, 0xff, 0xff, 0xe0,
    0x7f, 0xff, 0xd8, 0xaa, 0x40, 0x00, 0x00, 0x00, 0x07, 0xf8, 0x00, 0x00, 0x00, 0x3b, 0xff, 0xff, 0xff, 0xe0,
    0x7f, 0xff, 0xd8, 0x44, 0x40, 0x00, 0x00, 0x00, 0x00, 0x00, 0x00, 0x00, 0x00, 0x3b, 0xff, 0xff, 0xfe, 0xe0,
    0x7f, 0xeb, 0xf8, 0xaa, 0x40, 0x00, 0x00, 0xfe, 0x00, 0x00, 0x00, 0x00, 0x00, 0x3b, 0xff, 0xff, 0xff, 0xe0,
    0x7f, 0xeb, 0xf9, 0x55, 0x40, 0x00, 0x00, 0x00, 0x00, 0x00, 0x00, 0x00, 0x00, 0x37, 0xff, 0xff, 0xff, 0xe0,
    0x7f, 0xff, 0xf8, 0xaa, 0x40, 0x00, 0x00, 0x0f, 0xff, 0x00, 0x00, 0x00, 0x00, 0x37, 0xff, 0xfb, 0xff, 0xe0,
    0x7f, 0xff, 0xf8, 0x5c, 0x40, 0x00, 0x00, 0x00, 0x00, 0x00, 0x00, 0x00, 0x00, 0x37, 0xff, 0xc0, 0x7f, 0xe0,
    0x7f, 0xfb, 0xf8, 0xe3, 0xf8, 0x00, 0x00, 0x00, 0x00, 0x00, 0x00, 0x01, 0xf8, 0x37, 0xff, 0x80, 0x3f, 0xe0,
    0x7f, 0xfb, 0xf9, 0x94, 0x80, 0x00, 0x00, 0x00, 0x00, 0x00, 0x00, 0x00, 0x00, 0x37, 0xff, 0x00, 0x1f, 0xe0,
    0x7f, 0xef, 0xf9, 0x2a, 0x7f, 0xfc, 0x00, 0x00, 0x00, 0x00, 0x00, 0x00, 0xff, 0xb7, 0xff, 0x01, 0x1f, 0xe0,
    0x7f, 0xef, 0xf8, 0x55, 0x20, 0x00, 0x00, 0x00, 0x00, 0x00, 0x00, 0x00, 0x00, 0x2f, 0xff, 0x0f, 0xff, 0xe0,
    0x7f, 0xfb, 0xf8, 0xaa, 0xa0, 0x00, 0x00, 0x00, 0x00, 0x00, 0x3f, 0xf0, 0x00, 0x2f, 0xfe, 0x1f, 0xff, 0xe0,
    0x7f, 0xfb, 0xf8, 0x5f, 0xd0, 0x00, 0x00, 0x00, 0x00, 0x00, 0x00, 0x00, 0x00, 0x2f, 0xff, 0x1f, 0xff, 0xe0,
    0x7f, 0xff, 0xf8, 0xa0, 0x50, 0x07, 0xf0, 0x00, 0x00, 0x00, 0x00, 0x00, 0x00, 0x2f, 0xff, 0x1f, 0xff, 0xe0,
    0x7f, 0xff, 0xf9, 0x5d, 0xb0, 0x00, 0x00, 0x00, 0x00, 0x00, 0x00, 0x00, 0x00, 0x2f, 0xff, 0x3f, 0xff, 0xe0,
    0x7f, 0xeb, 0xf8, 0xab, 0x9f, 0x80, 0x00, 0x00, 0x00, 0x00, 0x00, 0x00, 0xff, 0xaf, 0xff, 0x9f, 0xff, 0xe0,
    0x7f, 0xeb, 0xf8, 0xbc, 0xd0, 0x00, 0x00, 0x00, 0x00, 0x00, 0x00, 0x00, 0x00, 0x1f, 0xff, 0xdf, 0xff, 0xe0,
    0x7f, 0xff, 0xf9, 0xb2, 0x30, 0x00, 0x00, 0x07, 0xfe, 0x00, 0x00, 0x00, 0x00, 0x1f, 0xff, 0xff, 0xff, 0xe0,
    0x7f, 0xff, 0xf8, 0x95, 0xd0, 0x00, 0x00, 0x00, 0x00, 0x00, 0x00, 0x00, 0x00, 0x1f, 0xff, 0xff, 0xff, 0xe0,
    0x7f, 0xfb, 0xf8, 0xaa, 0x9f, 0x00, 0x00, 0x00, 0x00, 0x00, 0x00, 0x01, 0xff, 0x1b, 0xff, 0xff, 0xff, 0xe0,
    0x7f, 0xfb, 0xd8, 0x6f, 0xd0, 0x00, 0x00, 0x00, 0x00, 0x00, 0x00, 0x00, 0x00, 0x5b, 0xff, 0xff, 0xff, 0xe0,
    0x7f, 0xef, 0xd8, 0x32, 0x90, 0x1f, 0xf8, 0x00, 0x00, 0x00, 0x00, 0x00, 0x00, 0x5b, 0xff, 0xff, 0xbf, 0xe0,
    0x7f, 0xef, 0xf8, 0x11, 0xa0, 0x00, 0x00, 0x00, 0x00, 0x00, 0x00, 0x00, 0x00, 0x3b, 0xff, 0xff, 0xff, 0xe0,
    0x7f, 0xff, 0x79, 0xbc, 0x78, 0x00, 0x00, 0x00, 0x00, 0x00, 0x00, 0x3f, 0xf8, 0x3b, 0xff, 0xff, 0xff, 0xe0,
    0x7f, 0xff, 0x78, 0x63, 0x80, 0x00, 0x00, 0x00, 0x00, 0x00, 0x00, 0x00, 0x00, 0x3b, 0xff, 0xff, 0xff, 0xe0,
    0x7f, 0xff, 0x70, 0x90, 0x00, 0x00, 0x0f, 0xfe, 0x00, 0x00, 0x00, 0x00, 0x00, 0xb7, 0xff, 0xff, 0xff, 0xe0,
    0x7f, 0xff, 0x60, 0x0f, 0xff, 0xff, 0xff, 0xce, 0x7f, 0xff, 0xfe, 0xf3, 0xff, 0xff, 0xff, 0xff, 0xff, 0xe0,
    0x7f, 0xfd, 0xe8, 0xa8, 0x07, 0xff, 0x00, 0x3f, 0x9f, 0xff, 0xf9, 0xfc, 0x00, 0xff, 0xff, 0xff, 0xff, 0xe0,
    0x7f, 0xfd, 0xe0, 0x0f, 0xf9, 0xfc, 0xff, 0xff, 0xef, 0xc1, 0xf7, 0xff, 0xff, 0x7f, 0xff, 0xff, 0xff, 0xe0,
    0x7f, 0xff, 0xe8, 0x8f, 0xbe, 0xfb, 0xff, 0xff, 0xf0, 0x3e, 0x0f, 0xff, 0xff, 0x9f, 0xff, 0xff, 0xff, 0xe0,
    0x7f, 0xff, 0xa0, 0x0f, 0xdf, 0x07, 0xff, 0xff, 0xff, 0xff, 0xff, 0xff, 0xff, 0xef, 0xff, 0xff, 0xff, 0xe0,
    0x7f, 0xfd, 0xaa, 0x9f, 0xff, 0xff, 0xff, 0xff, 0xff, 0xff, 0xff, 0xff, 0xff, 0xf7, 0xff, 0xff, 0xff, 0xe0,
    0x7f, 0xff, 0xf0, 0x1f, 0xfe, 0xff, 0xff, 0xff, 0xff, 0xff, 0x3f, 0xff, 0xff, 0xfa, 0x7f, 0xff, 0xfd, 0xe0,
    0x7f, 0xf7, 0xfc, 0x7f, 0xed, 0xff, 0xff, 0xff, 0xff, 0xfe, 0xdf, 0xff, 0xff, 0xfb, 0xff, 0xff, 0xff, 0xe0,
    0x7f, 0xf7, 0xdf, 0xff, 0xf3, 0xff, 0xff, 0xff, 0xff, 0xff, 0xff, 0xff, 0xff, 0xfd, 0xff, 0xff, 0xff, 0xe0,
    0x7f, 0xfe, 0xc8, 0xff, 0xff, 0xff, 0xff, 0x3f, 0xff, 0xff, 0xef, 0xff, 0xff, 0xfd, 0xff, 0xff, 0xff, 0xe0,
    0x7f, 0xfe, 0xe2, 0xff, 0xff, 0xff, 0xff, 0xdf, 0xff, 0xfd, 0xff, 0xff, 0xff, 0xfd, 0x3f, 0xff, 0xff, 0xe0,
    0x7f, 0xff, 0xf6, 0xff, 0xff, 0xff, 0xfe, 0xff, 0xff, 0xfb, 0xff, 0xff, 0xff, 0xfd, 0xff, 0xff, 0xff, 0xe0,
    0x7f, 0xff, 0xfe, 0xff, 0xff, 0xff, 0xff, 0xff, 0xff, 0xff, 0xff, 0xff, 0xff, 0xfd, 0xff, 0xff, 0xff, 0xe0,
    0x7f, 0xfb, 0x7e, 0xff, 0xff, 0xff, 0xff, 0xef, 0xff, 0xff, 0xff, 0xff, 0xff, 0xfb, 0xff, 0xbf, 0xff, 0xe0,
    0x7f, 0xfb, 0x7e, 0xff, 0xff, 0xff, 0xfd, 0xff, 0xff, 0xff, 0xff, 0xff, 0xff, 0xf4, 0xff, 0xff, 0xff, 0xe0,
    0x7f, 0xff, 0xfe, 0xff, 0xff, 0xff, 0xff, 0xff, 0xff, 0xff, 0xff, 0xff, 0xff, 0xf7, 0xff, 0xff, 0xff, 0xe0,
    0x7f, 0xff, 0xfe, 0xff, 0xff, 0xff, 0xfb, 0xff, 0xff, 0xff, 0xff, 0xff, 0xff, 0xef, 0xff, 0xff, 0xff, 0xe0,
    0x7f, 0xff, 0xbe, 0xff, 0xff, 0xff, 0xff, 0xff, 0xff, 0xff, 0xff, 0xff, 0xff, 0xef, 0xff, 0xff, 0xff, 0xe0,
    0x00, 0x00, 0x00, 0x00, 0x00, 0x00, 0x00, 0x00, 0x00, 0x00, 0x00, 0x00, 0x00, 0x00, 0x00, 0x00, 0x00, 0x00,
};

static const lv_img_dsc_t waterfall21 = {
    .header.cf = LV_IMG_CF_INDEXED_1BIT,
    .header.always_zero = 0,
    .header.reserved = 0,
    .header.w = 140,
    .header.h = 68,
    .data_size = 1232,
    .data = waterfall21_map,
};

static const LV_ATTRIBUTE_MEM_ALIGN LV_ATTRIBUTE_LARGE_CONST uint8_t waterfall22_map[] = {
#if CONFIG_NICE_VIEW_WIDGET_INVERTED
    0xff, 0xff, 0xff, 0xff, /*Color of index 0*/
    0x00, 0x00, 0x00, 0xff, /*Color of index 1*/
#else
    0x00, 0x00, 0x00, 0xff, /*Color of index 0*/
    0xff, 0xff, 0xff, 0xff, /*Color of index 1*/
#endif
    0x00, 0x00, 0x00, 0x00, 0x00, 0x00, 0x00, 0x00, 0x00, 0x00, 0x00, 0x00, 0x00, 0x00, 0x00, 0x00, 0x00, 0x00,
    0x7f, 0xff, 0xfe, 0xff, 0xff, 0xff, 0xff, 0xff, 0xff, 0xff, 0xff, 0xff, 0xff, 0xf7, 0xff, 0xff, 0xff, 0xe0,
    0x7f, 0xfb, 0x7e, 0xff, 0xff, 0xff, 0xff, 0xfd, 0xff, 0xff, 0xff, 0xff, 0xff, 0xef, 0xff, 0xff, 0xff, 0xe0,
    0x7f, 0xfb, 0x7e, 0xff, 0xff, 0xff, 0xff, 0xff, 0xff, 0xff, 0xff, 0xff, 0xff, 0xe9, 0xff, 0xff, 0xff, 0xe0,
    0x7f, 0xff, 0xfe, 0xff, 0xff, 0xff, 0xff, 0xff, 0xef, 0xff, 0xff, 0xff, 0xff, 0xef, 0xff, 0xff, 0xff, 0xe0,
    0x7f, 0xff, 0xfe, 0xff, 0xff, 0xff, 0xff, 0xfe, 0xff, 0xff, 0xef, 0xff, 0xff, 0xef, 0xff, 0xff, 0xff, 0xe0,
    0x7f, 0xfe, 0xe2, 0xff, 0xff, 0xff, 0xff, 0xff, 0xdf, 0xff, 0xf7, 0xff, 0xff, 0xef, 0xff, 0xff, 0xfb, 0xe0,
    0x7f, 0xfe, 0xe2, 0xff, 0xff, 0xff, 0xff, 0xff, 0x3f, 0xff, 0xff, 0xff, 0xff, 0xf4, 0xff, 0xff, 0xff, 0xe0,
    0x7f, 0xf7, 0xdc, 0xff, 0xff, 0xff, 0xff, 0xff, 0xff, 0xff, 0xff, 0xbf, 0xff, 0xfb, 0xff, 0xff, 0xff, 0xe0,
    0x7f, 0xf7, 0xdc, 0xff, 0xff, 0xf3, 0xff, 0xff, 0xff, 0xff, 0xfb, 0x7f, 0xff, 0xfb, 0xff, 0xff, 0xff, 0xe0,
    0x7f, 0xfd, 0xbe, 0xff, 0xff, 0xed, 0xff, 0xff, 0xff, 0xff, 0xfc, 0xff, 0xff, 0xfd, 0xff, 0xff, 0xff, 0xe0,
    0x7f, 0xfd, 0xbe, 0xff, 0xff, 0xff, 0xff, 0xff, 0xff, 0xff, 0xff, 0xff, 0xff, 0xfd, 0x3f, 0xff, 0xff, 0xe0,
    0x7f, 0xff, 0xbe, 0xff, 0xff, 0xfe, 0xff, 0xff, 0xff, 0xff, 0xff, 0xff, 0xff, 0xfd, 0xff, 0xff, 0xff, 0xe0,
    0x7f, 0xff, 0xfe, 0xff, 0xff, 0xdf, 0xff, 0xff, 0xff, 0xff, 0xff, 0xff, 0xff, 0xfd, 0xff, 0xff, 0xff, 0xe0,
    0x7f, 0xef, 0xff, 0xff, 0xff, 0xbf, 0xff, 0xff, 0xff, 0xff, 0xff, 0xff, 0xff, 0xfd, 0xff, 0xfb, 0xff, 0xe0,
    0x7f, 0xef, 0x76, 0x7f, 0xff, 0xff, 0xff, 0xf7, 0xff, 0xff, 0xf1, 0xff, 0xff, 0xfa, 0x7f, 0xff, 0xff, 0xe0,
    0x7f, 0xff, 0x65, 0x8f, 0xff, 0xff, 0xcf, 0x89, 0xff, 0xff, 0xce, 0x7f, 0xff, 0xf7, 0xff, 0xff, 0xff, 0xe0,
    0x7f, 0xff, 0x6a, 0x42, 0xe3, 0xff, 0x30, 0x7e, 0xff, 0xff, 0xbf, 0x88, 0x3f, 0xe3, 0xff, 0xff, 0xff, 0xe0,
    0x7f, 0xfb, 0xf0, 0xa9, 0x1c, 0xfe, 0xff, 0xff, 0x3e, 0x0f, 0x7f, 0xf7, 0xdf, 0xdf, 0xff, 0xff, 0xff, 0xe0,
    0x7f, 0xfb, 0xf9, 0x10, 0xff, 0x79, 0xff, 0xff, 0xc1, 0xf0, 0xff, 0xff, 0xe7, 0xbf, 0xff, 0xff, 0xff, 0xe0,
    0x7f, 0xef, 0xd8, 0xaa, 0xf0, 0x00, 0x00, 0x00, 0x00, 0x00, 0x00, 0x3f, 0xf0, 0xb7, 0xff, 0xff, 0xff, 0xe0,
    0x7f, 0xff, 0xf8, 0x7e, 0x80, 0x00, 0x00, 0x00, 0x00, 0x00, 0x00, 0x00, 0x00, 0x77, 0xff, 0xff, 0xff, 0xe0,
    0x7f, 0xfb, 0xf8, 0x81, 0x80, 0x7f, 0xf8, 0x00, 0x00, 0x00, 0x00, 0x00, 0x00, 0x77, 0xff, 0xff, 0xff, 0xe0,
    0x7f, 0xfa, 0xf9, 0x54, 0x80, 0x00, 0x00, 0x00, 0x00, 0x00, 0x00, 0x00, 0x00, 0x77, 0xff, 0xff, 0xff, 0xe0,
    0x7f, 0xfe, 0xf8, 0xaa, 0x40, 0x00, 0x00, 0x07, 0xf8, 0x00, 0x00, 0x00, 0x00, 0x6f, 0xff, 0xff, 0xff, 0xe0,
    0x7f, 0xfe, 0xf9, 0x55, 0x40, 0x00, 0x00, 0x00, 0x00, 0x00, 0x00, 0x00, 0x00, 0x6f, 0xff, 0xff, 0xfe, 0xe0,
    0x7f, 0xde, 0xf8, 0xaa, 0xa0, 0x00, 0xfe, 0x00, 0x00, 0x00, 0x00, 0x00, 0x00, 0x2f, 0xff, 0xff, 0xff, 0xe0,
    0x7f, 0xde, 0xf9, 0x55, 0x20, 0x00, 0x00, 0x00, 0x00, 0x00, 0x00, 0x00, 0x00, 0x2f, 0xff, 0xff, 0xff, 0xe0,
    0x7f, 0xfe, 0xb8, 0xaa, 0xa0, 0x00, 0x0f, 0xff, 0x00, 0x00, 0x00, 0x00, 0x00, 0x2f, 0xff, 0xfb, 0xff, 0xe0,
    0x7f, 0xff, 0xb9, 0x55, 0x20, 0x00, 0x00, 0x00, 0x00, 0x00, 0x00, 0x00, 0x00, 0x2f, 0xff, 0xc0, 0x7f, 0xe0,
    0x7f, 0xff, 0xb8, 0xbe, 0x40, 0x00, 0x00, 0x00, 0x00, 0x00, 0x01, 0xf8, 0x00, 0x1f, 0xff, 0x80, 0x3f, 0xe0,
    0x7f, 0xff, 0xb8, 0x61, 0xc0, 0x00, 0x00, 0x00, 0x00, 0x00, 0x00, 0x00, 0x00, 0x1f, 0xff, 0x00, 0x1f, 0xe0,
    0x7f, 0xdf, 0xb9, 0x8a, 0x7c, 0x00, 0x00, 0x00, 0x00, 0x00, 0x00, 0xff, 0xfc, 0x1f, 0xff, 0x01, 0x1f, 0xe0,
    0x7f, 0xdf, 0xb9, 0x5d, 0xa0, 0x00, 0x00, 0x00, 0x00, 0x00, 0x00, 0x00, 0x00, 0x1b, 0xff, 0x0f, 0xff, 0xe0,
    0x7f, 0xff, 0xb9, 0x2f, 0xa0, 0x00, 0x00, 0x00, 0x00, 0x3f, 0xf0, 0x00, 0x00, 0x1b, 0xfe, 0x1f, 0xff, 0xe0,
    0x7f, 0xff, 0xb8, 0x58, 0xd0, 0x00, 0x00, 0x00, 0x00, 0x00, 0x00, 0x00, 0x00, 0x1b, 0xff, 0x1f, 0xff, 0xe0,
    0x7f, 0xff, 0xb8, 0xa2, 0x37, 0xf0, 0x00, 0x00, 0x00, 0x00, 0x00, 0x00, 0x07, 0xbb, 0xff, 0x1f, 0xff, 0xe0,
    0x7f, 0xff, 0xb8, 0xed, 0xb0, 0x00, 0x00, 0x00, 0x00, 0x00, 0x00, 0x00, 0x00, 0x3b, 0xff, 0x3f, 0xff, 0xe0,
    0x7f, 0xdf, 0xb9, 0xca, 0x90, 0x00, 0x00, 0x00, 0x00, 0x00, 0x00, 0xff, 0x80, 0x3b, 0xff, 0x9f, 0xff, 0xe0,
    0x7f, 0xdf, 0xb0, 0x57, 0x50, 0x00, 0x00, 0x00, 0x00, 0x00, 0x00, 0x00, 0x00, 0x37, 0xff, 0xdf, 0xff, 0xe0,
    0x7f, 0xfe, 0xa8, 0xaa, 0x90, 0x00, 0x07, 0xfe, 0x00, 0x00, 0x00, 0x00, 0x00, 0x37, 0xff, 0xff, 0xff, 0xe0,
    0x7f, 0xfe, 0xe0, 0x1d, 0xd0, 0x00, 0x00, 0x00, 0x00, 0x00, 0x00, 0x00, 0x00, 0x37, 0xff, 0xff, 0xff, 0xe0,
    0x7f, 0xfe, 0xc0, 0x1a, 0xa0, 0x00, 0x00, 0x00, 0x00, 0x00, 0x01, 0xff, 0x00, 0x37, 0xff, 0xff, 0xff, 0xe0,
    0x7f, 0xfe, 0xc0, 0x10, 0x40, 0x00, 0x00, 0x00, 0x00, 0x00, 0x00, 0x00, 0x00, 0x77, 0xff, 0xff, 0xff, 0xe0,
    0x7f, 0xfe, 0xc8, 0x9f, 0x9f, 0xf8, 0x00, 0x00, 0x00, 0x00, 0x00, 0x00, 0x1f, 0x77, 0xff, 0xff, 0xbf, 0xe0,
    0x7f, 0xfe, 0xe0, 0x10, 0x00, 0x00, 0x00, 0x00, 0x00, 0x00, 0x00, 0x00, 0x00, 0x6f, 0xff, 0xff, 0xff, 0xe0,
    0x7f, 0xfb, 0xf0, 0x38, 0x00, 0x00, 0x00, 0x00, 0x00, 0x00, 0x3f, 0xf8, 0x00, 0x6f, 0xff, 0xff, 0xff, 0xe0,
    0x7f, 0xfb, 0xf9, 0xc0, 0x00, 0x00, 0x00, 0x00, 0x00, 0x00, 0x00, 0x00, 0x00, 0x6f, 0xff, 0xff, 0xff, 0xe0,
    0x7f, 0xff, 0xd8, 0x30, 0x00, 0x0f, 0xfe, 0x00, 0x00, 0x00, 0x00, 0x00, 0x00, 0xef, 0xff, 0xff, 0xff, 0xe0,
    0x7f, 0xff, 0xf0, 0x0f, 0xff, 0xff, 0xff, 0xce, 0x7f, 0xff, 0xfe, 0xf3, 0xff, 0xff, 0xff, 0xff, 0xff, 0xe0,
    0x7f, 0xeb, 0xf0, 0xa8, 0x07, 0xff, 0x00, 0x3f, 0x9f, 0xff, 0xf9, 0xfc, 0x00, 0xff, 0xff, 0xff, 0xff, 0xe0,
    0x7f, 0xeb, 0x60, 0x07, 0xf9, 0xfc, 0xff, 0xff, 0xef, 0xc1, 0xf7, 0xff, 0xff, 0x7f, 0xff, 0xff, 0xff, 0xe0,
    0x7f, 0xff, 0x6a, 0xa7, 0xbe, 0xfb, 0xff, 0xff, 0xf0, 0x3e, 0x0f, 0xff, 0xff, 0x9f, 0xff, 0xff, 0xff, 0xe0,
    0x7f, 0xff, 0x60, 0x07, 0xdf, 0x07, 0xff, 0xff, 0xff, 0xff, 0xff, 0xff, 0xff, 0xef, 0xff, 0xff, 0xff, 0xe0,
    0x7f, 0xff, 0xea, 0xa7, 0xff, 0xff, 0xff, 0xff, 0xff, 0xff, 0xff, 0xff, 0xff, 0xf7, 0xff, 0xff, 0xff, 0xe0,
    0x7f, 0xfd, 0xf0, 0x0f, 0xfe, 0xff, 0xff, 0xff, 0xff, 0xff, 0x3f, 0xff, 0xff, 0xfa, 0x7f, 0xff, 0xfd, 0xe0,
    0x7f, 0xef, 0xb8, 0x9f, 0xed, 0xff, 0xff, 0xff, 0xff, 0xfe, 0xdf, 0xff, 0xff, 0xfb, 0xff, 0xff, 0xff, 0xe0,
    0x7f, 0xff, 0xbe, 0x7f, 0xf3, 0xff, 0xff, 0xff, 0xff, 0xff, 0xff, 0xff, 0xff, 0xfd, 0xff, 0xff, 0xff, 0xe0,
    0x7f, 0xfd, 0xbf, 0xff, 0xff, 0xff, 0xff, 0x3f, 0xff, 0xff, 0xef, 0xff, 0xff, 0xfd, 0xff, 0xff, 0xff, 0xe0,
    0x7f, 0xff, 0xdc, 0xff, 0xff, 0xff, 0xff, 0xdf, 0xff, 0xfd, 0xff, 0xff, 0xff, 0xfd, 0x3f, 0xff, 0xff, 0xe0,
    0x7f, 0xff, 0xdc, 0xff, 0xff, 0xff, 0xfe, 0xff, 0xff, 0xfb, 0xff, 0xff, 0xff, 0xfd, 0xff, 0xff, 0xff, 0xe0,
    0x7f, 0xff, 0xe2, 0xff, 0xff, 0xff, 0xff, 0xff, 0xff, 0xff, 0xff, 0xff, 0xff, 0xfd, 0xff, 0xff, 0xff, 0xe0,
    0x7f, 0xf6, 0xe2, 0xff, 0xff, 0xff, 0xff, 0xef, 0xff, 0xff, 0xff, 0xff, 0xff, 0xfb, 0xff, 0xbf, 0xff, 0xe0,
    0x7f, 0xf6, 0xfe, 0xff, 0xff, 0xff, 0xfd, 0xff, 0xff, 0xff, 0xff, 0xff, 0xff, 0xf4, 0xff, 0xff, 0xff, 0xe0,
    0x7f, 0xff, 0xfe, 0xff, 0xff, 0xff, 0xff, 0xff, 0xff, 0xff, 0xff, 0xff, 0xff, 0xf7, 0xff, 0xff, 0xff, 0xe0,
    0x7f, 0xff, 0xfe, 0xff, 0xff, 0xff, 0xfb, 0xff, 0xff, 0xff, 0xff, 0xff, 0xff, 0xef, 0xff, 0xff, 0xff, 0xe0,
    0x7f, 0xff, 0x7e, 0xff, 0xff, 0xff, 0xff, 0xff, 0xff, 0xff, 0xff, 0xff, 0xff, 0xef, 0xff, 0xff, 0xff, 0xe0,
    0x00, 0x00, 0x00, 0x00, 0x00, 0x00, 0x00, 0x00, 0x00, 0x00, 0x00, 0x00, 0x00, 0x00, 0x00, 0x00, 0x00, 0x00,
};

static const lv_img_dsc_t waterfall22 = {
    .header.cf = LV_IMG_CF_INDEXED_1BIT,
    .header.always_zero = 0,
    .header.reserved = 0,
    .header.w = 140,
    .header.h = 68,
    .data_size = 1232,
    .data = waterfall22_map,
};

static const LV_ATTRIBUTE_MEM_ALIGN LV_ATTRIBUTE_LARGE_CONST uint8_t waterfall23_map[] = {
#if CONFIG_NICE_VIEW_WIDGET_INVERTED
    0xff, 0xff, 0xff, 0xff, /*Color of index 0*/
    0x00, 0x00, 0x00, 0xff, /*Color of index 1*/
#else
    0x00, 0x00, 0x00, 0xff, /*Color of index 0*/
    0xff, 0xff, 0xff, 0xff, /*Color of index 1*/
#endif
    0x00, 0x00, 0x00, 0x00, 0x00, 0x00, 0x00, 0x00, 0x00, 0x00, 0x00, 0x00, 0x00, 0x00, 0x00, 0x00, 0x00, 0x00,
    0x7f, 0xff, 0xfe, 0xff, 0xff, 0xff, 0xff, 0xff, 0xff, 0xff, 0xff, 0xff, 0xff, 0xf7, 0xff, 0xff, 0xff, 0xe0,
    0x7f, 0xf6, 0xfe, 0xff, 0xff, 0xff, 0xff, 0xfd, 0xff, 0xff, 0xff, 0xff, 0xff, 0xef, 0xff, 0xff, 0xff, 0xe0,
    0x7f, 0xf6, 0xfe, 0xff, 0xff, 0xff, 0xff, 0xff, 0xff, 0xff, 0xff, 0xff, 0xff, 0xe9, 0xff, 0xff, 0xff, 0xe0,
    0x7f, 0xff, 0xe2, 0xff, 0xff, 0xff, 0xff, 0xff, 0xef, 0xff, 0xff, 0xff, 0xff, 0xef, 0xff, 0xff, 0xff, 0xe0,
    0x7f, 0xff, 0xc8, 0xff, 0xff, 0xff, 0xff, 0xfe, 0xff, 0xff, 0xef, 0xff, 0xff, 0xef, 0xff, 0xff, 0xff, 0xe0,
    0x7f, 0xfd, 0xfe, 0xff, 0xff, 0xff, 0xff, 0xff, 0xdf, 0xff, 0xf7, 0xff, 0xff, 0xef, 0xff, 0xff, 0xfb, 0xe0,
    0x7f, 0xfd, 0xfe, 0xff, 0xff, 0xff, 0xff, 0xff, 0x3f, 0xff, 0xff, 0xff, 0xff, 0xf4, 0xff, 0xff, 0xff, 0xe0,
    0x7f, 0xef, 0xbe, 0xff, 0xff, 0xff, 0xff, 0xff, 0xff, 0xff, 0xff, 0xbf, 0xff, 0xfb, 0xff, 0xff, 0xff, 0xe0,
    0x7f, 0xef, 0xbe, 0xff, 0xff, 0xf3, 0xff, 0xff, 0xff, 0xff, 0xfb, 0x7f, 0xff, 0xfb, 0xff, 0xff, 0xff, 0xe0,
    0x7f, 0xff, 0xfe, 0xff, 0xff, 0xed, 0xff, 0xff, 0xff, 0xff, 0xfc, 0xff, 0xff, 0xfd, 0xff, 0xff, 0xff, 0xe0,
    0x7f, 0xff, 0xfe, 0xff, 0xff, 0xff, 0xff, 0xff, 0xff, 0xff, 0xff, 0xff, 0xff, 0xfd, 0x3f, 0xff, 0xff, 0xe0,
    0x7f, 0xff, 0x7e, 0xff, 0xff, 0xfe, 0xff, 0xff, 0xff, 0xff, 0xff, 0xff, 0xff, 0xfd, 0xff, 0xff, 0xff, 0xe0,
    0x7f, 0xff, 0x76, 0xff, 0xff, 0xdf, 0xff, 0xff, 0xff, 0xff, 0xff, 0xff, 0xff, 0xfd, 0xff, 0xff, 0xff, 0xe0,
    0x7f, 0xfb, 0xeb, 0x9f, 0xff, 0xbf, 0xff, 0xff, 0xff, 0xff, 0xff, 0xff, 0xff, 0xfd, 0xff, 0xfb, 0xff, 0xe0,
    0x7f, 0xfb, 0xfe, 0xef, 0xff, 0xff, 0xff, 0xf7, 0xff, 0xff, 0xf1, 0xff, 0xff, 0xfa, 0x7f, 0xff, 0xff, 0xe0,
    0x7f, 0xff, 0xdd, 0x03, 0xff, 0xff, 0xcf, 0x89, 0xff, 0xff, 0xce, 0x7f, 0xff, 0xf7, 0xff, 0xff, 0xff, 0xe0,
    0x7f, 0xfe, 0xda, 0x44, 0xe3, 0xff, 0x30, 0x7e, 0xff, 0xff, 0xbf, 0x88, 0x3f, 0xe3, 0xff, 0xff, 0xff, 0xe0,
    0x7f, 0xff, 0xf8, 0xaa, 0x9c, 0xfe, 0xff, 0xff, 0x3e, 0x0f, 0x7f, 0xf7, 0xdf, 0xdf, 0xff, 0xff, 0xff, 0xe0,
    0x7f, 0xff, 0xf1, 0x55, 0x7f, 0x79, 0xff, 0xff, 0xc1, 0xf0, 0xff, 0xff, 0xe7, 0xbf, 0xff, 0xff, 0xff, 0xe0,
    0x7f, 0xde, 0xf8, 0xaa, 0x40, 0x00, 0x00, 0x00, 0x00, 0x00, 0x3f, 0xf0, 0x00, 0xef, 0xff, 0xff, 0xff, 0xe0,
    0x7f, 0xdf, 0xf8, 0x44, 0x40, 0x00, 0x00, 0x00, 0x00, 0x00, 0x00, 0x00, 0x00, 0x5f, 0xff, 0xff, 0xff, 0xe0,
    0x7f, 0xf7, 0xb8, 0xff, 0x7f, 0xf8, 0x00, 0x00, 0x00, 0x00, 0x00, 0x00, 0x7f, 0x5f, 0xff, 0xff, 0xff, 0xe0,
    0x7f, 0xf7, 0xb9, 0x80, 0xc0, 0x00, 0x00, 0x00, 0x00, 0x00, 0x00, 0x00, 0x00, 0x5f, 0xff, 0xff, 0xff, 0xe0,
    0x7f, 0xff, 0xf9, 0x2a, 0x40, 0x00, 0x07, 0xf8, 0x00, 0x00, 0x00, 0x00, 0x00, 0x5b, 0xff, 0xff, 0xff, 0xe0,
    0x7f, 0xff, 0xf8, 0x55, 0x20, 0x00, 0x00, 0x00, 0x00, 0x00, 0x00, 0x00, 0x00, 0x5b, 0xff, 0xff, 0xfe, 0xe0,
    0x7f, 0xd7, 0xf8, 0xaa, 0xa0, 0xfe, 0x00, 0x00, 0x00, 0x00, 0x00, 0x00, 0x00, 0x1b, 0xff, 0xff, 0xff, 0xe0,
    0x7f, 0xd7, 0xf9, 0x55, 0x20, 0x00, 0x00, 0x00, 0x00, 0x00, 0x00, 0x00, 0x00, 0x3b, 0xff, 0xff, 0xff, 0xe0,
    0x7f, 0xff, 0xf8, 0xaa, 0x90, 0x0f, 0xff, 0x00, 0x00, 0x00, 0x00, 0x00, 0x00, 0x3b, 0xff, 0xfb, 0xff, 0xe0,
    0x7f, 0xff, 0xf9, 0x55, 0x50, 0x00, 0x00, 0x00, 0x00, 0x00, 0x00, 0x00, 0x00, 0x3b, 0xff, 0xc0, 0x7f, 0xe0,
    0x7f, 0xf7, 0xf8, 0xaa, 0xa0, 0x00, 0x00, 0x00, 0x00, 0x01, 0xf8, 0x00, 0x00, 0x37, 0xff, 0x80, 0x3f, 0xe0,
    0x7f, 0xf7, 0xf8, 0x5f, 0xa0, 0x00, 0x00, 0x00, 0x00, 0x00, 0x00, 0x00, 0x00, 0x37, 0xff, 0x00, 0x1f, 0xe0,
    0x7f, 0xdd, 0xf9, 0x20, 0x40, 0x00, 0x00, 0x00, 0x00, 0x00, 0xff, 0xfc, 0x00, 0x37, 0xff, 0x01, 0x1f, 0xe0,
    0x7f, 0xfd, 0xf8, 0xdd, 0xa0, 0x00, 0x00, 0x00, 0x00, 0x00, 0x00, 0x00, 0x00, 0x37, 0xff, 0x0f, 0xff, 0xe0,
    0x7f, 0xf7, 0xf8, 0xaf, 0xa0, 0x00, 0x00, 0x00, 0x3f, 0xf0, 0x00, 0x00, 0x00, 0x37, 0xfe, 0x1f, 0xff, 0xe0,
    0x7f, 0xf7, 0xf8, 0xb8, 0x50, 0x00, 0x00, 0x00, 0x00, 0x00, 0x00, 0x00, 0x00, 0x37, 0xff, 0x1f, 0xff, 0xe0,
    0x7f, 0xfd, 0xf9, 0x32, 0xb0, 0x00, 0x00, 0x00, 0x00, 0x00, 0x00, 0x07, 0xf0, 0x2f, 0xff, 0x1f, 0xff, 0xe0,
    0x7f, 0xfd, 0xf9, 0x6d, 0xd0, 0x00, 0x00, 0x00, 0x00, 0x00, 0x00, 0x00, 0x00, 0x2f, 0xff, 0x3f, 0xff, 0xe0,
    0x7f, 0xd7, 0xf9, 0xaa, 0x90, 0x00, 0x00, 0x00, 0x00, 0x00, 0xff, 0x80, 0x00, 0x2f, 0xff, 0x9f, 0xff, 0xe0,
    0x7f, 0xd7, 0xf8, 0x6f, 0xd0, 0x00, 0x00, 0x00, 0x00, 0x00, 0x00, 0x00, 0x00, 0x2f, 0xff, 0xdf, 0xff, 0xe0,
    0x7f, 0xff, 0xf0, 0x92, 0x90, 0x07, 0xfe, 0x00, 0x00, 0x00, 0x00, 0x00, 0x00, 0x2f, 0xff, 0xff, 0xff, 0xe0,
    0x7f, 0xff, 0xe0, 0x11, 0x20, 0x00, 0x00, 0x00, 0x00, 0x00, 0x00, 0x00, 0x00, 0x2f, 0xff, 0xff, 0xff, 0xe0,
    0x7f, 0xf7, 0xe8, 0xac, 0xc0, 0x00, 0x00, 0x00, 0x00, 0x01, 0xff, 0x00, 0x00, 0x1f, 0xff, 0xff, 0xff, 0xe0,
    0x7f, 0xf7, 0xe0, 0x0b, 0x00, 0x00, 0x00, 0x00, 0x00, 0x00, 0x00, 0x00, 0x00, 0x5f, 0xff, 0xff, 0xff, 0xe0,
    0x7f, 0xdf, 0xe8, 0x8f, 0xf8, 0x00, 0x00, 0x00, 0x00, 0x00, 0x00, 0x1f, 0xf8, 0x5f, 0xff, 0xff, 0xbf, 0xe0,
    0x7f, 0xdf, 0xa0, 0x08, 0x00, 0x00, 0x00, 0x00, 0x00, 0x00, 0x00, 0x00, 0x00, 0x5b, 0xff, 0xff, 0xff, 0xe0,
    0x7f, 0xf7, 0xa8, 0x90, 0x00, 0x00, 0x00, 0x00, 0x00, 0x3f, 0xf8, 0x00, 0x00, 0x5b, 0xff, 0xff, 0xff, 0xe0,
    0x7f, 0xff, 0xf1, 0xe0, 0x00, 0x00, 0x00, 0x00, 0x00, 0x00, 0x00, 0x00, 0x00, 0x5b, 0xff, 0xff, 0xff, 0xe0,
    0x7f, 0xfe, 0xf8, 0x30, 0x0f, 0xfe, 0x00, 0x00, 0x00, 0x00, 0x00, 0x00, 0x0e, 0xbb, 0xff, 0xff, 0xff, 0xe0,
    0x7f, 0xfe, 0xf8, 0x0f, 0xff, 0xff, 0xff, 0xce, 0x7f, 0xff, 0xfe, 0xf3, 0xff, 0xff, 0xff, 0xff, 0xff, 0xe0,
    0x7f, 0xdf, 0xf0, 0xa4, 0x07, 0xff, 0x00, 0x3f, 0x9f, 0xff, 0xf9, 0xfc, 0x00, 0xff, 0xff, 0xff, 0xff, 0xe0,
    0x7f, 0xdf, 0xd0, 0x07, 0xf9, 0xfc, 0xff, 0xff, 0xef, 0xc1, 0xf7, 0xff, 0xff, 0x7f, 0xff, 0xff, 0xff, 0xe0,
    0x7f, 0xff, 0xd2, 0xab, 0xbe, 0xfb, 0xff, 0xff, 0xf0, 0x3e, 0x0f, 0xff, 0xff, 0x9f, 0xff, 0xff, 0xff, 0xe0,
    0x7f, 0xff, 0xf0, 0x03, 0xdf, 0x07, 0xff, 0xff, 0xff, 0xff, 0xff, 0xff, 0xff, 0xef, 0xff, 0xff, 0xff, 0xe0,
    0x7f, 0xfb, 0xf2, 0xab, 0xff, 0xff, 0xff, 0xff, 0xff, 0xff, 0xff, 0xff, 0xff, 0xf7, 0xff, 0xff, 0xff, 0xe0,
    0x7f, 0xfb, 0xf0, 0x07, 0xfe, 0xff, 0xff, 0xff, 0xff, 0xff, 0x3f, 0xff, 0xff, 0xfa, 0x7f, 0xff, 0xfd, 0xe0,
    0x7f, 0xef, 0x7a, 0xa7, 0xed, 0xff, 0xff, 0xff, 0xff, 0xfe, 0xdf, 0xff, 0xff, 0xfb, 0xff, 0xff, 0xff, 0xe0,
    0x7f, 0xef, 0x7c, 0x1f, 0xf3, 0xff, 0xff, 0xff, 0xff, 0xff, 0xff, 0xff, 0xff, 0xfd, 0xff, 0xff, 0xff, 0xe0,
    0x7f, 0xff, 0xff, 0xff, 0xff, 0xff, 0xff, 0x3f, 0xff, 0xff, 0xef, 0xff, 0xff, 0xfd, 0xff, 0xff, 0xff, 0xe0,
    0x7f, 0xfd, 0xfe, 0xff, 0xff, 0xff, 0xff, 0xdf, 0xff, 0xfd, 0xff, 0xff, 0xff, 0xfd, 0x3f, 0xff, 0xff, 0xe0,
    0x7f, 0xff, 0xbe, 0xff, 0xff, 0xff, 0xfe, 0xff, 0xff, 0xfb, 0xff, 0xff, 0xff, 0xfd, 0xff, 0xff, 0xff, 0xe0,
    0x7f, 0xff, 0xbe, 0xff, 0xff, 0xff, 0xff, 0xff, 0xff, 0xff, 0xff, 0xff, 0xff, 0xfd, 0xff, 0xff, 0xff, 0xe0,
    0x7f, 0xfd, 0xfe, 0xff, 0xff, 0xff, 0xff, 0xef, 0xff, 0xff, 0xff, 0xff, 0xff, 0xfb, 0xff, 0xbf, 0xff, 0xe0,
    0x7f, 0xf7, 0xfe, 0xff, 0xff, 0xff, 0xfd, 0xff, 0xff, 0xff, 0xff, 0xff, 0xff, 0xf4, 0xff, 0xff, 0xff, 0xe0,
    0x7f, 0xff, 0xe2, 0xff, 0xff, 0xff, 0xff, 0xff, 0xff, 0xff, 0xff, 0xff, 0xff, 0xf7, 0xff, 0xff, 0xff, 0xe0,
    0x7f, 0xff, 0xf6, 0xff, 0xff, 0xff, 0xfb, 0xff, 0xff, 0xff, 0xff, 0xff, 0xff, 0xef, 0xff, 0xff, 0xff, 0xe0,
    0x7f, 0xfe, 0xfe, 0xff, 0xff, 0xff, 0xff, 0xff, 0xff, 0xff, 0xff, 0xff, 0xff, 0xef, 0xff, 0xff, 0xff, 0xe0,
    0x00, 0x00, 0x00, 0x00, 0x00, 0x00, 0x00, 0x00, 0x00, 0x00, 0x00, 0x00, 0x00, 0x00, 0x00, 0x00, 0x00, 0x00,
};

static const lv_img_dsc_t waterfall23 = {
    .header.cf = LV_IMG_CF_INDEXED_1BIT,
    .header.always_zero = 0,
    .header.reserved = 0,
    .header.w = 140,
    .header.h = 68,
    .data_size = 1232,
    .data = waterfall23_map,
};

static const LV_ATTRIBUTE_MEM_ALIGN LV_ATTRIBUTE_LARGE_CONST uint8_t waterfall24_map[] = {
#if CONFIG_NICE_VIEW_WIDGET_INVERTED
    0xff, 0xff, 0xff, 0xff, /*Color of index 0*/
    0x00, 0x00, 0x00, 0xff, /*Color of index 1*/
#else
    0x00, 0x00, 0x00, 0xff, /*Color of index 0*/
    0xff, 0xff, 0xff, 0xff, /*Color of index 1*/
#endif
    0x00, 0x00, 0x00, 0x00, 0x00, 0x00, 0x00, 0x00, 0x00, 0x00, 0x00, 0x00, 0x00, 0x00, 0x00, 0x00, 0x00, 0x00,
    0x7f, 0xff, 0xe2, 0xff, 0xff, 0xff, 0xff, 0xff, 0xff, 0xff, 0xff, 0xff, 0xff, 0xf7, 0xff, 0xff, 0xff, 0xe0,
    0x7f, 0xef, 0xfe, 0xff, 0xff, 0xff, 0xff, 0xfd, 0xff, 0xff, 0xff, 0xff, 0xff, 0xef, 0xff, 0xff, 0xff, 0xe0,
    0x7f, 0xef, 0xfe, 0xff, 0xff, 0xff, 0xff, 0xff, 0xff, 0xff, 0xff, 0xff, 0xff, 0xe9, 0xff, 0xff, 0xff, 0xe0,
    0x7f, 0xfd, 0x9c, 0xff, 0xff, 0xff, 0xff, 0xff, 0xef, 0xff, 0xff, 0xff, 0xff, 0xef, 0xff, 0xff, 0xff, 0xe0,
    0x7f, 0xfd, 0xbe, 0xff, 0xff, 0xff, 0xff, 0xfe, 0xff, 0xff, 0xef, 0xff, 0xff, 0xef, 0xff, 0xff, 0xff, 0xe0,
    0x7f, 0xff, 0xfe, 0xff, 0xff, 0xff, 0xff, 0xff, 0xdf, 0xff, 0xf7, 0xff, 0xff, 0xef, 0xff, 0xff, 0xfb, 0xe0,
    0x7f, 0xff, 0xfe, 0xff, 0xff, 0xff, 0xff, 0xff, 0x3f, 0xff, 0xff, 0xff, 0xff, 0xf4, 0xff, 0xff, 0xff, 0xe0,
    0x7f, 0xef, 0x7e, 0xff, 0xff, 0xff, 0xff, 0xff, 0xff, 0xff, 0xff, 0xbf, 0xff, 0xfb, 0xff, 0xff, 0xff, 0xe0,
    0x7f, 0xff, 0x7e, 0xff, 0xff, 0xf3, 0xff, 0xff, 0xff, 0xff, 0xfb, 0x7f, 0xff, 0xfb, 0xff, 0xff, 0xff, 0xe0,
    0x7f, 0xfb, 0xfe, 0xff, 0xff, 0xed, 0xff, 0xff, 0xff, 0xff, 0xfc, 0xff, 0xff, 0xfd, 0xff, 0xff, 0xff, 0xe0,
    0x7f, 0xfb, 0xe2, 0xff, 0xff, 0xff, 0xff, 0xff, 0xff, 0xff, 0xff, 0xff, 0xff, 0xfd, 0x3f, 0xff, 0xff, 0xe0,
    0x7f, 0xfe, 0xea, 0xff, 0xff, 0xfe, 0xff, 0xff, 0xff, 0xff, 0xff, 0xff, 0xff, 0xfd, 0xff, 0xff, 0xff, 0xe0,
    0x7f, 0xfe, 0xdd, 0x8f, 0xff, 0xdf, 0xff, 0xff, 0xff, 0xff, 0xff, 0xff, 0xff, 0xfd, 0xff, 0xff, 0xff, 0xe0,
    0x7f, 0xdf, 0xde, 0x7f, 0xff, 0xbf, 0xff, 0xff, 0xff, 0xff, 0xff, 0xff, 0xff, 0xfd, 0xff, 0xfb, 0xff, 0xe0,
    0x7f, 0xdf, 0xfd, 0x83, 0xff, 0xff, 0xff, 0xf7, 0xff, 0xff, 0xf1, 0xff, 0xff, 0xfa, 0x7f, 0xff, 0xff, 0xe0,
    0x7f, 0xf7, 0xfb, 0x28, 0xff, 0xff, 0xcf, 0x89, 0xff, 0xff, 0xce, 0x7f, 0xff, 0xf7, 0xff, 0xff, 0xff, 0xe0,
    0x7f, 0xf7, 0xba, 0x44, 0x63, 0xff, 0x30, 0x7e, 0xff, 0xff, 0xbf, 0x88, 0x3f, 0xe3, 0xff, 0xff, 0xff, 0xe0,
    0x7f, 0xff, 0xb8, 0xaa, 0x5c, 0xfe, 0xff, 0xff, 0x3e, 0x0f, 0x7f, 0xf7, 0xdf, 0xdf, 0xff, 0xff, 0xff, 0xe0,
    0x7f, 0xff, 0xb9, 0x55, 0x7f, 0x79, 0xff, 0xff, 0xc1, 0xf0, 0xff, 0xff, 0xe7, 0xbf, 0xff, 0xff, 0xff, 0xe0,
    0x7f, 0xfd, 0xf8, 0xaa, 0xa0, 0x00, 0x00, 0x00, 0x00, 0x3f, 0xf0, 0x00, 0x00, 0xbb, 0xff, 0xff, 0xff, 0xe0,
    0x7f, 0xfd, 0xf8, 0x44, 0x20, 0x00, 0x00, 0x00, 0x00, 0x00, 0x00, 0x00, 0x00, 0x37, 0xff, 0xff, 0xff, 0xe0,
    0x7f, 0xff, 0xf8, 0xaa, 0x78, 0x00, 0x00, 0x00, 0x00, 0x00, 0x00, 0x7f, 0xf8, 0x37, 0xff, 0xff, 0xff, 0xe0,
    0x7f, 0xff, 0xf9, 0x7f, 0x40, 0x00, 0x00, 0x00, 0x00, 0x00, 0x00, 0x00, 0x00, 0x37, 0xff, 0xff, 0xff, 0xe0,
    0x7f, 0xfd, 0xf8, 0xc0, 0xc0, 0x07, 0xf8, 0x00, 0x00, 0x00, 0x00, 0x00, 0x00, 0x77, 0xff, 0xff, 0xff, 0xe0,
    0x7f, 0xfd, 0x79, 0x9d, 0x40, 0x00, 0x00, 0x00, 0x00, 0x00, 0x00, 0x00, 0x00, 0x77, 0xff, 0xff, 0xfe, 0xe0,
    0x7f, 0xbf, 0x79, 0x2a, 0xbe, 0x00, 0x00, 0x00, 0x00, 0x00, 0x00, 0x00, 0xfe, 0x37, 0xff, 0xff, 0xff, 0xe0,
    0x7f, 0xbf, 0x78, 0x55, 0x50, 0x00, 0x00, 0x00, 0x00, 0x00, 0x00, 0x00, 0x00, 0x2f, 0xff, 0xff, 0xff, 0xe0,
    0x7f, 0xff, 0x78, 0xaa, 0x9f, 0xff, 0x00, 0x00, 0x00, 0x00, 0x00, 0x00, 0x0f, 0x2f, 0xff, 0xfb, 0xff, 0xe0,
    0x7f, 0xff, 0x78, 0xdd, 0xd0, 0x00, 0x00, 0x00, 0x00, 0x00, 0x00, 0x00, 0x00, 0x2f, 0xff, 0xc0, 0x7f, 0xe0,
    0x7f, 0xff, 0x78, 0xaa, 0x90, 0x00, 0x00, 0x00, 0x01, 0xf8, 0x00, 0x00, 0x00, 0x2f, 0xff, 0x80, 0x3f, 0xe0,
    0x7f, 0xff, 0xf8, 0x5f, 0xd0, 0x00, 0x00, 0x00, 0x00, 0x00, 0x00, 0x00, 0x00, 0x2f, 0xff, 0x00, 0x1f, 0xe0,
    0x7f, 0xbf, 0xf9, 0x30, 0x60, 0x00, 0x00, 0x00, 0x00, 0xff, 0xfc, 0x00, 0x00, 0x2f, 0xff, 0x01, 0x1f, 0xe0,
    0x7f, 0xbf, 0xf9, 0xed, 0xa0, 0x00, 0x00, 0x00, 0x00, 0x00, 0x00, 0x00, 0x00, 0x1f, 0xff, 0x0f, 0xff, 0xe0,
    0x7f, 0xff, 0xf0, 0x4a, 0xa0, 0x00, 0x00, 0x3f, 0xf0, 0x00, 0x00, 0x00, 0x00, 0x1f, 0xfe, 0x1f, 0xff, 0xe0,
    0x7f, 0xff, 0xe0, 0x37, 0x50, 0x00, 0x00, 0x00, 0x00, 0x00, 0x00, 0x00, 0x00, 0x1f, 0xff, 0x1f, 0xff, 0xe0,
    0x7f, 0xff, 0xc8, 0x9a, 0x90, 0x00, 0x00, 0x00, 0x00, 0x00, 0x07, 0xf0, 0x00, 0x1b, 0xff, 0x1f, 0xff, 0xe0,
    0x7f, 0xff, 0xc0, 0x1d, 0xd0, 0x00, 0x00, 0x00, 0x00, 0x00, 0x00, 0x00, 0x00, 0x1b, 0xff, 0x3f, 0xff, 0xe0,
    0x7f, 0xbf, 0x40, 0x1a, 0x90, 0x00, 0x00, 0x00, 0x00, 0xff, 0x80, 0x00, 0x00, 0x1b, 0xff, 0x9f, 0xff, 0xe0,
    0x7f, 0xbf, 0x41, 0xd7, 0x20, 0x00, 0x00, 0x00, 0x00, 0x00, 0x00, 0x00, 0x00, 0x3b, 0xff, 0xdf, 0xff, 0xe0,
    0x7f, 0xff, 0x68, 0x30, 0x47, 0xfe, 0x00, 0x00, 0x00, 0x00, 0x00, 0x00, 0x07, 0x3b, 0xff, 0xff, 0xff, 0xe0,
    0x7f, 0xff, 0x70, 0x0f, 0x80, 0x00, 0x00, 0x00, 0x00, 0x00, 0x00, 0x00, 0x00, 0x3b, 0xff, 0xff, 0xff, 0xe0,
    0x7f, 0xff, 0x70, 0xa8, 0x00, 0x00, 0x00, 0x00, 0x01, 0xff, 0x00, 0x00, 0x00, 0x37, 0xff, 0xff, 0xff, 0xe0,
    0x7f, 0xff, 0x60, 0x04, 0x00, 0x00, 0x00, 0x00, 0x00, 0x00, 0x00, 0x00, 0x00, 0x37, 0xff, 0xff, 0xff, 0xe0,
    0x7f, 0xbd, 0xe8, 0x84, 0x00, 0x00, 0x00, 0x00, 0x00, 0x00, 0x1f, 0xf8, 0x00, 0x37, 0xff, 0xff, 0xbf, 0xe0,
    0x7f, 0xbd, 0xe0, 0x04, 0x00, 0x00, 0x00, 0x00, 0x00, 0x00, 0x00, 0x00, 0x00, 0x77, 0xff, 0xff, 0xff, 0xe0,
    0x7f, 0xff, 0xe8, 0xa8, 0x00, 0x00, 0x00, 0x00, 0x3f, 0xf8, 0x00, 0x00, 0x00, 0x77, 0xff, 0xff, 0xff, 0xe0,
    0x7f, 0xf7, 0xf0, 0xe8, 0x00, 0x00, 0x00, 0x00, 0x00, 0x00, 0x00, 0x00, 0x00, 0x77, 0xff, 0xff, 0xff, 0xe0,
    0x7f, 0xfd, 0xf9, 0x1f, 0xfe, 0x00, 0x00, 0x00, 0x00, 0x00, 0x00, 0x0f, 0xfe, 0x6f, 0xff, 0xff, 0xff, 0xe0,
    0x7f, 0xff, 0xb8, 0x47, 0xff, 0xff, 0xff, 0xce, 0x7f, 0xff, 0xfe, 0xf3, 0xff, 0xff, 0xff, 0xff, 0xff, 0xe0,
    0x7f, 0xdf, 0xb8, 0xa4, 0x07, 0xff, 0x00, 0x3f, 0x9f, 0xff, 0xf9, 0xfc, 0x00, 0xff, 0xff, 0xff, 0xff, 0xe0,
    0x7f, 0xdf, 0xb0, 0x03, 0xf9, 0xfc, 0xff, 0xff, 0xef, 0xc1, 0xf7, 0xff, 0xff, 0x7f, 0xff, 0xff, 0xff, 0xe0,
    0x7f, 0xf7, 0xf2, 0xab, 0xbe, 0xfb, 0xff, 0xff, 0xf0, 0x3e, 0x0f, 0xff, 0xff, 0x9f, 0xff, 0xff, 0xff, 0xe0,
    0x7f, 0xf6, 0xf4, 0x43, 0xdf, 0x07, 0xff, 0xff, 0xff, 0xff, 0xff, 0xff, 0xff, 0xef, 0xff, 0xff, 0xff, 0xe0,
    0x7f, 0xff, 0xd2, 0xab, 0xff, 0xff, 0xff, 0xff, 0xff, 0xff, 0xff, 0xff, 0xff, 0xf7, 0xff, 0xff, 0xff, 0xe0,
    0x7f, 0xff, 0xd0, 0x03, 0xfe, 0xff, 0xff, 0xff, 0xff, 0xff, 0x3f, 0xff, 0xff, 0xfa, 0x7f, 0xff, 0xfd, 0xe0,
    0x7f, 0xde, 0xea, 0xa7, 0xed, 0xff, 0xff, 0xff, 0xff, 0xfe, 0xdf, 0xff, 0xff, 0xfb, 0xff, 0xff, 0xff, 0xe0,
    0x7f, 0xdf, 0xe4, 0x47, 0xf3, 0xff, 0xff, 0xff, 0xff, 0xff, 0xff, 0xff, 0xff, 0xfd, 0xff, 0xff, 0xff, 0xe0,
    0x7f, 0xfb, 0xff, 0x1f, 0xff, 0xff, 0xff, 0x3f, 0xff, 0xff, 0xef, 0xff, 0xff, 0xfd, 0xff, 0xff, 0xff, 0xe0,
    0x7f, 0xfb, 0xfe, 0xff, 0xff, 0xff, 0xff, 0xdf, 0xff, 0xfd, 0xff, 0xff, 0xff, 0xfd, 0x3f, 0xff, 0xff, 0xe0,
    0x7f, 0xff, 0x7e, 0xff, 0xff, 0xff, 0xfe, 0xff, 0xff, 0xfb, 0xff, 0xff, 0xff, 0xfd, 0xff, 0xff, 0xff, 0xe0,
    0x7f, 0xff, 0xfe, 0xff, 0xff, 0xff, 0xff, 0xff, 0xff, 0xff, 0xff, 0xff, 0xff, 0xfd, 0xff, 0xff, 0xff, 0xe0,
    0x7f, 0xef, 0xfe, 0xff, 0xff, 0xff, 0xff, 0xef, 0xff, 0xff, 0xff, 0xff, 0xff, 0xfb, 0xff, 0xbf, 0xff, 0xe0,
    0x7f, 0xef, 0xfe, 0xff, 0xff, 0xff, 0xfd, 0xff, 0xff, 0xff, 0xff, 0xff, 0xff, 0xf4, 0xff, 0xff, 0xff, 0xe0,
    0x7f, 0xfd, 0x9c, 0xff, 0xff, 0xff, 0xff, 0xff, 0xff, 0xff, 0xff, 0xff, 0xff, 0xf7, 0xff, 0xff, 0xff, 0xe0,
    0x7f, 0xfd, 0xdc, 0xff, 0xff, 0xff, 0xfb, 0xff, 0xff, 0xff, 0xff, 0xff, 0xff, 0xef, 0xff, 0xff, 0xff, 0xe0,
    0x7f, 0xff, 0xfe, 0xff, 0xff, 0xff, 0xff, 0xff, 0xff, 0xff, 0xff, 0xff, 0xff, 0xef, 0xff, 0xff, 0xff, 0xe0,
    0x00, 0x00, 0x00, 0x00, 0x00, 0x00, 0x00, 0x00, 0x00, 0x00, 0x00, 0x00, 0x00, 0x00, 0x00, 0x00, 0x00, 0x00,
};

static const lv_img_dsc_t waterfall24 = {
    .header.cf = LV_IMG_CF_INDEXED_1BIT,
    .header.always_zero = 0,
    .header.reserved = 0,
    .header.w = 140,
    .header.h = 68,
    .data_size = 1232,
    .data = waterfall24_map,
};

static const LV_ATTRIBUTE_MEM_ALIGN LV_ATTRIBUTE_LARGE_CONST uint8_t waterfall25_map[] = {
#if CONFIG_NICE_VIEW_WIDGET_INVERTED
    0xff, 0xff, 0xff, 0xff, /*Color of index 0*/
    0x00, 0x00, 0x00, 0xff, /*Color of index 1*/
#else
    0x00, 0x00, 0x00, 0xff, /*Color of index 0*/
    0xff, 0xff, 0xff, 0xff, /*Color of index 1*/
#endif
    0x00, 0x00, 0x00, 0x00, 0x00, 0x00, 0x00, 0x00, 0x00, 0x00, 0x00, 0x00, 0x00, 0x00, 0x00, 0x00, 0x00, 0x00,
    0x7f, 0xff, 0xdc, 0xff, 0xff, 0xff, 0xff, 0xff, 0xff, 0xff, 0xff, 0xff, 0xff, 0xf7, 0xff, 0xff, 0xff, 0xe0,
    0x7f, 0xff, 0xfe, 0xff, 0xff, 0xff, 0xff, 0xfd, 0xff, 0xff, 0xff, 0xff, 0xff, 0xef, 0xff, 0xff, 0xff, 0xe0,
    0x7f, 0xff, 0xfe, 0xff, 0xff, 0xff, 0xff, 0xff, 0xff, 0xff, 0xff, 0xff, 0xff, 0xe9, 0xff, 0xff, 0xff, 0xe0,
    0x7f, 0xfb, 0x7e, 0xff, 0xff, 0xff, 0xff, 0xff, 0xef, 0xff, 0xff, 0xff, 0xff, 0xef, 0xff, 0xff, 0xff, 0xe0,
    0x7f, 0xfb, 0x7e, 0xff, 0xff, 0xff, 0xff, 0xfe, 0xff, 0xff, 0xef, 0xff, 0xff, 0xef, 0xff, 0xff, 0xff, 0xe0,
    0x7f, 0xff, 0xfe, 0xff, 0xff, 0xff, 0xff, 0xff, 0xdf, 0xff, 0xf7, 0xff, 0xff, 0xef, 0xff, 0xff, 0xfb, 0xe0,
    0x7f, 0xff, 0xfe, 0xff, 0xff, 0xff, 0xff, 0xff, 0x3f, 0xff, 0xff, 0xff, 0xff, 0xf4, 0xff, 0xff, 0xff, 0xe0,
    0x7f, 0xfe, 0xf6, 0xff, 0xff, 0xff, 0xff, 0xff, 0xff, 0xff, 0xff, 0xbf, 0xff, 0xfb, 0xff, 0xff, 0xff, 0xe0,
    0x7f, 0xfe, 0xe2, 0xff, 0xff, 0xf3, 0xff, 0xff, 0xff, 0xff, 0xfb, 0x7f, 0xff, 0xfb, 0xff, 0xff, 0xff, 0xe0,
    0x7f, 0xf7, 0xc8, 0xff, 0xff, 0xed, 0xff, 0xff, 0xff, 0xff, 0xfc, 0xff, 0xff, 0xfd, 0xff, 0xff, 0xff, 0xe0,
    0x7f, 0xf7, 0xdc, 0xff, 0xff, 0xff, 0xff, 0xff, 0xff, 0xff, 0xff, 0xff, 0xff, 0xfd, 0x3f, 0xff, 0xff, 0xe0,
    0x7f, 0xff, 0xff, 0x87, 0xff, 0xfe, 0xff, 0xff, 0xff, 0xff, 0xff, 0xff, 0xff, 0xfd, 0xff, 0xff, 0xff, 0xe0,
    0x7f, 0xff, 0xfe, 0x41, 0xff, 0xdf, 0xff, 0xff, 0xff, 0xff, 0xff, 0xff, 0xff, 0xfd, 0xff, 0xff, 0xff, 0xe0,
    0x7f, 0xff, 0xbc, 0xbe, 0xff, 0xbf, 0xff, 0xff, 0xff, 0xff, 0xff, 0xff, 0xff, 0xfd, 0xff, 0xfb, 0xff, 0xe0,
    0x7f, 0xff, 0xbd, 0xc1, 0xff, 0xff, 0xff, 0xf7, 0xff, 0xff, 0xf1, 0xff, 0xff, 0xfa, 0x7f, 0xff, 0xff, 0xe0,
    0x7f, 0xfd, 0xfb, 0x2a, 0xff, 0xff, 0xcf, 0x89, 0xff, 0xff, 0xce, 0x7f, 0xff, 0xf7, 0xff, 0xff, 0xff, 0xe0,
    0x7f, 0xfd, 0xfa, 0x55, 0x63, 0xff, 0x30, 0x7e, 0xff, 0xff, 0xbf, 0x88, 0x3f, 0xe3, 0xff, 0xff, 0xff, 0xe0,
    0x7f, 0xff, 0xf8, 0xaa, 0xbc, 0xfe, 0xff, 0xff, 0x3e, 0x0f, 0x7f, 0xf7, 0xdf, 0xdf, 0xff, 0xff, 0xff, 0xe0,
    0x7f, 0xff, 0x69, 0x55, 0x3f, 0x79, 0xff, 0xff, 0xc1, 0xf0, 0xff, 0xff, 0xe7, 0xbf, 0xff, 0xff, 0xff, 0xe0,
    0x7f, 0xff, 0x78, 0xaa, 0xa0, 0x00, 0x00, 0x00, 0x3f, 0xf0, 0x00, 0x00, 0x00, 0x6f, 0xff, 0xff, 0xff, 0xe0,
    0x7f, 0xff, 0x79, 0x55, 0x20, 0x00, 0x00, 0x00, 0x00, 0x00, 0x00, 0x00, 0x00, 0x6f, 0xff, 0xff, 0xff, 0xe0,
    0x7f, 0xef, 0x78, 0xaa, 0xa0, 0x00, 0x00, 0x00, 0x00, 0x00, 0x7f, 0xf8, 0x00, 0x6f, 0xff, 0xff, 0xff, 0xe0,
    0x7f, 0xef, 0xf8, 0x55, 0x20, 0x00, 0x00, 0x00, 0x00, 0x00, 0x00, 0x00, 0x00, 0x6f, 0xff, 0xff, 0xff, 0xe0,
    0x7f, 0xff, 0xd8, 0xbf, 0x47, 0xf8, 0x00, 0x00, 0x00, 0x00, 0x00, 0x00, 0x07, 0x5f, 0xff, 0xff, 0xff, 0xe0,
    0x7f, 0xfb, 0xd9, 0x60, 0xc0, 0x00, 0x00, 0x00, 0x00, 0x00, 0x00, 0x00, 0x00, 0x5f, 0xff, 0xff, 0xfe, 0xe0,
    0x7f, 0xff, 0xf8, 0xca, 0x40, 0x00, 0x00, 0x00, 0x00, 0x00, 0x00, 0xfe, 0x00, 0x1f, 0xff, 0xff, 0xff, 0xe0,
    0x7f, 0xff, 0xf8, 0x95, 0x20, 0x00, 0x00, 0x00, 0x00, 0x00, 0x00, 0x00, 0x00, 0x1b, 0xff, 0xff, 0xff, 0xe0,
    0x7f, 0xeb, 0xf8, 0xaa, 0x9f, 0x00, 0x00, 0x00, 0x00, 0x00, 0x00, 0x0f, 0xff, 0x1b, 0xff, 0xfb, 0xff, 0xe0,
    0x7f, 0xeb, 0xf9, 0x5d, 0xd0, 0x00, 0x00, 0x00, 0x00, 0x00, 0x00, 0x00, 0x00, 0x1b, 0xff, 0xc0, 0x7f, 0xe0,
    0x7f, 0xff, 0xf9, 0x2a, 0x90, 0x00, 0x00, 0x01, 0xf8, 0x00, 0x00, 0x00, 0x00, 0x3b, 0xff, 0x80, 0x3f, 0xe0,
    0x7f, 0xff, 0xf9, 0x57, 0xd0, 0x00, 0x00, 0x00, 0x00, 0x00, 0x00, 0x00, 0x00, 0x3b, 0xff, 0x00, 0x1f, 0xe0,
    0x7f, 0xfb, 0xf9, 0xa8, 0x50, 0x00, 0x00, 0x00, 0xff, 0xfc, 0x00, 0x00, 0x00, 0x3b, 0xff, 0x01, 0x1f, 0xe0,
    0x7f, 0xfb, 0xf8, 0x75, 0xa0, 0x00, 0x00, 0x00, 0x00, 0x00, 0x00, 0x00, 0x00, 0x37, 0xff, 0x0f, 0xff, 0xe0,
    0x7f, 0xef, 0xf0, 0x9a, 0x90, 0x00, 0x3f, 0xf0, 0x00, 0x00, 0x00, 0x00, 0x00, 0x37, 0xfe, 0x1f, 0xff, 0xe0,
    0x7f, 0xef, 0xe0, 0x1f, 0xd0, 0x00, 0x00, 0x00, 0x00, 0x00, 0x00, 0x00, 0x00, 0x37, 0xff, 0x1f, 0xff, 0xe0,
    0x7f, 0xfb, 0xe8, 0x8a, 0x90, 0x00, 0x00, 0x00, 0x00, 0x07, 0xf0, 0x00, 0x00, 0x37, 0xff, 0x1f, 0xff, 0xe0,
    0x7f, 0xfb, 0xc0, 0x0d, 0xd0, 0x00, 0x00, 0x00, 0x00, 0x00, 0x00, 0x00, 0x00, 0x37, 0xff, 0x3f, 0xff, 0xe0,
    0x7f, 0xff, 0xe8, 0xaa, 0xa0, 0x00, 0x00, 0x00, 0xff, 0x80, 0x00, 0x00, 0x00, 0x37, 0xff, 0x9f, 0xff, 0xe0,
    0x7f, 0xff, 0xe0, 0x18, 0x40, 0x00, 0x00, 0x00, 0x00, 0x00, 0x00, 0x00, 0x00, 0x2f, 0xff, 0xdf, 0xff, 0xe0,
    0x7f, 0xeb, 0xe1, 0xf7, 0xfe, 0x00, 0x00, 0x00, 0x00, 0x00, 0x00, 0x07, 0xfe, 0x2f, 0xff, 0xff, 0xff, 0xe0,
    0x7f, 0xeb, 0xf8, 0x10, 0x00, 0x00, 0x00, 0x00, 0x00, 0x00, 0x00, 0x00, 0x00, 0x2f, 0xff, 0xff, 0xff, 0xe0,
    0x7f, 0xff, 0xf8, 0xa8, 0x00, 0x00, 0x00, 0x01, 0xff, 0x00, 0x00, 0x00, 0x00, 0x2f, 0xff, 0xff, 0xff, 0xe0,
    0x7f, 0xff, 0xd0, 0x04, 0x00, 0x00, 0x00, 0x00, 0x00, 0x00, 0x00, 0x00, 0x00, 0x6f, 0xff, 0xff, 0xff, 0xe0,
    0x7f, 0xff, 0xd0, 0xa4, 0x00, 0x00, 0x00, 0x00, 0x00, 0x1f, 0xf8, 0x00, 0x00, 0x6f, 0xff, 0xff, 0xbf, 0xe0,
    0x7f, 0xff, 0xe0, 0x04, 0x00, 0x00, 0x00, 0x00, 0x00, 0x00, 0x00, 0x00, 0x00, 0x5f, 0xff, 0xff, 0xff, 0xe0,
    0x7f, 0xef, 0x68, 0xa4, 0x00, 0x00, 0x00, 0x3f, 0xf8, 0x00, 0x00, 0x00, 0x00, 0x5f, 0xff, 0xff, 0xff, 0xe0,
    0x7f, 0xef, 0x71, 0xf4, 0x00, 0x00, 0x00, 0x00, 0x00, 0x00, 0x00, 0x00, 0x00, 0x5f, 0xff, 0xff, 0xff, 0xe0,
    0x7f, 0xff, 0x70, 0x0e, 0x00, 0x00, 0x00, 0x00, 0x00, 0x00, 0x0f, 0xfe, 0x00, 0xdb, 0xff, 0xff, 0xff, 0xe0,
    0x7f, 0xff, 0x68, 0x43, 0xff, 0xff, 0xff, 0xce, 0x7f, 0xff, 0xfe, 0xf3, 0xff, 0xff, 0xff, 0xff, 0xff, 0xe0,
    0x7f, 0xff, 0xf8, 0xaa, 0x07, 0xff, 0x00, 0x3f, 0x9f, 0xff, 0xf9, 0xfc, 0x00, 0xff, 0xff, 0xff, 0xff, 0xe0,
    0x7f, 0xff, 0xf8, 0x01, 0xf9, 0xfc, 0xff, 0xff, 0xef, 0xc1, 0xf7, 0xff, 0xff, 0x7f, 0xff, 0xff, 0xff, 0xe0,
    0x7f, 0xfd, 0xf2, 0xa9, 0xbe, 0xfb, 0xff, 0xff, 0xf0, 0x3e, 0x0f, 0xff, 0xff, 0x9f, 0xff, 0xff, 0xff, 0xe0,
    0x7f, 0xf5, 0xb4, 0x45, 0xdf, 0x07, 0xff, 0xff, 0xff, 0xff, 0xff, 0xff, 0xff, 0xef, 0xff, 0xff, 0xff, 0xe0,
    0x7f, 0xff, 0xb2, 0xa9, 0xff, 0xff, 0xff, 0xff, 0xff, 0xff, 0xff, 0xff, 0xff, 0xf7, 0xff, 0xff, 0xff, 0xe0,
    0x7f, 0xff, 0xf8, 0x01, 0xfe, 0xff, 0xff, 0xff, 0xff, 0xff, 0x3f, 0xff, 0xff, 0xfa, 0x7f, 0xff, 0xfd, 0xe0,
    0x7f, 0xff, 0xfa, 0xab, 0xed, 0xff, 0xff, 0xff, 0xff, 0xfe, 0xdf, 0xff, 0xff, 0xfb, 0xff, 0xff, 0xff, 0xe0,
    0x7f, 0xfe, 0xdc, 0x47, 0xf3, 0xff, 0xff, 0xff, 0xff, 0xff, 0xff, 0xff, 0xff, 0xfd, 0xff, 0xff, 0xff, 0xe0,
    0x7f, 0xf7, 0xcb, 0x1f, 0xff, 0xff, 0xff, 0x3f, 0xff, 0xff, 0xef, 0xff, 0xff, 0xfd, 0xff, 0xff, 0xff, 0xe0,
    0x7f, 0xf7, 0xe2, 0xff, 0xff, 0xff, 0xff, 0xdf, 0xff, 0xfd, 0xff, 0xff, 0xff, 0xfd, 0x3f, 0xff, 0xff, 0xe0,
    0x7f, 0xfe, 0xf6, 0xff, 0xff, 0xff, 0xfe, 0xff, 0xff, 0xfb, 0xff, 0xff, 0xff, 0xfd, 0xff, 0xff, 0xff, 0xe0,
    0x7f, 0xff, 0xfe, 0xff, 0xff, 0xff, 0xff, 0xff, 0xff, 0xff, 0xff, 0xff, 0xff, 0xfd, 0xff, 0xff, 0xff, 0xe0,
    0x7f, 0xff, 0xfe, 0xff, 0xff, 0xff, 0xff, 0xef, 0xff, 0xff, 0xff, 0xff, 0xff, 0xfb, 0xff, 0xbf, 0xff, 0xe0,
    0x7f, 0xff, 0xfe, 0xff, 0xff, 0xff, 0xfd, 0xff, 0xff, 0xff, 0xff, 0xff, 0xff, 0xf4, 0xff, 0xff, 0xff, 0xe0,
    0x7f, 0xfb, 0x7e, 0xff, 0xff, 0xff, 0xff, 0xff, 0xff, 0xff, 0xff, 0xff, 0xff, 0xf7, 0xff, 0xff, 0xff, 0xe0,
    0x7f, 0xfb, 0xbe, 0xff, 0xff, 0xff, 0xfb, 0xff, 0xff, 0xff, 0xff, 0xff, 0xff, 0xef, 0xff, 0xff, 0xff, 0xe0,
    0x7f, 0xff, 0xfe, 0xff, 0xff, 0xff, 0xff, 0xff, 0xff, 0xff, 0xff, 0xff, 0xff, 0xef, 0xff, 0xff, 0xff, 0xe0,
    0x00, 0x00, 0x00, 0x00, 0x00, 0x00, 0x00, 0x00, 0x00, 0x00, 0x00, 0x00, 0x00, 0x00, 0x00, 0x00, 0x00, 0x00,
};

static const lv_img_dsc_t waterfall25 = {
    .header.cf = LV_IMG_CF_INDEXED_1BIT,
    .header.always_zero = 0,
    .header.reserved = 0,
    .header.w = 140,
    .header.h = 68,
    .data_size = 1232,
    .data = waterfall25_map,
};

static const LV_ATTRIBUTE_MEM_ALIGN LV_ATTRIBUTE_LARGE_CONST uint8_t waterfall26_map[] = {
#if CONFIG_NICE_VIEW_WIDGET_INVERTED
    0xff, 0xff, 0xff, 0xff, /*Color of index 0*/
    0x00, 0x00, 0x00, 0xff, /*Color of index 1*/
#else
    0x00, 0x00, 0x00, 0xff, /*Color of index 0*/
    0xff, 0xff, 0xff, 0xff, /*Color of index 1*/
#endif
    0x00, 0x00, 0x00, 0x00, 0x00, 0x00, 0x00, 0x00, 0x00, 0x00, 0x00, 0x00, 0x00, 0x00, 0x00, 0x00, 0x00, 0x00,
    0x7f, 0xff, 0x3e, 0xff, 0xff, 0xff, 0xff, 0xff, 0xff, 0xff, 0xff, 0xff, 0xff, 0xf7, 0xff, 0xff, 0xff, 0xe0,
    0x7f, 0xff, 0xfe, 0xff, 0xff, 0xff, 0xff, 0xfd, 0xff, 0xff, 0xff, 0xff, 0xff, 0xef, 0xff, 0xff, 0xff, 0xe0,
    0x7f, 0xff, 0xfe, 0xff, 0xff, 0xff, 0xff, 0xff, 0xff, 0xff, 0xff, 0xff, 0xff, 0xe9, 0xff, 0xff, 0xff, 0xe0,
    0x7f, 0xff, 0xfe, 0xff, 0xff, 0xff, 0xff, 0xff, 0xef, 0xff, 0xff, 0xff, 0xff, 0xef, 0xff, 0xff, 0xff, 0xe0,
    0x7f, 0xf6, 0xfe, 0xff, 0xff, 0xff, 0xff, 0xfe, 0xff, 0xff, 0xef, 0xff, 0xff, 0xef, 0xff, 0xff, 0xff, 0xe0,
    0x7f, 0xff, 0xe2, 0xff, 0xff, 0xff, 0xff, 0xff, 0xdf, 0xff, 0xf7, 0xff, 0xff, 0xef, 0xff, 0xff, 0xfb, 0xe0,
    0x7f, 0xff, 0xe2, 0xff, 0xff, 0xff, 0xff, 0xff, 0x3f, 0xff, 0xff, 0xff, 0xff, 0xf4, 0xff, 0xff, 0xff, 0xe0,
    0x7f, 0xff, 0xdc, 0xff, 0xff, 0xff, 0xff, 0xff, 0xff, 0xff, 0xff, 0xbf, 0xff, 0xfb, 0xff, 0xff, 0xff, 0xe0,
    0x7f, 0xff, 0xdc, 0xff, 0xff, 0xf3, 0xff, 0xff, 0xff, 0xff, 0xfb, 0x7f, 0xff, 0xfb, 0xff, 0xff, 0xff, 0xe0,
    0x7f, 0xff, 0xbe, 0xff, 0xff, 0xed, 0xff, 0xff, 0xff, 0xff, 0xfc, 0xff, 0xff, 0xfd, 0xff, 0xff, 0xff, 0xe0,
    0x7f, 0xff, 0xbe, 0xc3, 0xff, 0xff, 0xff, 0xff, 0xff, 0xff, 0xff, 0xff, 0xff, 0xfd, 0x3f, 0xff, 0xff, 0xe0,
    0x7f, 0xfd, 0xbf, 0x29, 0xff, 0xfe, 0xff, 0xff, 0xff, 0xff, 0xff, 0xff, 0xff, 0xfd, 0xff, 0xff, 0xff, 0xe0,
    0x7f, 0xfd, 0xfe, 0x44, 0xff, 0xdf, 0xff, 0xff, 0xff, 0xff, 0xff, 0xff, 0xff, 0xfd, 0xff, 0xff, 0xff, 0xe0,
    0x7f, 0xff, 0xfc, 0xae, 0x7f, 0xbf, 0xff, 0xff, 0xff, 0xff, 0xff, 0xff, 0xff, 0xfd, 0xff, 0xfb, 0xff, 0xe0,
    0x7f, 0xff, 0x75, 0x73, 0x7f, 0xff, 0xff, 0xf7, 0xff, 0xff, 0xf1, 0xff, 0xff, 0xfa, 0x7f, 0xff, 0xff, 0xe0,
    0x7f, 0xef, 0x64, 0x88, 0xff, 0xff, 0xcf, 0x89, 0xff, 0xff, 0xce, 0x7f, 0xff, 0xf7, 0xff, 0xff, 0xff, 0xe0,
    0x7f, 0xeb, 0x6d, 0x5d, 0x63, 0xff, 0x30, 0x7e, 0xff, 0xff, 0xbf, 0x88, 0x3f, 0xe3, 0xff, 0xff, 0xff, 0xe0,
    0x7f, 0xff, 0xf8, 0xaa, 0xbc, 0xfe, 0xff, 0xff, 0x3e, 0x0f, 0x7f, 0xf7, 0xdf, 0xdf, 0xff, 0xff, 0xff, 0xe0,
    0x7f, 0xff, 0xf8, 0x55, 0x5f, 0x79, 0xff, 0xff, 0xc1, 0xf0, 0xff, 0xff, 0xe7, 0xbf, 0xff, 0xff, 0xff, 0xe0,
    0x7f, 0xfb, 0xd8, 0xaa, 0x90, 0x00, 0x00, 0x3f, 0xf0, 0x00, 0x00, 0x00, 0x00, 0xdb, 0xff, 0xff, 0xff, 0xe0,
    0x7f, 0xfb, 0xf8, 0xdd, 0xd0, 0x00, 0x00, 0x00, 0x00, 0x00, 0x00, 0x00, 0x00, 0x3b, 0xff, 0xff, 0xff, 0xe0,
    0x7f, 0xff, 0xf8, 0xaa, 0x90, 0x00, 0x00, 0x00, 0x00, 0x7f, 0xf8, 0x00, 0x00, 0x3b, 0xff, 0xff, 0xff, 0xe0,
    0x7f, 0xfe, 0xf8, 0x55, 0x50, 0x00, 0x00, 0x00, 0x00, 0x00, 0x00, 0x00, 0x00, 0x3b, 0xff, 0xff, 0xff, 0xe0,
    0x7f, 0xfe, 0xf8, 0xaa, 0xb8, 0x00, 0x00, 0x00, 0x00, 0x00, 0x00, 0x07, 0xf8, 0x37, 0xff, 0xff, 0xff, 0xe0,
    0x7f, 0xfe, 0xf9, 0x5f, 0xa0, 0x00, 0x00, 0x00, 0x00, 0x00, 0x00, 0x00, 0x00, 0x37, 0xff, 0xff, 0xfe, 0xe0,
    0x7f, 0xfe, 0xf8, 0x99, 0xc0, 0x00, 0x00, 0x00, 0x00, 0x00, 0xfe, 0x00, 0x00, 0x37, 0xff, 0xff, 0xff, 0xe0,
    0x7f, 0xfe, 0xf8, 0x66, 0x40, 0x00, 0x00, 0x00, 0x00, 0x00, 0x00, 0x00, 0x00, 0x37, 0xff, 0xff, 0xff, 0xe0,
    0x7f, 0xde, 0xb8, 0xca, 0xa0, 0x00, 0x00, 0x00, 0x00, 0x00, 0x0f, 0xff, 0x00, 0x37, 0xff, 0xfb, 0xff, 0xe0,
    0x7f, 0xdf, 0xb8, 0x5d, 0xd0, 0x00, 0x00, 0x00, 0x00, 0x00, 0x00, 0x00, 0x00, 0x37, 0xff, 0xc0, 0x7f, 0xe0,
    0x7f, 0xff, 0xb8, 0xaa, 0x90, 0x00, 0x01, 0xf8, 0x00, 0x00, 0x00, 0x00, 0x00, 0x2f, 0xff, 0x80, 0x3f, 0xe0,
    0x7f, 0xff, 0xb8, 0xb7, 0xd0, 0x00, 0x00, 0x00, 0x00, 0x00, 0x00, 0x00, 0x00, 0x2f, 0xff, 0x00, 0x1f, 0xe0,
    0x7f, 0xff, 0xb9, 0xe8, 0x30, 0x00, 0x00, 0xff, 0xfc, 0x00, 0x00, 0x00, 0x00, 0x2f, 0xff, 0x01, 0x1f, 0xe0,
    0x7f, 0xff, 0xb8, 0x35, 0xd0, 0x00, 0x00, 0x00, 0x00, 0x00, 0x00, 0x00, 0x00, 0x2f, 0xff, 0x0f, 0xff, 0xe0,
    0x7f, 0xdf, 0xb0, 0x92, 0x90, 0x3f, 0xf0, 0x00, 0x00, 0x00, 0x00, 0x00, 0x00, 0x2f, 0xfe, 0x1f, 0xff, 0xe0,
    0x7f, 0xdf, 0xa0, 0x0f, 0xd0, 0x00, 0x00, 0x00, 0x00, 0x00, 0x00, 0x00, 0x00, 0x2f, 0xff, 0x1f, 0xff, 0xe0,
    0x7f, 0xff, 0xa8, 0x8a, 0x90, 0x00, 0x00, 0x00, 0x07, 0xf0, 0x00, 0x00, 0x00, 0x1f, 0xff, 0x1f, 0xff, 0xe0,
    0x7f, 0xff, 0xa0, 0x04, 0x20, 0x00, 0x00, 0x00, 0x00, 0x00, 0x00, 0x00, 0x00, 0x1f, 0xff, 0x3f, 0xff, 0xe0,
    0x7f, 0xff, 0xa8, 0xaf, 0xc0, 0x00, 0x00, 0xff, 0x80, 0x00, 0x00, 0x00, 0x00, 0x1f, 0xff, 0x9f, 0xff, 0xe0,
    0x7f, 0xff, 0xa0, 0x08, 0x00, 0x00, 0x00, 0x00, 0x00, 0x00, 0x00, 0x00, 0x00, 0x1b, 0xff, 0xdf, 0xff, 0xe0,
    0x7f, 0xde, 0xb0, 0xce, 0x00, 0x00, 0x00, 0x00, 0x00, 0x00, 0x07, 0xfe, 0x00, 0x1b, 0xff, 0xff, 0xff, 0xe0,
    0x7f, 0xde, 0xf9, 0x30, 0x00, 0x00, 0x00, 0x00, 0x00, 0x00, 0x00, 0x00, 0x00, 0x1b, 0xff, 0xff, 0xff, 0xe0,
    0x7f, 0xfe, 0xf8, 0x88, 0x00, 0x00, 0x01, 0xff, 0x00, 0x00, 0x00, 0x00, 0x00, 0x3b, 0xff, 0xff, 0xff, 0xe0,
    0x7f, 0xfe, 0xf8, 0x04, 0x00, 0x00, 0x00, 0x00, 0x00, 0x00, 0x00, 0x00, 0x00, 0x3b, 0xff, 0xff, 0xff, 0xe0,
    0x7f, 0xfe, 0xf0, 0xaa, 0x00, 0x00, 0x00, 0x00, 0x1f, 0xf8, 0x00, 0x00, 0x00, 0x3b, 0xff, 0xff, 0xbf, 0xe0,
    0x7f, 0xfa, 0xf0, 0x42, 0x00, 0x00, 0x00, 0x00, 0x00, 0x00, 0x00, 0x00, 0x00, 0x37, 0xff, 0xff, 0xff, 0xe0,
    0x7f, 0xff, 0xf0, 0xfa, 0x00, 0x00, 0x3f, 0xf8, 0x00, 0x00, 0x00, 0x00, 0x00, 0x37, 0xff, 0xff, 0xff, 0xe0,
    0x7f, 0xff, 0xf1, 0x8e, 0x00, 0x00, 0x00, 0x00, 0x00, 0x00, 0x00, 0x00, 0x00, 0x37, 0xff, 0xff, 0xff, 0xe0,
    0x7f, 0xfb, 0xd0, 0x22, 0x00, 0x00, 0x00, 0x00, 0x00, 0x0f, 0xfe, 0x00, 0x00, 0x77, 0xff, 0xff, 0xff, 0xe0,
    0x7f, 0xfb, 0xf8, 0x45, 0xff, 0xff, 0xff, 0xce, 0x7f, 0xff, 0xfe, 0xf3, 0xff, 0xff, 0xff, 0xff, 0xff, 0xe0,
    0x7f, 0xff, 0xf8, 0xa9, 0x07, 0xff, 0x00, 0x3f, 0x9f, 0xff, 0xf9, 0xfc, 0x00, 0xff, 0xff, 0xff, 0xff, 0xe0,
    0x7f, 0xff, 0x69, 0x10, 0xf9, 0xfc, 0xff, 0xff, 0xef, 0xc1, 0xf7, 0xff, 0xff, 0x7f, 0xff, 0xff, 0xff, 0xe0,
    0x7f, 0xef, 0x6a, 0xaa, 0xbe, 0xfb, 0xff, 0xff, 0xf0, 0x3e, 0x0f, 0xff, 0xff, 0x9f, 0xff, 0xff, 0xff, 0xe0,
    0x7f, 0xef, 0x78, 0x44, 0xdf, 0x07, 0xff, 0xff, 0xff, 0xff, 0xff, 0xff, 0xff, 0xef, 0xff, 0xff, 0xff, 0xe0,
    0x7f, 0xff, 0xfa, 0xaa, 0xff, 0xff, 0xff, 0xff, 0xff, 0xff, 0xff, 0xff, 0xff, 0xf7, 0xff, 0xff, 0xff, 0xe0,
    0x7f, 0xff, 0xf9, 0x11, 0xfe, 0xff, 0xff, 0xff, 0xff, 0xff, 0x3f, 0xff, 0xff, 0xfa, 0x7f, 0xff, 0xfd, 0xe0,
    0x7f, 0xfd, 0xbc, 0xab, 0xed, 0xff, 0xff, 0xff, 0xff, 0xfe, 0xdf, 0xff, 0xff, 0xfb, 0xff, 0xff, 0xff, 0xe0,
    0x7f, 0xfd, 0xbe, 0x07, 0xf3, 0xff, 0xff, 0xff, 0xff, 0xff, 0xff, 0xff, 0xff, 0xfd, 0xff, 0xff, 0xff, 0xe0,
    0x7f, 0xff, 0xbf, 0xff, 0xff, 0xff, 0xff, 0x3f, 0xff, 0xff, 0xef, 0xff, 0xff, 0xfd, 0xff, 0xff, 0xff, 0xe0,
    0x7f, 0xf7, 0xdc, 0xff, 0xff, 0xff, 0xff, 0xdf, 0xff, 0xfd, 0xff, 0xff, 0xff, 0xfd, 0x3f, 0xff, 0xff, 0xe0,
    0x7f, 0xff, 0xdc, 0xff, 0xff, 0xff, 0xfe, 0xff, 0xff, 0xfb, 0xff, 0xff, 0xff, 0xfd, 0xff, 0xff, 0xff, 0xe0,
    0x7f, 0xfe, 0xe2, 0xff, 0xff, 0xff, 0xff, 0xff, 0xff, 0xff, 0xff, 0xff, 0xff, 0xfd, 0xff, 0xff, 0xff, 0xe0,
    0x7f, 0xff, 0xe2, 0xff, 0xff, 0xff, 0xff, 0xef, 0xff, 0xff, 0xff, 0xff, 0xff, 0xfb, 0xff, 0xbf, 0xff, 0xe0,
    0x7f, 0xff, 0xfe, 0xff, 0xff, 0xff, 0xfd, 0xff, 0xff, 0xff, 0xff, 0xff, 0xff, 0xf4, 0xff, 0xff, 0xff, 0xe0,
    0x7f, 0xff, 0xfe, 0xff, 0xff, 0xff, 0xff, 0xff, 0xff, 0xff, 0xff, 0xff, 0xff, 0xf7, 0xff, 0xff, 0xff, 0xe0,
    0x7f, 0xfb, 0x7e, 0xff, 0xff, 0xff, 0xfb, 0xff, 0xff, 0xff, 0xff, 0xff, 0xff, 0xef, 0xff, 0xff, 0xff, 0xe0,
    0x7f, 0xff, 0xfe, 0xff, 0xff, 0xff, 0xff, 0xff, 0xff, 0xff, 0xff, 0xff, 0xff, 0xef, 0xff, 0xff, 0xff, 0xe0,
    0x00, 0x00, 0x00, 0x00, 0x00, 0x00, 0x00, 0x00, 0x00, 0x00, 0x00, 0x00, 0x00, 0x00, 0x00, 0x00, 0x00, 0x00,
};

static const lv_img_dsc_t waterfall26 = {
    .header.cf = LV_IMG_CF_INDEXED_1BIT,
    .header.always_zero = 0,
    .header.reserved = 0,
    .header.w = 140,
    .header.h = 68,
    .data_size = 1232,
    .data = waterfall26_map,
};

static const LV_ATTRIBUTE_MEM_ALIGN LV_ATTRIBUTE_LARGE_CONST uint8_t waterfall27_map[] = {
#if CONFIG_NICE_VIEW_WIDGET_INVERTED
    0xff, 0xff, 0xff, 0xff, /*Color of index 0*/
    0x00, 0x00, 0x00, 0xff, /*Color of index 1*/
#else
    0x00, 0x00, 0x00, 0xff, /*Color of index 0*/
    0xff, 0xff, 0xff, 0xff, /*Color of index 1*/
#endif
    0x00, 0x00, 0x00, 0x00, 0x00, 0x00, 0x00, 0x00, 0x00, 0x00, 0x00, 0x00, 0x00, 0x00, 0x00, 0x00, 0x00, 0x00,
    0x7f, 0xfe, 0x7e, 0xff, 0xff, 0xff, 0xff, 0xff, 0xff, 0xff, 0xff, 0xff, 0xff, 0xf7, 0xff, 0xff, 0xff, 0xe0,
    0x7f, 0xff, 0xfe, 0xff, 0xff, 0xff, 0xff, 0xfd, 0xff, 0xff, 0xff, 0xff, 0xff, 0xef, 0xff, 0xff, 0xff, 0xe0,
    0x7f, 0xff, 0xf6, 0xff, 0xff, 0xff, 0xff, 0xff, 0xff, 0xff, 0xff, 0xff, 0xff, 0xe9, 0xff, 0xff, 0xff, 0xe0,
    0x7f, 0xf6, 0xfe, 0xff, 0xff, 0xff, 0xff, 0xff, 0xef, 0xff, 0xff, 0xff, 0xff, 0xef, 0xff, 0xff, 0xff, 0xe0,
    0x7f, 0xf7, 0xfe, 0xff, 0xff, 0xff, 0xff, 0xfe, 0xff, 0xff, 0xef, 0xff, 0xff, 0xef, 0xff, 0xff, 0xff, 0xe0,
    0x7f, 0xff, 0xdc, 0xff, 0xff, 0xff, 0xff, 0xff, 0xdf, 0xff, 0xf7, 0xff, 0xff, 0xef, 0xff, 0xff, 0xfb, 0xe0,
    0x7f, 0xff, 0xbe, 0xff, 0xff, 0xff, 0xff, 0xff, 0x3f, 0xff, 0xff, 0xff, 0xff, 0xf4, 0xff, 0xff, 0xff, 0xe0,
    0x7f, 0xfd, 0xfe, 0xff, 0xff, 0xff, 0xff, 0xff, 0xff, 0xff, 0xff, 0xbf, 0xff, 0xfb, 0xff, 0xff, 0xff, 0xe0,
    0x7f, 0xfd, 0xfe, 0xff, 0xff, 0xf3, 0xff, 0xff, 0xff, 0xff, 0xfb, 0x7f, 0xff, 0xfb, 0xff, 0xff, 0xff, 0xe0,
    0x7f, 0xef, 0xfe, 0xc3, 0xff, 0xed, 0xff, 0xff, 0xff, 0xff, 0xfc, 0xff, 0xff, 0xfd, 0xff, 0xff, 0xff, 0xe0,
    0x7f, 0xef, 0x7f, 0x14, 0xff, 0xff, 0xff, 0xff, 0xff, 0xff, 0xff, 0xff, 0xff, 0xfd, 0x3f, 0xff, 0xff, 0xe0,
    0x7f, 0xfb, 0xfe, 0xaa, 0x7f, 0xfe, 0xff, 0xff, 0xff, 0xff, 0xff, 0xff, 0xff, 0xfd, 0xff, 0xff, 0xff, 0xe0,
    0x7f, 0xfb, 0xf6, 0x55, 0x3f, 0xdf, 0xff, 0xff, 0xff, 0xff, 0xff, 0xff, 0xff, 0xfd, 0xff, 0xff, 0xff, 0xe0,
    0x7f, 0xff, 0xec, 0xaa, 0xbf, 0xbf, 0xff, 0xff, 0xff, 0xff, 0xff, 0xff, 0xff, 0xfd, 0xff, 0xfb, 0xff, 0xe0,
    0x7f, 0xff, 0xfd, 0x55, 0x3f, 0xff, 0xff, 0xf7, 0xff, 0xff, 0xf1, 0xff, 0xff, 0xfa, 0x7f, 0xff, 0xff, 0xe0,
    0x7f, 0xdb, 0xdc, 0xbf, 0xbf, 0xff, 0xcf, 0x89, 0xff, 0xff, 0xce, 0x7f, 0xff, 0xf7, 0xff, 0xff, 0xff, 0xe0,
    0x7f, 0xdf, 0xdd, 0x60, 0xa3, 0xff, 0x30, 0x7e, 0xff, 0xff, 0xbf, 0x88, 0x3f, 0xe3, 0xff, 0xff, 0xff, 0xe0,
    0x7f, 0xfe, 0xf8, 0x8a, 0x7c, 0xfe, 0xff, 0xff, 0x3e, 0x0f, 0x7f, 0xf7, 0xdf, 0xdf, 0xff, 0xff, 0xff, 0xe0,
    0x7f, 0xfe, 0xf8, 0x95, 0x3f, 0x79, 0xff, 0xff, 0xc1, 0xf0, 0xff, 0xff, 0xe7, 0xbf, 0xff, 0xff, 0xff, 0xe0,
    0x7f, 0xff, 0xf9, 0x2a, 0x90, 0x00, 0x3f, 0xf0, 0x00, 0x00, 0x00, 0x00, 0x00, 0x77, 0xff, 0xff, 0xff, 0xe0,
    0x7f, 0xff, 0xf9, 0x5d, 0xd0, 0x00, 0x00, 0x00, 0x00, 0x00, 0x00, 0x00, 0x00, 0x6f, 0xff, 0xff, 0xff, 0xe0,
    0x7f, 0xdf, 0xb9, 0x2a, 0x90, 0x00, 0x00, 0x00, 0x7f, 0xf8, 0x00, 0x00, 0x00, 0x6f, 0xff, 0xff, 0xff, 0xe0,
    0x7f, 0xdf, 0xb9, 0x55, 0x50, 0x00, 0x00, 0x00, 0x00, 0x00, 0x00, 0x00, 0x00, 0x6f, 0xff, 0xff, 0xff, 0xe0,
    0x7f, 0xf7, 0xf9, 0x2a, 0x90, 0x00, 0x00, 0x00, 0x00, 0x00, 0x07, 0xf8, 0x00, 0x6f, 0xff, 0xff, 0xff, 0xe0,
    0x7f, 0xf7, 0xf8, 0x9d, 0xa0, 0x00, 0x00, 0x00, 0x00, 0x00, 0x00, 0x00, 0x00, 0x6f, 0xff, 0xff, 0xfe, 0xe0,
    0x7f, 0xff, 0xf8, 0x4f, 0x40, 0x00, 0x00, 0x00, 0x00, 0xfe, 0x00, 0x00, 0x00, 0x2f, 0xff, 0xff, 0xff, 0xe0,
    0x7f, 0xff, 0xf8, 0x28, 0xc0, 0x00, 0x00, 0x00, 0x00, 0x00, 0x00, 0x00, 0x00, 0x1f, 0xff, 0xff, 0xff, 0xe0,
    0x7f, 0xd7, 0xf9, 0x12, 0x20, 0x00, 0x00, 0x00, 0x00, 0x0f, 0xff, 0x00, 0x00, 0x1f, 0xff, 0xfb, 0xff, 0xe0,
    0x7f, 0xd7, 0xf8, 0xed, 0xa0, 0x00, 0x00, 0x00, 0x00, 0x00, 0x00, 0x00, 0x00, 0x1f, 0xff, 0xc0, 0x7f, 0xe0,
    0x7f, 0xfd, 0xf0, 0x2a, 0x90, 0x01, 0xf8, 0x00, 0x00, 0x00, 0x00, 0x00, 0x00, 0x1b, 0xff, 0x80, 0x3f, 0xe0,
    0x7f, 0xfd, 0xe0, 0x1f, 0xd0, 0x00, 0x00, 0x00, 0x00, 0x00, 0x00, 0x00, 0x00, 0x1b, 0xff, 0x00, 0x1f, 0xe0,
    0x7f, 0xf7, 0xe9, 0xfa, 0x90, 0x00, 0xff, 0xfc, 0x00, 0x00, 0x00, 0x00, 0x00, 0x1b, 0xff, 0x01, 0x1f, 0xe0,
    0x7f, 0xf7, 0xc0, 0x1d, 0xa0, 0x00, 0x00, 0x00, 0x00, 0x00, 0x00, 0x00, 0x00, 0x3b, 0xff, 0x0f, 0xff, 0xe0,
    0x7f, 0xfd, 0xc8, 0xaa, 0x3f, 0xf0, 0x00, 0x00, 0x00, 0x00, 0x00, 0x00, 0x3f, 0xbb, 0xfe, 0x1f, 0xff, 0xe0,
    0x7f, 0xfd, 0xf0, 0x04, 0xc0, 0x00, 0x00, 0x00, 0x00, 0x00, 0x00, 0x00, 0x00, 0x3b, 0xff, 0x1f, 0xff, 0xe0,
    0x7f, 0xf7, 0xe8, 0xa7, 0x00, 0x00, 0x00, 0x07, 0xf0, 0x00, 0x00, 0x00, 0x00, 0x37, 0xff, 0x1f, 0xff, 0xe0,
    0x7f, 0xf7, 0xe0, 0x04, 0x00, 0x00, 0x00, 0x00, 0x00, 0x00, 0x00, 0x00, 0x00, 0x37, 0xff, 0x3f, 0xff, 0xe0,
    0x7f, 0xfd, 0xe8, 0xa4, 0x00, 0x00, 0xff, 0x80, 0x00, 0x00, 0x00, 0x00, 0x00, 0x37, 0xff, 0x9f, 0xff, 0xe0,
    0x7f, 0xff, 0xf0, 0x04, 0x00, 0x00, 0x00, 0x00, 0x00, 0x00, 0x00, 0x00, 0x00, 0x37, 0xff, 0xdf, 0xff, 0xe0,
    0x7f, 0xd7, 0xf0, 0xa8, 0x00, 0x00, 0x00, 0x00, 0x00, 0x07, 0xfe, 0x00, 0x00, 0x37, 0xff, 0xff, 0xff, 0xe0,
    0x7f, 0xd7, 0xf9, 0xf8, 0x00, 0x00, 0x00, 0x00, 0x00, 0x00, 0x00, 0x00, 0x00, 0x37, 0xff, 0xff, 0xff, 0xe0,
    0x7f, 0xff, 0xf8, 0x08, 0x00, 0x01, 0xff, 0x00, 0x00, 0x00, 0x00, 0x00, 0x00, 0x2f, 0xff, 0xff, 0xff, 0xe0,
    0x7f, 0xff, 0xf8, 0x04, 0x00, 0x00, 0x00, 0x00, 0x00, 0x00, 0x00, 0x00, 0x00, 0x6f, 0xff, 0xff, 0xff, 0xe0,
    0x7f, 0xf7, 0xf8, 0xaa, 0x00, 0x00, 0x00, 0x1f, 0xf8, 0x00, 0x00, 0x00, 0x00, 0x6f, 0xff, 0xff, 0xbf, 0xe0,
    0x7f, 0xf7, 0xb8, 0x75, 0x00, 0x00, 0x00, 0x00, 0x00, 0x00, 0x00, 0x00, 0x00, 0x6f, 0xff, 0xff, 0xff, 0xe0,
    0x7f, 0xdf, 0xb1, 0x8d, 0x00, 0x3f, 0xf8, 0x00, 0x00, 0x00, 0x00, 0x00, 0x00, 0x6f, 0xff, 0xff, 0xff, 0xe0,
    0x7f, 0xdf, 0xf0, 0x53, 0x00, 0x00, 0x00, 0x00, 0x00, 0x00, 0x00, 0x00, 0x00, 0x6f, 0xff, 0xff, 0xff, 0xe0,
    0x7f, 0xff, 0xf0, 0xa9, 0x00, 0x00, 0x00, 0x00, 0x0f, 0xfe, 0x00, 0x00, 0x00, 0xdf, 0xff, 0xff, 0xff, 0xe0,
    0x7f, 0xff, 0xf8, 0x44, 0xff, 0xff, 0xff, 0xce, 0x7f, 0xff, 0xfe, 0xf3, 0xff, 0xff, 0xff, 0xff, 0xff, 0xe0,
    0x7f, 0xfe, 0xf8, 0xaa, 0x87, 0xff, 0x00, 0x3f, 0x9f, 0xff, 0xf9, 0xfc, 0x00, 0xff, 0xff, 0xff, 0xff, 0xe0,
    0x7f, 0xfe, 0xd9, 0x55, 0x79, 0xfc, 0xff, 0xff, 0xef, 0xc1, 0xf7, 0xff, 0xff, 0x7f, 0xff, 0xff, 0xff, 0xe0,
    0x7f, 0xdb, 0xda, 0xaa, 0x7e, 0xfb, 0xff, 0xff, 0xf0, 0x3e, 0x0f, 0xff, 0xff, 0x9f, 0xff, 0xff, 0xff, 0xe0,
    0x7f, 0xfb, 0xf8, 0x44, 0xdf, 0x07, 0xff, 0xff, 0xff, 0xff, 0xff, 0xff, 0xff, 0xef, 0xff, 0xff, 0xff, 0xe0,
    0x7f, 0xff, 0xec, 0xaa, 0xff, 0xff, 0xff, 0xff, 0xff, 0xff, 0xff, 0xff, 0xff, 0xf7, 0xff, 0xff, 0xff, 0xe0,
    0x7f, 0xff, 0x75, 0x55, 0xfe, 0xff, 0xff, 0xff, 0xff, 0xff, 0x3f, 0xff, 0xff, 0xfa, 0x7f, 0xff, 0xfd, 0xe0,
    0x7f, 0xfb, 0xfe, 0x23, 0xed, 0xff, 0xff, 0xff, 0xff, 0xfe, 0xdf, 0xff, 0xff, 0xfb, 0xff, 0xff, 0xff, 0xe0,
    0x7f, 0xff, 0xff, 0x8f, 0xf3, 0xff, 0xff, 0xff, 0xff, 0xff, 0xff, 0xff, 0xff, 0xfd, 0xff, 0xff, 0xff, 0xe0,
    0x7f, 0xef, 0xfe, 0xff, 0xff, 0xff, 0xff, 0x3f, 0xff, 0xff, 0xef, 0xff, 0xff, 0xfd, 0xff, 0xff, 0xff, 0xe0,
    0x7f, 0xef, 0xbe, 0xff, 0xff, 0xff, 0xff, 0xdf, 0xff, 0xfd, 0xff, 0xff, 0xff, 0xfd, 0x3f, 0xff, 0xff, 0xe0,
    0x7f, 0xfd, 0xfe, 0xff, 0xff, 0xff, 0xfe, 0xff, 0xff, 0xfb, 0xff, 0xff, 0xff, 0xfd, 0xff, 0xff, 0xff, 0xe0,
    0x7f, 0xfd, 0xfe, 0xff, 0xff, 0xff, 0xff, 0xff, 0xff, 0xff, 0xff, 0xff, 0xff, 0xfd, 0xff, 0xff, 0xff, 0xe0,
    0x7f, 0xff, 0xdc, 0xff, 0xff, 0xff, 0xff, 0xef, 0xff, 0xff, 0xff, 0xff, 0xff, 0xfb, 0xff, 0xbf, 0xff, 0xe0,
    0x7f, 0xff, 0xc8, 0xff, 0xff, 0xff, 0xfd, 0xff, 0xff, 0xff, 0xff, 0xff, 0xff, 0xf4, 0xff, 0xff, 0xff, 0xe0,
    0x7f, 0xf6, 0xfe, 0xff, 0xff, 0xff, 0xff, 0xff, 0xff, 0xff, 0xff, 0xff, 0xff, 0xf7, 0xff, 0xff, 0xff, 0xe0,
    0x7f, 0xf6, 0xfe, 0xff, 0xff, 0xff, 0xfb, 0xff, 0xff, 0xff, 0xff, 0xff, 0xff, 0xef, 0xff, 0xff, 0xff, 0xe0,
    0x7f, 0xff, 0xfe, 0xff, 0xff, 0xff, 0xff, 0xff, 0xff, 0xff, 0xff, 0xff, 0xff, 0xef, 0xff, 0xff, 0xff, 0xe0,
    0x00, 0x00, 0x00, 0x00, 0x00, 0x00, 0x00, 0x00, 0x00, 0x00, 0x00, 0x00, 0x00, 0x00, 0x00, 0x00, 0x00, 0x00,
};

static const lv_img_dsc_t waterfall27 = {
    .header.cf = LV_IMG_CF_INDEXED_1BIT,
    .header.always_zero = 0,
    .header.reserved = 0,
    .header.w = 140,
    .header.h = 68,
    .data_size = 1232,
    .data = waterfall27_map,
};

static const LV_ATTRIBUTE_MEM_ALIGN LV_ATTRIBUTE_LARGE_CONST uint8_t waterfall28_map[] = {
#if CONFIG_NICE_VIEW_WIDGET_INVERTED
    0xff, 0xff, 0xff, 0xff, /*Color of index 0*/
    0x00, 0x00, 0x00, 0xff, /*Color of index 1*/
#else
    0x00, 0x00, 0x00, 0xff, /*Color of index 0*/
    0xff, 0xff, 0xff, 0xff, /*Color of index 1*/
#endif
    0x00, 0x00, 0x00, 0x00, 0x00, 0x00, 0x00, 0x00, 0x00, 0x00, 0x00, 0x00, 0x00, 0x00, 0x00, 0x00, 0x00, 0x00,
    0x7f, 0xfe, 0xfe, 0xff, 0xff, 0xff, 0xff, 0xff, 0xff, 0xff, 0xff, 0xff, 0xff, 0xf7, 0xff, 0xff, 0xff, 0xe0,
    0x7f, 0xff, 0xc0, 0xff, 0xff, 0xff, 0xff, 0xfd, 0xff, 0xff, 0xff, 0xff, 0xff, 0xef, 0xff, 0xff, 0xff, 0xe0,
    0x7f, 0xff, 0xdc, 0xff, 0xff, 0xff, 0xff, 0xff, 0xff, 0xff, 0xff, 0xff, 0xff, 0xe9, 0xff, 0xff, 0xff, 0xe0,
    0x7f, 0xef, 0xfe, 0xff, 0xff, 0xff, 0xff, 0xff, 0xef, 0xff, 0xff, 0xff, 0xff, 0xef, 0xff, 0xff, 0xff, 0xe0,
    0x7f, 0xef, 0xfe, 0xff, 0xff, 0xff, 0xff, 0xfe, 0xff, 0xff, 0xef, 0xff, 0xff, 0xef, 0xff, 0xff, 0xff, 0xe0,
    0x7f, 0xff, 0xbe, 0xff, 0xff, 0xff, 0xff, 0xff, 0xdf, 0xff, 0xf7, 0xff, 0xff, 0xef, 0xff, 0xff, 0xfb, 0xe0,
    0x7f, 0xfb, 0xfe, 0xff, 0xff, 0xff, 0xff, 0xff, 0x3f, 0xff, 0xff, 0xff, 0xff, 0xf4, 0xff, 0xff, 0xff, 0xe0,
    0x7f, 0xff, 0xfe, 0xff, 0xff, 0xff, 0xff, 0xff, 0xff, 0xff, 0xff, 0xbf, 0xff, 0xfb, 0xff, 0xff, 0xff, 0xe0,
    0x7f, 0xff, 0xfe, 0xf7, 0xff, 0xf3, 0xff, 0xff, 0xff, 0xff, 0xfb, 0x7f, 0xff, 0xfb, 0xff, 0xff, 0xff, 0xe0,
    0x7f, 0xdf, 0xfe, 0x88, 0xff, 0xed, 0xff, 0xff, 0xff, 0xff, 0xfc, 0xff, 0xff, 0xfd, 0xff, 0xff, 0xff, 0xe0,
    0x7f, 0xdf, 0xe3, 0x55, 0x7f, 0xff, 0xff, 0xff, 0xff, 0xff, 0xff, 0xff, 0xff, 0xfd, 0x3f, 0xff, 0xff, 0xe0,
    0x7f, 0xff, 0xea, 0xaa, 0xbf, 0xfe, 0xff, 0xff, 0xff, 0xff, 0xff, 0xff, 0xff, 0xfd, 0xff, 0xff, 0xff, 0xe0,
    0x7f, 0xff, 0xde, 0xdd, 0xdf, 0xdf, 0xff, 0xff, 0xff, 0xff, 0xff, 0xff, 0xff, 0xfd, 0xff, 0xff, 0xff, 0xe0,
    0x7f, 0xfe, 0xde, 0xaa, 0x9f, 0xbf, 0xff, 0xff, 0xff, 0xff, 0xff, 0xff, 0xff, 0xfd, 0xff, 0xfb, 0xff, 0xe0,
    0x7f, 0xfe, 0xfd, 0x55, 0x5f, 0xff, 0xff, 0xf7, 0xff, 0xff, 0xf1, 0xff, 0xff, 0xfa, 0x7f, 0xff, 0xff, 0xe0,
    0x7f, 0xdf, 0xfe, 0xaa, 0x9f, 0xff, 0xcf, 0x89, 0xff, 0xff, 0xce, 0x7f, 0xff, 0xf7, 0xff, 0xff, 0xff, 0xe0,
    0x7f, 0xdf, 0xbe, 0xdf, 0xd3, 0xff, 0x30, 0x7e, 0xff, 0xff, 0xbf, 0x88, 0x3f, 0xe3, 0xff, 0xff, 0xff, 0xe0,
    0x7f, 0xf7, 0xb8, 0xb9, 0xbc, 0xfe, 0xff, 0xff, 0x3e, 0x0f, 0x7f, 0xf7, 0xdf, 0xdf, 0xff, 0xff, 0xff, 0xe0,
    0x7f, 0xf7, 0xb9, 0x66, 0x7f, 0x79, 0xff, 0xff, 0xc1, 0xf0, 0xff, 0xff, 0xe7, 0xbf, 0xff, 0xff, 0xff, 0xe0,
    0x7f, 0xff, 0xf8, 0xca, 0xa0, 0x3f, 0xf0, 0x00, 0x00, 0x00, 0x00, 0x00, 0x00, 0xdf, 0xff, 0xff, 0xff, 0xe0,
    0x7f, 0xff, 0xf8, 0x9d, 0xd0, 0x00, 0x00, 0x00, 0x00, 0x00, 0x00, 0x00, 0x00, 0x5b, 0xff, 0xff, 0xff, 0xe0,
    0x7f, 0xbd, 0xf8, 0xaa, 0x90, 0x00, 0x00, 0x7f, 0xf8, 0x00, 0x00, 0x00, 0x00, 0x5b, 0xff, 0xff, 0xff, 0xe0,
    0x7f, 0xbd, 0xf8, 0xb7, 0x50, 0x00, 0x00, 0x00, 0x00, 0x00, 0x00, 0x00, 0x00, 0x5b, 0xff, 0xff, 0xff, 0xe0,
    0x7f, 0xff, 0xf8, 0xaa, 0x90, 0x00, 0x00, 0x00, 0x00, 0x07, 0xf8, 0x00, 0x00, 0x3b, 0xff, 0xff, 0xff, 0xe0,
    0x7f, 0xff, 0x78, 0x9d, 0xa0, 0x00, 0x00, 0x00, 0x00, 0x00, 0x00, 0x00, 0x00, 0x3b, 0xff, 0xff, 0xfe, 0xe0,
    0x7f, 0xff, 0x78, 0x4a, 0xa0, 0x00, 0x00, 0x00, 0xfe, 0x00, 0x00, 0x00, 0x00, 0x3b, 0xff, 0xff, 0xff, 0xe0,
    0x7f, 0xff, 0x79, 0xa7, 0xc0, 0x00, 0x00, 0x00, 0x00, 0x00, 0x00, 0x00, 0x00, 0x37, 0xff, 0xff, 0xff, 0xe0,
    0x7f, 0xbf, 0x78, 0x78, 0x40, 0x00, 0x00, 0x00, 0x0f, 0xff, 0x00, 0x00, 0x00, 0x37, 0xff, 0xfb, 0xff, 0xe0,
    0x7f, 0xbf, 0x70, 0x15, 0xa0, 0x00, 0x00, 0x00, 0x00, 0x00, 0x00, 0x00, 0x00, 0x37, 0xff, 0xc0, 0x7f, 0xe0,
    0x7f, 0xff, 0x70, 0xaa, 0x91, 0xf8, 0x00, 0x00, 0x00, 0x00, 0x00, 0x00, 0x01, 0xb7, 0xff, 0x80, 0x3f, 0xe0,
    0x7f, 0xff, 0xe0, 0x0f, 0xd0, 0x00, 0x00, 0x00, 0x00, 0x00, 0x00, 0x00, 0x00, 0x37, 0xff, 0x00, 0x1f, 0xe0,
    0x7f, 0xff, 0xe8, 0xca, 0x90, 0xff, 0xfc, 0x00, 0x00, 0x00, 0x00, 0x00, 0x00, 0xb7, 0xff, 0x01, 0x1f, 0xe0,
    0x7f, 0xff, 0xe1, 0x3d, 0xa0, 0x00, 0x00, 0x00, 0x00, 0x00, 0x00, 0x00, 0x00, 0x2f, 0xff, 0x0f, 0xff, 0xe0,
    0x7f, 0xbf, 0xe8, 0x88, 0x70, 0x00, 0x00, 0x00, 0x00, 0x00, 0x00, 0x3f, 0xf0, 0x2f, 0xfe, 0x1f, 0xff, 0xe0,
    0x7f, 0xbf, 0xe8, 0x07, 0x80, 0x00, 0x00, 0x00, 0x00, 0x00, 0x00, 0x00, 0x00, 0x2f, 0xff, 0x1f, 0xff, 0xe0,
    0x7f, 0xff, 0xf0, 0xaa, 0x00, 0x00, 0x07, 0xf0, 0x00, 0x00, 0x00, 0x00, 0x00, 0x2f, 0xff, 0x1f, 0xff, 0xe0,
    0x7f, 0xff, 0xf0, 0x02, 0x00, 0x00, 0x00, 0x00, 0x00, 0x00, 0x00, 0x00, 0x00, 0x2f, 0xff, 0x3f, 0xff, 0xe0,
    0x7f, 0xff, 0x70, 0xaa, 0x00, 0xff, 0x80, 0x00, 0x00, 0x00, 0x00, 0x00, 0x00, 0xaf, 0xff, 0x9f, 0xff, 0xe0,
    0x7f, 0xff, 0x70, 0x02, 0x00, 0x00, 0x00, 0x00, 0x00, 0x00, 0x00, 0x00, 0x00, 0x1f, 0xff, 0xdf, 0xff, 0xe0,
    0x7f, 0xbf, 0x70, 0xaa, 0x00, 0x00, 0x00, 0x00, 0x07, 0xfe, 0x00, 0x00, 0x00, 0x1f, 0xff, 0xff, 0xff, 0xe0,
    0x7f, 0xbf, 0x78, 0x64, 0x00, 0x00, 0x00, 0x00, 0x00, 0x00, 0x00, 0x00, 0x00, 0x1f, 0xff, 0xff, 0xff, 0xe0,
    0x7f, 0xff, 0x79, 0x98, 0x01, 0xff, 0x00, 0x00, 0x00, 0x00, 0x00, 0x00, 0x01, 0x1b, 0xff, 0xff, 0xff, 0xe0,
    0x7f, 0xfd, 0x78, 0x04, 0x00, 0x00, 0x00, 0x00, 0x00, 0x00, 0x00, 0x00, 0x00, 0x5b, 0xff, 0xff, 0xff, 0xe0,
    0x7f, 0xff, 0xf8, 0xfa, 0x00, 0x00, 0x1f, 0xf8, 0x00, 0x00, 0x00, 0x00, 0x00, 0x5b, 0xff, 0xff, 0xbf, 0xe0,
    0x7f, 0xff, 0xf8, 0x87, 0x00, 0x00, 0x00, 0x00, 0x00, 0x00, 0x00, 0x00, 0x00, 0x3b, 0xff, 0xff, 0xff, 0xe0,
    0x7f, 0xbd, 0xf9, 0x29, 0x3f, 0xf8, 0x00, 0x00, 0x00, 0x00, 0x00, 0x00, 0x3f, 0x3b, 0xff, 0xff, 0xff, 0xe0,
    0x7f, 0xfd, 0xf8, 0x54, 0x80, 0x00, 0x00, 0x00, 0x00, 0x00, 0x00, 0x00, 0x00, 0x3b, 0xff, 0xff, 0xff, 0xe0,
    0x7f, 0xf7, 0xf8, 0xaa, 0x40, 0x00, 0x00, 0x0f, 0xfe, 0x00, 0x00, 0x00, 0x00, 0xb7, 0xff, 0xff, 0xff, 0xe0,
    0x7f, 0xf7, 0xb8, 0x44, 0x7f, 0xff, 0xff, 0xce, 0x7f, 0xff, 0xfe, 0xf3, 0xff, 0xff, 0xff, 0xff, 0xff, 0xe0,
    0x7f, 0xff, 0xb8, 0xaa, 0x47, 0xff, 0x00, 0x3f, 0x9f, 0xff, 0xf9, 0xfc, 0x00, 0xff, 0xff, 0xff, 0xff, 0xe0,
    0x7f, 0xff, 0xbd, 0x55, 0x79, 0xfc, 0xff, 0xff, 0xef, 0xc1, 0xf7, 0xff, 0xff, 0x7f, 0xff, 0xff, 0xff, 0xe0,
    0x7f, 0xdf, 0xfc, 0xaa, 0x7e, 0xfb, 0xff, 0xff, 0xf0, 0x3e, 0x0f, 0xff, 0xff, 0x9f, 0xff, 0xff, 0xff, 0xe0,
    0x7f, 0xdf, 0xfc, 0x44, 0x5f, 0x07, 0xff, 0xff, 0xff, 0xff, 0xff, 0xff, 0xff, 0xef, 0xff, 0xff, 0xff, 0xe0,
    0x7f, 0xfe, 0xde, 0xaa, 0xff, 0xff, 0xff, 0xff, 0xff, 0xff, 0xff, 0xff, 0xff, 0xf7, 0xff, 0xff, 0xff, 0xe0,
    0x7f, 0xfe, 0xdd, 0x51, 0xfe, 0xff, 0xff, 0xff, 0xff, 0xff, 0x3f, 0xff, 0xff, 0xfa, 0x7f, 0xff, 0xfd, 0xe0,
    0x7f, 0xff, 0xea, 0x87, 0xed, 0xff, 0xff, 0xff, 0xff, 0xfe, 0xdf, 0xff, 0xff, 0xfb, 0xff, 0xff, 0xff, 0xe0,
    0x7f, 0xff, 0xe2, 0xff, 0xf3, 0xff, 0xff, 0xff, 0xff, 0xff, 0xff, 0xff, 0xff, 0xfd, 0xff, 0xff, 0xff, 0xe0,
    0x7f, 0xdf, 0xfe, 0xff, 0xff, 0xff, 0xff, 0x3f, 0xff, 0xff, 0xef, 0xff, 0xff, 0xfd, 0xff, 0xff, 0xff, 0xe0,
    0x7f, 0xff, 0x7e, 0xff, 0xff, 0xff, 0xff, 0xdf, 0xff, 0xfd, 0xff, 0xff, 0xff, 0xfd, 0x3f, 0xff, 0xff, 0xe0,
    0x7f, 0xfb, 0xfe, 0xff, 0xff, 0xff, 0xfe, 0xff, 0xff, 0xfb, 0xff, 0xff, 0xff, 0xfd, 0xff, 0xff, 0xff, 0xe0,
    0x7f, 0xfb, 0xfe, 0xff, 0xff, 0xff, 0xff, 0xff, 0xff, 0xff, 0xff, 0xff, 0xff, 0xfd, 0xff, 0xff, 0xff, 0xe0,
    0x7f, 0xff, 0xbe, 0xff, 0xff, 0xff, 0xff, 0xef, 0xff, 0xff, 0xff, 0xff, 0xff, 0xfb, 0xff, 0xbf, 0xff, 0xe0,
    0x7f, 0xff, 0xbe, 0xff, 0xff, 0xff, 0xfd, 0xff, 0xff, 0xff, 0xff, 0xff, 0xff, 0xf4, 0xff, 0xff, 0xff, 0xe0,
    0x7f, 0xef, 0xfe, 0xff, 0xff, 0xff, 0xff, 0xff, 0xff, 0xff, 0xff, 0xff, 0xff, 0xf7, 0xff, 0xff, 0xff, 0xe0,
    0x7f, 0xef, 0xfe, 0xff, 0xff, 0xff, 0xfb, 0xff, 0xff, 0xff, 0xff, 0xff, 0xff, 0xef, 0xff, 0xff, 0xff, 0xe0,
    0x7f, 0xfd, 0xc0, 0xff, 0xff, 0xff, 0xff, 0xff, 0xff, 0xff, 0xff, 0xff, 0xff, 0xef, 0xff, 0xff, 0xff, 0xe0,
    0x00, 0x00, 0x00, 0x00, 0x00, 0x00, 0x00, 0x00, 0x00, 0x00, 0x00, 0x00, 0x00, 0x00, 0x00, 0x00, 0x00, 0x00,
};

static const lv_img_dsc_t waterfall28 = {
    .header.cf = LV_IMG_CF_INDEXED_1BIT,
    .header.always_zero = 0,
    .header.reserved = 0,
    .header.w = 140,
    .header.h = 68,
    .data_size = 1232,
    .data = waterfall28_map,
};

static const LV_ATTRIBUTE_MEM_ALIGN LV_ATTRIBUTE_LARGE_CONST uint8_t waterfall29_map[] = {
#if CONFIG_NICE_VIEW_WIDGET_INVERTED
    0xff, 0xff, 0xff, 0xff, /*Color of index 0*/
    0x00, 0x00, 0x00, 0xff, /*Color of index 1*/
#else
    0x00, 0x00, 0x00, 0xff, /*Color of index 0*/
    0xff, 0xff, 0xff, 0xff, /*Color of index 1*/
#endif
    0x00, 0x00, 0x00, 0x00, 0x00, 0x00, 0x00, 0x00, 0x00, 0x00, 0x00, 0x00, 0x00, 0x00, 0x00, 0x00, 0x00, 0x00,
    0x7f, 0xfd, 0xfe, 0xff, 0xff, 0xff, 0xff, 0xff, 0xff, 0xff, 0xff, 0xff, 0xff, 0xf7, 0xff, 0xff, 0xff, 0xe0,
    0x7f, 0xff, 0xbe, 0xff, 0xff, 0xff, 0xff, 0xfd, 0xff, 0xff, 0xff, 0xff, 0xff, 0xef, 0xff, 0xff, 0xff, 0xe0,
    0x7f, 0xff, 0xbe, 0xff, 0xff, 0xff, 0xff, 0xff, 0xff, 0xff, 0xff, 0xff, 0xff, 0xe9, 0xff, 0xff, 0xff, 0xe0,
    0x7f, 0xff, 0xfe, 0xff, 0xff, 0xff, 0xff, 0xff, 0xef, 0xff, 0xff, 0xff, 0xff, 0xef, 0xff, 0xff, 0xff, 0xe0,
    0x7f, 0xff, 0xfe, 0xff, 0xff, 0xff, 0xff, 0xfe, 0xff, 0xff, 0xef, 0xff, 0xff, 0xef, 0xff, 0xff, 0xff, 0xe0,
    0x7f, 0xfb, 0x7e, 0xff, 0xff, 0xff, 0xff, 0xff, 0xdf, 0xff, 0xf7, 0xff, 0xff, 0xef, 0xff, 0xff, 0xfb, 0xe0,
    0x7f, 0xfb, 0xfe, 0xff, 0xff, 0xff, 0xff, 0xff, 0x3f, 0xff, 0xff, 0xff, 0xff, 0xf4, 0xff, 0xff, 0xff, 0xe0,
    0x7f, 0xff, 0xf6, 0xff, 0xff, 0xff, 0xff, 0xff, 0xff, 0xff, 0xff, 0xbf, 0xff, 0xfb, 0xff, 0xff, 0xff, 0xe0,
    0x7f, 0xff, 0xe2, 0xff, 0xff, 0xf3, 0xff, 0xff, 0xff, 0xff, 0xfb, 0x7f, 0xff, 0xfb, 0xff, 0xff, 0xff, 0xe0,
    0x7f, 0xfe, 0xc8, 0xc0, 0xff, 0xed, 0xff, 0xff, 0xff, 0xff, 0xfc, 0xff, 0xff, 0xfd, 0xff, 0xff, 0xff, 0xe0,
    0x7f, 0xfe, 0xdc, 0x95, 0x7f, 0xff, 0xff, 0xff, 0xff, 0xff, 0xff, 0xff, 0xff, 0xfd, 0x3f, 0xff, 0xff, 0xe0,
    0x7f, 0xf7, 0xff, 0x2a, 0xbf, 0xfe, 0xff, 0xff, 0xff, 0xff, 0xff, 0xff, 0xff, 0xfd, 0xff, 0xff, 0xff, 0xe0,
    0x7f, 0xf7, 0xff, 0x5d, 0xdf, 0xdf, 0xff, 0xff, 0xff, 0xff, 0xff, 0xff, 0xff, 0xfd, 0xff, 0xff, 0xff, 0xe0,
    0x7f, 0xfd, 0xbf, 0x2a, 0x9f, 0xbf, 0xff, 0xff, 0xff, 0xff, 0xff, 0xff, 0xff, 0xfd, 0xff, 0xfb, 0xff, 0xe0,
    0x7f, 0xfd, 0xbe, 0x55, 0x5f, 0xff, 0xff, 0xf7, 0xff, 0xff, 0xf1, 0xff, 0xff, 0xfa, 0x7f, 0xff, 0xff, 0xe0,
    0x7f, 0xff, 0xff, 0x2a, 0x9f, 0xff, 0xcf, 0x89, 0xff, 0xff, 0xce, 0x7f, 0xff, 0xf7, 0xff, 0xff, 0xff, 0xe0,
    0x7f, 0xff, 0xff, 0x5d, 0xd3, 0xff, 0x30, 0x7e, 0xff, 0xff, 0xbf, 0x88, 0x3f, 0xe3, 0xff, 0xff, 0xff, 0xe0,
    0x7f, 0xfd, 0xf1, 0x2a, 0xbc, 0xfe, 0xff, 0xff, 0x3e, 0x0f, 0x7f, 0xf7, 0xdf, 0xdf, 0xff, 0xff, 0xff, 0xe0,
    0x7f, 0xef, 0x68, 0x9f, 0xff, 0x79, 0xff, 0xff, 0xc1, 0xf0, 0xff, 0xff, 0xe7, 0xbf, 0xff, 0xff, 0xff, 0xe0,
    0x7f, 0xff, 0x78, 0x50, 0x7f, 0xf0, 0x00, 0x00, 0x00, 0x00, 0x00, 0x00, 0x3e, 0xb7, 0xff, 0xff, 0xff, 0xe0,
    0x7f, 0xff, 0x78, 0x2d, 0xa0, 0x00, 0x00, 0x00, 0x00, 0x00, 0x00, 0x00, 0x00, 0x77, 0xff, 0xff, 0xff, 0xe0,
    0x7f, 0xff, 0x78, 0x2a, 0x90, 0x00, 0x7f, 0xf8, 0x00, 0x00, 0x00, 0x00, 0x00, 0x77, 0xff, 0xff, 0xff, 0xe0,
    0x7f, 0xff, 0xf8, 0x57, 0x50, 0x00, 0x00, 0x00, 0x00, 0x00, 0x00, 0x00, 0x00, 0x77, 0xff, 0xff, 0xff, 0xe0,
    0x7f, 0xef, 0xd8, 0x4a, 0x90, 0x00, 0x00, 0x00, 0x07, 0xf8, 0x00, 0x00, 0x00, 0x6f, 0xff, 0xff, 0xff, 0xe0,
    0x7f, 0xef, 0xd9, 0x5d, 0xd0, 0x00, 0x00, 0x00, 0x00, 0x00, 0x00, 0x00, 0x00, 0x6f, 0xff, 0xff, 0xfe, 0xe0,
    0x7f, 0xfb, 0xf8, 0xea, 0xa0, 0x00, 0x00, 0xfe, 0x00, 0x00, 0x00, 0x00, 0x00, 0x2f, 0xff, 0xff, 0xff, 0xe0,
    0x7f, 0xfb, 0xf1, 0x67, 0x20, 0x00, 0x00, 0x00, 0x00, 0x00, 0x00, 0x00, 0x00, 0x2f, 0xff, 0xff, 0xff, 0xe0,
    0x7f, 0xff, 0xe8, 0x98, 0xc0, 0x00, 0x00, 0x0f, 0xff, 0x00, 0x00, 0x00, 0x00, 0x2f, 0xff, 0xfb, 0xff, 0xe0,
    0x7f, 0xff, 0xd0, 0x0f, 0x00, 0x00, 0x00, 0x00, 0x00, 0x00, 0x00, 0x00, 0x00, 0x2f, 0xff, 0xc0, 0x7f, 0xe0,
    0x7f, 0xeb, 0xd0, 0xa5, 0xf8, 0x00, 0x00, 0x00, 0x00, 0x00, 0x00, 0x01, 0xf8, 0x1f, 0xff, 0x80, 0x3f, 0xe0,
    0x7f, 0xeb, 0xe0, 0x04, 0x00, 0x00, 0x00, 0x00, 0x00, 0x00, 0x00, 0x00, 0x00, 0x1f, 0xff, 0x00, 0x1f, 0xe0,
    0x7f, 0xff, 0xe8, 0xa4, 0xff, 0xfc, 0x00, 0x00, 0x00, 0x00, 0x00, 0x00, 0xff, 0x9f, 0xff, 0x01, 0x1f, 0xe0,
    0x7f, 0xff, 0xe1, 0xf4, 0x00, 0x00, 0x00, 0x00, 0x00, 0x00, 0x00, 0x00, 0x00, 0x1b, 0xff, 0x0f, 0xff, 0xe0,
    0x7f, 0xfb, 0xf0, 0x0c, 0x00, 0x00, 0x00, 0x00, 0x00, 0x00, 0x3f, 0xf0, 0x00, 0x1b, 0xfe, 0x1f, 0xff, 0xe0,
    0x7f, 0xfb, 0xf0, 0x04, 0x00, 0x00, 0x00, 0x00, 0x00, 0x00, 0x00, 0x00, 0x00, 0x1b, 0xff, 0x1f, 0xff, 0xe0,
    0x7f, 0xef, 0xf8, 0xaa, 0x00, 0x07, 0xf0, 0x00, 0x00, 0x00, 0x00, 0x00, 0x00, 0x3b, 0xff, 0x1f, 0xff, 0xe0,
    0x7f, 0xef, 0xf0, 0x42, 0x00, 0x00, 0x00, 0x00, 0x00, 0x00, 0x00, 0x00, 0x00, 0x3b, 0xff, 0x3f, 0xff, 0xe0,
    0x7f, 0xfb, 0xf0, 0xa9, 0xff, 0x80, 0x00, 0x00, 0x00, 0x00, 0x00, 0x00, 0xff, 0xbb, 0xff, 0x9f, 0xff, 0xe0,
    0x7f, 0xfb, 0xf0, 0x01, 0x00, 0x00, 0x00, 0x00, 0x00, 0x00, 0x00, 0x00, 0x00, 0x37, 0xff, 0xdf, 0xff, 0xe0,
    0x7f, 0xff, 0xf0, 0xa9, 0x00, 0x00, 0x00, 0x07, 0xfe, 0x00, 0x00, 0x00, 0x00, 0x37, 0xff, 0xff, 0xff, 0xe0,
    0x7f, 0xff, 0xf8, 0x72, 0x00, 0x00, 0x00, 0x00, 0x00, 0x00, 0x00, 0x00, 0x00, 0x37, 0xff, 0xff, 0xff, 0xe0,
    0x7f, 0xeb, 0xf9, 0x8f, 0xff, 0x00, 0x00, 0x00, 0x00, 0x00, 0x00, 0x01, 0xff, 0x37, 0xff, 0xff, 0xff, 0xe0,
    0x7f, 0xeb, 0xd8, 0x3e, 0x00, 0x00, 0x00, 0x00, 0x00, 0x00, 0x00, 0x00, 0x00, 0x77, 0xff, 0xff, 0xff, 0xe0,
    0x7f, 0xff, 0xd8, 0xc3, 0x00, 0x1f, 0xf8, 0x00, 0x00, 0x00, 0x00, 0x00, 0x00, 0x77, 0xff, 0xff, 0xbf, 0xe0,
    0x7f, 0xff, 0xf9, 0x14, 0x80, 0x00, 0x00, 0x00, 0x00, 0x00, 0x00, 0x00, 0x00, 0x6f, 0xff, 0xff, 0xff, 0xe0,
    0x7f, 0xff, 0x78, 0xaa, 0x78, 0x00, 0x00, 0x00, 0x00, 0x00, 0x00, 0x3f, 0xf8, 0x6f, 0xff, 0xff, 0xff, 0xe0,
    0x7f, 0xff, 0x78, 0x55, 0x40, 0x00, 0x00, 0x00, 0x00, 0x00, 0x00, 0x00, 0x00, 0x6f, 0xff, 0xff, 0xff, 0xe0,
    0x7f, 0xef, 0x78, 0xaa, 0xa0, 0x00, 0x0f, 0xfe, 0x00, 0x00, 0x00, 0x00, 0x00, 0xef, 0xff, 0xff, 0xff, 0xe0,
    0x7f, 0xef, 0x69, 0x55, 0x3f, 0xff, 0xff, 0xce, 0x7f, 0xff, 0xfe, 0xf3, 0xff, 0xff, 0xff, 0xff, 0xff, 0xe0,
    0x7f, 0xfd, 0xf0, 0xaa, 0xa7, 0xff, 0x00, 0x3f, 0x9f, 0xff, 0xf9, 0xfc, 0x00, 0xff, 0xff, 0xff, 0xff, 0xe0,
    0x7f, 0xfd, 0xfd, 0x55, 0x39, 0xfc, 0xff, 0xff, 0xef, 0xc1, 0xf7, 0xff, 0xff, 0x7f, 0xff, 0xff, 0xff, 0xe0,
    0x7f, 0xff, 0xfc, 0xaa, 0x7e, 0xfb, 0xff, 0xff, 0xf0, 0x3e, 0x0f, 0xff, 0xff, 0x9f, 0xff, 0xff, 0xff, 0xe0,
    0x7f, 0xff, 0xbe, 0x55, 0x5f, 0x07, 0xff, 0xff, 0xff, 0xff, 0xff, 0xff, 0xff, 0xef, 0xff, 0xff, 0xff, 0xe0,
    0x7f, 0xf5, 0xbf, 0x2a, 0xff, 0xff, 0xff, 0xff, 0xff, 0xff, 0xff, 0xff, 0xff, 0xf7, 0xff, 0xff, 0xff, 0xe0,
    0x7f, 0xf7, 0xfe, 0x81, 0xfe, 0xff, 0xff, 0xff, 0xff, 0xff, 0x3f, 0xff, 0xff, 0xfa, 0x7f, 0xff, 0xfd, 0xe0,
    0x7f, 0xff, 0xfe, 0xff, 0xed, 0xff, 0xff, 0xff, 0xff, 0xfe, 0xdf, 0xff, 0xff, 0xfb, 0xff, 0xff, 0xff, 0xe0,
    0x7f, 0xff, 0xdc, 0xff, 0xf3, 0xff, 0xff, 0xff, 0xff, 0xff, 0xff, 0xff, 0xff, 0xfd, 0xff, 0xff, 0xff, 0xe0,
    0x7f, 0xfe, 0xc8, 0xff, 0xff, 0xff, 0xff, 0x3f, 0xff, 0xff, 0xef, 0xff, 0xff, 0xfd, 0xff, 0xff, 0xff, 0xe0,
    0x7f, 0xfe, 0xe2, 0xff, 0xff, 0xff, 0xff, 0xdf, 0xff, 0xfd, 0xff, 0xff, 0xff, 0xfd, 0x3f, 0xff, 0xff, 0xe0,
    0x7f, 0xff, 0xf6, 0xff, 0xff, 0xff, 0xfe, 0xff, 0xff, 0xfb, 0xff, 0xff, 0xff, 0xfd, 0xff, 0xff, 0xff, 0xe0,
    0x7f, 0xfb, 0xfe, 0xff, 0xff, 0xff, 0xff, 0xff, 0xff, 0xff, 0xff, 0xff, 0xff, 0xfd, 0xff, 0xff, 0xff, 0xe0,
    0x7f, 0xff, 0x7e, 0xff, 0xff, 0xff, 0xff, 0xef, 0xff, 0xff, 0xff, 0xff, 0xff, 0xfb, 0xff, 0xbf, 0xff, 0xe0,
    0x7f, 0xff, 0x7e, 0xff, 0xff, 0xff, 0xfd, 0xff, 0xff, 0xff, 0xff, 0xff, 0xff, 0xf4, 0xff, 0xff, 0xff, 0xe0,
    0x7f, 0xff, 0xfe, 0xff, 0xff, 0xff, 0xff, 0xff, 0xff, 0xff, 0xff, 0xff, 0xff, 0xf7, 0xff, 0xff, 0xff, 0xe0,
    0x7f, 0xff, 0xfe, 0xff, 0xff, 0xff, 0xfb, 0xff, 0xff, 0xff, 0xff, 0xff, 0xff, 0xef, 0xff, 0xff, 0xff, 0xe0,
    0x7f, 0xfd, 0xbe, 0xff, 0xff, 0xff, 0xff, 0xff, 0xff, 0xff, 0xff, 0xff, 0xff, 0xef, 0xff, 0xff, 0xff, 0xe0,
    0x00, 0x00, 0x00, 0x00, 0x00, 0x00, 0x00, 0x00, 0x00, 0x00, 0x00, 0x00, 0x00, 0x00, 0x00, 0x00, 0x00, 0x00,
};

static const lv_img_dsc_t waterfall29 = {
    .header.cf = LV_IMG_CF_INDEXED_1BIT,
    .header.always_zero = 0,
    .header.reserved = 0,
    .header.w = 140,
    .header.h = 68,
    .data_size = 1232,
    .data = waterfall29_map,
};

static const LV_ATTRIBUTE_MEM_ALIGN LV_ATTRIBUTE_LARGE_CONST uint8_t waterfall30_map[] = {
#if CONFIG_NICE_VIEW_WIDGET_INVERTED
    0xff, 0xff, 0xff, 0xff, /*Color of index 0*/
    0x00, 0x00, 0x00, 0xff, /*Color of index 1*/
#else
    0x00, 0x00, 0x00, 0xff, /*Color of index 0*/
    0xff, 0xff, 0xff, 0xff, /*Color of index 1*/
#endif
    0x00, 0x00, 0x00, 0x00, 0x00, 0x00, 0x00, 0x00, 0x00, 0x00, 0x00, 0x00, 0x00, 0x00, 0x00, 0x00, 0x00, 0x00,
    0x7f, 0xfb, 0xfe, 0xff, 0xff, 0xff, 0xff, 0xff, 0xff, 0xff, 0xff, 0xff, 0xff, 0xf7, 0xff, 0xff, 0xff, 0xe0,
    0x7f, 0xff, 0x7e, 0xff, 0xff, 0xff, 0xff, 0xfd, 0xff, 0xff, 0xff, 0xff, 0xff, 0xef, 0xff, 0xff, 0xff, 0xe0,
    0x7f, 0xff, 0x7e, 0xff, 0xff, 0xff, 0xff, 0xff, 0xff, 0xff, 0xff, 0xff, 0xff, 0xe9, 0xff, 0xff, 0xff, 0xe0,
    0x7f, 0xff, 0xfe, 0xff, 0xff, 0xff, 0xff, 0xff, 0xef, 0xff, 0xff, 0xff, 0xff, 0xef, 0xff, 0xff, 0xff, 0xe0,
    0x7f, 0xff, 0xfe, 0xff, 0xff, 0xff, 0xff, 0xfe, 0xff, 0xff, 0xef, 0xff, 0xff, 0xef, 0xff, 0xff, 0xff, 0xe0,
    0x7f, 0xf6, 0xe2, 0xff, 0xff, 0xff, 0xff, 0xff, 0xdf, 0xff, 0xf7, 0xff, 0xff, 0xef, 0xff, 0xff, 0xfb, 0xe0,
    0x7f, 0xf6, 0xe2, 0xff, 0xff, 0xff, 0xff, 0xff, 0x3f, 0xff, 0xff, 0xff, 0xff, 0xf4, 0xff, 0xff, 0xff, 0xe0,
    0x7f, 0xff, 0xdc, 0xff, 0xff, 0xff, 0xff, 0xff, 0xff, 0xff, 0xff, 0xbf, 0xff, 0xfb, 0xff, 0xff, 0xff, 0xe0,
    0x7f, 0xff, 0xdc, 0xff, 0xff, 0xf3, 0xff, 0xff, 0xff, 0xff, 0xfb, 0x7f, 0xff, 0xfb, 0xff, 0xff, 0xff, 0xe0,
    0x7f, 0xfd, 0xbe, 0xff, 0xff, 0xed, 0xff, 0xff, 0xff, 0xff, 0xfc, 0xff, 0xff, 0xfd, 0xff, 0xff, 0xff, 0xe0,
    0x7f, 0xfd, 0xbe, 0xe0, 0x7f, 0xff, 0xff, 0xff, 0xff, 0xff, 0xff, 0xff, 0xff, 0xfd, 0x3f, 0xff, 0xff, 0xe0,
    0x7f, 0xef, 0xbe, 0xca, 0xbf, 0xfe, 0xff, 0xff, 0xff, 0xff, 0xff, 0xff, 0xff, 0xfd, 0xff, 0xff, 0xff, 0xe0,
    0x7f, 0xef, 0xfe, 0x9d, 0xdf, 0xdf, 0xff, 0xff, 0xff, 0xff, 0xff, 0xff, 0xff, 0xfd, 0xff, 0xff, 0xff, 0xe0,
    0x7f, 0xff, 0xfe, 0xaa, 0x9f, 0xbf, 0xff, 0xff, 0xff, 0xff, 0xff, 0xff, 0xff, 0xfd, 0xff, 0xfb, 0xff, 0xe0,
    0x7f, 0xff, 0x76, 0xb7, 0x5f, 0xff, 0xff, 0xf7, 0xff, 0xff, 0xf1, 0xff, 0xff, 0xfa, 0x7f, 0xff, 0xff, 0xe0,
    0x7f, 0xff, 0x62, 0xaa, 0x9f, 0xff, 0xcf, 0x89, 0xff, 0xff, 0xce, 0x7f, 0xff, 0xf7, 0xff, 0xff, 0xff, 0xe0,
    0x7f, 0xff, 0x6a, 0x9d, 0xd3, 0xff, 0x30, 0x7e, 0xff, 0xff, 0xbf, 0x88, 0x3f, 0xe3, 0xff, 0xff, 0xff, 0xe0,
    0x7f, 0xeb, 0xf8, 0xaa, 0xbc, 0xfe, 0xff, 0xff, 0x3e, 0x0f, 0x7f, 0xf7, 0xdf, 0xdf, 0xff, 0xff, 0xff, 0xe0,
    0x7f, 0xeb, 0xf8, 0xc7, 0x7f, 0x79, 0xff, 0xff, 0xc1, 0xf0, 0xff, 0xff, 0xe7, 0xbf, 0xff, 0xff, 0xff, 0xe0,
    0x7f, 0xff, 0xd8, 0x33, 0xf0, 0x00, 0x00, 0x00, 0x00, 0x00, 0x00, 0x3f, 0xf0, 0xef, 0xff, 0xff, 0xff, 0xe0,
    0x7f, 0xff, 0xf8, 0x0c, 0xc0, 0x00, 0x00, 0x00, 0x00, 0x00, 0x00, 0x00, 0x00, 0x5f, 0xff, 0xff, 0xff, 0xe0,
    0x7f, 0xfb, 0xf8, 0x12, 0x20, 0x7f, 0xf8, 0x00, 0x00, 0x00, 0x00, 0x00, 0x00, 0x5f, 0xff, 0xff, 0xff, 0xe0,
    0x7f, 0xfa, 0xf8, 0x17, 0xd0, 0x00, 0x00, 0x00, 0x00, 0x00, 0x00, 0x00, 0x00, 0x5f, 0xff, 0xff, 0xff, 0xe0,
    0x7f, 0xfe, 0xf8, 0x2a, 0x90, 0x00, 0x00, 0x07, 0xf8, 0x00, 0x00, 0x00, 0x00, 0x5b, 0xff, 0xff, 0xff, 0xe0,
    0x7f, 0xfe, 0xf9, 0xed, 0xd0, 0x00, 0x00, 0x00, 0x00, 0x00, 0x00, 0x00, 0x00, 0x5b, 0xff, 0xff, 0xfe, 0xe0,
    0x7f, 0xfe, 0xf1, 0xf2, 0x90, 0x00, 0xfe, 0x00, 0x00, 0x00, 0x00, 0x00, 0x00, 0x1b, 0xff, 0xff, 0xff, 0xe0,
    0x7f, 0xfe, 0xf0, 0x17, 0xa0, 0x00, 0x00, 0x00, 0x00, 0x00, 0x00, 0x00, 0x00, 0x3b, 0xff, 0xff, 0xff, 0xe0,
    0x7f, 0xfe, 0xa8, 0xa8, 0x40, 0x00, 0x0f, 0xff, 0x00, 0x00, 0x00, 0x00, 0x00, 0x3b, 0xff, 0xfb, 0xff, 0xe0,
    0x7f, 0xff, 0xb0, 0x07, 0x80, 0x00, 0x00, 0x00, 0x00, 0x00, 0x00, 0x00, 0x00, 0x3b, 0xff, 0xc0, 0x7f, 0xe0,
    0x7f, 0xdf, 0xb0, 0xaa, 0x00, 0x00, 0x00, 0x00, 0x00, 0x00, 0x01, 0xf8, 0x00, 0x37, 0xff, 0x80, 0x3f, 0xe0,
    0x7f, 0xdf, 0xb0, 0x02, 0x00, 0x00, 0x00, 0x00, 0x00, 0x00, 0x00, 0x00, 0x00, 0x37, 0xff, 0x00, 0x1f, 0xe0,
    0x7f, 0xff, 0xb0, 0xab, 0xfc, 0x00, 0x00, 0x00, 0x00, 0x00, 0x00, 0xff, 0xfc, 0x37, 0xff, 0x01, 0x1f, 0xe0,
    0x7f, 0xff, 0xb0, 0x02, 0x00, 0x00, 0x00, 0x00, 0x00, 0x00, 0x00, 0x00, 0x00, 0x37, 0xff, 0x0f, 0xff, 0xe0,
    0x7f, 0xff, 0xb1, 0xfc, 0x00, 0x00, 0x00, 0x00, 0x00, 0x3f, 0xf0, 0x00, 0x00, 0x37, 0xfe, 0x1f, 0xff, 0xe0,
    0x7f, 0xff, 0xb8, 0x04, 0x00, 0x00, 0x00, 0x00, 0x00, 0x00, 0x00, 0x00, 0x00, 0x37, 0xff, 0x1f, 0xff, 0xe0,
    0x7f, 0xdf, 0xb8, 0xaa, 0x07, 0xf0, 0x00, 0x00, 0x00, 0x00, 0x00, 0x00, 0x07, 0xaf, 0xff, 0x1f, 0xff, 0xe0,
    0x7f, 0xdf, 0xb8, 0x45, 0x00, 0x00, 0x00, 0x00, 0x00, 0x00, 0x00, 0x00, 0x00, 0x2f, 0xff, 0x3f, 0xff, 0xe0,
    0x7f, 0xff, 0xb8, 0xa9, 0x80, 0x00, 0x00, 0x00, 0x00, 0x00, 0x00, 0xff, 0x80, 0x2f, 0xff, 0x9f, 0xff, 0xe0,
    0x7f, 0xff, 0xb9, 0x11, 0x00, 0x00, 0x00, 0x00, 0x00, 0x00, 0x00, 0x00, 0x00, 0x2f, 0xff, 0xdf, 0xff, 0xe0,
    0x7f, 0xfe, 0xb0, 0xa9, 0x00, 0x00, 0x07, 0xfe, 0x00, 0x00, 0x00, 0x00, 0x00, 0x2f, 0xff, 0xff, 0xff, 0xe0,
    0x7f, 0xfe, 0xf8, 0x7d, 0x00, 0x00, 0x00, 0x00, 0x00, 0x00, 0x00, 0x00, 0x00, 0x2f, 0xff, 0xff, 0xff, 0xe0,
    0x7f, 0xde, 0xf9, 0xbf, 0x00, 0x00, 0x00, 0x00, 0x00, 0x00, 0x01, 0xff, 0x00, 0x1f, 0xff, 0xff, 0xff, 0xe0,
    0x7f, 0xfe, 0xf8, 0x41, 0x00, 0x00, 0x00, 0x00, 0x00, 0x00, 0x00, 0x00, 0x00, 0x5f, 0xff, 0xff, 0xff, 0xe0,
    0x7f, 0xfe, 0xf8, 0xaa, 0x9f, 0xf8, 0x00, 0x00, 0x00, 0x00, 0x00, 0x00, 0x1f, 0x5f, 0xff, 0xff, 0xbf, 0xe0,
    0x7f, 0xfe, 0xf9, 0x55, 0x40, 0x00, 0x00, 0x00, 0x00, 0x00, 0x00, 0x00, 0x00, 0x5b, 0xff, 0xff, 0xff, 0xe0,
    0x7f, 0xfb, 0xf8, 0xaa, 0xa0, 0x00, 0x00, 0x00, 0x00, 0x00, 0x3f, 0xf8, 0x00, 0x5b, 0xff, 0xff, 0xff, 0xe0,
    0x7f, 0xfb, 0xf8, 0x55, 0x20, 0x00, 0x00, 0x00, 0x00, 0x00, 0x00, 0x00, 0x00, 0x5b, 0xff, 0xff, 0xff, 0xe0,
    0x7f, 0xef, 0xd8, 0xaa, 0x90, 0x0f, 0xfe, 0x00, 0x00, 0x00, 0x00, 0x00, 0x00, 0xbb, 0xff, 0xff, 0xff, 0xe0,
    0x7f, 0xef, 0xf9, 0x55, 0x5f, 0xff, 0xff, 0xce, 0x7f, 0xff, 0xfe, 0xf3, 0xff, 0xff, 0xff, 0xff, 0xff, 0xe0,
    0x7f, 0xfb, 0xf8, 0xaa, 0x97, 0xff, 0x00, 0x3f, 0x9f, 0xff, 0xf9, 0xfc, 0x00, 0xff, 0xff, 0xff, 0xff, 0xe0,
    0x7f, 0xfb, 0x6a, 0x55, 0x39, 0xfc, 0xff, 0xff, 0xef, 0xc1, 0xf7, 0xff, 0xff, 0x7f, 0xff, 0xff, 0xff, 0xe0,
    0x7f, 0xff, 0x62, 0xaa, 0xbe, 0xfb, 0xff, 0xff, 0xf0, 0x3e, 0x0f, 0xff, 0xff, 0x9f, 0xff, 0xff, 0xff, 0xe0,
    0x7f, 0xff, 0x77, 0x55, 0x5f, 0x07, 0xff, 0xff, 0xff, 0xff, 0xff, 0xff, 0xff, 0xef, 0xff, 0xff, 0xff, 0xe0,
    0x7f, 0xef, 0xfe, 0x80, 0xff, 0xff, 0xff, 0xff, 0xff, 0xff, 0xff, 0xff, 0xff, 0xf7, 0xff, 0xff, 0xff, 0xe0,
    0x7f, 0xed, 0xfe, 0xff, 0xfe, 0xff, 0xff, 0xff, 0xff, 0xff, 0x3f, 0xff, 0xff, 0xfa, 0x7f, 0xff, 0xfd, 0xe0,
    0x7f, 0xff, 0xbe, 0xff, 0xed, 0xff, 0xff, 0xff, 0xff, 0xfe, 0xdf, 0xff, 0xff, 0xfb, 0xff, 0xff, 0xff, 0xe0,
    0x7f, 0xff, 0xbe, 0xff, 0xf3, 0xff, 0xff, 0xff, 0xff, 0xff, 0xff, 0xff, 0xff, 0xfd, 0xff, 0xff, 0xff, 0xe0,
    0x7f, 0xfd, 0xbe, 0xff, 0xff, 0xff, 0xff, 0x3f, 0xff, 0xff, 0xef, 0xff, 0xff, 0xfd, 0xff, 0xff, 0xff, 0xe0,
    0x7f, 0xff, 0xdc, 0xff, 0xff, 0xff, 0xff, 0xdf, 0xff, 0xfd, 0xff, 0xff, 0xff, 0xfd, 0x3f, 0xff, 0xff, 0xe0,
    0x7f, 0xf7, 0xdc, 0xff, 0xff, 0xff, 0xfe, 0xff, 0xff, 0xfb, 0xff, 0xff, 0xff, 0xfd, 0xff, 0xff, 0xff, 0xe0,
    0x7f, 0xf7, 0xe2, 0xff, 0xff, 0xff, 0xff, 0xff, 0xff, 0xff, 0xff, 0xff, 0xff, 0xfd, 0xff, 0xff, 0xff, 0xe0,
    0x7f, 0xfe, 0xe2, 0xff, 0xff, 0xff, 0xff, 0xef, 0xff, 0xff, 0xff, 0xff, 0xff, 0xfb, 0xff, 0xbf, 0xff, 0xe0,
    0x7f, 0xfe, 0xfe, 0xff, 0xff, 0xff, 0xfd, 0xff, 0xff, 0xff, 0xff, 0xff, 0xff, 0xf4, 0xff, 0xff, 0xff, 0xe0,
    0x7f, 0xff, 0xfe, 0xff, 0xff, 0xff, 0xff, 0xff, 0xff, 0xff, 0xff, 0xff, 0xff, 0xf7, 0xff, 0xff, 0xff, 0xe0,
    0x7f, 0xff, 0xfe, 0xff, 0xff, 0xff, 0xfb, 0xff, 0xff, 0xff, 0xff, 0xff, 0xff, 0xef, 0xff, 0xff, 0xff, 0xe0,
    0x7f, 0xfb, 0x7e, 0xff, 0xff, 0xff, 0xff, 0xff, 0xff, 0xff, 0xff, 0xff, 0xff, 0xef, 0xff, 0xff, 0xff, 0xe0,
    0x00, 0x00, 0x00, 0x00, 0x00, 0x00, 0x00, 0x00, 0x00, 0x00, 0x00, 0x00, 0x00, 0x00, 0x00, 0x00, 0x00, 0x00,
};

static const lv_img_dsc_t waterfall30 = {
    .header.cf = LV_IMG_CF_INDEXED_1BIT,
    .header.always_zero = 0,
    .header.reserved = 0,
    .header.w = 140,
    .header.h = 68,
    .data_size = 1232,
    .data = waterfall30_map,
};

static const LV_ATTRIBUTE_MEM_ALIGN LV_ATTRIBUTE_LARGE_CONST uint8_t waterfall31_map[] = {
#if CONFIG_NICE_VIEW_WIDGET_INVERTED
    0xff, 0xff, 0xff, 0xff, /*Color of index 0*/
    0x00, 0x00, 0x00, 0xff, /*Color of index 1*/
#else
    0x00, 0x00, 0x00, 0xff, /*Color of index 0*/
    0xff, 0xff, 0xff, 0xff, /*Color of index 1*/
#endif
    0x00, 0x00, 0x00, 0x00, 0x00, 0x00, 0x00, 0x00, 0x00, 0x00, 0x00, 0x00, 0x00, 0x00, 0x00, 0x00, 0x00, 0x00,
    0x7f, 0xf7, 0xfe, 0xff, 0xff, 0xff, 0xff, 0xff, 0xff, 0xff, 0xff, 0xff, 0xff, 0xf7, 0xff, 0xff, 0xff, 0xe0,
    0x7f, 0xfe, 0xfe, 0xff, 0xff, 0xff, 0xff, 0xfd, 0xff, 0xff, 0xff, 0xff, 0xff, 0xef, 0xff, 0xff, 0xff, 0xe0,
    0x7f, 0xfe, 0xfe, 0xff, 0xff, 0xff, 0xff, 0xff, 0xff, 0xff, 0xff, 0xff, 0xff, 0xe9, 0xff, 0xff, 0xff, 0xe0,
    0x7f, 0xff, 0xe2, 0xff, 0xff, 0xff, 0xff, 0xff, 0xef, 0xff, 0xff, 0xff, 0xff, 0xef, 0xff, 0xff, 0xff, 0xe0,
    0x7f, 0xff, 0xc8, 0xff, 0xff, 0xff, 0xff, 0xfe, 0xff, 0xff, 0xef, 0xff, 0xff, 0xef, 0xff, 0xff, 0xff, 0xe0,
    0x7f, 0xfd, 0xfe, 0xff, 0xff, 0xff, 0xff, 0xff, 0xdf, 0xff, 0xf7, 0xff, 0xff, 0xef, 0xff, 0xff, 0xfb, 0xe0,
    0x7f, 0xed, 0xfe, 0xff, 0xff, 0xff, 0xff, 0xff, 0x3f, 0xff, 0xff, 0xff, 0xff, 0xf4, 0xff, 0xff, 0xff, 0xe0,
    0x7f, 0xff, 0xbe, 0xff, 0xff, 0xff, 0xff, 0xff, 0xff, 0xff, 0xff, 0xbf, 0xff, 0xfb, 0xff, 0xff, 0xff, 0xe0,
    0x7f, 0xff, 0xbe, 0xff, 0xff, 0xf3, 0xff, 0xff, 0xff, 0xff, 0xfb, 0x7f, 0xff, 0xfb, 0xff, 0xff, 0xff, 0xe0,
    0x7f, 0xff, 0xfe, 0xff, 0xff, 0xed, 0xff, 0xff, 0xff, 0xff, 0xfc, 0xff, 0xff, 0xfd, 0xff, 0xff, 0xff, 0xe0,
    0x7f, 0xff, 0xfe, 0xff, 0xff, 0xff, 0xff, 0xff, 0xff, 0xff, 0xff, 0xff, 0xff, 0xfd, 0x3f, 0xff, 0xff, 0xe0,
    0x7f, 0xef, 0x7e, 0xf0, 0x7f, 0xfe, 0xff, 0xff, 0xff, 0xff, 0xff, 0xff, 0xff, 0xfd, 0xff, 0xff, 0xff, 0xe0,
    0x7f, 0xef, 0x76, 0xed, 0xbf, 0xdf, 0xff, 0xff, 0xff, 0xff, 0xff, 0xff, 0xff, 0xfd, 0xff, 0xff, 0xff, 0xe0,
    0x7f, 0xfb, 0xea, 0xca, 0x9f, 0xbf, 0xff, 0xff, 0xff, 0xff, 0xff, 0xff, 0xff, 0xfd, 0xff, 0xfb, 0xff, 0xe0,
    0x7f, 0xfb, 0xfe, 0x57, 0x5f, 0xff, 0xff, 0xf7, 0xff, 0xff, 0xf1, 0xff, 0xff, 0xfa, 0x7f, 0xff, 0xff, 0xe0,
    0x7f, 0xff, 0xdc, 0xca, 0x9f, 0xff, 0xcf, 0x89, 0xff, 0xff, 0xce, 0x7f, 0xff, 0xf7, 0xff, 0xff, 0xff, 0xe0,
    0x7f, 0xfe, 0xdc, 0xdd, 0xd3, 0xff, 0x30, 0x7e, 0xff, 0xff, 0xbf, 0x88, 0x3f, 0xe3, 0xff, 0xff, 0xff, 0xe0,
    0x7f, 0xdf, 0xf8, 0xca, 0xbc, 0xfe, 0xff, 0xff, 0x3e, 0x0f, 0x7f, 0xf7, 0xdf, 0xdf, 0xff, 0xff, 0xff, 0xe0,
    0x7f, 0xdf, 0xf8, 0xe7, 0x3f, 0x79, 0xff, 0xff, 0xc1, 0xf0, 0xff, 0xff, 0xe7, 0xbf, 0xff, 0xff, 0xff, 0xe0,
    0x7f, 0xfe, 0xf9, 0xf8, 0xc0, 0x00, 0x00, 0x00, 0x00, 0x00, 0x3f, 0xf0, 0x00, 0xbb, 0xff, 0xff, 0xff, 0xe0,
    0x7f, 0xff, 0xf8, 0xc7, 0x00, 0x00, 0x00, 0x00, 0x00, 0x00, 0x00, 0x00, 0x00, 0x37, 0xff, 0xff, 0xff, 0xe0,
    0x7f, 0xf7, 0xa0, 0x20, 0x7f, 0xf8, 0x00, 0x00, 0x00, 0x00, 0x00, 0x00, 0x7f, 0x37, 0xff, 0xff, 0xff, 0xe0,
    0x7f, 0xf7, 0xa1, 0x90, 0x00, 0x00, 0x00, 0x00, 0x00, 0x00, 0x00, 0x00, 0x00, 0x37, 0xff, 0xff, 0xff, 0xe0,
    0x7f, 0xdf, 0xc8, 0x70, 0x00, 0x00, 0x07, 0xf8, 0x00, 0x00, 0x00, 0x00, 0x00, 0x77, 0xff, 0xff, 0xff, 0xe0,
    0x7f, 0xdf, 0xc8, 0x10, 0x00, 0x00, 0x00, 0x00, 0x00, 0x00, 0x00, 0x00, 0x00, 0x77, 0xff, 0xff, 0xfe, 0xe0,
    0x7f, 0xf7, 0xd1, 0xf8, 0x00, 0xfe, 0x00, 0x00, 0x00, 0x00, 0x00, 0x00, 0x00, 0x37, 0xff, 0xff, 0xff, 0xe0,
    0x7f, 0xf7, 0xe0, 0x08, 0x00, 0x00, 0x00, 0x00, 0x00, 0x00, 0x00, 0x00, 0x00, 0x2f, 0xff, 0xff, 0xff, 0xe0,
    0x7f, 0xff, 0xe8, 0xa4, 0x00, 0x0f, 0xff, 0x00, 0x00, 0x00, 0x00, 0x00, 0x00, 0x2f, 0xff, 0xfb, 0xff, 0xe0,
    0x7f, 0xff, 0xe8, 0x42, 0x00, 0x00, 0x00, 0x00, 0x00, 0x00, 0x00, 0x00, 0x00, 0x2f, 0xff, 0xc0, 0x7f, 0xe0,
    0x7f, 0xd7, 0xf0, 0xaa, 0x00, 0x00, 0x00, 0x00, 0x00, 0x01, 0xf8, 0x00, 0x00, 0x2f, 0xff, 0x80, 0x3f, 0xe0,
    0x7f, 0xd7, 0xf0, 0x02, 0x00, 0x00, 0x00, 0x00, 0x00, 0x00, 0x00, 0x00, 0x00, 0x2f, 0xff, 0x00, 0x1f, 0xe0,
    0x7f, 0xfd, 0xf0, 0xaa, 0x00, 0x00, 0x00, 0x00, 0x00, 0x00, 0xff, 0xfc, 0x00, 0x2f, 0xff, 0x01, 0x1f, 0xe0,
    0x7f, 0xfd, 0xf0, 0x42, 0x00, 0x00, 0x00, 0x00, 0x00, 0x00, 0x00, 0x00, 0x00, 0x1f, 0xff, 0x0f, 0xff, 0xe0,
    0x7f, 0xf7, 0xf8, 0xaa, 0x00, 0x00, 0x00, 0x00, 0x3f, 0xf0, 0x00, 0x00, 0x00, 0x1f, 0xfe, 0x1f, 0xff, 0xe0,
    0x7f, 0xf7, 0xf8, 0xfc, 0x00, 0x00, 0x00, 0x00, 0x00, 0x00, 0x00, 0x00, 0x00, 0x1f, 0xff, 0x1f, 0xff, 0xe0,
    0x7f, 0xdd, 0xf9, 0x03, 0xf0, 0x00, 0x00, 0x00, 0x00, 0x00, 0x00, 0x07, 0xf0, 0x1b, 0xff, 0x1f, 0xff, 0xe0,
    0x7f, 0xdd, 0xf8, 0x45, 0x00, 0x00, 0x00, 0x00, 0x00, 0x00, 0x00, 0x00, 0x00, 0x1b, 0xff, 0x3f, 0xff, 0xe0,
    0x7f, 0xf7, 0xf8, 0xa9, 0x00, 0x00, 0x00, 0x00, 0x00, 0x00, 0xff, 0x80, 0x00, 0x1b, 0xff, 0x9f, 0xff, 0xe0,
    0x7f, 0xf7, 0xf9, 0x10, 0x80, 0x00, 0x00, 0x00, 0x00, 0x00, 0x00, 0x00, 0x00, 0x3b, 0xff, 0xdf, 0xff, 0xe0,
    0x7f, 0xff, 0xf8, 0xbe, 0x80, 0x07, 0xfe, 0x00, 0x00, 0x00, 0x00, 0x00, 0x00, 0x3b, 0xff, 0xff, 0xff, 0xe0,
    0x7f, 0xff, 0xf8, 0xc3, 0x80, 0x00, 0x00, 0x00, 0x00, 0x00, 0x00, 0x00, 0x00, 0x3b, 0xff, 0xff, 0xff, 0xe0,
    0x7f, 0xd7, 0xf9, 0x3f, 0x80, 0x00, 0x00, 0x00, 0x00, 0x01, 0xff, 0x00, 0x00, 0x37, 0xff, 0xff, 0xff, 0xe0,
    0x7f, 0xd7, 0xf8, 0x40, 0xc0, 0x00, 0x00, 0x00, 0x00, 0x00, 0x00, 0x00, 0x00, 0x37, 0xff, 0xff, 0xff, 0xe0,
    0x7f, 0xff, 0xf8, 0xaa, 0x78, 0x00, 0x00, 0x00, 0x00, 0x00, 0x00, 0x1f, 0xf8, 0x37, 0xff, 0xff, 0xbf, 0xe0,
    0x7f, 0xff, 0xb9, 0x5d, 0xa0, 0x00, 0x00, 0x00, 0x00, 0x00, 0x00, 0x00, 0x00, 0x77, 0xff, 0xff, 0xff, 0xe0,
    0x7f, 0xf7, 0xb9, 0x2a, 0x90, 0x00, 0x00, 0x00, 0x00, 0x3f, 0xf8, 0x00, 0x00, 0x77, 0xff, 0xff, 0xff, 0xe0,
    0x7f, 0xff, 0xf8, 0x55, 0x50, 0x00, 0x00, 0x00, 0x00, 0x00, 0x00, 0x00, 0x00, 0x77, 0xff, 0xff, 0xff, 0xe0,
    0x7f, 0xde, 0xf8, 0xaa, 0x9f, 0xfe, 0x00, 0x00, 0x00, 0x00, 0x00, 0x00, 0x0e, 0x6f, 0xff, 0xff, 0xff, 0xe0,
    0x7f, 0xde, 0xf8, 0xdd, 0xdf, 0xff, 0xff, 0xce, 0x7f, 0xff, 0xfe, 0xf3, 0xff, 0xff, 0xff, 0xff, 0xff, 0xe0,
    0x7f, 0xff, 0xf8, 0xaa, 0x97, 0xff, 0x00, 0x3f, 0x9f, 0xff, 0xf9, 0xfc, 0x00, 0xff, 0xff, 0xff, 0xff, 0xe0,
    0x7f, 0xff, 0xdd, 0x55, 0x39, 0xfc, 0xff, 0xff, 0xef, 0xc1, 0xf7, 0xff, 0xff, 0x7f, 0xff, 0xff, 0xff, 0xe0,
    0x7f, 0xff, 0xdc, 0xaa, 0xbe, 0xfb, 0xff, 0xff, 0xf0, 0x3e, 0x0f, 0xff, 0xff, 0x9f, 0xff, 0xff, 0xff, 0xe0,
    0x7f, 0xff, 0xfe, 0xcc, 0x5f, 0x07, 0xff, 0xff, 0xff, 0xff, 0xff, 0xff, 0xff, 0xef, 0xff, 0xff, 0xff, 0xe0,
    0x7f, 0xfb, 0xea, 0xf3, 0xff, 0xff, 0xff, 0xff, 0xff, 0xff, 0xff, 0xff, 0xff, 0xf7, 0xff, 0xff, 0xff, 0xe0,
    0x7f, 0xeb, 0xf6, 0xff, 0xfe, 0xff, 0xff, 0xff, 0xff, 0xff, 0x3f, 0xff, 0xff, 0xfa, 0x7f, 0xff, 0xfd, 0xe0,
    0x7f, 0xff, 0x7e, 0xff, 0xed, 0xff, 0xff, 0xff, 0xff, 0xfe, 0xdf, 0xff, 0xff, 0xfb, 0xff, 0xff, 0xff, 0xe0,
    0x7f, 0xff, 0x7e, 0xff, 0xf3, 0xff, 0xff, 0xff, 0xff, 0xff, 0xff, 0xff, 0xff, 0xfd, 0xff, 0xff, 0xff, 0xe0,
    0x7f, 0xff, 0xfe, 0xff, 0xff, 0xff, 0xff, 0x3f, 0xff, 0xff, 0xef, 0xff, 0xff, 0xfd, 0xff, 0xff, 0xff, 0xe0,
    0x7f, 0xfd, 0xfe, 0xff, 0xff, 0xff, 0xff, 0xdf, 0xff, 0xfd, 0xff, 0xff, 0xff, 0xfd, 0x3f, 0xff, 0xff, 0xe0,
    0x7f, 0xef, 0xbe, 0xff, 0xff, 0xff, 0xfe, 0xff, 0xff, 0xfb, 0xff, 0xff, 0xff, 0xfd, 0xff, 0xff, 0xff, 0xe0,
    0x7f, 0xef, 0xbe, 0xff, 0xff, 0xff, 0xff, 0xff, 0xff, 0xff, 0xff, 0xff, 0xff, 0xfd, 0xff, 0xff, 0xff, 0xe0,
    0x7f, 0xfd, 0xfe, 0xff, 0xff, 0xff, 0xff, 0xef, 0xff, 0xff, 0xff, 0xff, 0xff, 0xfb, 0xff, 0xbf, 0xff, 0xe0,
    0x7f, 0xff, 0xfe, 0xff, 0xff, 0xff, 0xfd, 0xff, 0xff, 0xff, 0xff, 0xff, 0xff, 0xf4, 0xff, 0xff, 0xff, 0xe0,
    0x7f, 0xff, 0xe2, 0xff, 0xff, 0xff, 0xff, 0xff, 0xff, 0xff, 0xff, 0xff, 0xff, 0xf7, 0xff, 0xff, 0xff, 0xe0,
    0x7f, 0xff, 0xf6, 0xff, 0xff, 0xff, 0xfb, 0xff, 0xff, 0xff, 0xff, 0xff, 0xff, 0xef, 0xff, 0xff, 0xff, 0xe0,
    0x7f, 0xf6, 0xfe, 0xff, 0xff, 0xff, 0xff, 0xff, 0xff, 0xff, 0xff, 0xff, 0xff, 0xef, 0xff, 0xff, 0xff, 0xe0,
    0x00, 0x00, 0x00, 0x00, 0x00, 0x00, 0x00, 0x00, 0x00, 0x00, 0x00, 0x00, 0x00, 0x00, 0x00, 0x00, 0x00, 0x00,
};

static const lv_img_dsc_t waterfall31 = {
    .header.cf = LV_IMG_CF_INDEXED_1BIT,
    .header.always_zero = 0,
    .header.reserved = 0,
    .header.w = 140,
    .header.h = 68,
    .data_size = 1232,
    .data = waterfall31_map,
};

static const LV_ATTRIBUTE_MEM_ALIGN LV_ATTRIBUTE_LARGE_CONST uint8_t waterfall32_map[] = {
#if CONFIG_NICE_VIEW_WIDGET_INVERTED
    0xff, 0xff, 0xff, 0xff, /*Color of index 0*/
    0x00, 0x00, 0x00, 0xff, /*Color of index 1*/
#else
    0x00, 0x00, 0x00, 0xff, /*Color of index 0*/
    0xff, 0xff, 0xff, 0xff, /*Color of index 1*/
#endif
    0x00, 0x00, 0x00, 0x00, 0x00, 0x00, 0x00, 0x00, 0x00, 0x00, 0x00, 0x00, 0x00, 0x00, 0x00, 0x00, 0x00, 0x00,
    0x7f, 0xf6, 0xe2, 0xff, 0xff, 0xff, 0xff, 0xff, 0xff, 0xff, 0xff, 0xff, 0xff, 0xf7, 0xff, 0xff, 0xff, 0xe0,
    0x7f, 0xff, 0xfe, 0xff, 0xff, 0xff, 0xff, 0xfd, 0xff, 0xff, 0xff, 0xff, 0xff, 0xef, 0xff, 0xff, 0xff, 0xe0,
    0x7f, 0xff, 0xfe, 0xff, 0xff, 0xff, 0xff, 0xff, 0xff, 0xff, 0xff, 0xff, 0xff, 0xe9, 0xff, 0xff, 0xff, 0xe0,
    0x7f, 0xff, 0x9c, 0xff, 0xff, 0xff, 0xff, 0xff, 0xef, 0xff, 0xff, 0xff, 0xff, 0xef, 0xff, 0xff, 0xff, 0xe0,
    0x7f, 0xff, 0xbe, 0xff, 0xff, 0xff, 0xff, 0xfe, 0xff, 0xff, 0xef, 0xff, 0xff, 0xef, 0xff, 0xff, 0xff, 0xe0,
    0x7f, 0xef, 0xfe, 0xff, 0xff, 0xff, 0xff, 0xff, 0xdf, 0xff, 0xf7, 0xff, 0xff, 0xef, 0xff, 0xff, 0xfb, 0xe0,
    0x7f, 0xeb, 0xfe, 0xff, 0xff, 0xff, 0xff, 0xff, 0x3f, 0xff, 0xff, 0xff, 0xff, 0xf4, 0xff, 0xff, 0xff, 0xe0,
    0x7f, 0xff, 0x7e, 0xff, 0xff, 0xff, 0xff, 0xff, 0xff, 0xff, 0xff, 0xbf, 0xff, 0xfb, 0xff, 0xff, 0xff, 0xe0,
    0x7f, 0xff, 0x7e, 0xff, 0xff, 0xf3, 0xff, 0xff, 0xff, 0xff, 0xfb, 0x7f, 0xff, 0xfb, 0xff, 0xff, 0xff, 0xe0,
    0x7f, 0xff, 0xfe, 0xff, 0xff, 0xed, 0xff, 0xff, 0xff, 0xff, 0xfc, 0xff, 0xff, 0xfd, 0xff, 0xff, 0xff, 0xe0,
    0x7f, 0xff, 0xe2, 0xff, 0xff, 0xff, 0xff, 0xff, 0xff, 0xff, 0xff, 0xff, 0xff, 0xfd, 0x3f, 0xff, 0xff, 0xe0,
    0x7f, 0xde, 0xea, 0xff, 0xff, 0xfe, 0xff, 0xff, 0xff, 0xff, 0xff, 0xff, 0xff, 0xfd, 0xff, 0xff, 0xff, 0xe0,
    0x7f, 0xde, 0xdc, 0xf8, 0x7f, 0xdf, 0xff, 0xff, 0xff, 0xff, 0xff, 0xff, 0xff, 0xfd, 0xff, 0xff, 0xff, 0xe0,
    0x7f, 0xff, 0xdc, 0xf2, 0xbf, 0xbf, 0xff, 0xff, 0xff, 0xff, 0xff, 0xff, 0xff, 0xfd, 0xff, 0xfb, 0xff, 0xe0,
    0x7f, 0xff, 0xfe, 0x2f, 0xdf, 0xff, 0xff, 0xf7, 0xff, 0xff, 0xf1, 0xff, 0xff, 0xfa, 0x7f, 0xff, 0xff, 0xe0,
    0x7f, 0xff, 0xfe, 0xea, 0x9f, 0xff, 0xcf, 0x89, 0xff, 0xff, 0xce, 0x7f, 0xff, 0xf7, 0xff, 0xff, 0xff, 0xe0,
    0x7f, 0xff, 0xbe, 0xed, 0xd3, 0xff, 0x30, 0x7e, 0xff, 0xff, 0xbf, 0x88, 0x3f, 0xe3, 0xff, 0xff, 0xff, 0xe0,
    0x7f, 0xd7, 0xb8, 0xea, 0x9c, 0xfe, 0xff, 0xff, 0x3e, 0x0f, 0x7f, 0xf7, 0xdf, 0xdf, 0xff, 0xff, 0xff, 0xe0,
    0x7f, 0xf7, 0xb8, 0xf7, 0xbf, 0x79, 0xff, 0xff, 0xc1, 0xf0, 0xff, 0xff, 0xe7, 0xbf, 0xff, 0xff, 0xff, 0xe0,
    0x7f, 0xfd, 0xf9, 0x88, 0x40, 0x00, 0x00, 0x00, 0x00, 0x3f, 0xf0, 0x00, 0x00, 0x6f, 0xff, 0xff, 0xff, 0xe0,
    0x7f, 0xfd, 0xf8, 0x47, 0x80, 0x00, 0x00, 0x00, 0x00, 0x00, 0x00, 0x00, 0x00, 0x6f, 0xff, 0xff, 0xff, 0xe0,
    0x7f, 0xff, 0xf1, 0xff, 0xf8, 0x00, 0x00, 0x00, 0x00, 0x00, 0x00, 0x7f, 0xf8, 0x6f, 0xff, 0xff, 0xff, 0xe0,
    0x7f, 0xff, 0xe0, 0x30, 0x00, 0x00, 0x00, 0x00, 0x00, 0x00, 0x00, 0x00, 0x00, 0x6f, 0xff, 0xff, 0xff, 0xe0,
    0x7f, 0xbd, 0xe8, 0x88, 0x00, 0x07, 0xf8, 0x00, 0x00, 0x00, 0x00, 0x00, 0x00, 0x5f, 0xff, 0xff, 0xff, 0xe0,
    0x7f, 0xbd, 0x70, 0x04, 0x00, 0x00, 0x00, 0x00, 0x00, 0x00, 0x00, 0x00, 0x00, 0x5f, 0xff, 0xff, 0xfe, 0xe0,
    0x7f, 0xff, 0x70, 0xf4, 0xfe, 0x00, 0x00, 0x00, 0x00, 0x00, 0x00, 0x00, 0xfe, 0x1f, 0xff, 0xff, 0xff, 0xe0,
    0x7f, 0xff, 0x71, 0x0c, 0x00, 0x00, 0x00, 0x00, 0x00, 0x00, 0x00, 0x00, 0x00, 0x1b, 0xff, 0xff, 0xff, 0xe0,
    0x7f, 0xff, 0x68, 0xa2, 0x0f, 0xff, 0x00, 0x00, 0x00, 0x00, 0x00, 0x00, 0x0f, 0x1b, 0xff, 0xfb, 0xff, 0xe0,
    0x7f, 0xff, 0x78, 0x42, 0x00, 0x00, 0x00, 0x00, 0x00, 0x00, 0x00, 0x00, 0x00, 0x1b, 0xff, 0xc0, 0x7f, 0xe0,
    0x7f, 0xbf, 0x78, 0xa9, 0x00, 0x00, 0x00, 0x00, 0x01, 0xf8, 0x00, 0x00, 0x00, 0x3b, 0xff, 0x80, 0x3f, 0xe0,
    0x7f, 0xbf, 0xf0, 0x01, 0x00, 0x00, 0x00, 0x00, 0x00, 0x00, 0x00, 0x00, 0x00, 0x3b, 0xff, 0x00, 0x1f, 0xe0,
    0x7f, 0xff, 0xf0, 0xa9, 0x00, 0x00, 0x00, 0x00, 0x00, 0xff, 0xfc, 0x00, 0x00, 0x3b, 0xff, 0x01, 0x1f, 0xe0,
    0x7f, 0xff, 0xf0, 0x45, 0x00, 0x00, 0x00, 0x00, 0x00, 0x00, 0x00, 0x00, 0x00, 0x37, 0xff, 0x0f, 0xff, 0xe0,
    0x7f, 0xff, 0xf8, 0xa9, 0x00, 0x00, 0x00, 0x3f, 0xf0, 0x00, 0x00, 0x00, 0x00, 0x37, 0xfe, 0x1f, 0xff, 0xe0,
    0x7f, 0xff, 0xf8, 0x7a, 0x00, 0x00, 0x00, 0x00, 0x00, 0x00, 0x00, 0x00, 0x00, 0x37, 0xff, 0x1f, 0xff, 0xe0,
    0x7f, 0xbf, 0xf9, 0x86, 0x00, 0x00, 0x00, 0x00, 0x00, 0x00, 0x07, 0xf0, 0x00, 0x37, 0xff, 0x1f, 0xff, 0xe0,
    0x7f, 0xbf, 0xf8, 0x41, 0x00, 0x00, 0x00, 0x00, 0x00, 0x00, 0x00, 0x00, 0x00, 0x37, 0xff, 0x3f, 0xff, 0xe0,
    0x7f, 0xff, 0x78, 0xaa, 0x80, 0x00, 0x00, 0x00, 0x00, 0xff, 0x80, 0x00, 0x00, 0x37, 0xff, 0x9f, 0xff, 0xe0,
    0x7f, 0xff, 0x79, 0x7c, 0x80, 0x00, 0x00, 0x00, 0x00, 0x00, 0x00, 0x00, 0x00, 0x2f, 0xff, 0xdf, 0xff, 0xe0,
    0x7f, 0xff, 0x78, 0xc3, 0x47, 0xfe, 0x00, 0x00, 0x00, 0x00, 0x00, 0x00, 0x07, 0x2f, 0xff, 0xff, 0xff, 0xe0,
    0x7f, 0xff, 0x78, 0x94, 0xc0, 0x00, 0x00, 0x00, 0x00, 0x00, 0x00, 0x00, 0x00, 0x2f, 0xff, 0xff, 0xff, 0xe0,
    0x7f, 0xbf, 0x79, 0x2f, 0x40, 0x00, 0x00, 0x00, 0x01, 0xff, 0x00, 0x00, 0x00, 0x2f, 0xff, 0xff, 0xff, 0xe0,
    0x7f, 0xbf, 0x78, 0x70, 0xa0, 0x00, 0x00, 0x00, 0x00, 0x00, 0x00, 0x00, 0x00, 0x6f, 0xff, 0xff, 0xff, 0xe0,
    0x7f, 0xfd, 0xf8, 0xca, 0x60, 0x00, 0x00, 0x00, 0x00, 0x00, 0x1f, 0xf8, 0x00, 0x6f, 0xff, 0xff, 0xbf, 0xe0,
    0x7f, 0xfd, 0xf9, 0x9d, 0xa0, 0x00, 0x00, 0x00, 0x00, 0x00, 0x00, 0x00, 0x00, 0x5f, 0xff, 0xff, 0xff, 0xe0,
    0x7f, 0xff, 0xf8, 0xaa, 0x90, 0x00, 0x00, 0x00, 0x3f, 0xf8, 0x00, 0x00, 0x00, 0x5f, 0xff, 0xff, 0xff, 0xe0,
    0x7f, 0xff, 0xf9, 0x77, 0x50, 0x00, 0x00, 0x00, 0x00, 0x00, 0x00, 0x00, 0x00, 0x5f, 0xff, 0xff, 0xff, 0xe0,
    0x7f, 0xf5, 0xf9, 0x2a, 0x9e, 0x00, 0x00, 0x00, 0x00, 0x00, 0x00, 0x0f, 0xfe, 0xdb, 0xff, 0xff, 0xff, 0xe0,
    0x7f, 0xf7, 0xb9, 0x5d, 0xdf, 0xff, 0xff, 0xce, 0x7f, 0xff, 0xfe, 0xf3, 0xff, 0xff, 0xff, 0xff, 0xff, 0xe0,
    0x7f, 0xff, 0xb9, 0xaa, 0x97, 0xff, 0x00, 0x3f, 0x9f, 0xff, 0xf9, 0xfc, 0x00, 0xff, 0xff, 0xff, 0xff, 0xe0,
    0x7f, 0xff, 0xbe, 0xb7, 0x39, 0xfc, 0xff, 0xff, 0xef, 0xc1, 0xf7, 0xff, 0xff, 0x7f, 0xff, 0xff, 0xff, 0xe0,
    0x7f, 0xff, 0xfe, 0xca, 0x7e, 0xfb, 0xff, 0xff, 0xf0, 0x3e, 0x0f, 0xff, 0xff, 0x9f, 0xff, 0xff, 0xff, 0xe0,
    0x7f, 0xfe, 0xfe, 0xf0, 0xdf, 0x07, 0xff, 0xff, 0xff, 0xff, 0xff, 0xff, 0xff, 0xef, 0xff, 0xff, 0xff, 0xe0,
    0x7f, 0xdf, 0xdc, 0xff, 0xff, 0xff, 0xff, 0xff, 0xff, 0xff, 0xff, 0xff, 0xff, 0xf7, 0xff, 0xff, 0xff, 0xe0,
    0x7f, 0xdf, 0xdc, 0xff, 0xfe, 0xff, 0xff, 0xff, 0xff, 0xff, 0x3f, 0xff, 0xff, 0xfa, 0x7f, 0xff, 0xfd, 0xe0,
    0x7f, 0xfe, 0xea, 0xff, 0xed, 0xff, 0xff, 0xff, 0xff, 0xfe, 0xdf, 0xff, 0xff, 0xfb, 0xff, 0xff, 0xff, 0xe0,
    0x7f, 0xff, 0xe2, 0xff, 0xf3, 0xff, 0xff, 0xff, 0xff, 0xff, 0xff, 0xff, 0xff, 0xfd, 0xff, 0xff, 0xff, 0xe0,
    0x7f, 0xff, 0xfe, 0xff, 0xff, 0xff, 0xff, 0x3f, 0xff, 0xff, 0xef, 0xff, 0xff, 0xfd, 0xff, 0xff, 0xff, 0xe0,
    0x7f, 0xff, 0xfe, 0xff, 0xff, 0xff, 0xff, 0xdf, 0xff, 0xfd, 0xff, 0xff, 0xff, 0xfd, 0x3f, 0xff, 0xff, 0xe0,
    0x7f, 0xeb, 0x7e, 0xff, 0xff, 0xff, 0xfe, 0xff, 0xff, 0xfb, 0xff, 0xff, 0xff, 0xfd, 0xff, 0xff, 0xff, 0xe0,
    0x7f, 0xeb, 0xfe, 0xff, 0xff, 0xff, 0xff, 0xff, 0xff, 0xff, 0xff, 0xff, 0xff, 0xfd, 0xff, 0xff, 0xff, 0xe0,
    0x7f, 0xff, 0xfe, 0xff, 0xff, 0xff, 0xff, 0xef, 0xff, 0xff, 0xff, 0xff, 0xff, 0xfb, 0xff, 0xbf, 0xff, 0xe0,
    0x7f, 0xff, 0xfe, 0xff, 0xff, 0xff, 0xfd, 0xff, 0xff, 0xff, 0xff, 0xff, 0xff, 0xf4, 0xff, 0xff, 0xff, 0xe0,
    0x7f, 0xff, 0x9c, 0xff, 0xff, 0xff, 0xff, 0xff, 0xff, 0xff, 0xff, 0xff, 0xff, 0xf7, 0xff, 0xff, 0xff, 0xe0,
    0x7f, 0xff, 0xdc, 0xff, 0xff, 0xff, 0xfb, 0xff, 0xff, 0xff, 0xff, 0xff, 0xff, 0xef, 0xff, 0xff, 0xff, 0xe0,
    0x7f, 0xed, 0xfe, 0xff, 0xff, 0xff, 0xff, 0xff, 0xff, 0xff, 0xff, 0xff, 0xff, 0xef, 0xff, 0xff, 0xff, 0xe0,
    0x00, 0x00, 0x00, 0x00, 0x00, 0x00, 0x00, 0x00, 0x00, 0x00, 0x00, 0x00, 0x00, 0x00, 0x00, 0x00, 0x00, 0x00,
};

static const lv_img_dsc_t waterfall32 = {
    .header.cf = LV_IMG_CF_INDEXED_1BIT,
    .header.always_zero = 0,
    .header.reserved = 0,
    .header.w = 140,
    .header.h = 68,
    .data_size = 1232,
    .data = waterfall32_map,
};

/* Pointer table lives in flash too (const pointers to const descriptors). */
const lv_img_dsc_t *const waterfall_imgs[WATERFALL_FRAME_COUNT] = {
    &waterfall1,
    &waterfall2,
    &waterfall3,
    &waterfall4,
    &waterfall5,
    &waterfall6,
    &waterfall7,
    &waterfall8,
    &waterfall9,
    &waterfall10,
    &waterfall11,
    &waterfall12,
    &waterfall13,
    &waterfall14,
    &waterfall15,
    &waterfall16,
    &waterfall17,
    &waterfall18,
    &waterfall19,
    &waterfall20,
    &waterfall21,
    &waterfall22,
    &waterfall23,
    &waterfall24,
    &waterfall25,
    &waterfall26,
    &waterfall27,
    &waterfall28,
    &waterfall29,
    &waterfall30,
    &waterfall31,
    &waterfall32,
};
