/*
 * waves: 32 frames, 68x140 portrait, stored rotated as 140x68 LV_IMG_CF_INDEXED_1BIT.
 * Generated by tools/animations - edit the generator, not this file.
 */

#include <lvgl.h>
#include "waves.h"

#ifndef LV_ATTRIBUTE_MEM_ALIGN
#define LV_ATTRIBUTE_MEM_ALIGN
#endif
#ifndef LV_ATTRIBUTE_LARGE_CONST
#define LV_ATTRIBUTE_LARGE_CONST
#endif

static const LV_ATTRIBUTE_MEM_ALIGN LV_ATTRIBUTE_LARGE_CONST uint8_t waves1_map[] = {
#if CONFIG_NICE_VIEW_WIDGET_INVERTED
    0xff, 0xff, 0xff, 0xff, /*Color of index 0*/
    0x00, 0x00, 0x00, 0xff, /*Color of index 1*/
#else
    0x00, 0x00, 0x00, 0xff, /*Color of index 0*/
    0xff, 0xff, 0xff, 0xff, /*Color of index 1*/
#endif
    0x00, 0x00, 0x00, 0x00, 0x00, 0x00, 0x00, 0x00, 0x00, 0x00, 0x00, 0x00, 0x00, 0x00, 0x00, 0x00, 0x00, 0x00,
    0x6f, 0xf9, 0x7f, 0x9f, 0xfb, 0xf3, 0xfd, 0xf7, 0xff, 0x3c, 0xfe, 0xff, 0xff, 0xff, 0xff, 0xff, 0xff, 0xe0,
    0x77, 0xa8, 0x7a, 0x9f, 0xfb, 0xa3, 0xfd, 0xa7, 0xfe, 0x3e, 0x7e, 0xff, 0xff, 0xff, 0xff, 0xff, 0xff, 0xe0,
    0x7f, 0xf6, 0x3f, 0x9f, 0xff, 0xf3, 0xff, 0xe7, 0xfd, 0x7f, 0x7e, 0xff, 0xff, 0xff, 0xff, 0xff, 0xff, 0xe0,
    0x7f, 0xfa, 0x1e, 0x9f, 0xff, 0xe7, 0xff, 0xef, 0xfa, 0xfe, 0x7e, 0xff, 0xff, 0xff, 0xfb, 0xff, 0xff, 0xe0,
    0x7f, 0xfd, 0x8f, 0x9f, 0xff, 0xe7, 0xff, 0xef, 0xfc, 0xff, 0x7e, 0xff, 0xff, 0xff, 0xff, 0xff, 0xff, 0xe0,
    0x7f, 0xbe, 0x86, 0x8f, 0xf7, 0xa7, 0xfb, 0x8f, 0xf9, 0xfe, 0xfe, 0xff, 0xff, 0xff, 0xfb, 0xff, 0xff, 0xe0,
    0x7f, 0xdf, 0x43, 0xcf, 0xef, 0xcf, 0xfb, 0xcf, 0xf9, 0xfe, 0xfe, 0xff, 0xff, 0xff, 0xfb, 0xff, 0xff, 0xe0,
    0x7f, 0xde, 0xa2, 0xcf, 0xee, 0xcf, 0xf7, 0xcf, 0xf9, 0xfd, 0xfe, 0xff, 0xff, 0xff, 0xfb, 0xff, 0xff, 0xe0,
    0x7f, 0xff, 0x51, 0xe7, 0xff, 0xcf, 0xff, 0xcf, 0xf9, 0xfd, 0xfe, 0xff, 0xff, 0xff, 0xff, 0xff, 0xff, 0xe0,
    0x7f, 0xff, 0xa8, 0xa3, 0xff, 0xa7, 0xff, 0x8f, 0xeb, 0xf9, 0xfe, 0xff, 0xff, 0xff, 0xbb, 0xff, 0xff, 0xe0,
    0x7f, 0xff, 0xd0, 0x73, 0xff, 0xe7, 0xff, 0xdf, 0xfb, 0xfd, 0xfe, 0xff, 0xff, 0xff, 0xbb, 0xff, 0xff, 0xe0,
    0x7f, 0xf7, 0xa8, 0x69, 0xfb, 0xe3, 0xf6, 0x9f, 0xeb, 0xf9, 0xfe, 0xff, 0xff, 0xff, 0xbb, 0xff, 0xff, 0xe0,
    0x7f, 0xf7, 0xd0, 0x7c, 0xfd, 0xf9, 0xef, 0x9f, 0xf3, 0xfb, 0xfe, 0xff, 0xff, 0xff, 0xff, 0xff, 0xff, 0xe0,
    0x7f, 0xf7, 0xa8, 0x2a, 0x7f, 0x7a, 0x6e, 0x9f, 0xe3, 0xfb, 0xfe, 0xff, 0xff, 0xff, 0xbb, 0xfe, 0xff, 0xe0,
    0x7f, 0xff, 0xd0, 0x7e, 0x3f, 0xff, 0x3f, 0x9f, 0xf3, 0xfb, 0xfe, 0xff, 0xff, 0xff, 0xbb, 0xfe, 0xff, 0xe0,
    0x7f, 0xff, 0xa8, 0x7a, 0x1f, 0xfe, 0x9e, 0x9f, 0xe3, 0xfb, 0xfe, 0xff, 0xff, 0xff, 0xbb, 0xfd, 0xff, 0xe0,
    0x7f, 0xff, 0x51, 0xbd, 0x9f, 0xff, 0x47, 0x9f, 0xfb, 0xfd, 0xfe, 0xff, 0xff, 0xff, 0xff, 0xfe, 0xff, 0xe0,
    0x7f, 0xde, 0xa3, 0xde, 0x8f, 0xf7, 0xa6, 0x9f, 0xf9, 0xfe, 0xfe, 0xff, 0xff, 0xff, 0xbb, 0xfe, 0xff, 0xe0,
    0x7f, 0xbd, 0x47, 0xef, 0x47, 0xfb, 0xd3, 0xcf, 0xfc, 0xff, 0x7e, 0xff, 0xff, 0xff, 0xbb, 0xff, 0xff, 0xe0,
    0x7f, 0x7a, 0x8f, 0xef, 0xa3, 0xfb, 0xa3, 0xe7, 0xfe, 0x7e, 0x7e, 0x1f, 0xff, 0xff, 0xbb, 0xff, 0xff, 0xe0,
    0x7f, 0xfd, 0x9f, 0xff, 0xd1, 0xff, 0xd1, 0xf3, 0xfd, 0x7f, 0x7e, 0x17, 0xff, 0xff, 0xff, 0xff, 0xff, 0xe0,
    0x7f, 0xea, 0x3f, 0xff, 0xa9, 0xff, 0xa0, 0xeb, 0xfe, 0xbe, 0x7e, 0x11, 0xff, 0xff, 0xbb, 0xff, 0xff, 0xe0,
    0x7f, 0xf6, 0x3f, 0xff, 0xd0, 0xff, 0x47, 0xf5, 0xff, 0x3c, 0xfe, 0x11, 0xff, 0xff, 0xbb, 0xff, 0xff, 0xe0,
    0x7b, 0xe8, 0x7f, 0xfb, 0xe8, 0xee, 0x8f, 0xb8, 0xfe, 0x3e, 0xfe, 0x11, 0x7f, 0xff, 0xbb, 0xff, 0xff, 0xe0,
    0x77, 0xf8, 0xff, 0xfd, 0xd4, 0xdd, 0x9f, 0x3c, 0x7d, 0x7d, 0xfe, 0x11, 0x3f, 0xff, 0xff, 0xff, 0xff, 0xe0,
    0x6f, 0xa1, 0xff, 0xfd, 0xe8, 0x3a, 0x3f, 0xda, 0x7e, 0x79, 0xfe, 0x11, 0x3f, 0xff, 0xbb, 0xff, 0xff, 0xe0,
    0x7f, 0xf3, 0xff, 0xff, 0xd4, 0x7e, 0x7f, 0xfd, 0x7e, 0xfd, 0xfe, 0x11, 0x1f, 0xff, 0xbb, 0xff, 0xff, 0xe0,
    0x7e, 0xe7, 0xff, 0xff, 0xe8, 0x2e, 0xff, 0xfa, 0x3c, 0xfd, 0xfe, 0x11, 0x1f, 0xff, 0xbb, 0xff, 0xff, 0xe0,
    0x7f, 0xc7, 0xff, 0xff, 0xd4, 0x7c, 0xff, 0xfc, 0x1d, 0xf9, 0xfe, 0x11, 0x0f, 0xff, 0xff, 0xff, 0xff, 0xe0,
    0x7a, 0x8f, 0xff, 0xfb, 0xe8, 0xe9, 0xff, 0xba, 0x79, 0xfb, 0xfe, 0x11, 0x0f, 0xff, 0xbb, 0xff, 0xff, 0xe0,
    0x7f, 0x8f, 0xff, 0xfb, 0xd1, 0xd9, 0xff, 0xb4, 0xf9, 0xfb, 0xfe, 0x11, 0x0f, 0xff, 0xbf, 0xff, 0xff, 0xe0,
    0x7e, 0x9f, 0xff, 0xf7, 0xa9, 0xe9, 0xff, 0x69, 0xe9, 0xfb, 0xfe, 0x11, 0x0f, 0xff, 0xbf, 0xff, 0xff, 0xe0,
    0x7f, 0x1f, 0xff, 0xff, 0x53, 0xf3, 0xff, 0xf9, 0xfb, 0xfb, 0xfe, 0x11, 0x0f, 0xff, 0xff, 0xff, 0xff, 0xe0,
    0x7a, 0x1f, 0xff, 0xff, 0xa3, 0xa3, 0xff, 0xe3, 0xeb, 0xf9, 0xaa, 0x11, 0x07, 0xff, 0xbf, 0xff, 0xff, 0xe0,
    0x7f, 0x3f, 0xff, 0xff, 0x47, 0xf3, 0xff, 0xf7, 0xfb, 0xfe, 0xfe, 0x11, 0x0f, 0xff, 0xbf, 0xff, 0xff, 0xe0,
    0x6e, 0x3f, 0xff, 0xde, 0x8b, 0xe3, 0xfd, 0xe7, 0xe3, 0xfe, 0x7e, 0x11, 0x0f, 0xff, 0xbf, 0xff, 0xff, 0xe0,
    0x7f, 0x3f, 0xff, 0xbd, 0x8b, 0xf3, 0xfb, 0xe7, 0xf3, 0xff, 0x7e, 0x11, 0x0f, 0xff, 0xff, 0xff, 0xff, 0xe0,
    0x6a, 0x3f, 0xff, 0x7a, 0x97, 0xa7, 0xfb, 0xaf, 0xe3, 0xfe, 0x7e, 0x11, 0x0f, 0xff, 0xbf, 0xff, 0xff, 0xe0,
    0x7e, 0x3f, 0xff, 0xff, 0x3f, 0xe7, 0xff, 0xef, 0xf3, 0xff, 0x7e, 0x11, 0x0f, 0xff, 0xbf, 0xff, 0xff, 0xe0,
    0x6e, 0x3f, 0xff, 0xfa, 0x3f, 0xe7, 0xff, 0xcf, 0xeb, 0xfe, 0xfe, 0x11, 0x1f, 0xfb, 0xbf, 0xff, 0xff, 0xe0,
    0x7e, 0x7f, 0xff, 0xfe, 0x7f, 0xcf, 0xff, 0xcf, 0xfd, 0xfe, 0xfe, 0x11, 0x1f, 0xff, 0xff, 0xff, 0xff, 0xe0,
    0x6a, 0x7f, 0xfd, 0xe8, 0xee, 0x8f, 0xf7, 0x8f, 0xfa, 0xf9, 0xfe, 0x11, 0x3f, 0xfb, 0xff, 0xff, 0xff, 0xe0,
    0x7e, 0x7f, 0xfb, 0xfc, 0xef, 0xcf, 0xf7, 0xcf, 0xfd, 0x7d, 0xfe, 0x11, 0x3f, 0xfb, 0xff, 0xff, 0xff, 0xe0,
    0x6e, 0x7f, 0xfb, 0xe9, 0xf7, 0xe7, 0xf7, 0xcf, 0xfe, 0x3d, 0xfe, 0x11, 0x7f, 0xfb, 0xff, 0xef, 0xff, 0xe0,
    0x7c, 0x7f, 0xff, 0xf9, 0xff, 0xe7, 0xff, 0xdf, 0xff, 0x3d, 0xfe, 0x11, 0xff, 0xff, 0xff, 0xef, 0xff, 0xe0,
    0x28, 0xff, 0xff, 0xa9, 0xff, 0xa3, 0xfe, 0x9f, 0xfe, 0xb9, 0xfe, 0x11, 0xff, 0xfb, 0xff, 0xef, 0xff, 0xe0,
    0x7c, 0xff, 0xff, 0xf3, 0xff, 0xf9, 0xff, 0x9f, 0xff, 0x3b, 0xfe, 0x17, 0xff, 0xfb, 0xff, 0xff, 0xff, 0xe0,
    0x68, 0xff, 0xf7, 0xe3, 0xff, 0x7e, 0x6e, 0x9f, 0xfe, 0x7b, 0xfe, 0x1f, 0xff, 0xfb, 0xff, 0xef, 0xff, 0xe0,
    0x78, 0xff, 0xf7, 0xf3, 0xff, 0xbd, 0x2f, 0x9f, 0xfc, 0x7b, 0xfe, 0xff, 0xff, 0xff, 0xff, 0xef, 0xff, 0xe0,
    0x29, 0xff, 0xef, 0xa3, 0xff, 0xde, 0x8e, 0x9f, 0xf8, 0xfb, 0xfe, 0xff, 0xff, 0xfb, 0xff, 0xef, 0xf7, 0xe0,
    0x71, 0xff, 0xff, 0xf3, 0xff, 0xff, 0x47, 0x9f, 0xfd, 0xfd, 0xfe, 0xff, 0xff, 0xfb, 0xff, 0xff, 0xef, 0xe0,
    0x61, 0xff, 0xff, 0xe3, 0xff, 0xff, 0xa6, 0xdf, 0xf9, 0xfe, 0xfe, 0xff, 0xff, 0xfb, 0xff, 0xef, 0xdf, 0xe0,
    0x73, 0xff, 0xff, 0xe3, 0xff, 0xff, 0xd3, 0xcf, 0xf9, 0xff, 0x7e, 0xff, 0xff, 0xff, 0xff, 0xef, 0xef, 0xe0,
    0x23, 0xff, 0xef, 0xa3, 0xff, 0xfb, 0xa3, 0xa7, 0xf9, 0xfe, 0x7e, 0xff, 0xff, 0xfb, 0xff, 0xef, 0xf7, 0xe0,
    0x73, 0xff, 0xef, 0xe7, 0xff, 0xfb, 0xd1, 0xf3, 0xf9, 0xff, 0x7e, 0xff, 0xff, 0xfb, 0xff, 0xff, 0xff, 0xe0,
    0x63, 0xff, 0xee, 0xe7, 0xff, 0xfb, 0xa0, 0xeb, 0xeb, 0xfe, 0x7e, 0xff, 0xff, 0xfb, 0xff, 0xef, 0xff, 0xe0,
    0x73, 0xff, 0xff, 0xe7, 0xff, 0xff, 0x47, 0xfd, 0xfb, 0xfc, 0xfe, 0xff, 0xff, 0xff, 0xff, 0xef, 0xff, 0xe0,
    0x23, 0xff, 0xfe, 0xa7, 0xff, 0xfe, 0x8f, 0xf8, 0xeb, 0xfe, 0xfe, 0xff, 0xff, 0xfb, 0xff, 0xef, 0xff, 0xe0,
    0x71, 0xff, 0xff, 0xe7, 0xff, 0xff, 0x1f, 0x7c, 0x73, 0xfd, 0xfe, 0xff, 0xff, 0xfb, 0xff, 0xff, 0xff, 0xe0,
    0x61, 0xff, 0xde, 0xe7, 0xff, 0xba, 0x3f, 0xda, 0x63, 0xfd, 0xfe, 0xff, 0xff, 0xfb, 0xff, 0xef, 0xff, 0xe0,
    0x79, 0xff, 0xdf, 0xc7, 0xff, 0x7e, 0x7f, 0xdd, 0x73, 0xfd, 0xfe, 0xff, 0xff, 0xff, 0xff, 0xff, 0xff, 0xe0,
    0x28, 0xff, 0xde, 0x8f, 0xfe, 0xea, 0xff, 0xda, 0x2b, 0xf9, 0xfe, 0xff, 0xff, 0xfb, 0xff, 0xff, 0xff, 0xe0,
    0x7c, 0x7f, 0xff, 0xcf, 0xff, 0xfc, 0xff, 0xfc, 0x19, 0xf9, 0xfe, 0xff, 0xff, 0xfb, 0xff, 0xff, 0xff, 0xe0,
    0x6e, 0x3f, 0xfe, 0xcf, 0xff, 0xe9, 0xff, 0xfa, 0x7c, 0xfb, 0xfe, 0xff, 0xff, 0xfb, 0xff, 0xff, 0xff, 0xe0,
    0x7f, 0x1f, 0xff, 0x8f, 0xff, 0xf9, 0xff, 0xf4, 0xfc, 0xfb, 0xfe, 0xff, 0xff, 0xff, 0xff, 0xff, 0xff, 0xe0,
    0x7a, 0x8f, 0xba, 0x9f, 0xfd, 0xe9, 0xff, 0x69, 0xee, 0x7b, 0xfe, 0xff, 0xff, 0xff, 0xff, 0xff, 0xff, 0xe0,
    0x00, 0x00, 0x00, 0x00, 0x00, 0x00, 0x00, 0x00, 0x00, 0x00, 0x00, 0x00, 0x00, 0x00, 0x00, 0x00, 0x00, 0x00,
};

static const lv_img_dsc_t waves1 = {
    .header.cf = LV_IMG_CF_INDEXED_1BIT,
    .header.always_zero = 0,
    .header.reserved = 0,
    .header.w = 140,
    .header.h = 68,
    .data_size = 1232,
    .data = waves1_map,
};

static const LV_ATTRIBUTE_MEM_ALIGN LV_ATTRIBUTE_LARGE_CONST uint8_t waves2_map[] = {
#if CONFIG_NICE_VIEW_WIDGET_INVERTED
    0xff, 0xff, 0xff, 0xff, /*Color of index 0*/
    0x00, 0x00, 0x00, 0xff, /*Color of index 1*/
#else
    0x00, 0x00, 0x00, 0xff, /*Color of index 0*/
    0xff, 0xff, 0xff, 0xff, /*Color of index 1*/
#endif
    0x00, 0x00, 0x00, 0x00, 0x00, 0x00, 0x00, 0x00, 0x00, 0x00, 0x00, 0x00, 0x00, 0x00, 0x00, 0x00, 0x00, 0x00,
    0x7f, 0x3f, 0xff, 0x8f, 0xfb, 0xf3, 0xfe, 0xf3, 0xdf, 0x3d, 0xfe, 0xff, 0xff, 0xff, 0xff, 0xff, 0xff, 0xe0,
    0x7a, 0x9f, 0xfa, 0x9f, 0xff, 0xa3, 0xff, 0xe3, 0xfe, 0xbe, 0xfe, 0xff, 0xff, 0xff, 0xff, 0xff, 0xff, 0xe0,
    0x7f, 0xc7, 0xff, 0x9f, 0xff, 0xf3, 0xff, 0xe7, 0xfd, 0x7f, 0x7e, 0xff, 0xff, 0xff, 0xff, 0xff, 0xff, 0xe0,
    0x5e, 0xe3, 0xbe, 0x9f, 0xff, 0xe3, 0xff, 0xe7, 0xfe, 0x7e, 0x7e, 0xff, 0xff, 0xff, 0xff, 0xff, 0xff, 0xe0,
    0x6f, 0xf1, 0x7f, 0x9f, 0xf7, 0xe7, 0xfb, 0xef, 0xfc, 0xff, 0x7e, 0xff, 0xff, 0xff, 0xff, 0xff, 0xff, 0xe0,
    0x77, 0xa8, 0x7a, 0x9f, 0xf7, 0xa7, 0xfb, 0xaf, 0xf8, 0xfe, 0x7e, 0xff, 0xff, 0xff, 0xfb, 0xff, 0xff, 0xe0,
    0x7f, 0xf6, 0x7f, 0x9f, 0xf7, 0xe7, 0xfb, 0xcf, 0xfd, 0xfe, 0xfe, 0xff, 0xff, 0xff, 0xfb, 0xff, 0xff, 0xe0,
    0x7f, 0xea, 0x3e, 0x9f, 0xfe, 0xcf, 0xff, 0xcf, 0xf9, 0xfc, 0xfe, 0xff, 0xff, 0xff, 0xfb, 0xff, 0xff, 0xe0,
    0x7f, 0xfd, 0x9f, 0x9f, 0xff, 0xcf, 0xff, 0xcf, 0xf9, 0xfd, 0xfe, 0xff, 0xff, 0xff, 0xff, 0xff, 0xff, 0xe0,
    0x7f, 0xbe, 0x82, 0x9f, 0xfe, 0x8f, 0xff, 0x8f, 0xf9, 0xf9, 0xfe, 0xff, 0xff, 0xff, 0xfb, 0xff, 0xff, 0xe0,
    0x7f, 0xbd, 0x47, 0xcf, 0xf7, 0xe7, 0xf7, 0xcf, 0xfb, 0xfd, 0xfe, 0xff, 0xff, 0xff, 0xbb, 0xff, 0xff, 0xe0,
    0x7f, 0xde, 0xa2, 0xcf, 0xf7, 0xe7, 0xf6, 0xdf, 0xeb, 0xf9, 0xfe, 0xff, 0xff, 0xff, 0xbb, 0xff, 0xff, 0xe0,
    0x7f, 0xff, 0x51, 0xe7, 0xfb, 0xf3, 0xf7, 0x9f, 0xfb, 0xfb, 0xfe, 0xff, 0xff, 0xff, 0xff, 0xff, 0xff, 0xe0,
    0x7f, 0xff, 0xa8, 0xa7, 0xff, 0xe9, 0xfe, 0x9f, 0xe3, 0xfb, 0xfe, 0xff, 0xff, 0xff, 0xbb, 0xff, 0xff, 0xe0,
    0x7f, 0xff, 0xd0, 0xf3, 0xff, 0xfe, 0x7f, 0x9f, 0xf3, 0xfb, 0xfe, 0xff, 0xff, 0xff, 0xbb, 0xff, 0x7f, 0xe0,
    0x7f, 0xf7, 0xa8, 0x69, 0xff, 0xfa, 0x3e, 0x9f, 0xe3, 0xfb, 0xfe, 0xff, 0xff, 0xff, 0xbb, 0xfe, 0xff, 0xe0,
    0x7f, 0xf7, 0xd0, 0x78, 0xff, 0xdd, 0x8f, 0x9f, 0xf3, 0xfd, 0xfe, 0xff, 0xff, 0xff, 0xff, 0xfd, 0xff, 0xe0,
    0x7f, 0xf7, 0xa8, 0x68, 0x7f, 0xee, 0x8e, 0x9f, 0xeb, 0xf9, 0xfe, 0xff, 0xff, 0xff, 0xbb, 0xfe, 0xff, 0xe0,
    0x7f, 0xff, 0xd0, 0x7e, 0x7f, 0xf7, 0x47, 0xdf, 0xfd, 0xfe, 0xfe, 0xff, 0xff, 0xff, 0xbb, 0xff, 0x7f, 0xe0,
    0x7f, 0xff, 0xa8, 0x3a, 0x3f, 0xff, 0xa3, 0xcf, 0xfa, 0xfe, 0x7e, 0x1f, 0xff, 0xff, 0xbb, 0xff, 0xff, 0xe0,
    0x7f, 0xff, 0x51, 0xfd, 0x9f, 0xff, 0xd3, 0xe7, 0xfd, 0x7f, 0x7e, 0x17, 0xff, 0xff, 0xff, 0xff, 0xff, 0xe0,
    0x7f, 0xde, 0xa3, 0xde, 0x8f, 0xff, 0xa1, 0xe3, 0xfe, 0x3e, 0x7e, 0x11, 0xff, 0xff, 0xbb, 0xff, 0xff, 0xe0,
    0x7f, 0xbd, 0x47, 0x9f, 0x47, 0xfb, 0xd0, 0xfb, 0xff, 0x3f, 0x7e, 0x11, 0xff, 0xff, 0xbb, 0xff, 0xff, 0xe0,
    0x7f, 0xbe, 0x87, 0xef, 0xa3, 0xf7, 0xa7, 0x69, 0xfe, 0xbe, 0xfe, 0x11, 0x7f, 0xff, 0xbb, 0xff, 0xff, 0xe0,
    0x7f, 0xfd, 0x8f, 0xff, 0x53, 0xef, 0x4f, 0x34, 0xff, 0x3c, 0xfe, 0x11, 0x3f, 0xff, 0xff, 0xff, 0xff, 0xe0,
    0x7f, 0xfa, 0x1f, 0xff, 0xa9, 0xfe, 0x9f, 0xfa, 0x7e, 0x79, 0xfe, 0x11, 0x3f, 0xff, 0xbb, 0xff, 0xff, 0xe0,
    0x7f, 0xf6, 0x3f, 0xff, 0xd0, 0xff, 0x3f, 0xfd, 0x7e, 0x7c, 0xfe, 0x11, 0x1f, 0xff, 0xbb, 0xff, 0xff, 0xe0,
    0x7b, 0xe8, 0x7f, 0xfb, 0xe8, 0xfa, 0x7e, 0xfa, 0x78, 0xfd, 0xbe, 0x11, 0x1f, 0xff, 0xbb, 0xff, 0xff, 0xe0,
    0x77, 0xdc, 0xff, 0xfd, 0xd4, 0x7e, 0x7f, 0xdd, 0x3d, 0xf9, 0xee, 0x11, 0x0f, 0xff, 0xff, 0xff, 0xff, 0xe0,
    0x6f, 0xa9, 0xff, 0xfd, 0xe8, 0x68, 0xff, 0xda, 0x39, 0xfb, 0xfe, 0x11, 0x0f, 0xff, 0xbb, 0xff, 0xff, 0xe0,
    0x7f, 0xf3, 0xff, 0xff, 0xd4, 0x79, 0xff, 0xbc, 0x79, 0xfb, 0xfe, 0x11, 0x0f, 0xff, 0xbf, 0xff, 0xff, 0xe0,
    0x7e, 0xe3, 0xff, 0xff, 0xe8, 0x69, 0xff, 0xf8, 0xe9, 0xfb, 0xfe, 0x11, 0x0f, 0xff, 0xbf, 0xff, 0xff, 0xe0,
    0x7f, 0xc7, 0xff, 0xff, 0xd4, 0x79, 0xff, 0xfd, 0xf9, 0xfb, 0xfe, 0x11, 0x0f, 0xff, 0xff, 0xff, 0xff, 0xe0,
    0x7a, 0x8f, 0xff, 0xfb, 0xe8, 0x0b, 0xff, 0xe9, 0xeb, 0xf9, 0xfe, 0x11, 0x07, 0xff, 0xbf, 0xff, 0xff, 0xe0,
    0x7f, 0x8f, 0xff, 0xfb, 0xd1, 0xf3, 0xfe, 0xf3, 0xdb, 0xfd, 0xfe, 0x11, 0x0f, 0xff, 0xbf, 0xff, 0xff, 0xe0,
    0x7e, 0x9f, 0xff, 0xf7, 0xa9, 0xe3, 0xfd, 0xe3, 0xeb, 0xfe, 0xfa, 0x11, 0x0f, 0xff, 0xbf, 0xff, 0xff, 0xe0,
    0x7f, 0x1f, 0xff, 0xff, 0x53, 0xb3, 0xfd, 0xe7, 0xf3, 0xff, 0x7e, 0x11, 0x0f, 0xff, 0xff, 0xff, 0xff, 0xe0,
    0x7a, 0x1f, 0xff, 0xff, 0xa3, 0xa3, 0xff, 0xa7, 0xe3, 0xfe, 0x7e, 0x11, 0x0f, 0xff, 0xbf, 0xff, 0xff, 0xe0,
    0x7f, 0x3f, 0xff, 0xff, 0x47, 0xe7, 0xff, 0xef, 0xf3, 0xff, 0x7e, 0x11, 0x0f, 0xff, 0xbf, 0xff, 0xff, 0xe0,
    0x6e, 0x3f, 0xff, 0xde, 0x8f, 0xe7, 0xff, 0xef, 0xeb, 0xfe, 0x7e, 0x11, 0x1f, 0xff, 0xbf, 0xff, 0xff, 0xe0,
    0x7f, 0x3f, 0xff, 0xbd, 0xc7, 0xe7, 0xfb, 0xcf, 0xf9, 0xfc, 0xfe, 0x11, 0x1f, 0xff, 0xff, 0xff, 0xff, 0xe0,
    0x6a, 0x3f, 0xff, 0xba, 0x8e, 0x8f, 0xfb, 0x8f, 0xf9, 0xfc, 0xfe, 0x11, 0x3f, 0xfb, 0xff, 0xff, 0xff, 0xe0,
    0x7e, 0x3f, 0xff, 0xff, 0x2f, 0xcf, 0xf7, 0xcf, 0xfe, 0xfd, 0xfe, 0x11, 0x3f, 0xfb, 0xff, 0xff, 0xff, 0xe0,
    0x6e, 0x3f, 0xff, 0xfa, 0x3e, 0xcf, 0xff, 0xcf, 0xfe, 0x7d, 0xfe, 0x11, 0x7f, 0xfb, 0xff, 0xff, 0xff, 0xe0,
    0x7e, 0x3f, 0xff, 0xfe, 0x7f, 0xe7, 0xff, 0xcf, 0xff, 0x3d, 0xfe, 0x11, 0xff, 0xff, 0xff, 0xef, 0xff, 0xe0,
    0x6a, 0x7f, 0xfd, 0xe8, 0x7f, 0xa7, 0xfe, 0x9f, 0xfe, 0xb9, 0xfe, 0x11, 0xff, 0xfb, 0xff, 0xef, 0xff, 0xe0,
    0x7e, 0x7f, 0xfd, 0xfc, 0xfb, 0xf3, 0xf7, 0x9f, 0xff, 0x3b, 0xfe, 0x17, 0xff, 0xfb, 0xff, 0xff, 0xff, 0xe0,
    0x6e, 0x7f, 0xfb, 0xe8, 0xfd, 0xe9, 0xee, 0x9f, 0xfe, 0x3b, 0xfe, 0x1f, 0xff, 0xfb, 0xff, 0xef, 0xff, 0xe0,
    0x7c, 0x7f, 0xff, 0xf9, 0xff, 0x7e, 0x6f, 0x9f, 0xfd, 0x7b, 0xfe, 0xff, 0xff, 0xff, 0xff, 0xef, 0xff, 0xe0,
    0x68, 0x7f, 0xff, 0xa9, 0xff, 0xfa, 0x3e, 0x9f, 0xfa, 0xfb, 0xfe, 0xff, 0xff, 0xfb, 0xff, 0xef, 0xff, 0xe0,
    0x7c, 0xff, 0xff, 0xf1, 0xff, 0xff, 0x1f, 0x9f, 0xfc, 0xfd, 0xfe, 0xff, 0xff, 0xfb, 0xff, 0xff, 0xef, 0xe0,
    0x6c, 0xff, 0xf7, 0xe3, 0xff, 0xfe, 0x8e, 0x9f, 0xfd, 0xfd, 0xfe, 0xff, 0xff, 0xfb, 0xff, 0xef, 0xef, 0xe0,
    0x78, 0xff, 0xf7, 0xf3, 0xff, 0xf7, 0x47, 0xdf, 0xf9, 0xfc, 0xfe, 0xff, 0xff, 0xff, 0xff, 0xef, 0xdf, 0xe0,
    0x29, 0xff, 0xef, 0xa3, 0xff, 0xfb, 0xa3, 0x8f, 0xf9, 0xfe, 0x7e, 0xff, 0xff, 0xfb, 0xff, 0xef, 0xef, 0xe0,
    0x79, 0xff, 0xff, 0xf3, 0xff, 0xfb, 0xd3, 0xe7, 0xf9, 0xff, 0x7e, 0xff, 0xff, 0xfb, 0xff, 0xff, 0xef, 0xe0,
    0x61, 0xff, 0xff, 0xe3, 0xff, 0xff, 0xa1, 0xe3, 0xeb, 0xfe, 0x7e, 0xff, 0xff, 0xfb, 0xff, 0xef, 0xff, 0xe0,
    0x73, 0xff, 0xff, 0xe3, 0xff, 0xff, 0xd1, 0xdb, 0xfb, 0xff, 0x7e, 0xff, 0xff, 0xff, 0xff, 0xef, 0xff, 0xe0,
    0x23, 0xff, 0xef, 0xa3, 0xff, 0xff, 0xa7, 0xe9, 0xeb, 0xfe, 0xfe, 0xff, 0xff, 0xfb, 0xff, 0xef, 0xff, 0xe0,
    0x73, 0xff, 0xef, 0xe3, 0xff, 0xef, 0x4f, 0x34, 0xf3, 0xfc, 0xfe, 0xff, 0xff, 0xfb, 0xff, 0xff, 0xff, 0xe0,
    0x63, 0xff, 0xee, 0xe7, 0xff, 0xde, 0x9f, 0xba, 0x63, 0xfd, 0xfe, 0xff, 0xff, 0xfb, 0xff, 0xef, 0xff, 0xe0,
    0x73, 0xff, 0xff, 0xe7, 0xff, 0xbd, 0x3f, 0xdd, 0x73, 0xfd, 0xfe, 0xff, 0xff, 0xff, 0xff, 0xff, 0xff, 0xe0,
    0x23, 0xff, 0xfe, 0xa7, 0xff, 0xfa, 0x7e, 0xfa, 0x63, 0xf9, 0xfe, 0xff, 0xff, 0xfb, 0xff, 0xff, 0xff, 0xe0,
    0x73, 0xff, 0xff, 0xe7, 0xff, 0xfe, 0x7f, 0xfd, 0x3b, 0xf9, 0xfe, 0xff, 0xff, 0xfb, 0xff, 0xff, 0xff, 0xe0,
    0x61, 0xff, 0xde, 0xe7, 0xff, 0xec, 0xff, 0xfa, 0x39, 0xfb, 0xfe, 0xff, 0xff, 0xfb, 0xff, 0xff, 0xff, 0xe0,
    0x79, 0xff, 0xdf, 0xc7, 0xfd, 0xf9, 0xff, 0xbc, 0x7c, 0xfb, 0xfe, 0xff, 0xff, 0xff, 0xff, 0xff, 0xff, 0xe0,
    0x28, 0xff, 0xde, 0x8f, 0xfd, 0xe9, 0xff, 0xb8, 0xee, 0x7b, 0xfe, 0xff, 0xff, 0xff, 0xff, 0xff, 0xff, 0xe0,
    0x00, 0x00, 0x00, 0x00, 0x00, 0x00, 0x00, 0x00, 0x00, 0x00, 0x00, 0x00, 0x00, 0x00, 0x00, 0x00, 0x00, 0x00,
};

static const lv_img_dsc_t waves2 = {
    .header.cf = LV_IMG_CF_INDEXED_1BIT,
    .header.always_zero = 0,
    .header.reserved = 0,
    .header.w = 140,
    .header.h = 68,
    .data_size = 1232,
    .data = waves2_map,
};

static const LV_ATTRIBUTE_MEM_ALIGN LV_ATTRIBUTE_LARGE_CONST uint8_t waves3_map[] = {
#if CONFIG_NICE_VIEW_WIDGET_INVERTED
    0xff, 0xff, 0xff, 0xff, /*Color of index 0*/
    0x00, 0x00, 0x00, 0xff, /*Color of index 1*/
#else
    0x00, 0x00, 0x00, 0xff, /*Color of index 0*/
    0xff, 0xff, 0xff, 0xff, /*Color of index 1*/
#endif
    0x00, 0x00, 0x00, 0x00, 0x00, 0x00, 0x00, 0x00, 0x00, 0x00, 0x00, 0x00, 0x00, 0x00, 0x00, 0x00, 0x00, 0x00,
    0x79, 0xff, 0xff, 0xc7, 0xff, 0xfb, 0xff, 0xf9, 0xff, 0x3d, 0xfe, 0xff, 0xff, 0xff, 0xff, 0xff, 0xff, 0xe0,
    0x28, 0xff, 0xde, 0x8f, 0xff, 0xa3, 0xff, 0xe3, 0xfe, 0xbe, 0xfe, 0xff, 0xff, 0xff, 0xff, 0xff, 0xff, 0xe0,
    0x7c, 0xff, 0xdf, 0xcf, 0xff, 0xf3, 0xff, 0xf3, 0xff, 0x3f, 0x7e, 0xff, 0xff, 0xff, 0xff, 0xff, 0xff, 0xe0,
    0x6e, 0x7f, 0xbe, 0xcf, 0xfb, 0xe3, 0xfd, 0xe7, 0xfe, 0x7e, 0x7e, 0xff, 0xff, 0xff, 0xff, 0xff, 0xff, 0xe0,
    0x7f, 0x3f, 0xff, 0xcf, 0xfb, 0xf3, 0xfb, 0xe7, 0xfc, 0x7f, 0x7e, 0xff, 0xff, 0xff, 0xff, 0xff, 0xff, 0xe0,
    0x7a, 0x9f, 0xfa, 0x9f, 0xf7, 0xa7, 0xfb, 0xaf, 0xfa, 0xfe, 0x7e, 0xff, 0xff, 0xff, 0xfb, 0xff, 0xff, 0xe0,
    0x7f, 0xcf, 0xff, 0x9f, 0xff, 0xe7, 0xff, 0xef, 0xfd, 0xfe, 0x7e, 0xff, 0xff, 0xff, 0xfb, 0xff, 0xff, 0xe0,
    0x3e, 0xe7, 0xbe, 0x9f, 0xff, 0xe7, 0xff, 0xcf, 0xfd, 0xfe, 0xfe, 0xff, 0xff, 0xff, 0xfb, 0xff, 0xff, 0xe0,
    0x6f, 0xf1, 0x7f, 0x9f, 0xff, 0xcf, 0xff, 0xcf, 0xf9, 0xfd, 0xfe, 0xff, 0xff, 0xff, 0xff, 0xff, 0xff, 0xe0,
    0x77, 0xa8, 0x7a, 0x9f, 0xee, 0x8f, 0xf7, 0x8f, 0xf9, 0xf9, 0xfe, 0xff, 0xff, 0xff, 0xfb, 0xff, 0xff, 0xe0,
    0x7f, 0xfe, 0x7f, 0x9f, 0xef, 0xcf, 0xf7, 0xcf, 0xf9, 0xfd, 0xfe, 0xff, 0xff, 0xff, 0xfb, 0xff, 0xff, 0xe0,
    0x7f, 0xea, 0x3e, 0x9f, 0xf7, 0xe7, 0xf7, 0xcf, 0xeb, 0xfd, 0xfe, 0xff, 0xff, 0xff, 0xbb, 0xff, 0xff, 0xe0,
    0x7f, 0xfd, 0x9f, 0x9f, 0xff, 0xe7, 0xff, 0xdf, 0xfb, 0xf9, 0xfe, 0xff, 0xff, 0xff, 0xff, 0xff, 0xff, 0xe0,
    0x7f, 0x7a, 0x8a, 0x9f, 0xff, 0xa3, 0xfe, 0x9f, 0xeb, 0xfb, 0xfe, 0xff, 0xff, 0xff, 0xbb, 0xff, 0xff, 0xe0,
    0x7f, 0xbd, 0x47, 0xcf, 0xff, 0xf9, 0xff, 0x9f, 0xf3, 0xfb, 0xfe, 0xff, 0xff, 0xff, 0xbb, 0xff, 0xff, 0xe0,
    0x7f, 0xde, 0xa2, 0xcf, 0xff, 0x7e, 0x6e, 0x9f, 0xe3, 0xfb, 0xfe, 0xff, 0xff, 0xff, 0xbb, 0xff, 0x7f, 0xe0,
    0x7f, 0xff, 0x51, 0xc7, 0xff, 0xbd, 0x2f, 0x9f, 0xf3, 0xfb, 0xfe, 0xff, 0xff, 0xff, 0xff, 0xfe, 0xff, 0xe0,
    0x7f, 0xff, 0xa8, 0xa7, 0xff, 0xde, 0x8e, 0x9f, 0xeb, 0xf9, 0xfe, 0xff, 0xff, 0xff, 0xbb, 0xfd, 0xff, 0xe0,
    0x7f, 0xff, 0xd0, 0xf3, 0xff, 0xff, 0x4f, 0x9f, 0xf9, 0xfe, 0xfe, 0xff, 0xff, 0xff, 0xbb, 0xfe, 0xff, 0xe0,
    0x7f, 0xf7, 0xa8, 0x61, 0xff, 0xff, 0xa6, 0xdf, 0xfd, 0xfe, 0x7e, 0x1f, 0xff, 0xff, 0xbb, 0xff, 0x7f, 0xe0,
    0x7f, 0xf7, 0xd0, 0x79, 0xff, 0xff, 0xd3, 0xcf, 0xfc, 0xff, 0x7e, 0x17, 0xff, 0xff, 0xff, 0xff, 0xff, 0xe0,
    0x7f, 0xf7, 0xa8, 0x68, 0xff, 0xfb, 0xa3, 0xa7, 0xfe, 0x7e, 0x7e, 0x11, 0xff, 0xff, 0xbb, 0xff, 0xff, 0xe0,
    0x7f, 0xff, 0xd0, 0x3e, 0x7f, 0xfb, 0xd1, 0xf7, 0xff, 0x3f, 0x7e, 0x11, 0xff, 0xff, 0xbb, 0xff, 0xff, 0xe0,
    0x7f, 0xff, 0xa8, 0x7a, 0x3f, 0xfb, 0xa0, 0xeb, 0xfe, 0xbe, 0x7e, 0x11, 0x7f, 0xff, 0xbb, 0xff, 0xff, 0xe0,
    0x7f, 0xff, 0x51, 0xfd, 0x9f, 0xff, 0x47, 0xfd, 0xff, 0x3e, 0xfe, 0x11, 0x3f, 0xff, 0xff, 0xff, 0xff, 0xe0,
    0x7f, 0xde, 0xa3, 0xbe, 0x8f, 0xff, 0xa7, 0xf8, 0xfe, 0x39, 0xfe, 0x11, 0x3f, 0xff, 0xbb, 0xff, 0xff, 0xe0,
    0x7f, 0xdf, 0x43, 0xdf, 0x47, 0xff, 0x4f, 0x7c, 0x7d, 0x7d, 0xfe, 0x11, 0x1f, 0xff, 0xbb, 0xff, 0xff, 0xe0,
    0x7f, 0xbe, 0x87, 0xef, 0xa3, 0xba, 0xbf, 0xda, 0x7a, 0xfd, 0xfe, 0x11, 0x1f, 0xff, 0xbb, 0xff, 0xff, 0xe0,
    0x7f, 0xfd, 0x8f, 0xff, 0x53, 0x7f, 0x7f, 0xdd, 0x7c, 0xfd, 0xfe, 0x11, 0x0f, 0xff, 0xff, 0xff, 0xff, 0xe0,
    0x7f, 0xfa, 0x9f, 0xff, 0xa9, 0x7a, 0x7f, 0xda, 0x39, 0xf9, 0xfe, 0x11, 0x0f, 0xff, 0xbb, 0xff, 0xff, 0xe0,
    0x7f, 0xf7, 0x3f, 0xff, 0xd1, 0xfc, 0xff, 0xfc, 0x19, 0xfb, 0xfe, 0x11, 0x0f, 0xff, 0xbb, 0xff, 0xff, 0xe0,
    0x7b, 0xea, 0x7f, 0xfb, 0xe8, 0xe9, 0xff, 0xfa, 0x79, 0xfb, 0xea, 0x11, 0x0f, 0xff, 0xbf, 0xff, 0xff, 0xe0,
    0x77, 0xdc, 0xff, 0xfd, 0xd4, 0xf9, 0xff, 0xf4, 0xf9, 0xfb, 0xfe, 0x11, 0x0f, 0xff, 0xff, 0xff, 0xff, 0xe0,
    0x6f, 0xa9, 0xff, 0xfd, 0xe8, 0x69, 0xff, 0x78, 0xeb, 0xfb, 0xfe, 0x11, 0x07, 0xff, 0xbf, 0xff, 0xff, 0xe0,
    0x7f, 0xf3, 0xff, 0xff, 0xd4, 0x7b, 0xfe, 0xf9, 0xfb, 0xfd, 0xfe, 0x11, 0x0f, 0xff, 0xbf, 0xff, 0xff, 0xe0,
    0x7e, 0xe3, 0xff, 0xff, 0xe8, 0x63, 0xfe, 0xe3, 0xeb, 0xfe, 0xfe, 0x11, 0x0f, 0xff, 0xbf, 0xff, 0xff, 0xe0,
    0x7f, 0xe7, 0xff, 0xff, 0xd4, 0x33, 0xff, 0xf3, 0xf3, 0xff, 0x3e, 0x11, 0x0f, 0xff, 0xff, 0xff, 0xff, 0xe0,
    0x7a, 0x8f, 0xff, 0xfb, 0xe8, 0x23, 0xff, 0xa7, 0xe3, 0xfe, 0x7e, 0x11, 0x0f, 0xff, 0xbf, 0xff, 0xff, 0xe0,
    0x7f, 0x8f, 0xff, 0xfb, 0xd0, 0xf3, 0xff, 0xe7, 0xf3, 0xff, 0x7e, 0x11, 0x0f, 0xff, 0xbf, 0xff, 0xff, 0xe0,
    0x7e, 0x9f, 0xff, 0xfb, 0xa9, 0xc7, 0xfb, 0xef, 0xe3, 0xfe, 0x7e, 0x11, 0x1f, 0xff, 0xbf, 0xff, 0xff, 0xe0,
    0x7f, 0x9f, 0xff, 0xff, 0xd1, 0xe7, 0xfb, 0xef, 0xfb, 0xfe, 0x7e, 0x11, 0x1f, 0xff, 0xff, 0xff, 0xff, 0xe0,
    0x7a, 0x1f, 0xff, 0xff, 0xa3, 0xa7, 0xfb, 0x8f, 0xf9, 0xfe, 0xfe, 0x11, 0x3f, 0xfb, 0xff, 0xff, 0xff, 0xe0,
    0x7f, 0x3f, 0xff, 0xff, 0x47, 0xcf, 0xff, 0xcf, 0xfc, 0xfd, 0xfe, 0x11, 0x3f, 0xfb, 0xff, 0xff, 0xff, 0xe0,
    0x6e, 0x3f, 0xff, 0xde, 0x86, 0xcf, 0xff, 0xcf, 0xfe, 0x7d, 0xfe, 0x11, 0x7f, 0xfb, 0xff, 0xff, 0xff, 0xe0,
    0x7f, 0x3f, 0xff, 0xbd, 0xcf, 0xcf, 0xff, 0xcf, 0xfd, 0x7d, 0xfe, 0x11, 0xff, 0xff, 0xff, 0xff, 0xff, 0xe0,
    0x6a, 0x3f, 0xff, 0xba, 0x97, 0xa7, 0xf7, 0x8f, 0xfe, 0x39, 0xfe, 0x11, 0xff, 0xfb, 0xff, 0xef, 0xff, 0xe0,
    0x7e, 0x3f, 0xff, 0xff, 0x17, 0xe7, 0xf7, 0xdf, 0xff, 0x39, 0xfe, 0x17, 0xff, 0xfb, 0xff, 0xff, 0xff, 0xe0,
    0x6e, 0x3f, 0xff, 0xfa, 0x3b, 0xe3, 0xf6, 0xdf, 0xfe, 0xbb, 0xfe, 0x1f, 0xff, 0xfb, 0xff, 0xef, 0xff, 0xe0,
    0x7e, 0x3f, 0xff, 0xfe, 0x7f, 0xf9, 0xff, 0x9f, 0xff, 0x3b, 0xfe, 0xff, 0xff, 0xff, 0xff, 0xef, 0xff, 0xe0,
    0x6a, 0x7f, 0xfd, 0xe8, 0x7f, 0xfa, 0x7e, 0x9f, 0xfe, 0x7b, 0xfe, 0xff, 0xff, 0xfb, 0xff, 0xef, 0xff, 0xe0,
    0x7e, 0x7f, 0xfd, 0xfc, 0xff, 0xff, 0x3f, 0x9f, 0xfe, 0xfb, 0xfe, 0xff, 0xff, 0xfb, 0xff, 0xff, 0xff, 0xe0,
    0x6e, 0x7f, 0xfb, 0xe8, 0xff, 0xde, 0x8e, 0x9f, 0xfc, 0xfd, 0xfe, 0xff, 0xff, 0xfb, 0xff, 0xef, 0xef, 0xe0,
    0x7c, 0x7f, 0xff, 0xf9, 0xff, 0xef, 0x4f, 0x9f, 0xfd, 0xfe, 0xfe, 0xff, 0xff, 0xff, 0xff, 0xef, 0xef, 0xe0,
    0x68, 0x7f, 0xff, 0xa9, 0xff, 0xf7, 0xa6, 0x9f, 0xf9, 0xfe, 0x7e, 0xff, 0xff, 0xfb, 0xff, 0xef, 0xdf, 0xe0,
    0x7c, 0xff, 0xff, 0xf1, 0xff, 0xff, 0xd3, 0xcf, 0xf9, 0xff, 0x7e, 0xff, 0xff, 0xfb, 0xff, 0xff, 0xef, 0xe0,
    0x6c, 0xff, 0xf7, 0xe3, 0xff, 0xff, 0xa3, 0xe7, 0xf9, 0xfe, 0x7e, 0xff, 0xff, 0xfb, 0xff, 0xef, 0xef, 0xe0,
    0x78, 0xff, 0xf7, 0xf3, 0xff, 0xff, 0xd1, 0xf7, 0xfb, 0xff, 0x7e, 0xff, 0xff, 0xff, 0xff, 0xef, 0xff, 0xe0,
    0x29, 0xff, 0xf7, 0xa3, 0xff, 0xfb, 0xa0, 0xeb, 0xeb, 0xfe, 0x7e, 0xff, 0xff, 0xfb, 0xff, 0xef, 0xff, 0xe0,
    0x79, 0xff, 0xff, 0xf3, 0xff, 0xf7, 0x47, 0x75, 0xfb, 0xfe, 0xfe, 0xff, 0xff, 0xfb, 0xff, 0xff, 0xff, 0xe0,
    0x61, 0xff, 0xff, 0xe3, 0xff, 0xf7, 0xa7, 0xb8, 0xe3, 0xfd, 0xfe, 0xff, 0xff, 0xfb, 0xff, 0xef, 0xff, 0xe0,
    0x71, 0xff, 0xff, 0xf3, 0xff, 0xff, 0xcf, 0x7c, 0x73, 0xfd, 0xfe, 0xff, 0xff, 0xff, 0xff, 0xef, 0xff, 0xe0,
    0x23, 0xff, 0xef, 0xa3, 0xff, 0xfa, 0xbf, 0xfa, 0x63, 0xf9, 0xfe, 0xff, 0xff, 0xfb, 0xff, 0xff, 0xff, 0xe0,
    0x73, 0xff, 0xef, 0xe3, 0xff, 0xff, 0x7f, 0xfd, 0x73, 0xfd, 0xfe, 0xff, 0xff, 0xfb, 0xff, 0xff, 0xff, 0xe0,
    0x63, 0xff, 0xee, 0xe7, 0xff, 0x7e, 0x7f, 0xda, 0x2b, 0xf9, 0xfe, 0xff, 0xff, 0xfb, 0xff, 0xff, 0xff, 0xe0,
    0x73, 0xff, 0xff, 0xe7, 0xfe, 0xfc, 0xff, 0xdc, 0x1d, 0xfb, 0xfe, 0xff, 0xff, 0xff, 0xff, 0xff, 0xff, 0xe0,
    0x23, 0xff, 0xfe, 0xa7, 0xfd, 0xe9, 0xff, 0xba, 0x7a, 0xfb, 0xfe, 0xff, 0xff, 0xff, 0xff, 0xff, 0xff, 0xe0,
    0x00, 0x00, 0x00, 0x00, 0x00, 0x00, 0x00, 0x00, 0x00, 0x00, 0x00, 0x00, 0x00, 0x00, 0x00, 0x00, 0x00, 0x00,
};

static const lv_img_dsc_t waves3 = {
    .header.cf = LV_IMG_CF_INDEXED_1BIT,
    .header.always_zero = 0,
    .header.reserved = 0,
    .header.w = 140,
    .header.h = 68,
    .data_size = 1232,
    .data = waves3_map,
};

static const LV_ATTRIBUTE_MEM_ALIGN LV_ATTRIBUTE_LARGE_CONST uint8_t waves4_map[] = {
#if CONFIG_NICE_VIEW_WIDGET_INVERTED
    0xff, 0xff, 0xff, 0xff, /*Color of index 0*/
    0x00, 0x00, 0x00, 0xff, /*Color of index 1*/
#else
    0x00, 0x00, 0x00, 0xff, /*Color of index 0*/
    0xff, 0xff, 0xff, 0xff, /*Color of index 1*/
#endif
    0x00, 0x00, 0x00, 0x00, 0x00, 0x00, 0x00, 0x00, 0x00, 0x00, 0x00, 0x00, 0x00, 0x00, 0x00, 0x00, 0x00, 0x00,
    0x73, 0xff, 0xef, 0xe7, 0xff, 0xf9, 0xff, 0xfc, 0xff, 0x39, 0xfe, 0xff, 0xff, 0xff, 0xff, 0xff, 0xff, 0xe0,
    0x23, 0xff, 0xee, 0xa7, 0xff, 0xab, 0xff, 0xe9, 0xfe, 0xb9, 0xfe, 0xff, 0xff, 0xff, 0xff, 0xff, 0xff, 0xe0,
    0x73, 0xff, 0xff, 0xe7, 0xfb, 0xf3, 0xfe, 0xfb, 0xdf, 0x3e, 0xfe, 0xff, 0xff, 0xff, 0xff, 0xff, 0xff, 0xe0,
    0x61, 0xff, 0xfe, 0xe7, 0xfb, 0xe3, 0xfd, 0xe3, 0xfe, 0x3e, 0x7e, 0xff, 0xff, 0xff, 0xff, 0xff, 0xff, 0xe0,
    0x79, 0xff, 0xff, 0xe7, 0xfb, 0xf3, 0xfd, 0xe7, 0xfd, 0x7f, 0x7e, 0xff, 0xff, 0xff, 0xff, 0xff, 0xff, 0xe0,
    0x28, 0xff, 0xde, 0x8f, 0xff, 0xa3, 0xff, 0xa7, 0xfa, 0xfe, 0x7e, 0xff, 0xff, 0xff, 0xff, 0xff, 0xff, 0xe0,
    0x7c, 0xff, 0xdf, 0xcf, 0xff, 0xe7, 0xff, 0xef, 0xfc, 0xff, 0x7e, 0xff, 0xff, 0xff, 0xfb, 0xff, 0xff, 0xe0,
    0x6e, 0x7f, 0xde, 0xcf, 0xff, 0xe7, 0xff, 0xef, 0xfd, 0xfe, 0xfe, 0xff, 0xff, 0xff, 0xfb, 0xff, 0xff, 0xe0,
    0x7e, 0x3f, 0xff, 0xcf, 0xf7, 0xe7, 0xfb, 0xcf, 0xf9, 0xfc, 0xfe, 0xff, 0xff, 0xff, 0xff, 0xff, 0xff, 0xe0,
    0x7a, 0x1f, 0xfe, 0x8f, 0xee, 0xaf, 0xfb, 0x8f, 0xf9, 0xf9, 0xfe, 0xff, 0xff, 0xff, 0xfb, 0xff, 0xff, 0xe0,
    0x7f, 0xcf, 0xff, 0x9f, 0xef, 0xcf, 0xf7, 0xcf, 0xf9, 0xfd, 0xfe, 0xff, 0xff, 0xff, 0xfb, 0xff, 0xff, 0xe0,
    0x3e, 0xe7, 0xbe, 0x9f, 0xfe, 0xcf, 0xff, 0xcf, 0xeb, 0xfd, 0xfe, 0xff, 0xff, 0xff, 0xfb, 0xff, 0xff, 0xe0,
    0x5f, 0xf3, 0xbf, 0x9f, 0xff, 0xe7, 0xff, 0xcf, 0xfb, 0xf9, 0xfe, 0xff, 0xff, 0xff, 0xff, 0xff, 0xff, 0xe0,
    0x6f, 0xa9, 0x7a, 0x9f, 0xff, 0xa7, 0xfe, 0x9f, 0xeb, 0xfb, 0xfe, 0xff, 0xff, 0xff, 0xbb, 0xff, 0xff, 0xe0,
    0x7f, 0xfc, 0x7f, 0x9f, 0xfb, 0xf3, 0xf7, 0xdf, 0xf3, 0xfb, 0xfe, 0xff, 0xff, 0xff, 0xbb, 0xff, 0xff, 0xe0,
    0x7f, 0xea, 0x3e, 0x9f, 0xfd, 0xe9, 0xee, 0x9f, 0xe3, 0xfb, 0xfe, 0xff, 0xff, 0xff, 0xbb, 0xff, 0xff, 0xe0,
    0x7f, 0xfd, 0x9f, 0x9f, 0xfe, 0xfc, 0xef, 0x9f, 0xf3, 0xfb, 0xfe, 0xff, 0xff, 0xff, 0xff, 0xff, 0x7f, 0xe0,
    0x7f, 0x7a, 0x8a, 0x9f, 0xff, 0xfa, 0x3e, 0x9f, 0xe3, 0xf9, 0xfe, 0xff, 0xff, 0xff, 0xbb, 0xfe, 0xff, 0xe0,
    0x7f, 0xbd, 0x47, 0x8f, 0xff, 0xff, 0x1f, 0x9f, 0xfb, 0xfd, 0xfe, 0xff, 0xff, 0xff, 0xbb, 0xfd, 0xff, 0xe0,
    0x7f, 0xde, 0xa2, 0xcf, 0xff, 0xfe, 0x8e, 0x9f, 0xf9, 0xfe, 0xfe, 0x1f, 0xff, 0xff, 0xbb, 0xfe, 0xff, 0xe0,
    0x7f, 0xff, 0x51, 0xc7, 0xff, 0xf7, 0x47, 0xdf, 0xfc, 0xff, 0x7e, 0x17, 0xff, 0xff, 0xff, 0xff, 0x7f, 0xe0,
    0x7f, 0xff, 0xa8, 0xa7, 0xff, 0xfb, 0xa3, 0x8f, 0xfe, 0x7e, 0x7e, 0x11, 0xff, 0xff, 0xbb, 0xff, 0xff, 0xe0,
    0x7f, 0xff, 0xd0, 0xf3, 0xff, 0xfb, 0xd3, 0xe7, 0xfd, 0x7f, 0x7e, 0x11, 0xff, 0xff, 0xbb, 0xff, 0xff, 0xe0,
    0x7f, 0xf7, 0xa8, 0x63, 0xff, 0xff, 0xa1, 0xe7, 0xfe, 0x3e, 0x7e, 0x11, 0x7f, 0xff, 0xbb, 0xff, 0xff, 0xe0,
    0x7f, 0xf7, 0xd0, 0x79, 0xff, 0xff, 0xd1, 0xfb, 0xff, 0x3c, 0xfe, 0x11, 0x3f, 0xff, 0xff, 0xff, 0xff, 0xe0,
    0x7f, 0xf7, 0xa8, 0x68, 0xff, 0xff, 0xa7, 0xe9, 0xfe, 0xbc, 0xfe, 0x11, 0x3f, 0xff, 0xbb, 0xff, 0xff, 0xe0,
    0x7f, 0xff, 0xd0, 0x7e, 0x7f, 0xf7, 0x47, 0x34, 0xff, 0x3d, 0xfe, 0x11, 0x1f, 0xff, 0xbb, 0xff, 0xff, 0xe0,
    0x7f, 0xff, 0xa8, 0x7a, 0x3f, 0xee, 0x8f, 0xba, 0x7e, 0x7d, 0xfe, 0x11, 0x1f, 0xff, 0xbb, 0xff, 0xff, 0xe0,
    0x7f, 0xff, 0x50, 0x3d, 0x9f, 0xdd, 0x9f, 0xdc, 0x7c, 0xfd, 0xfe, 0x11, 0x0f, 0xff, 0xff, 0xff, 0xff, 0xe0,
    0x7f, 0xde, 0xa3, 0xbe, 0x8f, 0xfa, 0x3e, 0xfa, 0x78, 0xf9, 0xfe, 0x11, 0x0f, 0xff, 0xbb, 0xff, 0xff, 0xe0,
    0x7f, 0xdf, 0x43, 0xdf, 0x47, 0xfe, 0x7f, 0xfd, 0x3d, 0xfa, 0xfe, 0x11, 0x0f, 0xff, 0xbb, 0xff, 0xff, 0xe0,
    0x7f, 0xbe, 0x87, 0xae, 0xa7, 0xec, 0xff, 0xfa, 0x39, 0xfb, 0xfe, 0x11, 0x0f, 0xff, 0xbb, 0xff, 0xff, 0xe0,
    0x7f, 0xfd, 0x4f, 0xff, 0x51, 0xf9, 0xff, 0xbc, 0x79, 0xfb, 0xfe, 0x11, 0x0f, 0xff, 0xff, 0xff, 0xff, 0xe0,
    0x7f, 0xfa, 0x9f, 0xff, 0xa9, 0xe9, 0xff, 0xba, 0xe9, 0xfb, 0xfe, 0x11, 0x07, 0xff, 0xbf, 0xff, 0xff, 0xe0,
    0x7f, 0xf7, 0x3f, 0xff, 0xd1, 0xf9, 0xff, 0x74, 0xfb, 0xf9, 0xfe, 0x11, 0x0f, 0xff, 0xbf, 0xff, 0xff, 0xe0,
    0x7b, 0xea, 0x7f, 0xfb, 0xe8, 0xeb, 0xff, 0xe9, 0xeb, 0xfd, 0xfe, 0x11, 0x0f, 0xff, 0xbf, 0xff, 0xff, 0xe0,
    0x77, 0xdc, 0xff, 0xfd, 0xd4, 0xf3, 0xff, 0xfb, 0xdb, 0xfc, 0xfe, 0x11, 0x0f, 0xff, 0xff, 0xff, 0xff, 0xe0,
    0x77, 0xa8, 0xff, 0xfd, 0xe8, 0xa3, 0xff, 0xe3, 0xe3, 0xfe, 0x7a, 0x11, 0x0f, 0xff, 0xbf, 0xff, 0xff, 0xe0,
    0x7f, 0xf1, 0xff, 0xff, 0xd4, 0x73, 0xfd, 0xe7, 0xf3, 0xff, 0x6e, 0x11, 0x0f, 0xff, 0xbf, 0xff, 0xff, 0xe0,
    0x7e, 0xe3, 0xff, 0xff, 0xe8, 0x63, 0xfb, 0xe7, 0xe3, 0xfe, 0x3e, 0x11, 0x1f, 0xff, 0xbf, 0xff, 0xff, 0xe0,
    0x7f, 0xe7, 0xff, 0xff, 0xd4, 0x67, 0xfb, 0xef, 0xf3, 0xff, 0x7e, 0x11, 0x1f, 0xff, 0xff, 0xff, 0xff, 0xe0,
    0x3e, 0x87, 0xff, 0xfd, 0xe8, 0x27, 0xff, 0xaf, 0xeb, 0xfe, 0xfe, 0x11, 0x3f, 0xff, 0xbf, 0xff, 0xff, 0xe0,
    0x7f, 0xcf, 0xff, 0xfb, 0xd0, 0xc7, 0xff, 0xcf, 0xfd, 0xfc, 0xfe, 0x11, 0x3f, 0xfb, 0xff, 0xff, 0xff, 0xe0,
    0x7e, 0x9f, 0xff, 0xfb, 0xa8, 0xef, 0xff, 0xcf, 0xfa, 0xfd, 0xfe, 0x11, 0x7f, 0xfb, 0xff, 0xff, 0xff, 0xe0,
    0x7f, 0x9f, 0xff, 0xff, 0xd1, 0xcf, 0xf7, 0xcf, 0xfc, 0x7d, 0xfe, 0x11, 0xff, 0xff, 0xff, 0xff, 0xff, 0xe0,
    0x7a, 0x1f, 0xff, 0xff, 0xa2, 0x8f, 0xf7, 0x8f, 0xfe, 0x39, 0xfe, 0x11, 0xff, 0xfb, 0xff, 0xff, 0xff, 0xe0,
    0x7f, 0x3f, 0xff, 0xff, 0x47, 0xe7, 0xf7, 0xcf, 0xff, 0x39, 0xfe, 0x17, 0xff, 0xfb, 0xff, 0xff, 0xff, 0xe0,
    0x6e, 0x3f, 0xff, 0xde, 0xa7, 0xe7, 0xfe, 0xdf, 0xfe, 0xbb, 0xfe, 0x1f, 0xff, 0xfb, 0xff, 0xef, 0xff, 0xe0,
    0x7f, 0x3f, 0xff, 0xdd, 0xcf, 0xf3, 0xff, 0xdf, 0xff, 0x3b, 0xfe, 0xff, 0xff, 0xff, 0xff, 0xef, 0xff, 0xe0,
    0x6a, 0x3f, 0xff, 0xba, 0x9f, 0xe9, 0xfe, 0x9f, 0xfe, 0x7b, 0xfe, 0xff, 0xff, 0xfb, 0xff, 0xef, 0xff, 0xe0,
    0x7e, 0x3f, 0xff, 0xff, 0x9e, 0xfc, 0xef, 0x9f, 0xfe, 0x7b, 0xfe, 0xff, 0xff, 0xfb, 0xff, 0xff, 0xff, 0xe0,
    0x6e, 0x3f, 0xff, 0xfa, 0x3f, 0xba, 0x2e, 0x9f, 0xfa, 0xf9, 0xfe, 0xff, 0xff, 0xfb, 0xff, 0xef, 0xff, 0xe0,
    0x7e, 0x3f, 0xff, 0xfe, 0x7f, 0xdd, 0x8f, 0x9f, 0xfd, 0xfd, 0xfe, 0xff, 0xff, 0xff, 0xff, 0xef, 0xef, 0xe0,
    0x6a, 0x7f, 0xfd, 0xea, 0x7f, 0xfe, 0x8e, 0x9f, 0xf9, 0xfe, 0xfe, 0xff, 0xff, 0xfb, 0xff, 0xef, 0xef, 0xe0,
    0x7e, 0x7f, 0xfd, 0xfc, 0xff, 0xff, 0x47, 0xdf, 0xf9, 0xff, 0x7e, 0xff, 0xff, 0xfb, 0xff, 0xff, 0xdf, 0xe0,
    0x6e, 0x7f, 0xfb, 0xec, 0xff, 0xff, 0xa3, 0xcf, 0xf9, 0xfe, 0x7e, 0xff, 0xff, 0xfb, 0xff, 0xef, 0xef, 0xe0,
    0x7c, 0x7f, 0xff, 0xf9, 0xff, 0xfb, 0xd3, 0xe7, 0xf9, 0xff, 0x7e, 0xff, 0xff, 0xff, 0xff, 0xef, 0xef, 0xe0,
    0x68, 0x7f, 0xff, 0xa9, 0xff, 0xfb, 0xa1, 0xa7, 0xeb, 0xfe, 0x7e, 0xff, 0xff, 0xfb, 0xff, 0xef, 0xff, 0xe0,
    0x7c, 0xff, 0xff, 0xf1, 0xff, 0xfb, 0xd0, 0xfb, 0xfb, 0xfe, 0xfe, 0xff, 0xff, 0xfb, 0xff, 0xff, 0xff, 0xe0,
    0x6c, 0xff, 0xf7, 0xe3, 0xff, 0xff, 0xa7, 0xe9, 0xeb, 0xfc, 0xfe, 0xff, 0xff, 0xfb, 0xff, 0xef, 0xff, 0xe0,
    0x78, 0xff, 0xf7, 0xf3, 0xff, 0xff, 0x47, 0x74, 0xf3, 0xfd, 0xfe, 0xff, 0xff, 0xff, 0xff, 0xef, 0xff, 0xe0,
    0x28, 0xff, 0xf7, 0xa3, 0xff, 0xfe, 0x8f, 0xfa, 0x63, 0xf9, 0xfe, 0xff, 0xff, 0xfb, 0xff, 0xef, 0xff, 0xe0,
    0x79, 0xff, 0xff, 0xf3, 0xff, 0xdf, 0x9f, 0xdc, 0x73, 0xfd, 0xfe, 0xff, 0xff, 0xfb, 0xff, 0xff, 0xff, 0xe0,
    0x61, 0xff, 0xff, 0xe3, 0xff, 0xba, 0x3e, 0xda, 0x6b, 0xf9, 0xfe, 0xff, 0xff, 0xfb, 0xff, 0xff, 0xff, 0xe0,
    0x71, 0xff, 0xff, 0xf3, 0xff, 0x7e, 0x7f, 0xdd, 0x39, 0xfb, 0xfe, 0xff, 0xff, 0xff, 0xff, 0xff, 0xff, 0xe0,
    0x23, 0xff, 0xef, 0xa3, 0xff, 0xe8, 0xff, 0xfa, 0x39, 0xfb, 0xfe, 0xff, 0xff, 0xfb, 0xff, 0xff, 0xff, 0xe0,
    0x00, 0x00, 0x00, 0x00, 0x00, 0x00, 0x00, 0x00, 0x00, 0x00, 0x00, 0x00, 0x00, 0x00, 0x00, 0x00, 0x00, 0x00,
};

static const lv_img_dsc_t waves4 = {
    .header.cf = LV_IMG_CF_INDEXED_1BIT,
    .header.always_zero = 0,
    .header.reserved = 0,
    .header.w = 140,
    .header.h = 68,
    .data_size = 1232,
    .data = waves4_map,
};

static const LV_ATTRIBUTE_MEM_ALIGN LV_ATTRIBUTE_LARGE_CONST uint8_t waves5_map[] = {
#if CONFIG_NICE_VIEW_WIDGET_INVERTED
    0xff, 0xff, 0xff, 0xff, /*Color of index 0*/
    0x00, 0x00, 0x00, 0xff, /*Color of index 1*/
#else
    0x00, 0x00, 0x00, 0xff, /*Color of index 0*/
    0xff, 0xff, 0xff, 0xff, /*Color of index 1*/
#endif
    0x00, 0x00, 0x00, 0x00, 0x00, 0x00, 0x00, 0x00, 0x00, 0x00, 0x00, 0x00, 0x00, 0x00, 0x00, 0x00, 0x00, 0x00,
    0x71, 0xff, 0xff, 0xf3, 0xff, 0xf9, 0xff, 0xf4, 0xfd, 0x7b, 0xfe, 0xff, 0xff, 0xff, 0xff, 0xff, 0xff, 0xe0,
    0x23, 0xff, 0xff, 0xa3, 0xfd, 0xe9, 0xff, 0x78, 0xee, 0x39, 0xfe, 0xff, 0xff, 0xff, 0xff, 0xff, 0xff, 0xe0,
    0x73, 0xff, 0xff, 0xe3, 0xfb, 0xfb, 0xfe, 0xf1, 0xff, 0x3e, 0xfe, 0xff, 0xff, 0xff, 0xff, 0xff, 0xff, 0xe0,
    0x63, 0xff, 0xee, 0xe7, 0xfb, 0xe3, 0xfe, 0xeb, 0xfe, 0xbe, 0x7e, 0xff, 0xff, 0xff, 0xff, 0xff, 0xff, 0xe0,
    0x73, 0xff, 0xef, 0xe7, 0xff, 0xf3, 0xff, 0xf3, 0xff, 0x3f, 0x7e, 0xff, 0xff, 0xff, 0xff, 0xff, 0xff, 0xe0,
    0x23, 0xff, 0xee, 0xa7, 0xff, 0xa3, 0xff, 0xa7, 0xfe, 0x7e, 0x7e, 0xff, 0xff, 0xff, 0xff, 0xff, 0xff, 0xe0,
    0x73, 0xff, 0xff, 0xe7, 0xff, 0xf3, 0xff, 0xe7, 0xfe, 0xff, 0x7e, 0xff, 0xff, 0xff, 0xfb, 0xff, 0xff, 0xe0,
    0x61, 0xff, 0xfe, 0xe7, 0xf7, 0xe7, 0xfb, 0xef, 0xfc, 0xfe, 0x7e, 0xff, 0xff, 0xff, 0xfb, 0xff, 0xff, 0xe0,
    0x71, 0xff, 0xff, 0xe7, 0xf7, 0xe7, 0xfb, 0xef, 0xfd, 0xfe, 0xfe, 0xff, 0xff, 0xff, 0xff, 0xff, 0xff, 0xe0,
    0x29, 0xff, 0xde, 0x87, 0xf7, 0xa7, 0xfb, 0x8f, 0xf9, 0xf9, 0xfe, 0xff, 0xff, 0xff, 0xfb, 0xff, 0xff, 0xe0,
    0x7c, 0xff, 0xdf, 0xcf, 0xff, 0xef, 0xff, 0xcf, 0xf9, 0xfd, 0xfe, 0xff, 0xff, 0xff, 0xfb, 0xff, 0xff, 0xe0,
    0x6c, 0x7f, 0xde, 0xcf, 0xfe, 0xcf, 0xff, 0xcf, 0xf9, 0xfd, 0xfe, 0xff, 0xff, 0xff, 0xfb, 0xff, 0xff, 0xe0,
    0x7e, 0x3f, 0xff, 0xcf, 0xff, 0xcf, 0xff, 0xcf, 0xfb, 0xfd, 0xfe, 0xff, 0xff, 0xff, 0xff, 0xff, 0xff, 0xe0,
    0x7a, 0x1f, 0xfe, 0x8f, 0xf7, 0xa7, 0xf7, 0x8f, 0xeb, 0xf9, 0xfe, 0xff, 0xff, 0xff, 0xbb, 0xff, 0xff, 0xe0,
    0x7f, 0x8f, 0xff, 0x9f, 0xf7, 0xe7, 0xf7, 0xdf, 0xfb, 0xfb, 0xfe, 0xff, 0xff, 0xff, 0xbb, 0xff, 0xff, 0xe0,
    0x3e, 0xc7, 0xbe, 0x9f, 0xfb, 0xe3, 0xf6, 0xdf, 0xe3, 0xfb, 0xfe, 0xff, 0xff, 0xff, 0xbb, 0xff, 0xff, 0xe0,
    0x5f, 0xf3, 0xbf, 0x9f, 0xff, 0xf9, 0xff, 0x9f, 0xf3, 0xfb, 0xfe, 0xff, 0xff, 0xff, 0xff, 0xff, 0xff, 0xe0,
    0x6f, 0xa9, 0x7a, 0x9f, 0xff, 0xe8, 0xfe, 0x9f, 0xe3, 0xfb, 0xfe, 0xff, 0xff, 0xff, 0xbb, 0xff, 0x7f, 0xe0,
    0x7f, 0xfc, 0xff, 0x9f, 0xff, 0xff, 0x3f, 0x9f, 0xf3, 0xfd, 0xfe, 0xff, 0xff, 0xff, 0xbb, 0xfe, 0xff, 0xe0,
    0x7f, 0xea, 0x3e, 0x9f, 0xff, 0xde, 0x8e, 0x9f, 0xeb, 0xfe, 0xfe, 0x1f, 0xff, 0xff, 0xbb, 0xfd, 0xff, 0xe0,
    0x7f, 0xfd, 0x1f, 0x9f, 0xff, 0xef, 0x4f, 0x9f, 0xfd, 0xff, 0x7e, 0x17, 0xff, 0xff, 0xff, 0xfe, 0xff, 0xe0,
    0x7f, 0x7a, 0x8a, 0x9f, 0xff, 0xf7, 0xa6, 0x9f, 0xfa, 0xfe, 0x7e, 0x11, 0xff, 0xff, 0xbb, 0xff, 0x7f, 0xe0,
    0x7f, 0xbd, 0x47, 0x8f, 0xff, 0xff, 0xd3, 0xcf, 0xfc, 0x7f, 0x7e, 0x11, 0xff, 0xff, 0xbb, 0xff, 0xff, 0xe0,
    0x7f, 0xde, 0xa2, 0xcf, 0xff, 0xff, 0xa3, 0xe7, 0xfe, 0x3e, 0x7e, 0x11, 0x7f, 0xff, 0xbb, 0xff, 0xff, 0xe0,
    0x7f, 0xff, 0x53, 0xcf, 0xff, 0xff, 0xd1, 0xf7, 0xff, 0x3e, 0x7e, 0x11, 0x3f, 0xff, 0xff, 0xff, 0xff, 0xe0,
    0x7f, 0xff, 0xa8, 0xa7, 0xff, 0xfb, 0xa0, 0xeb, 0xfe, 0xbe, 0xfe, 0x11, 0x3f, 0xff, 0xbb, 0xff, 0xff, 0xe0,
    0x7f, 0xff, 0xd0, 0xe3, 0xff, 0xf7, 0x57, 0x71, 0xff, 0x3d, 0xfe, 0x11, 0x1f, 0xff, 0xbb, 0xff, 0xff, 0xe0,
    0x7f, 0xf7, 0xa8, 0x63, 0xff, 0xf7, 0xa7, 0x78, 0xfe, 0x7d, 0xfe, 0x11, 0x1f, 0xff, 0xbb, 0xff, 0xff, 0xe0,
    0x7f, 0xf7, 0xd0, 0x79, 0xff, 0xff, 0xcf, 0x7c, 0x7c, 0x7d, 0xfe, 0x11, 0x0f, 0xff, 0xff, 0xff, 0xff, 0xe0,
    0x7f, 0xf7, 0xa8, 0x68, 0xff, 0xfe, 0x9f, 0xfa, 0x7a, 0xf9, 0xfe, 0x11, 0x0f, 0xff, 0xbb, 0xff, 0xff, 0xe0,
    0x7f, 0xff, 0xd0, 0x3e, 0x7f, 0xff, 0x3f, 0xfd, 0x7d, 0xf9, 0xfa, 0x11, 0x0f, 0xff, 0xbb, 0xff, 0xff, 0xe0,
    0x7f, 0xff, 0xa8, 0x7a, 0x3f, 0x7e, 0x7f, 0xda, 0x3d, 0xfb, 0xfe, 0x11, 0x0f, 0xff, 0xbb, 0xff, 0xff, 0xe0,
    0x7f, 0xff, 0x50, 0x7d, 0x1e, 0xfc, 0xff, 0xdd, 0x19, 0xfb, 0xfe, 0x11, 0x0f, 0xff, 0xff, 0xff, 0xff, 0xe0,
    0x7f, 0xef, 0xa1, 0xba, 0x9d, 0xe9, 0xff, 0xba, 0x79, 0xfb, 0xee, 0x11, 0x07, 0xff, 0xbf, 0xff, 0xff, 0xe0,
    0x7f, 0xdf, 0x43, 0xdf, 0x4f, 0xf9, 0xff, 0xf4, 0xf9, 0xfa, 0xbe, 0x11, 0x0f, 0xff, 0xbf, 0xff, 0xff, 0xe0,
    0x7f, 0xbe, 0xa7, 0xee, 0xa7, 0xe9, 0xff, 0xf8, 0xeb, 0xfd, 0xfe, 0x11, 0x0f, 0xff, 0xbf, 0xff, 0xff, 0xe0,
    0x7f, 0xfd, 0x4f, 0xff, 0x53, 0xfb, 0xff, 0xf9, 0xfb, 0xfe, 0xfe, 0x11, 0x0f, 0xff, 0xff, 0xff, 0xff, 0xe0,
    0x7f, 0xfa, 0x9f, 0xff, 0xa1, 0xa3, 0xfe, 0xeb, 0xeb, 0xfe, 0x7e, 0x11, 0x0f, 0xff, 0xbf, 0xff, 0xff, 0xe0,
    0x7f, 0xf7, 0x3f, 0xff, 0xd1, 0xf3, 0xfd, 0xf3, 0xf3, 0xff, 0x7e, 0x11, 0x0f, 0xff, 0xbf, 0xff, 0xff, 0xe0,
    0x7d, 0xea, 0x3f, 0xfb, 0xe8, 0xe3, 0xfd, 0xe7, 0xe3, 0xfe, 0x7e, 0x11, 0x1f, 0xff, 0xbf, 0xff, 0xff, 0xe0,
    0x7b, 0xdc, 0x7f, 0xfb, 0xd4, 0xf3, 0xff, 0xe7, 0xf3, 0xff, 0x7e, 0x11, 0x1f, 0xff, 0xff, 0xff, 0xff, 0xe0,
    0x77, 0xa8, 0xff, 0xfd, 0xe8, 0xa7, 0xff, 0xaf, 0xeb, 0xfe, 0x7e, 0x11, 0x3f, 0xff, 0xbf, 0xff, 0xff, 0xe0,
    0x7f, 0xf1, 0xff, 0xff, 0xd4, 0x67, 0xff, 0xef, 0xf9, 0xfe, 0xfe, 0x11, 0x3f, 0xfb, 0xff, 0xff, 0xff, 0xe0,
    0x7e, 0xe3, 0xff, 0xff, 0xe8, 0x67, 0xfb, 0xcf, 0xfd, 0xfd, 0xfe, 0x11, 0x7f, 0xfb, 0xff, 0xff, 0xff, 0xe0,
    0x7f, 0xe7, 0xff, 0xff, 0xd4, 0x2f, 0xfb, 0xcf, 0xfc, 0xfd, 0xfe, 0x11, 0xff, 0xff, 0xff, 0xff, 0xff, 0xe0,
    0x3e, 0x87, 0xff, 0xfd, 0xe8, 0x0f, 0xf7, 0x8f, 0xfe, 0x79, 0xfe, 0x11, 0xff, 0xfb, 0xff, 0xff, 0xff, 0xe0,
    0x7f, 0xcf, 0xff, 0xfb, 0xd4, 0xcf, 0xff, 0xcf, 0xff, 0x3d, 0xfe, 0x17, 0xff, 0xfb, 0xff, 0xff, 0xff, 0xe0,
    0x7e, 0x8f, 0xff, 0xfb, 0xa9, 0xc7, 0xff, 0xcf, 0xfe, 0xb9, 0xfe, 0x1f, 0xff, 0xfb, 0xff, 0xef, 0xff, 0xe0,
    0x7f, 0x9f, 0xff, 0xff, 0xd1, 0xe7, 0xff, 0xdf, 0xff, 0x3b, 0xfe, 0xff, 0xff, 0xff, 0xff, 0xef, 0xff, 0xe0,
    0x7a, 0x1f, 0xff, 0xff, 0xa3, 0xa3, 0xf6, 0x9f, 0xfe, 0x3b, 0xfe, 0xff, 0xff, 0xfb, 0xff, 0xef, 0xff, 0xe0,
    0x7f, 0x1f, 0xff, 0xff, 0x41, 0xf9, 0xf7, 0x9f, 0xfd, 0x7b, 0xfe, 0xff, 0xff, 0xfb, 0xff, 0xff, 0xff, 0xe0,
    0x6e, 0x3f, 0xff, 0xde, 0xa6, 0xec, 0xee, 0x9f, 0xfa, 0xfb, 0xfe, 0xff, 0xff, 0xfb, 0xff, 0xef, 0xff, 0xe0,
    0x7f, 0x3f, 0xff, 0xdd, 0xcf, 0xff, 0x3f, 0x9f, 0xfc, 0xfd, 0xfe, 0xff, 0xff, 0xff, 0xff, 0xef, 0xef, 0xe0,
    0x6a, 0x3f, 0xff, 0xbe, 0x8f, 0xfe, 0x9e, 0x9f, 0xf9, 0xfe, 0xfe, 0xff, 0xff, 0xfb, 0xff, 0xef, 0xef, 0xe0,
    0x7e, 0x3f, 0xff, 0xff, 0x9f, 0xff, 0x4f, 0x9f, 0xf9, 0xff, 0x7e, 0xff, 0xff, 0xfb, 0xff, 0xff, 0xdf, 0xe0,
    0x6e, 0x3f, 0xff, 0xfa, 0x3f, 0xf7, 0xa6, 0xdf, 0xf9, 0xfe, 0x7e, 0xff, 0xff, 0xfb, 0xff, 0xef, 0xef, 0xe0,
    0x7e, 0x3f, 0xff, 0xfe, 0x3f, 0xfb, 0xd3, 0xcf, 0xf9, 0xff, 0x7e, 0xff, 0xff, 0xff, 0xff, 0xef, 0xef, 0xe0,
    0x6a, 0x7f, 0xfd, 0xea, 0x7f, 0xfb, 0xa3, 0xa7, 0xeb, 0xfe, 0x7e, 0xff, 0xff, 0xfb, 0xff, 0xef, 0xff, 0xe0,
    0x7e, 0x7f, 0xfd, 0xfc, 0xff, 0xff, 0xd1, 0xf7, 0xfb, 0xfe, 0x7e, 0xff, 0xff, 0xfb, 0xff, 0xff, 0xff, 0xe0,
    0x6e, 0x7f, 0xfb, 0xec, 0xff, 0xff, 0xa0, 0xeb, 0xeb, 0xfe, 0xfe, 0xff, 0xff, 0xfb, 0xff, 0xef, 0xff, 0xe0,
    0x7e, 0x7f, 0xff, 0xf9, 0xff, 0xff, 0x57, 0xf9, 0xf3, 0xfd, 0xfe, 0xff, 0xff, 0xff, 0xff, 0xef, 0xff, 0xe0,
    0x68, 0x7f, 0xff, 0xa9, 0xff, 0xf7, 0xa7, 0x78, 0xe3, 0xf9, 0xfe, 0xff, 0xff, 0xfb, 0xff, 0xef, 0xff, 0xe0,
    0x7c, 0xff, 0xff, 0xf9, 0xff, 0xef, 0x4f, 0x3c, 0x73, 0xfd, 0xfe, 0xff, 0xff, 0xfb, 0xff, 0xff, 0xff, 0xe0,
    0x6c, 0xff, 0xf7, 0xe3, 0xff, 0xde, 0x9f, 0xda, 0x63, 0xfd, 0xfe, 0xff, 0xff, 0xfb, 0xff, 0xff, 0xff, 0xe0,
    0x78, 0xff, 0xf7, 0xf3, 0xff, 0xff, 0x3f, 0xfd, 0x7b, 0xf9, 0xfe, 0xff, 0xff, 0xff, 0xff, 0xff, 0xff, 0xe0,
    0x28, 0xff, 0xf7, 0xa3, 0xff, 0xfa, 0x7f, 0xfa, 0x39, 0xfb, 0xfe, 0xff, 0xff, 0xfb, 0xff, 0xff, 0xff, 0xe0,
    0x00, 0x00, 0x00, 0x00, 0x00, 0x00, 0x00, 0x00, 0x00, 0x00, 0x00, 0x00, 0x00, 0x00, 0x00, 0x00, 0x00, 0x00,
};

static const lv_img_dsc_t waves5 = {
    .header.cf = LV_IMG_CF_INDEXED_1BIT,
    .header.always_zero = 0,
    .header.reserved = 0,
    .header.w = 140,
    .header.h = 68,
    .data_size = 1232,
    .data = waves5_map,
};

static const LV_ATTRIBUTE_MEM_ALIGN LV_ATTRIBUTE_LARGE_CONST uint8_t waves6_map[] = {
#if CONFIG_NICE_VIEW_WIDGET_INVERTED
    0xff, 0xff, 0xff, 0xff, /*Color of index 0*/
    0x00, 0x00, 0x00, 0xff, /*Color of index 1*/
#else
    0x00, 0x00, 0x00, 0xff, /*Color of index 0*/
    0xff, 0xff, 0xff, 0xff, /*Color of index 1*/
#endif
    0x00, 0x00, 0x00, 0x00, 0x00, 0x00, 0x00, 0x00, 0x00, 0x00, 0x00, 0x00, 0x00, 0x00, 0x00, 0x00, 0x00, 0x00,
    0x7c, 0xff, 0xff, 0xf3, 0xfd, 0xf9, 0xff, 0xbc, 0x7c, 0x7b, 0xfe, 0xff, 0xff, 0xff, 0xff, 0xff, 0xff, 0xe0,
    0x28, 0xff, 0xf7, 0xa3, 0xfd, 0xe9, 0xff, 0xba, 0xee, 0x39, 0xfe, 0xff, 0xff, 0xff, 0xff, 0xff, 0xff, 0xe0,
    0x79, 0xff, 0xef, 0xf3, 0xfd, 0xf9, 0xff, 0x74, 0xff, 0x3d, 0xfe, 0xff, 0xff, 0xff, 0xff, 0xff, 0xff, 0xe0,
    0x69, 0xff, 0xef, 0xe3, 0xff, 0xeb, 0xff, 0xe9, 0xfe, 0xbe, 0xfe, 0xff, 0xff, 0xff, 0xff, 0xff, 0xff, 0xe0,
    0x71, 0xff, 0xff, 0xf3, 0xff, 0xf3, 0xff, 0xfb, 0xdf, 0x3f, 0x7e, 0xff, 0xff, 0xff, 0xff, 0xff, 0xff, 0xe0,
    0x23, 0xff, 0xff, 0xa3, 0xff, 0xa3, 0xff, 0xe3, 0xfe, 0x7e, 0x7e, 0xff, 0xff, 0xff, 0xff, 0xff, 0xff, 0xe0,
    0x73, 0xff, 0xff, 0xe3, 0xfb, 0xf3, 0xfd, 0xe7, 0xfe, 0x7f, 0x7e, 0xff, 0xff, 0xff, 0xff, 0xff, 0xff, 0xe0,
    0x63, 0xff, 0xef, 0xe3, 0xfb, 0xe3, 0xfb, 0xe7, 0xfa, 0xfe, 0x7e, 0xff, 0xff, 0xff, 0xfb, 0xff, 0xff, 0xe0,
    0x73, 0xff, 0xef, 0xe7, 0xf7, 0xf7, 0xfb, 0xef, 0xfd, 0xfc, 0xfe, 0xff, 0xff, 0xff, 0xff, 0xff, 0xff, 0xe0,
    0x23, 0xff, 0xee, 0xa7, 0xff, 0xa7, 0xff, 0xaf, 0xf9, 0xfc, 0xfe, 0xff, 0xff, 0xff, 0xfb, 0xff, 0xff, 0xe0,
    0x73, 0xff, 0xff, 0xe7, 0xff, 0xe7, 0xff, 0xcf, 0xf9, 0xfd, 0xfe, 0xff, 0xff, 0xff, 0xfb, 0xff, 0xff, 0xe0,
    0x63, 0xff, 0xfe, 0xe7, 0xfe, 0xef, 0xff, 0xcf, 0xf9, 0xfd, 0xfe, 0xff, 0xff, 0xff, 0xfb, 0xff, 0xff, 0xe0,
    0x71, 0xff, 0xff, 0xe7, 0xef, 0xcf, 0xf7, 0xcf, 0xf9, 0xfd, 0xfe, 0xff, 0xff, 0xff, 0xff, 0xff, 0xff, 0xe0,
    0x29, 0xff, 0xde, 0x87, 0xee, 0x8f, 0xf7, 0x8f, 0xeb, 0xf9, 0xfe, 0xff, 0xff, 0xff, 0xbb, 0xff, 0xff, 0xe0,
    0x78, 0xff, 0xdf, 0xcf, 0xf7, 0xe7, 0xf7, 0xcf, 0xfb, 0xf9, 0xfe, 0xff, 0xff, 0xff, 0xbb, 0xff, 0xff, 0xe0,
    0x6c, 0x7f, 0xde, 0xcf, 0xff, 0xe7, 0xfe, 0xdf, 0xeb, 0xfb, 0xfe, 0xff, 0xff, 0xff, 0xbb, 0xff, 0xff, 0xe0,
    0x7e, 0x7f, 0xff, 0xcf, 0xff, 0xf3, 0xff, 0xdf, 0xf3, 0xfb, 0xfe, 0xff, 0xff, 0xff, 0xff, 0xff, 0xff, 0xe0,
    0x6a, 0x3f, 0xfe, 0x8f, 0xff, 0xe9, 0xfe, 0x9f, 0xe3, 0xfb, 0xfe, 0xff, 0xff, 0xff, 0xbb, 0xfe, 0xff, 0xe0,
    0x7f, 0x9f, 0xff, 0x9f, 0xfe, 0xfc, 0xef, 0x9f, 0xf3, 0xf9, 0xfe, 0xff, 0xff, 0xff, 0xbb, 0xfe, 0xff, 0xe0,
    0x3e, 0xc7, 0xbe, 0x9f, 0xff, 0xba, 0x2e, 0x9f, 0xeb, 0xfd, 0xfe, 0x1f, 0xff, 0xff, 0xbb, 0xfd, 0xff, 0xe0,
    0x5f, 0xe3, 0xbf, 0x9f, 0xff, 0xdd, 0x8f, 0x9f, 0xf9, 0xfc, 0xfe, 0x17, 0xff, 0xff, 0xff, 0xfe, 0xff, 0xe0,
    0x6f, 0xa1, 0x7a, 0x9f, 0xff, 0xfe, 0x8e, 0x9f, 0xf9, 0xfe, 0x7e, 0x11, 0xff, 0xff, 0xbb, 0xfe, 0xff, 0xe0,
    0x7f, 0xfc, 0xff, 0x9f, 0xff, 0xff, 0x47, 0xdf, 0xfe, 0xff, 0x7e, 0x11, 0xff, 0xff, 0xbb, 0xff, 0xff, 0xe0,
    0x7f, 0xea, 0x7e, 0x9f, 0xff, 0xff, 0xa3, 0xcf, 0xfe, 0x7e, 0x7e, 0x11, 0x7f, 0xff, 0xbb, 0xff, 0xff, 0xe0,
    0x7f, 0xfd, 0x3f, 0x9f, 0xff, 0xfb, 0xd3, 0xef, 0xff, 0x3f, 0x7e, 0x11, 0x3f, 0xff, 0xff, 0xff, 0xff, 0xe0,
    0x7e, 0xfa, 0x9a, 0x9f, 0xff, 0xfb, 0xa1, 0xa7, 0xfe, 0xbe, 0xfe, 0x11, 0x3f, 0xff, 0xbb, 0xff, 0xff, 0xe0,
    0x7f, 0xbd, 0x47, 0x9f, 0xff, 0xfb, 0xd0, 0xf3, 0xff, 0x3c, 0xfe, 0x11, 0x1f, 0xff, 0xbb, 0xff, 0xff, 0xe0,
    0x7f, 0xbe, 0xa6, 0xcf, 0xff, 0xff, 0xa3, 0xe9, 0xfe, 0x3c, 0xfe, 0x11, 0x1f, 0xff, 0xbb, 0xff, 0xff, 0xe0,
    0x7f, 0xff, 0x53, 0xcf, 0xff, 0xff, 0x47, 0x7c, 0xfd, 0x7d, 0xbe, 0x11, 0x0f, 0xff, 0xff, 0xff, 0xff, 0xe0,
    0x7f, 0xff, 0xa0, 0xa7, 0xff, 0xfe, 0x8f, 0xfa, 0x7a, 0xf9, 0xfe, 0x11, 0x0f, 0xff, 0xbb, 0xff, 0xff, 0xe0,
    0x7f, 0xff, 0x51, 0xe7, 0xff, 0xdf, 0x1f, 0xdc, 0x7c, 0xf9, 0xfe, 0x11, 0x0f, 0xff, 0xbb, 0xff, 0xff, 0xe0,
    0x7f, 0xf7, 0xa8, 0xe3, 0xff, 0xba, 0x3e, 0xda, 0x7d, 0xf9, 0xfe, 0x11, 0x0f, 0xff, 0xbb, 0xff, 0xff, 0xe0,
    0x7f, 0xf7, 0xd0, 0x79, 0xff, 0x7e, 0x7f, 0xdd, 0x39, 0xfb, 0xfe, 0x11, 0x0f, 0xff, 0xff, 0xff, 0xff, 0xe0,
    0x7f, 0xf7, 0xa8, 0x68, 0xff, 0xe8, 0xff, 0xfa, 0x39, 0xfb, 0xfe, 0x11, 0x07, 0xff, 0xbf, 0xff, 0xff, 0xe0,
    0x7f, 0xff, 0xd0, 0x7c, 0x7f, 0xf9, 0xff, 0xfc, 0x79, 0xfb, 0xfe, 0x11, 0x0f, 0xff, 0xbf, 0xff, 0xff, 0xe0,
    0x7f, 0xff, 0xa8, 0x6a, 0x7f, 0xe9, 0xff, 0xfa, 0xeb, 0xf9, 0xfa, 0x11, 0x0f, 0xff, 0xbf, 0xff, 0xff, 0xe0,
    0x7f, 0xff, 0x50, 0x3d, 0x3d, 0xf9, 0xff, 0x7c, 0xfb, 0xfd, 0xee, 0x11, 0x0f, 0xff, 0xff, 0xff, 0xff, 0xe0,
    0x7f, 0xef, 0xa1, 0xba, 0x9b, 0xab, 0xfe, 0xe9, 0xeb, 0xfe, 0xfe, 0x11, 0x0f, 0xff, 0xbf, 0xff, 0xff, 0xe0,
    0x7f, 0xdf, 0x53, 0xdf, 0x4b, 0xf3, 0xfe, 0xfb, 0xd3, 0xff, 0x7e, 0x11, 0x0f, 0xff, 0xbf, 0xff, 0xff, 0xe0,
    0x7f, 0xbe, 0xa7, 0x9e, 0xa7, 0xe3, 0xff, 0xe3, 0xe3, 0xfe, 0x7e, 0x11, 0x1f, 0xff, 0xbf, 0xff, 0xff, 0xe0,
    0x7f, 0xfd, 0x47, 0xff, 0x53, 0xf3, 0xff, 0xe7, 0xf3, 0xff, 0x7e, 0x11, 0x1f, 0xff, 0xff, 0xff, 0xff, 0xe0,
    0x7f, 0xfa, 0x8f, 0xff, 0xa3, 0xa3, 0xff, 0xa7, 0xe3, 0xfe, 0x7e, 0x11, 0x3f, 0xff, 0xbf, 0xff, 0xff, 0xe0,
    0x7f, 0xf5, 0x1f, 0xff, 0xd1, 0xf7, 0xfb, 0xef, 0xfb, 0xfe, 0xfe, 0x11, 0x3f, 0xff, 0xbf, 0xff, 0xff, 0xe0,
    0x7d, 0xea, 0x3f, 0xfb, 0xe8, 0xe7, 0xfb, 0xef, 0xf9, 0xfc, 0xfe, 0x11, 0x7f, 0xfb, 0xff, 0xff, 0xff, 0xe0,
    0x7b, 0xdc, 0x7f, 0xfb, 0xd4, 0xe7, 0xfb, 0xcf, 0xfc, 0xfd, 0xfe, 0x11, 0xff, 0xff, 0xff, 0xff, 0xff, 0xe0,
    0x77, 0xa8, 0xff, 0xfd, 0xe8, 0xaf, 0xff, 0x8f, 0xfe, 0x79, 0xfe, 0x11, 0xff, 0xfb, 0xff, 0xff, 0xff, 0xe0,
    0x7f, 0xf9, 0xff, 0xff, 0xd4, 0x4f, 0xff, 0xcf, 0xfd, 0x7d, 0xfe, 0x17, 0xff, 0xfb, 0xff, 0xff, 0xff, 0xe0,
    0x7e, 0xe3, 0xff, 0xff, 0xe8, 0x4f, 0xff, 0xcf, 0xfe, 0x39, 0xfe, 0x1f, 0xff, 0xfb, 0xff, 0xef, 0xff, 0xe0,
    0x7f, 0xe3, 0xff, 0xff, 0xd4, 0x67, 0xf7, 0xcf, 0xff, 0x39, 0xfe, 0xff, 0xff, 0xff, 0xff, 0xef, 0xff, 0xe0,
    0x3e, 0x87, 0xff, 0xfd, 0xe8, 0x27, 0xf6, 0x9f, 0xfe, 0xbb, 0xfe, 0xff, 0xff, 0xfb, 0xff, 0xef, 0xff, 0xe0,
    0x7f, 0xcf, 0xff, 0xfb, 0xd4, 0x53, 0xf7, 0xdf, 0xff, 0x3b, 0xfe, 0xff, 0xff, 0xfb, 0xff, 0xff, 0xff, 0xe0,
    0x7e, 0x8f, 0xff, 0xfb, 0xa9, 0xe9, 0xfe, 0x9f, 0xfe, 0x7b, 0xfe, 0xff, 0xff, 0xfb, 0xff, 0xef, 0xff, 0xe0,
    0x7f, 0x9f, 0xff, 0xff, 0xd1, 0xfc, 0xff, 0x9f, 0xfc, 0xf9, 0xfe, 0xff, 0xff, 0xff, 0xff, 0xef, 0xf7, 0xe0,
    0x7a, 0x1f, 0xff, 0xff, 0xa3, 0xba, 0x3e, 0x9f, 0xf8, 0xf9, 0xfe, 0xff, 0xff, 0xfb, 0xff, 0xef, 0xef, 0xe0,
    0x7f, 0x1f, 0xff, 0xff, 0x53, 0xdf, 0x0f, 0x9f, 0xfd, 0xfe, 0xfe, 0xff, 0xff, 0xfb, 0xff, 0xff, 0xdf, 0xe0,
    0x6e, 0x3f, 0xff, 0xee, 0xa7, 0xee, 0x8e, 0x9f, 0xf9, 0xfe, 0x7e, 0xff, 0xff, 0xfb, 0xff, 0xef, 0xef, 0xe0,
    0x7f, 0x3f, 0xff, 0xdd, 0xcf, 0xf7, 0x47, 0xdf, 0xf9, 0xff, 0x7e, 0xff, 0xff, 0xff, 0xff, 0xef, 0xf7, 0xe0,
    0x6a, 0x3f, 0xff, 0xbe, 0x8f, 0xff, 0xa3, 0x8f, 0xf9, 0xfe, 0x7e, 0xff, 0xff, 0xfb, 0xff, 0xef, 0xff, 0xe0,
    0x7e, 0x3f, 0xff, 0xff, 0x9f, 0xff, 0xd3, 0xef, 0xfb, 0xff, 0x7e, 0xff, 0xff, 0xfb, 0xff, 0xff, 0xff, 0xe0,
    0x6e, 0x3f, 0xff, 0xfa, 0x3f, 0xff, 0xa1, 0xe7, 0xeb, 0xfe, 0xfe, 0xff, 0xff, 0xfb, 0xff, 0xef, 0xff, 0xe0,
    0x7e, 0x3f, 0xff, 0xff, 0x3f, 0xfb, 0xd0, 0xf3, 0xfb, 0xfc, 0xfe, 0xff, 0xff, 0xff, 0xff, 0xef, 0xff, 0xe0,
    0x6a, 0x3f, 0xfe, 0xea, 0x7f, 0xfb, 0xa3, 0x69, 0xe3, 0xf9, 0xfe, 0xff, 0xff, 0xfb, 0xff, 0xef, 0xff, 0xe0,
    0x7e, 0x7f, 0xfd, 0xfc, 0x7f, 0xf7, 0x47, 0x74, 0xf3, 0xfd, 0xfe, 0xff, 0xff, 0xfb, 0xff, 0xff, 0xff, 0xe0,
    0x6e, 0x7f, 0xfd, 0xec, 0xff, 0xfe, 0x8f, 0xfa, 0x63, 0xfd, 0xfe, 0xff, 0xff, 0xfb, 0xff, 0xff, 0xff, 0xe0,
    0x7e, 0x7f, 0xff, 0xf8, 0xff, 0xfd, 0x9f, 0xfc, 0x73, 0xf9, 0xfe, 0xff, 0xff, 0xff, 0xff, 0xff, 0xff, 0xe0,
    0x68, 0x7f, 0xff, 0xa9, 0xff, 0xfa, 0x3e, 0xfa, 0x6b, 0xf9, 0xfe, 0xff, 0xff, 0xfb, 0xff, 0xff, 0xff, 0xe0,
    0x00, 0x00, 0x00, 0x00, 0x00, 0x00, 0x00, 0x00, 0x00, 0x00, 0x00, 0x00, 0x00, 0x00, 0x00, 0x00, 0x00, 0x00,
};

static const lv_img_dsc_t waves6 = {
    .header.cf = LV_IMG_CF_INDEXED_1BIT,
    .header.always_zero = 0,
    .header.reserved = 0,
    .header.w = 140,
    .header.h = 68,
    .data_size = 1232,
    .data = waves6_map,
};

static const LV_ATTRIBUTE_MEM_ALIGN LV_ATTRIBUTE_LARGE_CONST uint8_t waves7_map[] = {
#if CONFIG_NICE_VIEW_WIDGET_INVERTED
    0xff, 0xff, 0xff, 0xff, /*Color of index 0*/
    0x00, 0x00, 0x00, 0xff, /*Color of index 1*/
#else
    0x00, 0x00, 0x00, 0xff, /*Color of index 0*/
    0xff, 0xff, 0xff, 0xff, /*Color of index 1*/
#endif
    0x00, 0x00, 0x00, 0x00, 0x00, 0x00, 0x00, 0x00, 0x00, 0x00, 0x00, 0x00, 0x00, 0x00, 0x00, 0x00, 0x00, 0x00,
    0x7e, 0x7f, 0xfb, 0xf8, 0xfe, 0xfc, 0xff, 0xdd, 0x3c, 0xfb, 0xfe, 0xff, 0xff, 0xff, 0xff, 0xff, 0xff, 0xe0,
    0x68, 0x7f, 0xfb, 0xa9, 0xfd, 0xe9, 0xff, 0xba, 0x5e, 0x7b, 0xfe, 0xff, 0xff, 0xff, 0xff, 0xff, 0xff, 0xe0,
    0x7c, 0x7f, 0xff, 0xf9, 0xff, 0xf9, 0xff, 0xf4, 0xff, 0x3d, 0xfe, 0xff, 0xff, 0xff, 0xff, 0xff, 0xff, 0xe0,
    0x6c, 0xff, 0xff, 0xe1, 0xff, 0xe9, 0xff, 0xf8, 0xfe, 0xbe, 0xfe, 0xff, 0xff, 0xff, 0xff, 0xff, 0xff, 0xe0,
    0x7c, 0xff, 0xff, 0xf3, 0xff, 0xfb, 0xff, 0xf9, 0xef, 0x3e, 0x7e, 0xff, 0xff, 0xff, 0xff, 0xff, 0xff, 0xe0,
    0x28, 0xff, 0xf7, 0xa3, 0xfb, 0xa3, 0xfe, 0xeb, 0xfe, 0x3e, 0x7e, 0xff, 0xff, 0xff, 0xff, 0xff, 0xff, 0xe0,
    0x79, 0xff, 0xf7, 0xf3, 0xfb, 0xf3, 0xfd, 0xf3, 0xfd, 0x7f, 0x7e, 0xff, 0xff, 0xff, 0xff, 0xff, 0xff, 0xe0,
    0x69, 0xff, 0xef, 0xe3, 0xfb, 0xe3, 0xfd, 0xe7, 0xfe, 0x7e, 0x7e, 0xff, 0xff, 0xff, 0xfb, 0xff, 0xff, 0xe0,
    0x71, 0xff, 0xff, 0xf3, 0xff, 0xf3, 0xff, 0xe7, 0xfc, 0xfe, 0x7e, 0xff, 0xff, 0xff, 0xff, 0xff, 0xff, 0xe0,
    0x21, 0xff, 0xff, 0xa3, 0xff, 0xa3, 0xff, 0xaf, 0xf9, 0xfe, 0xfe, 0xff, 0xff, 0xff, 0xfb, 0xff, 0xff, 0xe0,
    0x73, 0xff, 0xff, 0xe3, 0xff, 0xe7, 0xff, 0xef, 0xf9, 0xfd, 0xfe, 0xff, 0xff, 0xff, 0xfb, 0xff, 0xff, 0xe0,
    0x63, 0xff, 0xef, 0xe3, 0xf7, 0xe7, 0xfb, 0xcf, 0xf9, 0xfd, 0xfe, 0xff, 0xff, 0xff, 0xfb, 0xff, 0xff, 0xe0,
    0x73, 0xff, 0xef, 0xe7, 0xef, 0xef, 0xfb, 0xcf, 0xf9, 0xfd, 0xfe, 0xff, 0xff, 0xff, 0xff, 0xff, 0xff, 0xe0,
    0x23, 0xff, 0xee, 0xa7, 0xee, 0x8f, 0xf7, 0x8f, 0xeb, 0xf9, 0xfe, 0xff, 0xff, 0xff, 0xbb, 0xff, 0xff, 0xe0,
    0x73, 0xff, 0xff, 0xe7, 0xff, 0xcf, 0xff, 0xcf, 0xfb, 0xf9, 0xfe, 0xff, 0xff, 0xff, 0xbb, 0xff, 0xff, 0xe0,
    0x63, 0xff, 0xfe, 0xe7, 0xff, 0xe7, 0xff, 0xcf, 0xeb, 0xfb, 0xfe, 0xff, 0xff, 0xff, 0xbb, 0xff, 0xff, 0xe0,
    0x71, 0xff, 0xff, 0xe7, 0xff, 0xe7, 0xff, 0xcf, 0xf3, 0xfb, 0xfe, 0xff, 0xff, 0xff, 0xff, 0xff, 0xff, 0xe0,
    0x29, 0xff, 0xde, 0x87, 0xfb, 0xa3, 0xf6, 0x9f, 0xe3, 0xfb, 0xfe, 0xff, 0xff, 0xff, 0xbb, 0xff, 0xff, 0xe0,
    0x78, 0xff, 0xdf, 0xcf, 0xfd, 0xf9, 0xf7, 0x9f, 0xf3, 0xfb, 0xfe, 0xff, 0xff, 0xff, 0xbb, 0xfe, 0xff, 0xe0,
    0x6c, 0xff, 0xde, 0xcf, 0xfe, 0xec, 0xee, 0x9f, 0xe3, 0xfd, 0xfe, 0x1f, 0xff, 0xff, 0xbb, 0xfe, 0xff, 0xe0,
    0x7e, 0x7f, 0xff, 0xcf, 0xff, 0xff, 0x3f, 0x9f, 0xfb, 0xfe, 0xfe, 0x17, 0xff, 0xff, 0xff, 0xfd, 0xff, 0xe0,
    0x6a, 0x3f, 0xfe, 0x8f, 0xff, 0xfe, 0x9e, 0x9f, 0xf9, 0xfe, 0x7e, 0x11, 0xff, 0xff, 0xbb, 0xfe, 0xff, 0xe0,
    0x7f, 0x9f, 0xff, 0x9f, 0xff, 0xff, 0x4f, 0x9f, 0xfc, 0xff, 0x7e, 0x11, 0xff, 0xff, 0xbb, 0xfe, 0xff, 0xe0,
    0x7e, 0xcf, 0xbe, 0x9f, 0xff, 0xf7, 0xa6, 0xdf, 0xfa, 0xfe, 0x7e, 0x11, 0x7f, 0xff, 0xbb, 0xff, 0xff, 0xe0,
    0x3f, 0xe7, 0xbf, 0x9f, 0xff, 0xfb, 0xd3, 0xcf, 0xfd, 0x7f, 0x7e, 0x11, 0x3f, 0xff, 0xff, 0xff, 0xff, 0xe0,
    0x6f, 0xa1, 0x7a, 0x9f, 0xff, 0xfb, 0xa3, 0xaf, 0xfe, 0x3e, 0x7e, 0x11, 0x3f, 0xff, 0xbb, 0xff, 0xff, 0xe0,
    0x7f, 0xf8, 0xff, 0x9f, 0xff, 0xff, 0xd1, 0xf7, 0xff, 0x3e, 0xfe, 0x11, 0x1f, 0xff, 0xbb, 0xff, 0xff, 0xe0,
    0x7f, 0xea, 0x7e, 0x9f, 0xff, 0xff, 0xa0, 0xe3, 0xfe, 0xbd, 0xfe, 0x11, 0x1f, 0xff, 0xbb, 0xff, 0xff, 0xe0,
    0x7f, 0xfd, 0x3f, 0x9f, 0xff, 0xff, 0xd3, 0xf9, 0xff, 0x3d, 0xfe, 0x11, 0x0f, 0xff, 0xff, 0xff, 0xff, 0xe0,
    0x7e, 0xfa, 0x9a, 0x9f, 0xff, 0xf7, 0xa7, 0x78, 0xfe, 0x79, 0xfe, 0x11, 0x0f, 0xff, 0xbb, 0xff, 0xff, 0xe0,
    0x7f, 0x7d, 0x4f, 0x9f, 0xff, 0xef, 0x4f, 0x3c, 0x7e, 0xfd, 0xfe, 0x11, 0x0f, 0xff, 0xbb, 0xff, 0xff, 0xe0,
    0x7f, 0xbe, 0xa6, 0xcf, 0xff, 0xde, 0x9f, 0xda, 0x7c, 0xf9, 0xbe, 0x11, 0x0f, 0xff, 0xbb, 0xff, 0xff, 0xe0,
    0x7f, 0xff, 0x53, 0xcf, 0xff, 0xff, 0x3f, 0xfd, 0x7d, 0xfb, 0xea, 0x11, 0x0f, 0xff, 0xff, 0xff, 0xff, 0xe0,
    0x7f, 0xff, 0xa0, 0x87, 0xff, 0xfa, 0x7f, 0xfa, 0x79, 0xfb, 0xfe, 0x11, 0x07, 0xff, 0xbf, 0xff, 0xff, 0xe0,
    0x7f, 0xff, 0x51, 0xe7, 0xff, 0xfc, 0xff, 0xfd, 0x39, 0xfb, 0xfe, 0x11, 0x0f, 0xff, 0xbf, 0xff, 0xff, 0xe0,
    0x7f, 0xf7, 0xa8, 0xe3, 0xfd, 0xe9, 0xff, 0xba, 0x59, 0xfb, 0xfe, 0x11, 0x0f, 0xff, 0xbf, 0xff, 0xff, 0xe0,
    0x7f, 0xf7, 0xd0, 0x71, 0xfd, 0xf9, 0xff, 0xb4, 0xfb, 0xfd, 0xfe, 0x11, 0x0f, 0xff, 0xff, 0xff, 0xff, 0xe0,
    0x7f, 0xf7, 0xa8, 0x29, 0xfd, 0xe9, 0xff, 0x78, 0xeb, 0xfe, 0xfe, 0x11, 0x0f, 0xff, 0xbf, 0xff, 0xff, 0xe0,
    0x7f, 0xff, 0xd0, 0x7c, 0xff, 0xfb, 0xff, 0xf1, 0xeb, 0xfe, 0x7e, 0x11, 0x0f, 0xff, 0xbf, 0xff, 0xff, 0xe0,
    0x7f, 0xff, 0xa8, 0x2a, 0x7f, 0xe3, 0xff, 0xeb, 0xe3, 0xfe, 0x7e, 0x11, 0x1f, 0xff, 0xbf, 0xff, 0xff, 0xe0,
    0x7f, 0xff, 0x50, 0x7f, 0x3f, 0xf3, 0xff, 0xf3, 0xf3, 0xff, 0x7e, 0x11, 0x1f, 0xff, 0xff, 0xff, 0xff, 0xe0,
    0x7f, 0xef, 0xa1, 0xba, 0x9b, 0xa3, 0xfd, 0xa7, 0xe3, 0xfe, 0x7e, 0x11, 0x3f, 0xff, 0xbf, 0xff, 0xff, 0xe0,
    0x7f, 0xdf, 0x53, 0xbf, 0x4b, 0xf3, 0xfb, 0xe7, 0xf3, 0xfe, 0x7e, 0x11, 0x3f, 0xff, 0xbf, 0xff, 0xff, 0xe0,
    0x7f, 0xde, 0xa3, 0xde, 0xa3, 0xe3, 0xfb, 0xef, 0xeb, 0xfe, 0xfe, 0x11, 0x7f, 0xfb, 0xff, 0xff, 0xff, 0xe0,
    0x7f, 0xfd, 0x47, 0xff, 0x43, 0xe7, 0xff, 0xef, 0xfd, 0xfd, 0xfe, 0x11, 0xff, 0xff, 0xff, 0xff, 0xff, 0xe0,
    0x7f, 0xfa, 0x8f, 0xff, 0xa3, 0xa7, 0xff, 0x8f, 0xf8, 0xf9, 0xfe, 0x11, 0xff, 0xfb, 0xff, 0xff, 0xff, 0xe0,
    0x7f, 0xf5, 0x1f, 0xff, 0xd1, 0xef, 0xff, 0xcf, 0xfe, 0x7d, 0xfe, 0x17, 0xff, 0xfb, 0xff, 0xff, 0xff, 0xe0,
    0x7d, 0xea, 0x3f, 0xfb, 0xa8, 0xcf, 0xf7, 0xcf, 0xfe, 0x3d, 0xfe, 0x1f, 0xff, 0xfb, 0xff, 0xef, 0xff, 0xe0,
    0x7b, 0xdc, 0x7f, 0xfb, 0xd4, 0xcf, 0xf7, 0xcf, 0xff, 0x39, 0xfe, 0xff, 0xff, 0xff, 0xff, 0xef, 0xff, 0xe0,
    0x77, 0xa8, 0xff, 0xfd, 0xe8, 0xa7, 0xf7, 0x8f, 0xfe, 0xbb, 0xfe, 0xff, 0xff, 0xfb, 0xff, 0xef, 0xff, 0xe0,
    0x7f, 0xf9, 0xff, 0xff, 0xd4, 0x67, 0xff, 0xcf, 0xff, 0x3b, 0xfe, 0xff, 0xff, 0xfb, 0xff, 0xff, 0xff, 0xe0,
    0x7e, 0xa3, 0xff, 0xff, 0xe8, 0x63, 0xfe, 0xdf, 0xfe, 0x7b, 0xfe, 0xff, 0xff, 0xfb, 0xff, 0xef, 0xff, 0xe0,
    0x7f, 0xe3, 0xff, 0xff, 0xd4, 0x79, 0xff, 0x9f, 0xfc, 0x7b, 0xfe, 0xff, 0xff, 0xff, 0xff, 0xef, 0xf7, 0xe0,
    0x3e, 0xa7, 0xff, 0xfd, 0xe8, 0x28, 0xee, 0x9f, 0xfa, 0xf9, 0xfe, 0xff, 0xff, 0xfb, 0xff, 0xef, 0xef, 0xe0,
    0x7f, 0xcf, 0xff, 0xfb, 0xd4, 0x3f, 0x2f, 0x9f, 0xfd, 0xfe, 0xfe, 0xff, 0xff, 0xfb, 0xff, 0xff, 0xdf, 0xe0,
    0x7e, 0x8f, 0xff, 0xfb, 0xe8, 0xde, 0x8e, 0x9f, 0xfd, 0xfe, 0x7e, 0xff, 0xff, 0xfb, 0xff, 0xef, 0xef, 0xe0,
    0x7f, 0x9f, 0xff, 0xff, 0xd1, 0xdf, 0xcf, 0x9f, 0xf9, 0xff, 0x7e, 0xff, 0xff, 0xff, 0xff, 0xef, 0xf7, 0xe0,
    0x7a, 0x9f, 0xff, 0xff, 0xa1, 0xff, 0xa6, 0x9f, 0xf9, 0xfe, 0x7e, 0xff, 0xff, 0xfb, 0xff, 0xef, 0xff, 0xe0,
    0x7f, 0x1f, 0xff, 0xff, 0x53, 0xff, 0xd3, 0xcf, 0xf9, 0xff, 0x7e, 0xff, 0xff, 0xfb, 0xff, 0xff, 0xff, 0xe0,
    0x6e, 0x3f, 0xff, 0xee, 0xa7, 0xfb, 0xa3, 0xef, 0xeb, 0xfe, 0x7e, 0xff, 0xff, 0xfb, 0xff, 0xef, 0xff, 0xe0,
    0x7f, 0x3f, 0xff, 0xdf, 0xc7, 0xfb, 0xd1, 0xf7, 0xfb, 0xfc, 0xfe, 0xff, 0xff, 0xff, 0xff, 0xef, 0xff, 0xe0,
    0x6a, 0x3f, 0xff, 0xbe, 0x8f, 0xfb, 0xa0, 0xe3, 0xeb, 0xf9, 0xfe, 0xff, 0xff, 0xfb, 0xff, 0xef, 0xff, 0xe0,
    0x7e, 0x3f, 0xff, 0xff, 0x9f, 0xff, 0xd3, 0xf1, 0xf3, 0xfd, 0xfe, 0xff, 0xff, 0xfb, 0xff, 0xff, 0xff, 0xe0,
    0x6e, 0x3f, 0xff, 0xfa, 0x1f, 0xff, 0xa7, 0xf8, 0xe3, 0xfd, 0xfe, 0xff, 0xff, 0xfb, 0xff, 0xff, 0xff, 0xe0,
    0x7e, 0x3f, 0xff, 0xff, 0x3f, 0xff, 0xcf, 0x7c, 0x73, 0xfd, 0xfe, 0xff, 0xff, 0xff, 0xff, 0xff, 0xff, 0xe0,
    0x6a, 0x3f, 0xfe, 0xea, 0x7f, 0xde, 0x9f, 0xda, 0x6b, 0xf9, 0xfe, 0xff, 0xff, 0xfb, 0xff, 0xff, 0xff, 0xe0,
    0x00, 0x00, 0x00, 0x00, 0x00, 0x00, 0x00, 0x00, 0x00, 0x00, 0x00, 0x00, 0x00, 0x00, 0x00, 0x00, 0x00, 0x00,
};

static const lv_img_dsc_t waves7 = {
    .header.cf = LV_IMG_CF_INDEXED_1BIT,
    .header.always_zero = 0,
    .header.reserved = 0,
    .header.w = 140,
    .header.h = 68,
    .data_size = 1232,
    .data = waves7_map,
};

static const LV_ATTRIBUTE_MEM_ALIGN LV_ATTRIBUTE_LARGE_CONST uint8_t waves8_map[] = {
#if CONFIG_NICE_VIEW_WIDGET_INVERTED
    0xff, 0xff, 0xff, 0xff, /*Color of index 0*/
    0x00, 0x00, 0x00, 0xff, /*Color of index 1*/
#else
    0x00, 0x00, 0x00, 0xff, /*Color of index 0*/
    0xff, 0xff, 0xff, 0xff, /*Color of index 1*/
#endif
    0x00, 0x00, 0x00, 0x00, 0x00, 0x00, 0x00, 0x00, 0x00, 0x00, 0x00, 0x00, 0x00, 0x00, 0x00, 0x00, 0x00, 0x00,
    0x7e, 0x3f, 0xff, 0xff, 0x3f, 0x7e, 0x7f, 0xdd, 0x7c, 0xfb, 0xfe, 0xff, 0xff, 0xff, 0xff, 0xff, 0xff, 0xe0,
    0x6a, 0x3f, 0xff, 0xea, 0x7f, 0xe8, 0xff, 0xfa, 0x3a, 0xfb, 0xfe, 0xff, 0xff, 0xff, 0xff, 0xff, 0xff, 0xe0,
    0x7e, 0x7f, 0xff, 0xfe, 0x7f, 0xf9, 0xff, 0xfc, 0x7d, 0x79, 0xfe, 0xff, 0xff, 0xff, 0xff, 0xff, 0xff, 0xe0,
    0x6e, 0x7f, 0xfd, 0xec, 0xff, 0xe9, 0xff, 0xfa, 0xee, 0x3d, 0xfe, 0xff, 0xff, 0xff, 0xff, 0xff, 0xff, 0xe0,
    0x7e, 0x7f, 0xfb, 0xfc, 0xfd, 0xf9, 0xff, 0x7c, 0xff, 0x3c, 0xfe, 0xff, 0xff, 0xff, 0xff, 0xff, 0xff, 0xe0,
    0x68, 0x7f, 0xfb, 0xa9, 0xfd, 0xe9, 0xff, 0x69, 0xfe, 0xbe, 0x7e, 0xff, 0xff, 0xff, 0xff, 0xff, 0xff, 0xe0,
    0x7c, 0x7f, 0xff, 0xf9, 0xfb, 0xf3, 0xfe, 0xfb, 0xdf, 0x3f, 0x7e, 0xff, 0xff, 0xff, 0xff, 0xff, 0xff, 0xe0,
    0x6c, 0xff, 0xff, 0xe1, 0xff, 0xe3, 0xff, 0xe3, 0xfe, 0x7e, 0x7e, 0xff, 0xff, 0xff, 0xfb, 0xff, 0xff, 0xe0,
    0x7c, 0xff, 0xff, 0xf3, 0xff, 0xf3, 0xff, 0xf7, 0xfc, 0xff, 0x7e, 0xff, 0xff, 0xff, 0xff, 0xff, 0xff, 0xe0,
    0x28, 0xff, 0xf7, 0xa3, 0xff, 0xa3, 0xff, 0xa7, 0xf8, 0xfe, 0xfe, 0xff, 0xff, 0xff, 0xfb, 0xff, 0xff, 0xe0,
    0x78, 0xff, 0xf7, 0xf3, 0xfb, 0xf3, 0xfb, 0xe7, 0xfd, 0xfc, 0xfe, 0xff, 0xff, 0xff, 0xfb, 0xff, 0xff, 0xe0,
    0x69, 0xff, 0xef, 0xe3, 0xf7, 0xe7, 0xfb, 0xef, 0xf9, 0xfd, 0xfe, 0xff, 0xff, 0xff, 0xfb, 0xff, 0xff, 0xe0,
    0x71, 0xff, 0xff, 0xf3, 0xf7, 0xe7, 0xfb, 0xcf, 0xf9, 0xfd, 0xfe, 0xff, 0xff, 0xff, 0xff, 0xff, 0xff, 0xe0,
    0x21, 0xff, 0xff, 0xa3, 0xff, 0xa7, 0xff, 0x8f, 0xf9, 0xf9, 0xfe, 0xff, 0xff, 0xff, 0xbb, 0xff, 0xff, 0xe0,
    0x73, 0xff, 0xff, 0xe3, 0xff, 0xcf, 0xff, 0xcf, 0xfb, 0xf9, 0xfe, 0xff, 0xff, 0xff, 0xbb, 0xff, 0xff, 0xe0,
    0x63, 0xff, 0xef, 0xe3, 0xfe, 0xcf, 0xff, 0xcf, 0xeb, 0xf9, 0xfe, 0xff, 0xff, 0xff, 0xbb, 0xff, 0xff, 0xe0,
    0x73, 0xff, 0xef, 0xe7, 0xf7, 0xe7, 0xf7, 0xcf, 0xfb, 0xfb, 0xfe, 0xff, 0xff, 0xff, 0xff, 0xff, 0xff, 0xe0,
    0x23, 0xff, 0xee, 0xa7, 0xf7, 0xa7, 0xf7, 0x8f, 0xe3, 0xfb, 0xfe, 0xff, 0xff, 0xff, 0xbb, 0xff, 0xff, 0xe0,
    0x73, 0xff, 0xff, 0xe7, 0xfb, 0xf3, 0xf7, 0xdf, 0xf3, 0xfb, 0xfe, 0xff, 0xff, 0xff, 0xbb, 0xfe, 0xff, 0xe0,
    0x63, 0xff, 0xfe, 0xe7, 0xff, 0xe9, 0xfe, 0x9f, 0xe3, 0xf9, 0xfe, 0x1f, 0xff, 0xff, 0xbb, 0xfe, 0xff, 0xe0,
    0x71, 0xff, 0xff, 0xe7, 0xff, 0xfc, 0xff, 0x9f, 0xf3, 0xfd, 0xfe, 0x17, 0xff, 0xff, 0xff, 0xfd, 0xff, 0xe0,
    0x29, 0xff, 0xde, 0xa7, 0xff, 0xfa, 0x7e, 0x9f, 0xeb, 0xfe, 0xfe, 0x11, 0xff, 0xff, 0xbb, 0xfe, 0xff, 0xe0,
    0x78, 0xff, 0xdf, 0xcf, 0xff, 0xdf, 0x0f, 0x9f, 0xfd, 0xff, 0x7e, 0x11, 0xff, 0xff, 0xbb, 0xfe, 0xff, 0xe0,
    0x6c, 0xff, 0xde, 0xcf, 0xff, 0xee, 0x8e, 0x9f, 0xf8, 0xfe, 0x7e, 0x11, 0x7f, 0xff, 0xbb, 0xff, 0xff, 0xe0,
    0x7e, 0x7f, 0xff, 0xcf, 0xff, 0xf7, 0x47, 0xdf, 0xfc, 0x7f, 0x7e, 0x11, 0x3f, 0xff, 0xff, 0xff, 0xff, 0xe0,
    0x6a, 0x3f, 0xfe, 0x8f, 0xff, 0xff, 0xa3, 0x8f, 0xfe, 0x3e, 0x7e, 0x11, 0x3f, 0xff, 0xbb, 0xff, 0xff, 0xe0,
    0x7f, 0x1f, 0xff, 0x8f, 0xff, 0xff, 0xd3, 0xef, 0xff, 0x3e, 0xbe, 0x11, 0x1f, 0xff, 0xbb, 0xff, 0xff, 0xe0,
    0x7e, 0xcf, 0xbe, 0x9f, 0xff, 0xff, 0xa1, 0xe7, 0xfe, 0xbc, 0xee, 0x11, 0x1f, 0xff, 0xbb, 0xff, 0xff, 0xe0,
    0x3f, 0xe7, 0xbf, 0x9f, 0xff, 0xfb, 0xd0, 0xf3, 0xff, 0x3d, 0xfe, 0x11, 0x0f, 0xff, 0xff, 0xff, 0xff, 0xe0,
    0x5e, 0xa3, 0xba, 0x9f, 0xff, 0xfb, 0xa0, 0xe9, 0xfe, 0x79, 0xfe, 0x11, 0x0f, 0xff, 0xbb, 0xff, 0xff, 0xe0,
    0x7f, 0xf9, 0xff, 0x9f, 0xff, 0xf7, 0x47, 0x74, 0xfc, 0x7d, 0xfe, 0x11, 0x0f, 0xff, 0xbb, 0xff, 0xff, 0xe0,
    0x7f, 0xe8, 0x7e, 0x9f, 0xff, 0xfe, 0x8f, 0xfa, 0x7a, 0xf9, 0xfe, 0x11, 0x0f, 0xff, 0xbb, 0xff, 0xff, 0xe0,
    0x7f, 0xfc, 0x3f, 0x9f, 0xff, 0xfd, 0x9f, 0xfc, 0x7d, 0xf9, 0xfe, 0x11, 0x0f, 0xff, 0xff, 0xff, 0xff, 0xe0,
    0x7e, 0xfa, 0x9a, 0x9f, 0xff, 0xfa, 0x3e, 0xfa, 0x79, 0xfb, 0xfe, 0x11, 0x07, 0xff, 0xbf, 0xff, 0xff, 0xe0,
    0x7f, 0x7d, 0x4f, 0x9f, 0xff, 0x7e, 0x7f, 0xdd, 0x79, 0xfb, 0xfa, 0x11, 0x0f, 0xff, 0xbf, 0xff, 0xff, 0xe0,
    0x7f, 0xbe, 0xa6, 0x8f, 0xfe, 0xec, 0xff, 0xda, 0x39, 0xfb, 0xfe, 0x11, 0x0f, 0xff, 0xbf, 0xff, 0xff, 0xe0,
    0x7f, 0xff, 0x43, 0xcf, 0xfd, 0xf9, 0xff, 0xbc, 0x79, 0xf9, 0xfe, 0x11, 0x0f, 0xff, 0xff, 0xff, 0xff, 0xe0,
    0x7f, 0xff, 0xa0, 0x87, 0xff, 0xe9, 0xff, 0xfa, 0xeb, 0xf9, 0xfe, 0x11, 0x0f, 0xff, 0xbf, 0xff, 0xff, 0xe0,
    0x7f, 0xff, 0x51, 0xe7, 0xff, 0xf9, 0xff, 0xf4, 0xfb, 0xfe, 0xfe, 0x11, 0x0f, 0xff, 0xbf, 0xff, 0xff, 0xe0,
    0x7f, 0xf7, 0xa8, 0xe3, 0xff, 0xe9, 0xff, 0xe9, 0xeb, 0xfe, 0x7e, 0x11, 0x1f, 0xff, 0xbf, 0xff, 0xff, 0xe0,
    0x7f, 0xf7, 0xd0, 0x73, 0xfb, 0xf3, 0xfe, 0xdb, 0xd3, 0xff, 0x7e, 0x11, 0x1f, 0xff, 0xff, 0xff, 0xff, 0xe0,
    0x7f, 0xf7, 0xa8, 0x29, 0xfb, 0xa3, 0xfd, 0xe3, 0xe3, 0xfe, 0x7e, 0x11, 0x3f, 0xff, 0xbf, 0xff, 0xff, 0xe0,
    0x7f, 0xff, 0xd0, 0x7c, 0xfb, 0xf3, 0xfd, 0xf7, 0xf3, 0xff, 0x7e, 0x11, 0x3f, 0xff, 0xbf, 0xff, 0xff, 0xe0,
    0x7f, 0xff, 0xa8, 0x6e, 0x7f, 0xe3, 0xff, 0xe7, 0xeb, 0xfe, 0xfe, 0x11, 0x7f, 0xfb, 0xff, 0xff, 0xff, 0xe0,
    0x7f, 0xff, 0x50, 0x7f, 0x3f, 0xf3, 0xff, 0xe7, 0xf9, 0xfc, 0xfe, 0x11, 0xff, 0xff, 0xff, 0xff, 0xff, 0xe0,
    0x7f, 0xef, 0xa8, 0x3a, 0x9f, 0xa7, 0xff, 0xaf, 0xf9, 0xf9, 0xfe, 0x11, 0xff, 0xfb, 0xff, 0xff, 0xff, 0xe0,
    0x7f, 0xdf, 0x53, 0xbf, 0x07, 0xe7, 0xfb, 0xcf, 0xfe, 0xfd, 0xfe, 0x17, 0xff, 0xfb, 0xff, 0xff, 0xff, 0xe0,
    0x7f, 0xde, 0xa3, 0xde, 0x87, 0xe7, 0xfb, 0xcf, 0xfe, 0x7d, 0xfe, 0x1f, 0xff, 0xfb, 0xff, 0xef, 0xff, 0xe0,
    0x7f, 0xfd, 0x47, 0xbf, 0xc7, 0xcf, 0xf7, 0xcf, 0xff, 0x39, 0xfe, 0xff, 0xff, 0xff, 0xff, 0xef, 0xff, 0xe0,
    0x7f, 0xfa, 0x8f, 0xff, 0xa2, 0x8f, 0xff, 0x8f, 0xfe, 0xb9, 0xfe, 0xff, 0xff, 0xfb, 0xff, 0xef, 0xff, 0xe0,
    0x7f, 0xf5, 0x1f, 0xff, 0xd1, 0xe7, 0xff, 0xcf, 0xff, 0x3b, 0xfe, 0xff, 0xff, 0xfb, 0xff, 0xff, 0xff, 0xe0,
    0x7d, 0xea, 0x3f, 0xfb, 0xa9, 0xe7, 0xff, 0xcf, 0xfe, 0x3b, 0xfe, 0xff, 0xff, 0xfb, 0xff, 0xef, 0xff, 0xe0,
    0x7b, 0xdc, 0x7f, 0xfb, 0xd4, 0xf3, 0xf7, 0xdf, 0xfd, 0x7b, 0xfe, 0xff, 0xff, 0xff, 0xff, 0xef, 0xf7, 0xe0,
    0x77, 0xa8, 0xff, 0xfd, 0xe8, 0xe9, 0xf6, 0x9f, 0xfe, 0x79, 0xfe, 0xff, 0xff, 0xfb, 0xff, 0xef, 0xef, 0xe0,
    0x7f, 0xf8, 0xff, 0xff, 0xd4, 0xfc, 0xef, 0x9f, 0xfc, 0xfd, 0xfe, 0xff, 0xff, 0xfb, 0xff, 0xff, 0xdf, 0xe0,
    0x7f, 0xa1, 0xff, 0xff, 0xe8, 0x7a, 0x7e, 0x9f, 0xfd, 0xfe, 0xfe, 0xff, 0xff, 0xfb, 0xff, 0xef, 0xef, 0xe0,
    0x7f, 0xe3, 0xff, 0xff, 0xd4, 0x7d, 0x9f, 0x9f, 0xf9, 0xff, 0x7e, 0xff, 0xff, 0xff, 0xff, 0xef, 0xf7, 0xe0,
    0x3e, 0xa7, 0xff, 0xfd, 0xe8, 0x7e, 0x8e, 0x9f, 0xf9, 0xfe, 0x7e, 0xff, 0xff, 0xfb, 0xff, 0xef, 0xff, 0xe0,
    0x3f, 0xc7, 0xff, 0xfd, 0xd4, 0x77, 0x47, 0xdf, 0xf9, 0xff, 0x7e, 0xff, 0xff, 0xfb, 0xff, 0xff, 0xff, 0xe0,
    0x7e, 0xcf, 0xff, 0xfb, 0xe8, 0xdb, 0xa3, 0xcf, 0xf9, 0xfe, 0x7e, 0xff, 0xff, 0xfb, 0xff, 0xef, 0xff, 0xe0,
    0x7f, 0x9f, 0xff, 0xff, 0xd1, 0xfb, 0xd3, 0xef, 0xfb, 0xfc, 0xfe, 0xff, 0xff, 0xff, 0xff, 0xef, 0xff, 0xe0,
    0x7a, 0x9f, 0xff, 0xff, 0xa1, 0xff, 0xa1, 0xa7, 0xeb, 0xfc, 0xfe, 0xff, 0xff, 0xfb, 0xff, 0xef, 0xff, 0xe0,
    0x7f, 0x1f, 0xff, 0xff, 0x53, 0xbf, 0xd1, 0xf3, 0xfb, 0xfd, 0xfe, 0xff, 0xff, 0xfb, 0xff, 0xff, 0xff, 0xe0,
    0x6e, 0x3f, 0xff, 0xee, 0xa7, 0xff, 0xa1, 0xe9, 0xe3, 0xfd, 0xfe, 0xff, 0xff, 0xfb, 0xff, 0xff, 0xff, 0xe0,
    0x7f, 0x3f, 0xff, 0xdf, 0xc7, 0xf7, 0x47, 0x7c, 0xf3, 0xfd, 0xfe, 0xff, 0xff, 0xff, 0xff, 0xff, 0xff, 0xe0,
    0x6a, 0x3f, 0xff, 0xde, 0x8f, 0xee, 0x8f, 0xba, 0x63, 0xf9, 0xfe, 0xff, 0xff, 0xfb, 0xff, 0xff, 0xff, 0xe0,
    0x00, 0x00, 0x00, 0x00, 0x00, 0x00, 0x00, 0x00, 0x00, 0x00, 0x00, 0x00, 0x00, 0x00, 0x00, 0x00, 0x00, 0x00,
};

static const lv_img_dsc_t waves8 = {
    .header.cf = LV_IMG_CF_INDEXED_1BIT,
    .header.always_zero = 0,
    .header.reserved = 0,
    .header.w = 140,
    .header.h = 68,
    .data_size = 1232,
    .data = waves8_map,
};

static const LV_ATTRIBUTE_MEM_ALIGN LV_ATTRIBUTE_LARGE_CONST uint8_t waves9_map[] = {
#if CONFIG_NICE_VIEW_WIDGET_INVERTED
    0xff, 0xff, 0xff, 0xff, /*Color of index 0*/
    0x00, 0x00, 0x00, 0xff, /*Color of index 1*/
#else
    0x00, 0x00, 0x00, 0xff, /*Color of index 0*/
    0xff, 0xff, 0xff, 0xff, /*Color of index 1*/
#endif
    0x00, 0x00, 0x00, 0x00, 0x00, 0x00, 0x00, 0x00, 0x00, 0x00, 0x00, 0x00, 0x00, 0x00, 0x00, 0x00, 0x00, 0x00,
    0x7f, 0x3f, 0xff, 0xff, 0xc7, 0xfd, 0x3f, 0xfd, 0x7d, 0xfb, 0xfe, 0xff, 0xff, 0xff, 0xff, 0xff, 0xff, 0xe0,
    0x6a, 0x3f, 0xff, 0xde, 0x8f, 0xfa, 0x7f, 0xfa, 0x78, 0xfb, 0xfe, 0xff, 0xff, 0xff, 0xff, 0xff, 0xff, 0xe0,
    0x7f, 0x3f, 0xff, 0xbf, 0x0f, 0xfc, 0xff, 0xfd, 0x3e, 0x7b, 0xfe, 0xff, 0xff, 0xff, 0xff, 0xff, 0xff, 0xe0,
    0x6e, 0x3f, 0xff, 0x7a, 0x9d, 0xed, 0xff, 0xba, 0x5e, 0x7d, 0xfe, 0xff, 0xff, 0xff, 0xff, 0xff, 0xff, 0xe0,
    0x7e, 0x3f, 0xff, 0xfd, 0x3d, 0xf9, 0xff, 0xb4, 0xff, 0x3e, 0xfe, 0xff, 0xff, 0xff, 0xff, 0xff, 0xff, 0xe0,
    0x6a, 0x3f, 0xff, 0xfa, 0x3d, 0xe9, 0xff, 0x78, 0xfe, 0xbe, 0x7e, 0xff, 0xff, 0xff, 0xff, 0xff, 0xff, 0xe0,
    0x7e, 0x7f, 0xff, 0xfe, 0x7f, 0xf9, 0xff, 0xf1, 0xef, 0x3f, 0x7e, 0xff, 0xff, 0xff, 0xff, 0xff, 0xff, 0xe0,
    0x6e, 0x7f, 0xfd, 0xec, 0xff, 0xe3, 0xff, 0xeb, 0xfe, 0x7e, 0x7e, 0xff, 0xff, 0xff, 0xfb, 0xff, 0xff, 0xe0,
    0x7e, 0x7f, 0xfb, 0xfc, 0xff, 0xf3, 0xff, 0xf3, 0xfc, 0x7f, 0x7e, 0xff, 0xff, 0xff, 0xff, 0xff, 0xff, 0xe0,
    0x6a, 0x7f, 0xfb, 0xa9, 0xfb, 0xa3, 0xfd, 0xa7, 0xfa, 0xfe, 0x7e, 0xff, 0xff, 0xff, 0xfb, 0xff, 0xff, 0xe0,
    0x7c, 0x7f, 0xff, 0xf9, 0xfb, 0xf3, 0xfb, 0xe7, 0xfc, 0xfe, 0xfe, 0xff, 0xff, 0xff, 0xfb, 0xff, 0xff, 0xe0,
    0x6c, 0xff, 0xff, 0xe9, 0xfb, 0xe3, 0xfb, 0xe7, 0xfd, 0xfd, 0xfe, 0xff, 0xff, 0xff, 0xfb, 0xff, 0xff, 0xe0,
    0x7c, 0xff, 0xff, 0xf3, 0xff, 0xe7, 0xff, 0xef, 0xf9, 0xfd, 0xfe, 0xff, 0xff, 0xff, 0xff, 0xff, 0xff, 0xe0,
    0x28, 0xff, 0xf7, 0xa3, 0xff, 0xa7, 0xff, 0x8f, 0xf9, 0xf9, 0xfe, 0xff, 0xff, 0xff, 0xbb, 0xff, 0xff, 0xe0,
    0x78, 0xff, 0xf7, 0xf3, 0xff, 0xe7, 0xff, 0xcf, 0xf9, 0xfd, 0xfe, 0xff, 0xff, 0xff, 0xbb, 0xff, 0xff, 0xe0,
    0x69, 0xff, 0xef, 0xe3, 0xee, 0xcf, 0xfb, 0xcf, 0xeb, 0xf9, 0xfe, 0xff, 0xff, 0xff, 0xbb, 0xff, 0xff, 0xe0,
    0x71, 0xff, 0xff, 0xf3, 0xef, 0xcf, 0xf7, 0xcf, 0xfb, 0xfb, 0xfe, 0xff, 0xff, 0xff, 0xff, 0xff, 0xff, 0xe0,
    0x21, 0xff, 0xff, 0xa3, 0xf7, 0xa7, 0xf7, 0x8f, 0xeb, 0xfb, 0xfe, 0xff, 0xff, 0xff, 0xbb, 0xff, 0xff, 0xe0,
    0x73, 0xff, 0xff, 0xe3, 0xff, 0xe7, 0xff, 0xcf, 0xf3, 0xfb, 0xfe, 0xff, 0xff, 0xff, 0xbb, 0xff, 0xff, 0xe0,
    0x63, 0xff, 0xef, 0xe3, 0xff, 0xe3, 0xfe, 0xdf, 0xe3, 0xfb, 0xfe, 0x1f, 0xff, 0xff, 0xbb, 0xfe, 0xff, 0xe0,
    0x73, 0xff, 0xef, 0xe7, 0xff, 0xf9, 0xff, 0x9f, 0xf3, 0xfd, 0xfe, 0x17, 0xff, 0xff, 0xff, 0xfe, 0xff, 0xe0,
    0x23, 0xff, 0xee, 0xa7, 0xfe, 0xe8, 0xee, 0x9f, 0xe3, 0xfe, 0xfe, 0x11, 0xff, 0xff, 0xbb, 0xfd, 0xff, 0xe0,
    0x73, 0xff, 0xff, 0xe7, 0xff, 0x7e, 0x6f, 0x9f, 0xfb, 0xfe, 0x7e, 0x11, 0xff, 0xff, 0xbb, 0xfe, 0xff, 0xe0,
    0x63, 0xff, 0xfe, 0xe7, 0xff, 0xde, 0x8e, 0x9f, 0xfd, 0xfe, 0x7e, 0x11, 0x7f, 0xff, 0xbb, 0xfe, 0xff, 0xe0,
    0x71, 0xff, 0xff, 0xe7, 0xff, 0xff, 0xcf, 0x9f, 0xfc, 0xff, 0x7e, 0x11, 0x3f, 0xff, 0xff, 0xff, 0xff, 0xe0,
    0x21, 0xff, 0xde, 0xa7, 0xff, 0xff, 0xa6, 0x9f, 0xfe, 0x7e, 0x7e, 0x11, 0x3f, 0xff, 0xbb, 0xff, 0xff, 0xe0,
    0x79, 0xff, 0xdf, 0xc7, 0xff, 0xff, 0xd3, 0xcf, 0xff, 0x3e, 0x7e, 0x11, 0x1f, 0xff, 0xbb, 0xff, 0xff, 0xe0,
    0x6c, 0xff, 0xde, 0xcf, 0xff, 0xfb, 0xa3, 0xef, 0xfe, 0xbe, 0xfe, 0x11, 0x1f, 0xff, 0xbb, 0xff, 0xff, 0xe0,
    0x7c, 0x7f, 0xff, 0xcf, 0xff, 0xfb, 0xd1, 0xe7, 0xff, 0x3d, 0xfe, 0x11, 0x0f, 0xff, 0xff, 0xff, 0xff, 0xe0,
    0x6a, 0x3f, 0xfe, 0x8f, 0xff, 0xfb, 0xa0, 0xe3, 0xfe, 0x39, 0xfe, 0x11, 0x0f, 0xff, 0xbb, 0xff, 0xff, 0xe0,
    0x7f, 0x1f, 0xff, 0x8f, 0xff, 0xff, 0xd0, 0xf1, 0xfd, 0x7d, 0xea, 0x11, 0x0f, 0xff, 0xbb, 0xff, 0xff, 0xe0,
    0x7e, 0x8f, 0xbe, 0x9f, 0xff, 0xff, 0xa7, 0xf8, 0xfe, 0x7d, 0xfe, 0x11, 0x0f, 0xff, 0xbb, 0xff, 0xff, 0xe0,
    0x3f, 0xc7, 0xbf, 0x9f, 0xff, 0xff, 0xcf, 0xf4, 0xfc, 0xf9, 0xfe, 0x11, 0x0f, 0xff, 0xff, 0xff, 0xff, 0xe0,
    0x5e, 0xa3, 0xba, 0x9f, 0xff, 0xde, 0x9f, 0x5a, 0x79, 0xfb, 0xfe, 0x11, 0x07, 0xff, 0xbb, 0xff, 0xff, 0xe0,
    0x7f, 0xf9, 0xff, 0x9f, 0xff, 0xbf, 0x3f, 0xdd, 0x79, 0xfb, 0xfe, 0x11, 0x0f, 0xff, 0xbf, 0xff, 0xff, 0xe0,
    0x7f, 0xa8, 0xfe, 0x9f, 0xff, 0x7e, 0x7f, 0xda, 0x79, 0xfa, 0xbe, 0x11, 0x0f, 0xff, 0xbf, 0xff, 0xff, 0xe0,
    0x7f, 0xfc, 0x3f, 0x9f, 0xff, 0xfc, 0xff, 0xfd, 0x39, 0xfb, 0xfe, 0x11, 0x0f, 0xff, 0xff, 0xff, 0xff, 0xe0,
    0x7e, 0xfa, 0x1a, 0x9f, 0xff, 0xe9, 0xff, 0xfa, 0x59, 0xf9, 0xfe, 0x11, 0x0f, 0xff, 0xbf, 0xff, 0xff, 0xe0,
    0x7f, 0x7d, 0x0f, 0x9f, 0xff, 0xf9, 0xff, 0xf4, 0xfb, 0xfe, 0xfe, 0x11, 0x0f, 0xff, 0xbf, 0xff, 0xff, 0xe0,
    0x7f, 0xbe, 0x86, 0x8f, 0xfd, 0xe9, 0xff, 0x78, 0xeb, 0xfe, 0x7e, 0x11, 0x1f, 0xff, 0xbf, 0xff, 0xff, 0xe0,
    0x7f, 0xff, 0x43, 0xcf, 0xfd, 0xf9, 0xff, 0x79, 0xeb, 0xff, 0x7e, 0x11, 0x1f, 0xff, 0xff, 0xff, 0xff, 0xe0,
    0x7f, 0xfe, 0xa2, 0x8f, 0xfb, 0xa3, 0xfe, 0xeb, 0xe3, 0xfe, 0x7e, 0x11, 0x3f, 0xff, 0xbf, 0xff, 0xff, 0xe0,
    0x7f, 0xff, 0x51, 0xe7, 0xff, 0xf3, 0xff, 0xf3, 0xf3, 0xff, 0x7e, 0x11, 0x3f, 0xff, 0xbf, 0xff, 0xff, 0xe0,
    0x7f, 0xf7, 0xa8, 0xe3, 0xff, 0xe3, 0xff, 0xe7, 0xe3, 0xfe, 0x7e, 0x11, 0x7f, 0xfb, 0xbf, 0xff, 0xff, 0xe0,
    0x7f, 0xf7, 0xd0, 0x73, 0xff, 0xf3, 0xff, 0xe7, 0xfb, 0xfc, 0xfe, 0x11, 0xff, 0xff, 0xff, 0xff, 0xff, 0xe0,
    0x7f, 0xf7, 0xa8, 0x29, 0xfb, 0xa3, 0xfb, 0xa7, 0xf9, 0xf9, 0xfe, 0x11, 0xff, 0xfb, 0xff, 0xff, 0xff, 0xe0,
    0x7f, 0xff, 0xd0, 0x7c, 0xf7, 0xe7, 0xfb, 0xef, 0xfc, 0xfd, 0xfe, 0x17, 0xff, 0xfb, 0xff, 0xff, 0xff, 0xe0,
    0x7f, 0xff, 0xa8, 0x2e, 0x77, 0xe7, 0xfb, 0xcf, 0xfa, 0xfd, 0xfe, 0x1f, 0xff, 0xfb, 0xff, 0xef, 0xff, 0xe0,
    0x7f, 0xff, 0xd0, 0x7e, 0x3f, 0xe7, 0xff, 0xcf, 0xfd, 0x7d, 0xfe, 0xff, 0xff, 0xff, 0xff, 0xef, 0xff, 0xe0,
    0x7f, 0xef, 0xa8, 0x7a, 0x1e, 0x8f, 0xff, 0x8f, 0xfe, 0x39, 0xfe, 0xff, 0xff, 0xfb, 0xff, 0xef, 0xff, 0xe0,
    0x7f, 0xef, 0x51, 0xbf, 0x1f, 0xcf, 0xff, 0xcf, 0xff, 0x3b, 0xfe, 0xff, 0xff, 0xfb, 0xff, 0xff, 0xff, 0xe0,
    0x7f, 0xde, 0xa3, 0xde, 0x87, 0xe7, 0xf7, 0xcf, 0xfe, 0xbb, 0xfe, 0xff, 0xff, 0xfb, 0xff, 0xef, 0xff, 0xe0,
    0x7f, 0xfd, 0x47, 0xff, 0xc7, 0xe7, 0xf7, 0xcf, 0xff, 0x3b, 0xfe, 0xff, 0xff, 0xff, 0xff, 0xef, 0xf7, 0xe0,
    0x7f, 0xfa, 0x8f, 0xff, 0xa3, 0xa3, 0xf6, 0x9f, 0xfe, 0x7b, 0xfe, 0xff, 0xff, 0xfb, 0xff, 0xef, 0xef, 0xe0,
    0x7f, 0xf5, 0x1f, 0xff, 0xd1, 0xf9, 0xff, 0x9f, 0xfe, 0xfd, 0xfe, 0xff, 0xff, 0xfb, 0xff, 0xff, 0xdf, 0xe0,
    0x7d, 0xea, 0x3f, 0xfb, 0xa9, 0xec, 0xfe, 0x9f, 0xfc, 0xfe, 0xfe, 0xff, 0xff, 0xfb, 0xff, 0xef, 0xef, 0xe0,
    0x7d, 0xfc, 0x3f, 0xfb, 0xd0, 0xfe, 0x7f, 0x9f, 0xfd, 0xfe, 0x7e, 0xff, 0xff, 0xff, 0xff, 0xef, 0xf7, 0xe0,
    0x7b, 0xe8, 0x7f, 0xfb, 0xe8, 0xde, 0x8e, 0x9f, 0xf9, 0xfe, 0x7e, 0xff, 0xff, 0xfb, 0xff, 0xef, 0xff, 0xe0,
    0x7f, 0xf8, 0xff, 0xff, 0xd4, 0xef, 0x4f, 0x9f, 0xf9, 0xff, 0x7e, 0xff, 0xff, 0xfb, 0xff, 0xff, 0xff, 0xe0,
    0x7f, 0xa1, 0xff, 0xff, 0xe8, 0x77, 0xa6, 0x9f, 0xf9, 0xfe, 0x7e, 0xff, 0xff, 0xfb, 0xff, 0xef, 0xff, 0xe0,
    0x7f, 0xf3, 0xff, 0xff, 0xd4, 0x7f, 0xd3, 0xcf, 0xfb, 0xfe, 0x7e, 0xff, 0xff, 0xff, 0xff, 0xef, 0xff, 0xe0,
    0x3e, 0xa7, 0xff, 0xfd, 0xe8, 0x3f, 0xa3, 0xaf, 0xeb, 0xfe, 0xfe, 0xff, 0xff, 0xfb, 0xff, 0xef, 0xff, 0xe0,
    0x3f, 0xc7, 0xff, 0xfd, 0xd4, 0x7f, 0xd1, 0xe7, 0xfb, 0xfd, 0xfe, 0xff, 0xff, 0xfb, 0xff, 0xff, 0xff, 0xe0,
    0x7e, 0xcf, 0xff, 0xfb, 0xe8, 0xfb, 0xa0, 0xe3, 0xe3, 0xfd, 0xfe, 0xff, 0xff, 0xfb, 0xff, 0xef, 0xff, 0xe0,
    0x7f, 0x8f, 0xff, 0xff, 0xd1, 0xdb, 0xd0, 0xf9, 0xf3, 0xfd, 0xfe, 0xff, 0xff, 0xff, 0xff, 0xff, 0xff, 0xe0,
    0x7a, 0x9f, 0xff, 0xff, 0xa9, 0xf7, 0xa7, 0x78, 0xe3, 0xf9, 0xfe, 0xff, 0xff, 0xfb, 0xff, 0xff, 0xff, 0xe0,
    0x00, 0x00, 0x00, 0x00, 0x00, 0x00, 0x00, 0x00, 0x00, 0x00, 0x00, 0x00, 0x00, 0x00, 0x00, 0x00, 0x00, 0x00,
};

static const lv_img_dsc_t waves9 = {
    .header.cf = LV_IMG_CF_INDEXED_1BIT,
    .header.always_zero = 0,
    .header.reserved = 0,
    .header.w = 140,
    .header.h = 68,
    .data_size = 1232,
    .data = waves9_map,
};

static const LV_ATTRIBUTE_MEM_ALIGN LV_ATTRIBUTE_LARGE_CONST uint8_t waves10_map[] = {
#if CONFIG_NICE_VIEW_WIDGET_INVERTED
    0xff, 0xff, 0xff, 0xff, /*Color of index 0*/
    0x00, 0x00, 0x00, 0xff, /*Color of index 1*/
#else
    0x00, 0x00, 0x00, 0xff, /*Color of index 0*/
    0xff, 0xff, 0xff, 0xff, /*Color of index 1*/
#endif
    0x00, 0x00, 0x00, 0x00, 0x00, 0x00, 0x00, 0x00, 0x00, 0x00, 0x00, 0x00, 0x00, 0x00, 0x00, 0x00, 0x00, 0x00,
    0x7f, 0x8f, 0xff, 0xfb, 0xd1, 0xfd, 0x9f, 0xfc, 0x7b, 0xfb, 0xfe, 0xff, 0xff, 0xff, 0xff, 0xff, 0xff, 0xe0,
    0x7a, 0x9f, 0xff, 0xf7, 0xa9, 0xfa, 0x3e, 0xfa, 0x79, 0xfb, 0xfe, 0xff, 0xff, 0xff, 0xff, 0xff, 0xff, 0xe0,
    0x7f, 0x1f, 0xff, 0xff, 0x53, 0x3e, 0x7f, 0xdd, 0x7e, 0xfb, 0xfe, 0xff, 0xff, 0xff, 0xff, 0xff, 0xff, 0xe0,
    0x7e, 0x1f, 0xff, 0xff, 0xa2, 0xec, 0xff, 0xda, 0x3e, 0x79, 0xfe, 0xff, 0xff, 0xff, 0xff, 0xff, 0xff, 0xe0,
    0x7f, 0x3f, 0xff, 0xff, 0xc5, 0xfd, 0xff, 0xbc, 0x7f, 0x3d, 0xfe, 0xff, 0xff, 0xff, 0xff, 0xff, 0xff, 0xe0,
    0x6a, 0x3f, 0xff, 0xde, 0x8f, 0xe9, 0xff, 0xfa, 0xee, 0xbe, 0xfe, 0xff, 0xff, 0xff, 0xff, 0xff, 0xff, 0xe0,
    0x7f, 0x3f, 0xff, 0xbf, 0x4f, 0xf9, 0xff, 0xf4, 0xff, 0x3f, 0x7e, 0xff, 0xff, 0xff, 0xff, 0xff, 0xff, 0xe0,
    0x6e, 0x3f, 0xff, 0xba, 0x9f, 0xe9, 0xff, 0xe9, 0xfe, 0x3e, 0x7e, 0xff, 0xff, 0xff, 0xfb, 0xff, 0xff, 0xe0,
    0x7e, 0x3f, 0xff, 0xfd, 0x3b, 0xf3, 0xfe, 0xdb, 0xdd, 0x7f, 0x7e, 0xff, 0xff, 0xff, 0xff, 0xff, 0xff, 0xe0,
    0x6a, 0x3f, 0xff, 0xfa, 0x3b, 0xa3, 0xfd, 0xe3, 0xfe, 0x7e, 0x7e, 0xff, 0xff, 0xff, 0xfb, 0xff, 0xff, 0xe0,
    0x7e, 0x3f, 0xff, 0xfe, 0x7b, 0xf3, 0xfd, 0xf7, 0xfc, 0xfe, 0xfe, 0xff, 0xff, 0xff, 0xfb, 0xff, 0xff, 0xe0,
    0x6e, 0x7f, 0xfd, 0xec, 0x7f, 0xe3, 0xff, 0xe7, 0xfd, 0xfc, 0xfe, 0xff, 0xff, 0xff, 0xfb, 0xff, 0xff, 0xe0,
    0x7e, 0x7f, 0xfd, 0xfc, 0xff, 0xf3, 0xff, 0xe7, 0xfd, 0xfd, 0xfe, 0xff, 0xff, 0xff, 0xff, 0xff, 0xff, 0xe0,
    0x6a, 0x7f, 0xfb, 0xe8, 0xff, 0xa7, 0xff, 0xaf, 0xf9, 0xf9, 0xfe, 0xff, 0xff, 0xff, 0xbb, 0xff, 0xff, 0xe0,
    0x7c, 0x7f, 0xff, 0xf9, 0xf7, 0xe7, 0xfb, 0xcf, 0xf9, 0xfd, 0xfe, 0xff, 0xff, 0xff, 0xbb, 0xff, 0xff, 0xe0,
    0x6c, 0x7f, 0xff, 0xe9, 0xf7, 0xe7, 0xfb, 0xcf, 0xf9, 0xfd, 0xfe, 0xff, 0xff, 0xff, 0xbb, 0xff, 0xff, 0xe0,
    0x7c, 0xff, 0xff, 0xf1, 0xef, 0xcf, 0xfb, 0xcf, 0xfb, 0xf9, 0xfe, 0xff, 0xff, 0xff, 0xff, 0xff, 0xff, 0xe0,
    0x28, 0xff, 0xf7, 0xa3, 0xfe, 0x8f, 0xff, 0x8f, 0xeb, 0xfb, 0xfe, 0xff, 0xff, 0xff, 0xbb, 0xff, 0xff, 0xe0,
    0x78, 0xff, 0xf7, 0xf3, 0xff, 0xe7, 0xff, 0xcf, 0xfb, 0xfb, 0xfe, 0xff, 0xff, 0xff, 0xbb, 0xff, 0x7f, 0xe0,
    0x69, 0xff, 0xef, 0xe3, 0xff, 0xe7, 0xff, 0xcf, 0xe3, 0xfb, 0xfe, 0x1f, 0xff, 0xff, 0xbb, 0xfe, 0xff, 0xe0,
    0x79, 0xff, 0xff, 0xf3, 0xfb, 0xf3, 0xf7, 0xdf, 0xf3, 0xf9, 0xfe, 0x17, 0xff, 0xff, 0xff, 0xfd, 0xff, 0xe0,
    0x21, 0xff, 0xff, 0xa3, 0xfd, 0xe9, 0xf6, 0x9f, 0xe3, 0xf9, 0xfe, 0x11, 0xff, 0xff, 0xbb, 0xfe, 0xff, 0xe0,
    0x73, 0xff, 0xff, 0xe3, 0xfe, 0xfc, 0xef, 0x9f, 0xfb, 0xfe, 0xfe, 0x11, 0xff, 0xff, 0xbb, 0xff, 0x7f, 0xe0,
    0x63, 0xff, 0xef, 0xe3, 0xff, 0xfa, 0x7e, 0x9f, 0xf9, 0xfe, 0x7e, 0x11, 0x7f, 0xff, 0xbb, 0xff, 0xff, 0xe0,
    0x73, 0xff, 0xef, 0xe3, 0xff, 0xfd, 0x9f, 0x9f, 0xfd, 0xff, 0x7e, 0x11, 0x3f, 0xff, 0xff, 0xff, 0xff, 0xe0,
    0x23, 0xff, 0xee, 0xa7, 0xff, 0xfe, 0x8e, 0x9f, 0xfa, 0xfe, 0x7e, 0x11, 0x3f, 0xff, 0xbb, 0xff, 0xff, 0xe0,
    0x73, 0xff, 0xff, 0xe7, 0xff, 0xf7, 0x47, 0x9f, 0xfd, 0x7f, 0x7e, 0x11, 0x1f, 0xff, 0xbb, 0xff, 0xff, 0xe0,
    0x63, 0xff, 0xfe, 0xe7, 0xff, 0xfb, 0xa3, 0xcf, 0xfe, 0x3e, 0xfe, 0x11, 0x1f, 0xff, 0xbb, 0xff, 0xff, 0xe0,
    0x73, 0xff, 0xff, 0xe7, 0xff, 0xfb, 0xd3, 0xef, 0xff, 0x3c, 0xfe, 0x11, 0x0f, 0xff, 0xff, 0xff, 0xff, 0xe0,
    0x21, 0xff, 0xde, 0xa7, 0xff, 0xff, 0xa1, 0xa7, 0xfe, 0xb8, 0xfe, 0x11, 0x0f, 0xff, 0xbb, 0xff, 0xff, 0xe0,
    0x79, 0xff, 0xdf, 0xc7, 0xff, 0xff, 0xd1, 0xf3, 0xff, 0x3d, 0xfe, 0x11, 0x0f, 0xff, 0xbb, 0xff, 0xff, 0xe0,
    0x68, 0xff, 0xde, 0xcf, 0xff, 0xff, 0xa1, 0xe9, 0xfe, 0x7d, 0xfe, 0x11, 0x0f, 0xff, 0xbb, 0xff, 0xff, 0xe0,
    0x7c, 0x7f, 0xff, 0xcf, 0xff, 0xf7, 0x47, 0x7c, 0xfc, 0xfd, 0xfe, 0x11, 0x0f, 0xff, 0xff, 0xff, 0xff, 0xe0,
    0x6a, 0x7f, 0xfe, 0x8f, 0xff, 0xee, 0x8f, 0xba, 0xf8, 0xf9, 0xfe, 0x11, 0x07, 0xff, 0xbf, 0xff, 0xff, 0xe0,
    0x7f, 0x3f, 0xff, 0x8f, 0xff, 0xdf, 0x1f, 0xdc, 0x7d, 0xfb, 0xfe, 0x11, 0x0f, 0xff, 0xbf, 0xff, 0xff, 0xe0,
    0x7e, 0x9f, 0xbe, 0x9f, 0xff, 0xfa, 0x3e, 0xfa, 0x79, 0xfb, 0xfe, 0x11, 0x0f, 0xff, 0xbf, 0xff, 0xff, 0xe0,
    0x3f, 0xc7, 0xbf, 0x9f, 0xff, 0xfe, 0x7f, 0xfd, 0x79, 0xfb, 0xfa, 0x11, 0x0f, 0xff, 0xff, 0xff, 0xff, 0xe0,
    0x5e, 0xa3, 0xba, 0x9f, 0xff, 0xe8, 0xff, 0xfa, 0x39, 0xf9, 0xee, 0x11, 0x0f, 0xff, 0xbf, 0xff, 0xff, 0xe0,
    0x7f, 0xf1, 0xff, 0x9f, 0xfd, 0xfd, 0xff, 0xbc, 0x7b, 0xfd, 0xbe, 0x11, 0x0f, 0xff, 0xbf, 0xff, 0xff, 0xe0,
    0x7f, 0xa8, 0xfe, 0x9f, 0xfd, 0xe9, 0xff, 0xba, 0xeb, 0xfe, 0xfe, 0x11, 0x1f, 0xff, 0xbf, 0xff, 0xff, 0xe0,
    0x7f, 0xdc, 0x7f, 0x9f, 0xfd, 0xf9, 0xff, 0x7c, 0xfb, 0xff, 0x7e, 0x11, 0x1f, 0xff, 0xff, 0xff, 0xff, 0xe0,
    0x7d, 0xea, 0x3a, 0x9f, 0xff, 0xe9, 0xff, 0xe9, 0xe3, 0xfe, 0x7e, 0x11, 0x3f, 0xff, 0xbf, 0xff, 0xff, 0xe0,
    0x7e, 0xf5, 0x1f, 0x9f, 0xff, 0xf3, 0xff, 0xfb, 0xd3, 0xff, 0x7e, 0x11, 0x3f, 0xff, 0xbf, 0xff, 0xff, 0xe0,
    0x7f, 0xbe, 0x86, 0x9f, 0xff, 0xe3, 0xff, 0xe3, 0xe3, 0xfe, 0x7e, 0x11, 0x7f, 0xfb, 0xff, 0xff, 0xff, 0xe0,
    0x7f, 0xfd, 0x47, 0xcf, 0xfb, 0xf3, 0xfd, 0xf7, 0xf3, 0xfc, 0xfe, 0x11, 0xff, 0xff, 0xff, 0xff, 0xff, 0xe0,
    0x7f, 0xfe, 0xa2, 0x8f, 0xfb, 0xa3, 0xfb, 0xa7, 0xeb, 0xfc, 0xfe, 0x11, 0xff, 0xfb, 0xff, 0xff, 0xff, 0xe0,
    0x7f, 0xff, 0x51, 0xe7, 0xfb, 0xf3, 0xfb, 0xe7, 0xf9, 0xfd, 0xfe, 0x17, 0xff, 0xfb, 0xff, 0xff, 0xff, 0xe0,
    0x7f, 0xef, 0xa8, 0xe7, 0xff, 0xe7, 0xff, 0xef, 0xf8, 0xfd, 0xfe, 0x1f, 0xff, 0xfb, 0xff, 0xef, 0xff, 0xe0,
    0x7f, 0xf7, 0xd0, 0xf3, 0xff, 0xe7, 0xff, 0xcf, 0xfc, 0x7d, 0xfe, 0xff, 0xff, 0xff, 0xff, 0xef, 0xff, 0xe0,
    0x7f, 0xf7, 0xa8, 0x29, 0xff, 0xa7, 0xff, 0x8f, 0xfe, 0x79, 0xfe, 0xff, 0xff, 0xfb, 0xff, 0xef, 0xff, 0xe0,
    0x7f, 0xff, 0xd0, 0x78, 0xef, 0xcf, 0xfb, 0xcf, 0xff, 0x39, 0xfe, 0xff, 0xff, 0xfb, 0xff, 0xff, 0xff, 0xe0,
    0x7f, 0xff, 0xa8, 0x6c, 0x6e, 0xcf, 0xf7, 0xcf, 0xfe, 0xbb, 0xfe, 0xff, 0xff, 0xfb, 0xff, 0xef, 0xef, 0xe0,
    0x7f, 0xff, 0xd0, 0x7e, 0x77, 0xe7, 0xf7, 0xcf, 0xff, 0x3b, 0xfe, 0xff, 0xff, 0xff, 0xff, 0xef, 0xef, 0xe0,
    0x7f, 0xef, 0xa8, 0x3a, 0x3f, 0xa7, 0xff, 0x8f, 0xfe, 0x7b, 0xfe, 0xff, 0xff, 0xfb, 0xff, 0xef, 0xdf, 0xe0,
    0x7f, 0xef, 0x51, 0xbf, 0x9f, 0xf3, 0xff, 0xdf, 0xfc, 0x79, 0xfe, 0xff, 0xff, 0xfb, 0xff, 0xff, 0xef, 0xe0,
    0x7f, 0xde, 0xa3, 0xde, 0x8f, 0xe9, 0xfe, 0x9f, 0xfa, 0xfd, 0xfe, 0xff, 0xff, 0xfb, 0xff, 0xef, 0xef, 0xe0,
    0x7f, 0xfd, 0x47, 0xbf, 0xc6, 0xfc, 0xef, 0x9f, 0xfc, 0xfc, 0xfe, 0xff, 0xff, 0xff, 0xff, 0xef, 0xff, 0xe0,
    0x7f, 0xfe, 0x87, 0xff, 0xa3, 0x7a, 0x6e, 0x9f, 0xf9, 0xfe, 0x7e, 0xff, 0xff, 0xfb, 0xff, 0xef, 0xff, 0xe0,
    0x7f, 0xfd, 0x0f, 0xff, 0x53, 0xdf, 0x0f, 0x9f, 0xf9, 0xff, 0x7e, 0xff, 0xff, 0xfb, 0xff, 0xff, 0xff, 0xe0,
    0x7e, 0xfa, 0x1f, 0xfb, 0xa9, 0xfe, 0x8e, 0x9f, 0xf9, 0xfe, 0x7e, 0xff, 0xff, 0xfb, 0xff, 0xef, 0xff, 0xe0,
    0x7d, 0xfc, 0x3f, 0xfb, 0xd0, 0xff, 0x47, 0x9f, 0xf9, 0xff, 0x7e, 0xff, 0xff, 0xff, 0xff, 0xef, 0xff, 0xe0,
    0x7b, 0xe8, 0x7f, 0xfb, 0xe8, 0xff, 0xa3, 0x8f, 0xeb, 0xfe, 0xfe, 0xff, 0xff, 0xfb, 0xff, 0xef, 0xff, 0xe0,
    0x7f, 0xfc, 0xff, 0xff, 0xd4, 0xfb, 0xd3, 0xef, 0xfb, 0xfc, 0xfe, 0xff, 0xff, 0xfb, 0xff, 0xff, 0xff, 0xe0,
    0x7f, 0xa9, 0xff, 0xff, 0xe8, 0x7b, 0xa1, 0xe7, 0xeb, 0xfd, 0xfe, 0xff, 0xff, 0xfb, 0xff, 0xff, 0xff, 0xe0,
    0x7f, 0xf3, 0xff, 0xff, 0xd4, 0x7b, 0xd1, 0xf3, 0xf3, 0xfd, 0xfe, 0xff, 0xff, 0xff, 0xff, 0xff, 0xff, 0xe0,
    0x5e, 0xa3, 0xff, 0xfd, 0xe8, 0x7f, 0xa1, 0xe9, 0xe3, 0xf9, 0xfe, 0xff, 0xff, 0xfb, 0xff, 0xff, 0xff, 0xe0,
    0x00, 0x00, 0x00, 0x00, 0x00, 0x00, 0x00, 0x00, 0x00, 0x00, 0x00, 0x00, 0x00, 0x00, 0x00, 0x00, 0x00, 0x00,
};

static const lv_img_dsc_t waves10 = {
    .header.cf = LV_IMG_CF_INDEXED_1BIT,
    .header.always_zero = 0,
    .header.reserved = 0,
    .header.w = 140,
    .header.h = 68,
    .data_size = 1232,
    .data = waves10_map,
};

static const LV_ATTRIBUTE_MEM_ALIGN LV_ATTRIBUTE_LARGE_CONST uint8_t waves11_map[] = {
#if CONFIG_NICE_VIEW_WIDGET_INVERTED
    0xff, 0xff, 0xff, 0xff, /*Color of index 0*/
    0x00, 0x00, 0x00, 0xff, /*Color of index 1*/
#else
    0x00, 0x00, 0x00, 0xff, /*Color of index 0*/
    0xff, 0xff, 0xff, 0xff, /*Color of index 1*/
#endif
    0x00, 0x00, 0x00, 0x00, 0x00, 0x00, 0x00, 0x00, 0x00, 0x00, 0x00, 0x00, 0x00, 0x00, 0x00, 0x00, 0x00, 0x00,
    0x7f, 0xf3, 0xff, 0xff, 0xd4, 0x7f, 0xcf, 0xf4, 0xfb, 0xfb, 0xfe, 0xff, 0xff, 0xff, 0xff, 0xff, 0xff, 0xe0,
    0x7e, 0xa3, 0xff, 0xff, 0xe8, 0x5e, 0x9f, 0x3a, 0x79, 0xfb, 0xfe, 0xff, 0xff, 0xff, 0xff, 0xff, 0xff, 0xe0,
    0x7f, 0xe7, 0xff, 0xff, 0xd4, 0x3f, 0x3f, 0xdd, 0x7d, 0xfb, 0xfe, 0xff, 0xff, 0xff, 0xff, 0xff, 0xff, 0xe0,
    0x7e, 0xcf, 0xff, 0xfb, 0xe8, 0x7a, 0x7f, 0xda, 0x7a, 0xfb, 0xfe, 0xff, 0xff, 0xff, 0xff, 0xff, 0xff, 0xe0,
    0x7f, 0x8f, 0xff, 0xfb, 0xd0, 0xfc, 0xff, 0xfd, 0x3d, 0x7d, 0xfe, 0xff, 0xff, 0xff, 0xff, 0xff, 0xff, 0xe0,
    0x7a, 0x9f, 0xff, 0xfb, 0xa9, 0xc8, 0xff, 0xfa, 0x5e, 0x3c, 0xfe, 0xff, 0xff, 0xff, 0xff, 0xff, 0xff, 0xe0,
    0x7f, 0x9f, 0xff, 0xff, 0xd1, 0xf9, 0xff, 0xf4, 0xff, 0x3e, 0x7e, 0xff, 0xff, 0xff, 0xff, 0xff, 0xff, 0xe0,
    0x7e, 0x1f, 0xff, 0xff, 0xa1, 0xe9, 0xff, 0x78, 0xfe, 0xbe, 0x7e, 0xff, 0xff, 0xff, 0xfb, 0xff, 0xff, 0xe0,
    0x7f, 0x3f, 0xff, 0xff, 0xc5, 0xf9, 0xff, 0x79, 0xef, 0x3f, 0x7e, 0xff, 0xff, 0xff, 0xff, 0xff, 0xff, 0xe0,
    0x6a, 0x3f, 0xff, 0xde, 0x83, 0xa3, 0xfe, 0xeb, 0xfe, 0x7e, 0x7e, 0xff, 0xff, 0xff, 0xfb, 0xff, 0xff, 0xe0,
    0x7f, 0x3f, 0xff, 0xbf, 0x4f, 0xf3, 0xff, 0xf3, 0xfe, 0xff, 0x7e, 0xff, 0xff, 0xff, 0xfb, 0xff, 0xff, 0xe0,
    0x6e, 0x3f, 0xff, 0xba, 0x9f, 0xe3, 0xff, 0xe7, 0xf8, 0xfe, 0xfe, 0xff, 0xff, 0xff, 0xfb, 0xff, 0xff, 0xe0,
    0x7e, 0x3f, 0xff, 0xfd, 0x1f, 0xf3, 0xff, 0xe7, 0xfd, 0xfd, 0xfe, 0xff, 0xff, 0xff, 0xff, 0xff, 0xff, 0xe0,
    0x6a, 0x3f, 0xff, 0xfa, 0x3b, 0xa3, 0xfb, 0xa7, 0xf9, 0xf9, 0xfe, 0xff, 0xff, 0xff, 0xbb, 0xff, 0xff, 0xe0,
    0x7e, 0x3f, 0xff, 0xfe, 0x77, 0xe7, 0xfb, 0xef, 0xf9, 0xfd, 0xfe, 0xff, 0xff, 0xff, 0xbb, 0xff, 0xff, 0xe0,
    0x6e, 0x7f, 0xfd, 0xec, 0x77, 0xe7, 0xfb, 0xcf, 0xf9, 0xfd, 0xfe, 0xff, 0xff, 0xff, 0xbb, 0xff, 0xff, 0xe0,
    0x7e, 0x7f, 0xfd, 0xfc, 0xff, 0xe7, 0xff, 0xcf, 0xfb, 0xf9, 0xfe, 0xff, 0xff, 0xff, 0xff, 0xff, 0xff, 0xe0,
    0x6a, 0x7f, 0xfb, 0xe8, 0xfe, 0x8f, 0xff, 0x8f, 0xeb, 0xfb, 0xfe, 0xff, 0xff, 0xff, 0xbb, 0xff, 0xff, 0xe0,
    0x7c, 0x7f, 0xff, 0xf9, 0xff, 0xcf, 0xff, 0xcf, 0xfb, 0xfb, 0xfe, 0xff, 0xff, 0xff, 0xbb, 0xff, 0x7f, 0xe0,
    0x6c, 0x7f, 0xff, 0xe9, 0xf7, 0xe7, 0xf7, 0xcf, 0xe3, 0xfb, 0xfe, 0x1f, 0xff, 0xff, 0xbb, 0xfe, 0xff, 0xe0,
    0x7c, 0xff, 0xff, 0xf1, 0xf7, 0xe7, 0xf7, 0xcf, 0xf3, 0xfb, 0xfe, 0x17, 0xff, 0xff, 0xff, 0xfd, 0xff, 0xe0,
    0x28, 0xff, 0xf7, 0xa3, 0xfb, 0xa3, 0xf6, 0x9f, 0xe3, 0xf9, 0xfe, 0x11, 0xff, 0xff, 0xbb, 0xfe, 0xff, 0xe0,
    0x78, 0xff, 0xf7, 0xf3, 0xff, 0xf9, 0xff, 0x9f, 0xf3, 0xfc, 0xfe, 0x11, 0xff, 0xff, 0xbb, 0xff, 0x7f, 0xe0,
    0x69, 0xff, 0xf7, 0xe3, 0xff, 0xec, 0xfe, 0x9f, 0xeb, 0xfe, 0x7e, 0x11, 0x7f, 0xff, 0xbb, 0xff, 0xff, 0xe0,
    0x79, 0xff, 0xff, 0xf3, 0xff, 0xfe, 0x7f, 0x9f, 0xf9, 0xff, 0x7e, 0x11, 0x3f, 0xff, 0xff, 0xff, 0xff, 0xe0,
    0x21, 0xff, 0xff, 0xa3, 0xff, 0xde, 0x8e, 0x9f, 0xf8, 0xfe, 0x7e, 0x11, 0x3f, 0xff, 0xbb, 0xff, 0xff, 0xe0,
    0x71, 0xff, 0xff, 0xf3, 0xff, 0xef, 0x4f, 0x9f, 0xfe, 0x7f, 0x7e, 0x11, 0x1f, 0xff, 0xbb, 0xff, 0xff, 0xe0,
    0x63, 0xff, 0xef, 0xe3, 0xff, 0xf7, 0xa6, 0x9f, 0xfe, 0x7e, 0x7e, 0x11, 0x1f, 0xff, 0xbb, 0xff, 0xff, 0xe0,
    0x73, 0xff, 0xef, 0xe3, 0xff, 0xff, 0xd3, 0xcf, 0xff, 0x3c, 0xfe, 0x11, 0x0f, 0xff, 0xff, 0xff, 0xff, 0xe0,
    0x23, 0xff, 0xee, 0xa7, 0xff, 0xff, 0xa3, 0xaf, 0xfe, 0xb9, 0xfa, 0x11, 0x0f, 0xff, 0xbb, 0xff, 0xff, 0xe0,
    0x73, 0xff, 0xff, 0xe7, 0xff, 0xff, 0xd1, 0xe7, 0xff, 0x3d, 0xfe, 0x11, 0x0f, 0xff, 0xbb, 0xff, 0xff, 0xe0,
    0x63, 0xff, 0xfe, 0xe7, 0xff, 0xfb, 0xa1, 0xe3, 0xfe, 0x3d, 0xfe, 0x11, 0x0f, 0xff, 0xbb, 0xff, 0xff, 0xe0,
    0x73, 0xff, 0xff, 0xe7, 0xff, 0xfb, 0xd0, 0xf9, 0xfc, 0x7d, 0xfe, 0x11, 0x0f, 0xff, 0xff, 0xff, 0xff, 0xe0,
    0x21, 0xff, 0xde, 0xa7, 0xff, 0xf7, 0xa7, 0x78, 0xfa, 0xf8, 0xae, 0x11, 0x07, 0xff, 0xbf, 0xff, 0xff, 0xe0,
    0x79, 0xff, 0xdf, 0xc7, 0xff, 0xff, 0x4f, 0xf4, 0xfc, 0xfb, 0xfe, 0x11, 0x0f, 0xff, 0xbf, 0xff, 0xff, 0xe0,
    0x68, 0xff, 0xde, 0xcf, 0xff, 0xfe, 0x9f, 0x7a, 0x7d, 0xfb, 0xfe, 0x11, 0x0f, 0xff, 0xbf, 0xff, 0xff, 0xe0,
    0x7c, 0xff, 0xff, 0xcf, 0xff, 0xfd, 0x3f, 0xfd, 0x79, 0xfb, 0xfe, 0x11, 0x0f, 0xff, 0xff, 0xff, 0xff, 0xe0,
    0x6a, 0x7f, 0xfe, 0x8f, 0xff, 0x7a, 0x7f, 0xda, 0x79, 0xfb, 0xfe, 0x11, 0x0f, 0xff, 0xbf, 0xff, 0xff, 0xe0,
    0x7f, 0x3f, 0xff, 0xcf, 0xfe, 0xfc, 0xff, 0xdd, 0x39, 0xfd, 0xfe, 0x11, 0x0f, 0xff, 0xbf, 0xff, 0xff, 0xe0,
    0x7e, 0x9f, 0xbe, 0x9f, 0xfe, 0xec, 0xff, 0xda, 0x4b, 0xfc, 0xfe, 0x11, 0x1f, 0xff, 0xbf, 0xff, 0xff, 0xe0,
    0x7f, 0xcf, 0xbf, 0x9f, 0xff, 0xf9, 0xff, 0xf4, 0xfb, 0xfe, 0x7e, 0x11, 0x1f, 0xff, 0xff, 0xff, 0xff, 0xe0,
    0x3e, 0xa7, 0xba, 0x9f, 0xff, 0xe9, 0xff, 0xf8, 0xeb, 0xfe, 0x7e, 0x11, 0x3f, 0xff, 0xbf, 0xff, 0xff, 0xe0,
    0x7f, 0xf1, 0xff, 0x9f, 0xff, 0xf9, 0xff, 0xf1, 0xe3, 0xff, 0x7e, 0x11, 0x3f, 0xff, 0xbf, 0xff, 0xff, 0xe0,
    0x7f, 0xa8, 0xfe, 0x9f, 0xfb, 0xe3, 0xfe, 0xeb, 0xe3, 0xfe, 0x7e, 0x11, 0x7f, 0xfb, 0xff, 0xff, 0xff, 0xe0,
    0x7f, 0xdc, 0x7f, 0x9f, 0xfb, 0xf3, 0xfd, 0xf3, 0xf3, 0xff, 0x7e, 0x11, 0xff, 0xff, 0xff, 0xff, 0xff, 0xe0,
    0x7d, 0xea, 0x3a, 0x9f, 0xfb, 0xa3, 0xfd, 0xa7, 0xe3, 0xfe, 0xfe, 0x11, 0xff, 0xfb, 0xff, 0xff, 0xff, 0xe0,
    0x7e, 0xf5, 0x1f, 0x9f, 0xff, 0xf3, 0xff, 0xe7, 0xfb, 0xfd, 0xfe, 0x17, 0xff, 0xfb, 0xff, 0xff, 0xff, 0xe0,
    0x7f, 0x7a, 0x8e, 0x9f, 0xff, 0xe3, 0xff, 0xe7, 0xfd, 0xfd, 0xfe, 0x1f, 0xff, 0xfb, 0xff, 0xef, 0xff, 0xe0,
    0x7f, 0xfd, 0x47, 0xcf, 0xff, 0xe7, 0xff, 0xef, 0xfe, 0xfd, 0xfe, 0xff, 0xff, 0xff, 0xff, 0xef, 0xff, 0xe0,
    0x7f, 0xfe, 0xa2, 0x8f, 0xf7, 0xa7, 0xfb, 0x8f, 0xfe, 0x79, 0xfe, 0xff, 0xff, 0xfb, 0xff, 0xef, 0xff, 0xe0,
    0x7f, 0xff, 0x51, 0xc7, 0xf7, 0xe7, 0xfb, 0xcf, 0xff, 0x39, 0xfe, 0xff, 0xff, 0xfb, 0xff, 0xff, 0xef, 0xe0,
    0x7f, 0xef, 0xa8, 0xe7, 0xee, 0xcf, 0xfb, 0xcf, 0xfe, 0xbb, 0xfe, 0xff, 0xff, 0xfb, 0xff, 0xef, 0xef, 0xe0,
    0x7f, 0xf7, 0xd0, 0xf3, 0xff, 0xcf, 0xff, 0xcf, 0xff, 0x3b, 0xfe, 0xff, 0xff, 0xff, 0xff, 0xef, 0xdf, 0xe0,
    0x7f, 0xf7, 0xa8, 0x21, 0xff, 0xa7, 0xff, 0x8f, 0xfe, 0x3b, 0xfe, 0xff, 0xff, 0xfb, 0xff, 0xef, 0xef, 0xe0,
    0x7f, 0xff, 0xd0, 0x79, 0xff, 0xe7, 0xff, 0xcf, 0xfd, 0x7b, 0xfe, 0xff, 0xff, 0xfb, 0xff, 0xff, 0xef, 0xe0,
    0x7f, 0xff, 0xa8, 0x6c, 0xfb, 0xe3, 0xf6, 0xdf, 0xfe, 0x7d, 0xfe, 0xff, 0xff, 0xfb, 0xff, 0xef, 0xff, 0xe0,
    0x7f, 0xff, 0xd0, 0x3e, 0x7d, 0xf9, 0xf7, 0x9f, 0xfe, 0xfc, 0xfe, 0xff, 0xff, 0xff, 0xff, 0xef, 0xff, 0xe0,
    0x7f, 0xef, 0xa8, 0x7a, 0x3e, 0xe8, 0xee, 0x9f, 0xf9, 0xfe, 0x7e, 0xff, 0xff, 0xfb, 0xff, 0xef, 0xff, 0xe0,
    0x7f, 0xef, 0x51, 0xbf, 0x9f, 0xfe, 0x7f, 0x9f, 0xfd, 0xff, 0x7e, 0xff, 0xff, 0xfb, 0xff, 0xff, 0xff, 0xe0,
    0x7f, 0xde, 0xa3, 0xbe, 0x8f, 0xfe, 0x9e, 0x9f, 0xf9, 0xfe, 0x7e, 0xff, 0xff, 0xfb, 0xff, 0xef, 0xff, 0xe0,
    0x7f, 0xff, 0x43, 0xff, 0xc7, 0xff, 0xcf, 0x9f, 0xf9, 0xff, 0x7e, 0xff, 0xff, 0xff, 0xff, 0xef, 0xff, 0xe0,
    0x7f, 0xfe, 0x87, 0xff, 0xa3, 0xf7, 0xa6, 0x9f, 0xf9, 0xfe, 0x7e, 0xff, 0xff, 0xfb, 0xff, 0xef, 0xff, 0xe0,
    0x7f, 0xfd, 0x0f, 0xff, 0x53, 0xfb, 0xd3, 0xcf, 0xfb, 0xfe, 0xfe, 0xff, 0xff, 0xfb, 0xff, 0xff, 0xff, 0xe0,
    0x7e, 0xfa, 0x9f, 0xf7, 0xa9, 0xfb, 0xa3, 0xef, 0xeb, 0xfd, 0xfe, 0xff, 0xff, 0xfb, 0xff, 0xff, 0xff, 0xe0,
    0x7d, 0xfd, 0x3f, 0xfb, 0xd1, 0xff, 0xd1, 0xe7, 0xfb, 0xfd, 0xfe, 0xff, 0xff, 0xff, 0xff, 0xff, 0xff, 0xe0,
    0x7b, 0xea, 0x7f, 0xfb, 0xe8, 0xff, 0xa1, 0xe3, 0xe3, 0xf9, 0xfe, 0xff, 0xff, 0xfb, 0xff, 0xff, 0xff, 0xe0,
    0x00, 0x00, 0x00, 0x00, 0x00, 0x00, 0x00, 0x00, 0x00, 0x00, 0x00, 0x00, 0x00, 0x00, 0x00, 0x00, 0x00, 0x00,
};

static const lv_img_dsc_t waves11 = {
    .header.cf = LV_IMG_CF_INDEXED_1BIT,
    .header.always_zero = 0,
    .header.reserved = 0,
    .header.w = 140,
    .header.h = 68,
    .data_size = 1232,
    .data = waves11_map,
};

static const LV_ATTRIBUTE_MEM_ALIGN LV_ATTRIBUTE_LARGE_CONST uint8_t waves12_map[] = {
#if CONFIG_NICE_VIEW_WIDGET_INVERTED
    0xff, 0xff, 0xff, 0xff, /*Color of index 0*/
    0x00, 0x00, 0x00, 0xff, /*Color of index 1*/
#else
    0x00, 0x00, 0x00, 0xff, /*Color of index 0*/
    0xff, 0xff, 0xff, 0xff, /*Color of index 1*/
#endif
    0x00, 0x00, 0x00, 0x00, 0x00, 0x00, 0x00, 0x00, 0x00, 0x00, 0x00, 0x00, 0x00, 0x00, 0x00, 0x00, 0x00, 0x00,
    0x7f, 0xfd, 0x3f, 0xff, 0xd1, 0xf7, 0x47, 0x7c, 0xf3, 0xf9, 0xfe, 0xff, 0xff, 0xff, 0xff, 0xff, 0xff, 0xe0,
    0x7b, 0xea, 0x7f, 0xfb, 0xe8, 0xee, 0x8f, 0xba, 0xeb, 0xfb, 0xfe, 0xff, 0xff, 0xff, 0xff, 0xff, 0xff, 0xe0,
    0x77, 0xfc, 0xff, 0xfd, 0xd4, 0xdf, 0x1f, 0xbc, 0x79, 0xfb, 0xfe, 0xff, 0xff, 0xff, 0xff, 0xff, 0xff, 0xe0,
    0x77, 0xa8, 0xff, 0xfd, 0xe8, 0xfa, 0x3e, 0xfa, 0x78, 0xfb, 0xfe, 0xff, 0xff, 0xff, 0xff, 0xff, 0xff, 0xe0,
    0x7f, 0xf1, 0xff, 0xff, 0xd4, 0x7e, 0x7f, 0xfd, 0x7c, 0x79, 0xfe, 0xff, 0xff, 0xff, 0xff, 0xff, 0xff, 0xe0,
    0x7e, 0xa3, 0xff, 0xff, 0xe8, 0x68, 0xff, 0xfa, 0x3e, 0x79, 0xfe, 0xff, 0xff, 0xff, 0xff, 0xff, 0xff, 0xe0,
    0x7f, 0xe7, 0xff, 0xff, 0xd4, 0x7c, 0xff, 0xdc, 0x7f, 0x3e, 0xfe, 0xff, 0xff, 0xff, 0xff, 0xff, 0xff, 0xe0,
    0x3e, 0xc7, 0xff, 0xfd, 0xe8, 0x69, 0xff, 0xba, 0x6e, 0xbe, 0x7e, 0xff, 0xff, 0xff, 0xfb, 0xff, 0xff, 0xe0,
    0x7f, 0xcf, 0xff, 0xfb, 0xd0, 0xd9, 0xff, 0x7c, 0xff, 0x3f, 0x7e, 0xff, 0xff, 0xff, 0xff, 0xff, 0xff, 0xe0,
    0x7a, 0x9f, 0xff, 0xfb, 0xa9, 0xe9, 0xff, 0xe9, 0xfe, 0x3e, 0x7e, 0xff, 0xff, 0xff, 0xfb, 0xff, 0xff, 0xe0,
    0x7f, 0x9f, 0xff, 0xff, 0xd1, 0xf3, 0xff, 0xf9, 0xdc, 0x7f, 0x7e, 0xff, 0xff, 0xff, 0xfb, 0xff, 0xff, 0xe0,
    0x7e, 0x1f, 0xff, 0xff, 0xa3, 0xa3, 0xff, 0xe3, 0xfa, 0xfe, 0xfe, 0xff, 0xff, 0xff, 0xfb, 0xff, 0xff, 0xe0,
    0x7f, 0x3f, 0xff, 0xff, 0x43, 0xf3, 0xfd, 0xf7, 0xfc, 0xfe, 0xfe, 0xff, 0xff, 0xff, 0xff, 0xff, 0xff, 0xe0,
    0x6a, 0x3f, 0xff, 0xde, 0xa3, 0xa3, 0xfb, 0xa7, 0xf9, 0xf9, 0xfe, 0xff, 0xff, 0xff, 0xbb, 0xff, 0xff, 0xe0,
    0x7f, 0x3f, 0xff, 0xdf, 0x4b, 0xf3, 0xfb, 0xe7, 0xf9, 0xfd, 0xfe, 0xff, 0xff, 0xff, 0xbb, 0xff, 0xff, 0xe0,
    0x6e, 0x3f, 0xff, 0xba, 0x9f, 0xe7, 0xff, 0xef, 0xf9, 0xfd, 0xfe, 0xff, 0xff, 0xff, 0xbb, 0xff, 0xff, 0xe0,
    0x7e, 0x3f, 0xff, 0xfd, 0x9f, 0xe7, 0xff, 0xef, 0xf9, 0xfd, 0xfe, 0xff, 0xff, 0xff, 0xff, 0xff, 0xff, 0xe0,
    0x6a, 0x3f, 0xff, 0xfa, 0x3f, 0xa7, 0xff, 0x8f, 0xeb, 0xf9, 0xfe, 0xff, 0xff, 0xff, 0xbb, 0xff, 0x7f, 0xe0,
    0x7e, 0x3f, 0xff, 0xfe, 0x6f, 0xcf, 0xfb, 0xcf, 0xfb, 0xfb, 0xfe, 0xff, 0xff, 0xff, 0xbb, 0xfe, 0xff, 0xe0,
    0x6e, 0x7f, 0xfd, 0xee, 0x6e, 0xcf, 0xf7, 0xcf, 0xeb, 0xfb, 0xfe, 0x1f, 0xff, 0xff, 0xbb, 0xfd, 0xff, 0xe0,
    0x7e, 0x7f, 0xfd, 0xfc, 0xef, 0xef, 0xf7, 0xcf, 0xf3, 0xfb, 0xfe, 0x17, 0xff, 0xff, 0xff, 0xfe, 0xff, 0xe0,
    0x6a, 0x7f, 0xfb, 0xe8, 0xff, 0xa7, 0xff, 0x8f, 0xe3, 0xf9, 0xfe, 0x11, 0xff, 0xff, 0xbb, 0xff, 0x7f, 0xe0,
    0x7c, 0x7f, 0xff, 0xf9, 0xff, 0xf3, 0xff, 0xdf, 0xf3, 0xfd, 0xfe, 0x11, 0xff, 0xff, 0xbb, 0xff, 0xff, 0xe0,
    0x6c, 0x7f, 0xff, 0xe9, 0xff, 0xe9, 0xfe, 0x9f, 0xe3, 0xfe, 0xfe, 0x11, 0x7f, 0xff, 0xbb, 0xff, 0xff, 0xe0,
    0x7c, 0xff, 0xff, 0xf1, 0xfe, 0xfc, 0xef, 0x9f, 0xfb, 0xff, 0x7e, 0x11, 0x3f, 0xff, 0xff, 0xff, 0xff, 0xe0,
    0x28, 0xff, 0xf7, 0xa3, 0xff, 0x7a, 0x6e, 0x9f, 0xf9, 0xfe, 0x7e, 0x11, 0x3f, 0xff, 0xbb, 0xff, 0xff, 0xe0,
    0x78, 0xff, 0xf7, 0xf3, 0xff, 0xbf, 0x2f, 0x9f, 0xfe, 0xff, 0x7e, 0x11, 0x1f, 0xff, 0xbb, 0xff, 0xff, 0xe0,
    0x68, 0xff, 0xf7, 0xe3, 0xff, 0xfe, 0x8e, 0x9f, 0xfe, 0x7e, 0x3e, 0x11, 0x1f, 0xff, 0xbb, 0xff, 0xff, 0xe0,
    0x79, 0xff, 0xff, 0xf3, 0xff, 0xff, 0x47, 0x9f, 0xff, 0x3c, 0xfe, 0x11, 0x0f, 0xff, 0xff, 0xff, 0xff, 0xe0,
    0x21, 0xff, 0xff, 0xa3, 0xff, 0xff, 0xa3, 0x8f, 0xfe, 0xbe, 0xfe, 0x11, 0x0f, 0xff, 0xbb, 0xff, 0xff, 0xe0,
    0x71, 0xff, 0xff, 0xf3, 0xff, 0xfb, 0xd3, 0xef, 0xff, 0x3d, 0xfe, 0x11, 0x0f, 0xff, 0xbb, 0xff, 0xff, 0xe0,
    0x63, 0xff, 0xef, 0xe3, 0xff, 0xfb, 0xa1, 0xe7, 0xfe, 0x3d, 0xfe, 0x11, 0x0f, 0xff, 0xbb, 0xff, 0xff, 0xe0,
    0x73, 0xff, 0xef, 0xe3, 0xff, 0xfb, 0xd1, 0xf3, 0xfd, 0x7d, 0xfe, 0x11, 0x0f, 0xff, 0xff, 0xff, 0xff, 0xe0,
    0x23, 0xff, 0xee, 0xa7, 0xff, 0xff, 0xa1, 0xe9, 0xfe, 0x79, 0xfe, 0x11, 0x07, 0xff, 0xbf, 0xff, 0xff, 0xe0,
    0x73, 0xff, 0xff, 0xe7, 0xff, 0xff, 0x47, 0x74, 0xfe, 0xf9, 0xfe, 0x11, 0x0f, 0xff, 0xbf, 0xff, 0xff, 0xe0,
    0x63, 0xff, 0xfe, 0xe7, 0xff, 0xfe, 0x8f, 0xfa, 0xfd, 0xfb, 0xea, 0x11, 0x0f, 0xff, 0xbf, 0xff, 0xff, 0xe0,
    0x73, 0xff, 0xff, 0xe7, 0xff, 0xdd, 0x9f, 0xbc, 0x7d, 0xfb, 0xfe, 0x11, 0x0f, 0xff, 0xff, 0xff, 0xff, 0xe0,
    0x21, 0xff, 0xde, 0xa7, 0xff, 0xba, 0x3e, 0xda, 0x79, 0xfb, 0xfe, 0x11, 0x0f, 0xff, 0xbf, 0xff, 0xff, 0xe0,
    0x79, 0xff, 0xdf, 0xe7, 0xff, 0x7e, 0x7f, 0xdd, 0x79, 0xf9, 0xfe, 0x11, 0x0f, 0xff, 0xbf, 0xff, 0xff, 0xe0,
    0x68, 0xff, 0xde, 0xcf, 0xff, 0xec, 0xff, 0xfa, 0x39, 0xfd, 0xfe, 0x11, 0x1f, 0xff, 0xbf, 0xff, 0xff, 0xe0,
    0x7c, 0xff, 0xff, 0xcf, 0xff, 0xfc, 0xff, 0xfc, 0x7b, 0xfc, 0xfe, 0x11, 0x1f, 0xff, 0xff, 0xff, 0xff, 0xe0,
    0x6a, 0x7f, 0xfe, 0x8f, 0xff, 0xe9, 0xff, 0xfa, 0x6b, 0xfe, 0x7e, 0x11, 0x3f, 0xff, 0xbf, 0xff, 0xff, 0xe0,
    0x7e, 0x3f, 0xff, 0xcf, 0xfd, 0xf9, 0xff, 0x74, 0xfb, 0xff, 0x7e, 0x11, 0x3f, 0xff, 0xbf, 0xff, 0xff, 0xe0,
    0x7e, 0x1f, 0xbe, 0x8f, 0xfd, 0xe9, 0xff, 0x69, 0xe3, 0xfe, 0x7e, 0x11, 0x7f, 0xfb, 0xff, 0xff, 0xff, 0xe0,
    0x7f, 0xcf, 0xbf, 0x9f, 0xfb, 0xf3, 0xfe, 0xf9, 0xd3, 0xff, 0x7e, 0x11, 0xff, 0xff, 0xff, 0xff, 0xff, 0xe0,
    0x3e, 0xa7, 0xba, 0x9f, 0xff, 0xa3, 0xff, 0xe3, 0xe3, 0xfe, 0xfe, 0x11, 0xff, 0xfb, 0xff, 0xff, 0xff, 0xe0,
    0x7f, 0xf3, 0xff, 0x9f, 0xff, 0xf3, 0xff, 0xf7, 0xfb, 0xfe, 0xfe, 0x17, 0xff, 0xfb, 0xff, 0xff, 0xff, 0xe0,
    0x7f, 0xa9, 0xfe, 0x9f, 0xff, 0xe3, 0xff, 0xe7, 0xf9, 0xfd, 0xfe, 0x1f, 0xff, 0xfb, 0xff, 0xef, 0xff, 0xe0,
    0x7f, 0xdc, 0x7f, 0x9f, 0xfb, 0xf3, 0xfb, 0xe7, 0xfd, 0xfd, 0xfe, 0xff, 0xff, 0xff, 0xff, 0xef, 0xff, 0xe0,
    0x7d, 0xea, 0x3a, 0x9f, 0xf7, 0xa7, 0xfb, 0xaf, 0xfa, 0xf9, 0xfe, 0xff, 0xff, 0xfb, 0xff, 0xef, 0xef, 0xe0,
    0x7e, 0xf5, 0x1f, 0x9f, 0xf7, 0xe7, 0xfb, 0xef, 0xfd, 0x7d, 0xfe, 0xff, 0xff, 0xfb, 0xff, 0xff, 0xef, 0xe0,
    0x7f, 0x7a, 0x8e, 0x9f, 0xff, 0xe7, 0xff, 0xcf, 0xfe, 0x39, 0xfe, 0xff, 0xff, 0xfb, 0xff, 0xef, 0xdf, 0xe0,
    0x7f, 0xfd, 0x47, 0x8f, 0xff, 0xcf, 0xff, 0xcf, 0xff, 0x3b, 0xfe, 0xff, 0xff, 0xff, 0xff, 0xef, 0xef, 0xe0,
    0x7f, 0xfe, 0xa2, 0x8f, 0xfe, 0x8f, 0xff, 0x8f, 0xfe, 0xbb, 0xfe, 0xff, 0xff, 0xfb, 0xff, 0xef, 0xef, 0xe0,
    0x7f, 0xff, 0x51, 0xc7, 0xef, 0xef, 0xf7, 0xcf, 0xff, 0x3b, 0xfe, 0xff, 0xff, 0xfb, 0xff, 0xff, 0xff, 0xe0,
    0x7f, 0xef, 0xa8, 0xe7, 0xf7, 0xe7, 0xf7, 0xcf, 0xfe, 0x79, 0xfe, 0xff, 0xff, 0xfb, 0xff, 0xef, 0xff, 0xe0,
    0x7f, 0xf7, 0xd0, 0xf3, 0xfb, 0xf3, 0xf7, 0xdf, 0xfc, 0xfd, 0xfe, 0xff, 0xff, 0xff, 0xff, 0xef, 0xff, 0xe0,
    0x7f, 0xf7, 0xa8, 0x23, 0xff, 0xe9, 0xfe, 0x9f, 0xf8, 0xfe, 0xfe, 0xff, 0xff, 0xfb, 0xff, 0xef, 0xff, 0xe0,
    0x7f, 0xff, 0xd0, 0x79, 0xff, 0xfc, 0xff, 0x9f, 0xfd, 0xff, 0x7e, 0xff, 0xff, 0xfb, 0xff, 0xff, 0xff, 0xe0,
    0x7f, 0xff, 0xa8, 0x6c, 0xff, 0xfa, 0x7e, 0x9f, 0xf9, 0xfe, 0x7e, 0xff, 0xff, 0xfb, 0xff, 0xef, 0xff, 0xe0,
    0x7f, 0xff, 0xd0, 0x7e, 0x7f, 0xbd, 0x2f, 0x9f, 0xf9, 0xff, 0x7e, 0xff, 0xff, 0xff, 0xff, 0xef, 0xff, 0xe0,
    0x7f, 0xef, 0xa8, 0x7a, 0x3f, 0xee, 0x8e, 0x9f, 0xf9, 0xfe, 0x7e, 0xff, 0xff, 0xfb, 0xff, 0xef, 0xff, 0xe0,
    0x7f, 0xef, 0x50, 0x3f, 0x9f, 0xf7, 0x47, 0x9f, 0xfb, 0xfe, 0xfe, 0xff, 0xff, 0xfb, 0xff, 0xff, 0xff, 0xe0,
    0x7f, 0xde, 0xa3, 0xbe, 0x8f, 0xff, 0xa3, 0xcf, 0xeb, 0xfe, 0xfe, 0xff, 0xff, 0xfb, 0xff, 0xff, 0xff, 0xe0,
    0x7f, 0xff, 0x43, 0xff, 0xc7, 0xff, 0xd3, 0xef, 0xfb, 0xfd, 0xfe, 0xff, 0xff, 0xff, 0xff, 0xff, 0xff, 0xe0,
    0x7f, 0xfe, 0x87, 0xbe, 0xa7, 0xff, 0xa1, 0xa7, 0xe3, 0xf9, 0xfe, 0xff, 0xff, 0xfb, 0xff, 0xff, 0xff, 0xe0,
    0x00, 0x00, 0x00, 0x00, 0x00, 0x00, 0x00, 0x00, 0x00, 0x00, 0x00, 0x00, 0x00, 0x00, 0x00, 0x00, 0x00, 0x00,
};

static const lv_img_dsc_t waves12 = {
    .header.cf = LV_IMG_CF_INDEXED_1BIT,
    .header.always_zero = 0,
    .header.reserved = 0,
    .header.w = 140,
    .header.h = 68,
    .data_size = 1232,
    .data = waves12_map,
};

static const LV_ATTRIBUTE_MEM_ALIGN LV_ATTRIBUTE_LARGE_CONST uint8_t waves13_map[] = {
#if CONFIG_NICE_VIEW_WIDGET_INVERTED
    0xff, 0xff, 0xff, 0xff, /*Color of index 0*/
    0x00, 0x00, 0x00, 0xff, /*Color of index 1*/
#else
    0x00, 0x00, 0x00, 0xff, /*Color of index 0*/
    0xff, 0xff, 0xff, 0xff, /*Color of index 1*/
#endif
    0x00, 0x00, 0x00, 0x00, 0x00, 0x00, 0x00, 0x00, 0x00, 0x00, 0x00, 0x00, 0x00, 0x00, 0x00, 0x00, 0x00, 0x00,
    0x7f, 0xdf, 0x43, 0xdd, 0xcf, 0xfb, 0xd0, 0xf9, 0xf3, 0xf9, 0xfe, 0xff, 0xff, 0xff, 0xff, 0xff, 0xff, 0xe0,
    0x7f, 0xbe, 0xa7, 0xee, 0xa7, 0xf7, 0xa7, 0x78, 0xe3, 0xfb, 0xfe, 0xff, 0xff, 0xff, 0xff, 0xff, 0xff, 0xe0,
    0x7f, 0xfd, 0x4f, 0xff, 0x53, 0xff, 0x4f, 0xf4, 0xfb, 0xfb, 0xfe, 0xff, 0xff, 0xff, 0xff, 0xff, 0xff, 0xe0,
    0x7f, 0xfa, 0x9f, 0xff, 0xa1, 0xfe, 0x9f, 0x7a, 0x7d, 0xfb, 0xfe, 0xff, 0xff, 0xff, 0xff, 0xff, 0xff, 0xe0,
    0x7f, 0xfd, 0x3f, 0xff, 0xd1, 0xfd, 0x3f, 0xfd, 0x7e, 0xfb, 0xfe, 0xff, 0xff, 0xff, 0xff, 0xff, 0xff, 0xe0,
    0x7d, 0xea, 0x3f, 0xfb, 0xe8, 0x7a, 0x7f, 0xda, 0x7e, 0x79, 0xfe, 0xff, 0xff, 0xff, 0xff, 0xff, 0xff, 0xe0,
    0x7b, 0xfc, 0x7f, 0xfb, 0xd4, 0xfc, 0xff, 0xdd, 0x3f, 0x3c, 0xfe, 0xff, 0xff, 0xff, 0xfb, 0xff, 0xff, 0xe0,
    0x77, 0xa8, 0xff, 0xfd, 0xe8, 0xec, 0xff, 0xda, 0x5e, 0xbe, 0x7e, 0xff, 0xff, 0xff, 0xfb, 0xff, 0xff, 0xe0,
    0x7f, 0xf1, 0xff, 0xff, 0xd4, 0x79, 0xff, 0xfc, 0x7f, 0x3f, 0x7e, 0xff, 0xff, 0xff, 0xff, 0xff, 0xff, 0xe0,
    0x7e, 0xa3, 0xff, 0xff, 0xe8, 0x69, 0xff, 0xf8, 0xfe, 0x3e, 0x7e, 0xff, 0xff, 0xff, 0xfb, 0xff, 0xff, 0xe0,
    0x7f, 0xe7, 0xff, 0xff, 0xd4, 0x39, 0xff, 0xf5, 0xed, 0x7f, 0x7e, 0xff, 0xff, 0xff, 0xfb, 0xff, 0xff, 0xe0,
    0x3e, 0xc7, 0xff, 0xfd, 0xe8, 0x63, 0xfe, 0xe9, 0xfe, 0x7e, 0x7e, 0xff, 0xff, 0xff, 0xfb, 0xff, 0xff, 0xe0,
    0x7f, 0xcf, 0xff, 0xfb, 0xd4, 0xf3, 0xfd, 0xf3, 0xfe, 0xfc, 0xfe, 0xff, 0xff, 0xff, 0xff, 0xff, 0xff, 0xe0,
    0x7a, 0x8f, 0xff, 0xfb, 0xa9, 0x83, 0xfd, 0xa7, 0xf9, 0xf9, 0xfe, 0xff, 0xff, 0xff, 0xbb, 0xff, 0xff, 0xe0,
    0x7f, 0x9f, 0xff, 0xff, 0xd1, 0xf3, 0xff, 0xe7, 0xfd, 0xfd, 0xfe, 0xff, 0xff, 0xff, 0xbb, 0xff, 0xff, 0xe0,
    0x7e, 0x1f, 0xff, 0xff, 0xa3, 0xe3, 0xff, 0xe7, 0xf9, 0xfd, 0xfe, 0xff, 0xff, 0xff, 0xbb, 0xff, 0xff, 0xe0,
    0x7f, 0x1f, 0xff, 0xff, 0x43, 0xe7, 0xff, 0xef, 0xf9, 0xfd, 0xfe, 0xff, 0xff, 0xff, 0xff, 0xff, 0xff, 0xe0,
    0x6a, 0x3f, 0xff, 0xde, 0xa7, 0xa7, 0xfb, 0xaf, 0xf9, 0xf9, 0xfe, 0xff, 0xff, 0xff, 0xbb, 0xff, 0x7f, 0xe0,
    0x7f, 0x3f, 0xff, 0xdf, 0x47, 0xe7, 0xfb, 0xcf, 0xfb, 0xfb, 0xfe, 0xff, 0xff, 0xff, 0xbb, 0xfe, 0xff, 0xe0,
    0x6e, 0x3f, 0xff, 0xbe, 0x8e, 0xcf, 0xfb, 0xcf, 0xeb, 0xfb, 0xfe, 0x1f, 0xff, 0xff, 0xbb, 0xfd, 0xff, 0xe0,
    0x7e, 0x3f, 0xff, 0xfd, 0x9f, 0xcf, 0xff, 0xcf, 0xfb, 0xfb, 0xfe, 0x17, 0xff, 0xff, 0xff, 0xfe, 0xff, 0xe0,
    0x6a, 0x3f, 0xff, 0xfa, 0x3e, 0xaf, 0xff, 0x8f, 0xe3, 0xfb, 0xfe, 0x11, 0xff, 0xff, 0xbb, 0xff, 0x7f, 0xe0,
    0x7e, 0x3f, 0xff, 0xfe, 0x3f, 0xe7, 0xff, 0xcf, 0xf3, 0xfd, 0xfe, 0x11, 0xff, 0xff, 0xbb, 0xff, 0xff, 0xe0,
    0x6e, 0x7f, 0xfd, 0xee, 0x7b, 0xe3, 0xf6, 0xdf, 0xe3, 0xfc, 0xfe, 0x11, 0x7f, 0xff, 0xbb, 0xff, 0xff, 0xe0,
    0x7e, 0x7f, 0xfd, 0xfc, 0xfd, 0xf9, 0xf7, 0x9f, 0xfb, 0xfe, 0x7e, 0x11, 0x3f, 0xff, 0xff, 0xff, 0xff, 0xe0,
    0x6a, 0x7f, 0xfb, 0xe8, 0xfe, 0xe8, 0xee, 0x9f, 0xf9, 0xfe, 0x7e, 0x11, 0x3f, 0xff, 0xbb, 0xff, 0xff, 0xe0,
    0x7e, 0x7f, 0xff, 0xf9, 0xff, 0xfe, 0x7f, 0x9f, 0xfd, 0xff, 0x7e, 0x11, 0x1f, 0xff, 0xbb, 0xff, 0xff, 0xe0,
    0x6c, 0x7f, 0xff, 0xe9, 0xff, 0xfa, 0x3e, 0x9f, 0xfa, 0xfe, 0x7e, 0x11, 0x1f, 0xff, 0xbb, 0xff, 0xff, 0xe0,
    0x7c, 0xff, 0xff, 0xf9, 0xff, 0xff, 0xcf, 0x9f, 0xfd, 0x7f, 0x7e, 0x11, 0x0f, 0xff, 0xff, 0xff, 0xff, 0xe0,
    0x28, 0xff, 0xf7, 0xa3, 0xff, 0xf7, 0xa6, 0x9f, 0xfe, 0x3e, 0xfe, 0x11, 0x0f, 0xff, 0xbb, 0xff, 0xff, 0xe0,
    0x78, 0xff, 0xf7, 0xf3, 0xff, 0xfb, 0xd3, 0xcf, 0xff, 0x3d, 0xbe, 0x11, 0x0f, 0xff, 0xbb, 0xff, 0xff, 0xe0,
    0x68, 0xff, 0xf7, 0xe3, 0xff, 0xfb, 0xa3, 0xcf, 0xfe, 0xbd, 0xea, 0x11, 0x0f, 0xff, 0xbb, 0xff, 0xff, 0xe0,
    0x79, 0xff, 0xff, 0xf3, 0xff, 0xff, 0xd1, 0xe7, 0xff, 0x3d, 0xfe, 0x11, 0x0f, 0xff, 0xff, 0xff, 0xff, 0xe0,
    0x21, 0xff, 0xff, 0xa3, 0xff, 0xff, 0xa1, 0xe3, 0xfe, 0x79, 0xfe, 0x11, 0x07, 0xff, 0xbf, 0xff, 0xff, 0xe0,
    0x71, 0xff, 0xff, 0xf3, 0xff, 0xff, 0xd0, 0xf9, 0xfe, 0xf9, 0xfe, 0x11, 0x0f, 0xff, 0xbf, 0xff, 0xff, 0xe0,
    0x63, 0xff, 0xef, 0xe3, 0xff, 0xf7, 0xa7, 0x78, 0xf8, 0xfb, 0xfe, 0x11, 0x0f, 0xff, 0xbf, 0xff, 0xff, 0xe0,
    0x73, 0xff, 0xef, 0xe3, 0xff, 0xef, 0xcf, 0xb4, 0xfd, 0xfa, 0xfe, 0x11, 0x0f, 0xff, 0xff, 0xff, 0xff, 0xe0,
    0x23, 0xff, 0xee, 0xa7, 0xff, 0xde, 0x9f, 0x3a, 0x79, 0xfb, 0xfe, 0x11, 0x0f, 0xff, 0xbf, 0xff, 0xff, 0xe0,
    0x73, 0xff, 0xff, 0xe7, 0xff, 0xff, 0x3f, 0xfd, 0x79, 0xfb, 0xfe, 0x11, 0x0f, 0xff, 0xbf, 0xff, 0xff, 0xe0,
    0x63, 0xff, 0xfe, 0xe7, 0xff, 0xfa, 0x7f, 0xfa, 0x79, 0xfd, 0xfe, 0x11, 0x1f, 0xff, 0xbf, 0xff, 0xff, 0xe0,
    0x73, 0xff, 0xff, 0xe7, 0xff, 0xfc, 0xff, 0xfd, 0x3b, 0xfc, 0xfe, 0x11, 0x1f, 0xff, 0xff, 0xff, 0xff, 0xe0,
    0x21, 0xff, 0xde, 0xa7, 0xfe, 0xe8, 0xff, 0xda, 0x4b, 0xfe, 0x7e, 0x11, 0x3f, 0xff, 0xbf, 0xff, 0xff, 0xe0,
    0x71, 0xff, 0xdf, 0xe7, 0xfd, 0xf9, 0xff, 0xbc, 0x7b, 0xff, 0x7e, 0x11, 0x3f, 0xfb, 0xff, 0xff, 0xff, 0xe0,
    0x69, 0xff, 0xde, 0xc7, 0xfd, 0xe9, 0xff, 0x78, 0xe3, 0xfe, 0x7e, 0x11, 0x7f, 0xfb, 0xff, 0xff, 0xff, 0xe0,
    0x7c, 0xff, 0xff, 0xcf, 0xff, 0xf9, 0xff, 0xfd, 0xe3, 0xff, 0x7e, 0x11, 0xff, 0xff, 0xff, 0xff, 0xff, 0xe0,
    0x68, 0x7f, 0xfe, 0x8f, 0xff, 0xa3, 0xff, 0xe9, 0xe3, 0xfe, 0x7e, 0x11, 0xff, 0xfb, 0xff, 0xff, 0xff, 0xe0,
    0x7e, 0x3f, 0xff, 0xcf, 0xff, 0xf3, 0xff, 0xf3, 0xf3, 0xfe, 0xfe, 0x17, 0xff, 0xfb, 0xff, 0xff, 0xff, 0xe0,
    0x7e, 0x1f, 0xbe, 0x8f, 0xfb, 0xe3, 0xfd, 0xe7, 0xeb, 0xfd, 0xfe, 0x1f, 0xff, 0xfb, 0xff, 0xef, 0xff, 0xe0,
    0x7f, 0x8f, 0xbf, 0x9f, 0xfb, 0xf3, 0xfb, 0xe7, 0xf9, 0xfd, 0xfe, 0xff, 0xff, 0xff, 0xff, 0xef, 0xef, 0xe0,
    0x3e, 0x87, 0xba, 0x9f, 0xfb, 0xa3, 0xfb, 0xa7, 0xf8, 0xf9, 0xfe, 0xff, 0xff, 0xfb, 0xff, 0xef, 0xef, 0xe0,
    0x7f, 0xf3, 0xff, 0x9f, 0xff, 0xe7, 0xff, 0xef, 0xfe, 0x7d, 0xfe, 0xff, 0xff, 0xfb, 0xff, 0xff, 0xdf, 0xe0,
    0x7f, 0xa9, 0xfe, 0x9f, 0xff, 0xe7, 0xff, 0xef, 0xfe, 0x79, 0xfe, 0xff, 0xff, 0xfb, 0xff, 0xef, 0xef, 0xe0,
    0x7f, 0xdc, 0xff, 0x9f, 0xff, 0xe7, 0xff, 0xcf, 0xff, 0x3b, 0xfe, 0xff, 0xff, 0xff, 0xff, 0xef, 0xef, 0xe0,
    0x7d, 0xea, 0x3a, 0x9f, 0xee, 0x8f, 0xfb, 0x8f, 0xfe, 0xbb, 0xfe, 0xff, 0xff, 0xfb, 0xff, 0xef, 0xff, 0xe0,
    0x7e, 0xf5, 0x1f, 0x9f, 0xef, 0xcf, 0xf7, 0xcf, 0xff, 0x3b, 0xfe, 0xff, 0xff, 0xfb, 0xff, 0xff, 0xff, 0xe0,
    0x7f, 0x7a, 0x8e, 0x9f, 0xee, 0xef, 0xf7, 0xcf, 0xfe, 0x3b, 0xfe, 0xff, 0xff, 0xfb, 0xff, 0xef, 0xff, 0xe0,
    0x7f, 0xfd, 0x47, 0x8f, 0xff, 0xe7, 0xff, 0xcf, 0xfc, 0x7d, 0xfe, 0xff, 0xff, 0xff, 0xff, 0xef, 0xff, 0xe0,
    0x7f, 0xfe, 0xa2, 0x8f, 0xff, 0xa3, 0xfe, 0x9f, 0xfa, 0xfc, 0xfe, 0xff, 0xff, 0xfb, 0xff, 0xef, 0xff, 0xe0,
    0x7f, 0xff, 0x53, 0xcf, 0xff, 0xf9, 0xff, 0x9f, 0xfc, 0xfe, 0x7e, 0xff, 0xff, 0xfb, 0xff, 0xff, 0xff, 0xe0,
    0x7f, 0xef, 0xa8, 0xe7, 0xfe, 0xec, 0xee, 0x9f, 0xfd, 0xfe, 0x7e, 0xff, 0xff, 0xfb, 0xff, 0xef, 0xff, 0xe0,
    0x7f, 0xf7, 0xd0, 0xe3, 0xff, 0x7e, 0x6f, 0x9f, 0xf9, 0xff, 0x7e, 0xff, 0xff, 0xff, 0xff, 0xef, 0xff, 0xe0,
    0x7f, 0xf7, 0xa8, 0x23, 0xff, 0xba, 0x2e, 0x9f, 0xf9, 0xfe, 0x7e, 0xff, 0xff, 0xfb, 0xff, 0xef, 0xff, 0xe0,
    0x7f, 0xff, 0xd0, 0x79, 0xff, 0xff, 0x4f, 0x9f, 0xf9, 0xff, 0x7e, 0xff, 0xff, 0xfb, 0xff, 0xff, 0xff, 0xe0,
    0x7f, 0xff, 0xa8, 0x6c, 0xff, 0xff, 0xa6, 0x9f, 0xeb, 0xfe, 0xfe, 0xff, 0xff, 0xfb, 0xff, 0xff, 0xff, 0xe0,
    0x7f, 0xff, 0xd0, 0x3e, 0x7f, 0xff, 0xd3, 0xcf, 0xfb, 0xfd, 0xfe, 0xff, 0xff, 0xff, 0xff, 0xff, 0xff, 0xe0,
    0x7f, 0xf7, 0xa8, 0x7a, 0x3f, 0xfb, 0xa3, 0x8f, 0xeb, 0xf9, 0xfe, 0xff, 0xff, 0xfb, 0xff, 0xff, 0xff, 0xe0,
    0x00, 0x00, 0x00, 0x00, 0x00, 0x00, 0x00, 0x00, 0x00, 0x00, 0x00, 0x00, 0x00, 0x00, 0x00, 0x00, 0x00, 0x00,
};

static const lv_img_dsc_t waves13 = {
    .header.cf = LV_IMG_CF_INDEXED_1BIT,
    .header.always_zero = 0,
    .header.reserved = 0,
    .header.w = 140,
    .header.h = 68,
    .data_size = 1232,
    .data = waves13_map,
};

static const LV_ATTRIBUTE_MEM_ALIGN LV_ATTRIBUTE_LARGE_CONST uint8_t waves14_map[] = {
#if CONFIG_NICE_VIEW_WIDGET_INVERTED
    0xff, 0xff, 0xff, 0xff, /*Color of index 0*/
    0x00, 0x00, 0x00, 0xff, /*Color of index 1*/
#else
    0x00, 0x00, 0x00, 0xff, /*Color of index 0*/
    0xff, 0xff, 0xff, 0xff, /*Color of index 1*/
#endif
    0x00, 0x00, 0x00, 0x00, 0x00, 0x00, 0x00, 0x00, 0x00, 0x00, 0x00, 0x00, 0x00, 0x00, 0x00, 0x00, 0x00, 0x00,
    0x7f, 0xff, 0xd0, 0x7c, 0x7f, 0xfb, 0xd1, 0xf3, 0xf3, 0xfd, 0xfe, 0xff, 0xff, 0xff, 0xff, 0xff, 0xff, 0xe0,
    0x7f, 0xff, 0xa8, 0x6a, 0x7f, 0xff, 0xa1, 0xe9, 0xe3, 0xf9, 0xfe, 0xff, 0xff, 0xff, 0xff, 0xff, 0xff, 0xe0,
    0x7f, 0xff, 0x50, 0x3f, 0x3f, 0xff, 0x47, 0x74, 0xfb, 0xfb, 0xfe, 0xff, 0xff, 0xff, 0xff, 0xff, 0xff, 0xe0,
    0x7f, 0xef, 0xa1, 0xba, 0x9f, 0xfe, 0x8f, 0xfa, 0xf9, 0xfb, 0xfe, 0xff, 0xff, 0xff, 0xff, 0xff, 0xff, 0xe0,
    0x7f, 0xdf, 0x53, 0xdd, 0xcf, 0xdd, 0x9f, 0xbc, 0x7d, 0xfb, 0xfe, 0xff, 0xff, 0xff, 0xff, 0xff, 0xff, 0xe0,
    0x7f, 0xbe, 0xa7, 0x9e, 0xa7, 0xba, 0x3e, 0xda, 0x7a, 0xfb, 0xfe, 0xff, 0xff, 0xff, 0xff, 0xff, 0xff, 0xe0,
    0x7f, 0xfd, 0x47, 0xff, 0x53, 0x7e, 0x7f, 0xdd, 0x7d, 0x7d, 0xfe, 0xff, 0xff, 0xff, 0xfb, 0xff, 0xff, 0xe0,
    0x7f, 0xfa, 0x8f, 0xff, 0xa3, 0xec, 0xff, 0xfa, 0x3e, 0x3e, 0xfe, 0xff, 0xff, 0xff, 0xfb, 0xff, 0xff, 0xe0,
    0x7f, 0xfd, 0x1f, 0xff, 0xd1, 0xfc, 0xff, 0xfc, 0x7f, 0x3f, 0x7e, 0xff, 0xff, 0xff, 0xff, 0xff, 0xff, 0xe0,
    0x7d, 0xea, 0x3f, 0xfb, 0xe8, 0xe9, 0xff, 0xfa, 0x6e, 0xbe, 0x7e, 0xff, 0xff, 0xff, 0xfb, 0xff, 0xff, 0xe0,
    0x7b, 0xfc, 0x7f, 0xfb, 0xd4, 0xf9, 0xff, 0x74, 0xff, 0x3f, 0x7e, 0xff, 0xff, 0xff, 0xfb, 0xff, 0xff, 0xe0,
    0x77, 0xa8, 0xff, 0xfd, 0xe8, 0xe9, 0xff, 0x69, 0xfe, 0x7e, 0x7e, 0xff, 0xff, 0xff, 0xfb, 0xff, 0xff, 0xe0,
    0x7f, 0xf9, 0xff, 0xff, 0xd4, 0x73, 0xfe, 0xf9, 0xdc, 0xfc, 0xfe, 0xff, 0xff, 0xff, 0xff, 0xff, 0xff, 0xe0,
    0x7e, 0xa3, 0xff, 0xff, 0xe8, 0x23, 0xff, 0xe3, 0xf8, 0xfe, 0xfe, 0xff, 0xff, 0xff, 0xbb, 0xff, 0xff, 0xe0,
    0x7f, 0xe3, 0xff, 0xff, 0xd4, 0x73, 0xff, 0xf7, 0xfd, 0xfd, 0xfe, 0xff, 0xff, 0xff, 0xbb, 0xff, 0xff, 0xe0,
    0x3e, 0xc7, 0xff, 0xfd, 0xe8, 0x63, 0xff, 0xe7, 0xf9, 0xfd, 0xfe, 0xff, 0xff, 0xff, 0xbb, 0xff, 0xff, 0xe0,
    0x7f, 0xcf, 0xff, 0xfb, 0xd4, 0x53, 0xfb, 0xe7, 0xf9, 0xfd, 0xfe, 0xff, 0xff, 0xff, 0xff, 0xfe, 0xff, 0xe0,
    0x7a, 0x8f, 0xff, 0xfb, 0xa9, 0xa7, 0xfb, 0xaf, 0xf9, 0xf9, 0xfe, 0xff, 0xff, 0xff, 0xbb, 0xfe, 0xff, 0xe0,
    0x7f, 0x9f, 0xff, 0xff, 0xd1, 0xe7, 0xfb, 0xef, 0xfb, 0xf9, 0xfe, 0xff, 0xff, 0xff, 0xbb, 0xfd, 0xff, 0xe0,
    0x7e, 0x1f, 0xff, 0xff, 0xa3, 0xa7, 0xff, 0xcf, 0xeb, 0xfb, 0xfe, 0x1f, 0xff, 0xff, 0xbb, 0xfe, 0xff, 0xe0,
    0x7f, 0x1f, 0xff, 0xff, 0x53, 0xcf, 0xff, 0xcf, 0xfb, 0xfb, 0xfe, 0x17, 0xff, 0xff, 0xff, 0xfe, 0xff, 0xe0,
    0x6a, 0x3f, 0xff, 0xee, 0xa6, 0x8f, 0xff, 0x8f, 0xe3, 0xfb, 0xfe, 0x11, 0xff, 0xff, 0xbb, 0xff, 0xff, 0xe0,
    0x7f, 0x3f, 0xff, 0xdd, 0x4f, 0xcf, 0xf7, 0xcf, 0xf3, 0xfb, 0xfe, 0x11, 0xff, 0xff, 0xbb, 0xff, 0xff, 0xe0,
    0x6e, 0x3f, 0xff, 0xbe, 0x87, 0xe7, 0xf7, 0xcf, 0xe3, 0xfd, 0xfe, 0x11, 0x7f, 0xff, 0xbb, 0xff, 0xff, 0xe0,
    0x7e, 0x3f, 0xff, 0xfd, 0x9b, 0xf3, 0xf7, 0xdf, 0xf3, 0xfc, 0xfe, 0x11, 0x3f, 0xff, 0xff, 0xff, 0xff, 0xe0,
    0x6a, 0x3f, 0xff, 0xfa, 0x3f, 0xab, 0xfe, 0x9f, 0xeb, 0xfe, 0x7e, 0x11, 0x3f, 0xff, 0xbb, 0xff, 0xff, 0xe0,
    0x7e, 0x3f, 0xff, 0xff, 0x3f, 0xfc, 0xff, 0x9f, 0xf9, 0xff, 0x7e, 0x11, 0x1f, 0xff, 0xbb, 0xff, 0xff, 0xe0,
    0x6e, 0x3f, 0xfe, 0xee, 0x7f, 0xfe, 0x7e, 0x9f, 0xfc, 0xfe, 0x7e, 0x11, 0x1f, 0xff, 0xbb, 0xff, 0xff, 0xe0,
    0x7e, 0x7f, 0xfd, 0xfc, 0x7f, 0xbd, 0x2f, 0x9f, 0xfc, 0x7f, 0x7e, 0x11, 0x0f, 0xff, 0xff, 0xff, 0xff, 0xe0,
    0x6a, 0x7f, 0xfd, 0xe8, 0xff, 0xee, 0x8e, 0x9f, 0xfe, 0x7e, 0xfe, 0x11, 0x0f, 0xff, 0xbb, 0xff, 0xff, 0xe0,
    0x7e, 0x7f, 0xff, 0xf8, 0xff, 0xf7, 0x47, 0x9f, 0xff, 0x3e, 0xfe, 0x11, 0x0f, 0xff, 0xbb, 0xff, 0xff, 0xe0,
    0x6c, 0x7f, 0xff, 0xe9, 0xff, 0xff, 0xa3, 0xcf, 0xfe, 0xbd, 0xfe, 0x11, 0x0f, 0xff, 0xbb, 0xff, 0xff, 0xe0,
    0x7c, 0x7f, 0xff, 0xf9, 0xff, 0xff, 0xd3, 0xcf, 0xff, 0x3d, 0xfe, 0x11, 0x0f, 0xff, 0xff, 0xff, 0xff, 0xe0,
    0x28, 0xff, 0xf7, 0xa1, 0xff, 0xff, 0xa1, 0xa7, 0xfe, 0x39, 0xfa, 0x11, 0x07, 0xff, 0xbf, 0xff, 0xff, 0xe0,
    0x7c, 0xff, 0xf7, 0xf3, 0xff, 0xfb, 0xd1, 0xf3, 0xfd, 0x7d, 0xfe, 0x11, 0x0f, 0xff, 0xbf, 0xff, 0xff, 0xe0,
    0x68, 0xff, 0xf7, 0xe3, 0xff, 0xfb, 0xa0, 0xe9, 0xfa, 0xf9, 0xfe, 0x11, 0x0f, 0xff, 0xbf, 0xff, 0xff, 0xe0,
    0x79, 0xff, 0xff, 0xf3, 0xff, 0xf7, 0x47, 0x7c, 0xfc, 0xfb, 0xfe, 0x11, 0x0f, 0xff, 0xff, 0xff, 0xff, 0xe0,
    0x29, 0xff, 0xff, 0xa3, 0xff, 0xfe, 0x8f, 0xfa, 0xf9, 0xfb, 0xfe, 0x11, 0x0f, 0xff, 0xbf, 0xff, 0xff, 0xe0,
    0x71, 0xff, 0xff, 0xf3, 0xff, 0xff, 0x1f, 0xfc, 0x79, 0xfb, 0xee, 0x11, 0x0f, 0xff, 0xbf, 0xff, 0xff, 0xe0,
    0x63, 0xff, 0xef, 0xe3, 0xff, 0xfa, 0x3e, 0xfa, 0x79, 0xfb, 0xbe, 0x11, 0x1f, 0xff, 0xbf, 0xff, 0xff, 0xe0,
    0x73, 0xff, 0xef, 0xe3, 0xff, 0x7e, 0x7f, 0xdd, 0x79, 0xfc, 0xfe, 0x11, 0x1f, 0xff, 0xff, 0xff, 0xff, 0xe0,
    0x23, 0xff, 0xef, 0xa3, 0xfe, 0xe8, 0xff, 0xda, 0x2b, 0xfe, 0xfe, 0x11, 0x3f, 0xff, 0xbf, 0xff, 0xff, 0xe0,
    0x73, 0xff, 0xff, 0xe7, 0xfe, 0xfc, 0xff, 0xdc, 0x7b, 0xff, 0x7e, 0x11, 0x3f, 0xfb, 0xff, 0xff, 0xff, 0xe0,
    0x63, 0xff, 0xfe, 0xe7, 0xff, 0xe9, 0xff, 0xfa, 0x6b, 0xfe, 0x7e, 0x11, 0x7f, 0xfb, 0xff, 0xff, 0xff, 0xe0,
    0x73, 0xff, 0xff, 0xe7, 0xff, 0xf9, 0xff, 0xf4, 0xf3, 0xff, 0x7e, 0x11, 0xff, 0xff, 0xff, 0xff, 0xff, 0xe0,
    0x23, 0xff, 0xde, 0xa7, 0xff, 0xe9, 0xff, 0xe9, 0xe3, 0xfe, 0x7e, 0x11, 0xff, 0xfb, 0xff, 0xff, 0xff, 0xe0,
    0x71, 0xff, 0xdf, 0xe7, 0xfb, 0xf3, 0xfe, 0xf9, 0xd3, 0xfe, 0xfe, 0x17, 0xff, 0xfb, 0xff, 0xff, 0xff, 0xe0,
    0x69, 0xff, 0xde, 0xc7, 0xfb, 0xe3, 0xfd, 0xe3, 0xe3, 0xfe, 0xfe, 0x1f, 0xff, 0xfb, 0xff, 0xef, 0xf7, 0xe0,
    0x78, 0xff, 0xff, 0xcf, 0xfb, 0xf3, 0xfd, 0xf7, 0xfb, 0xfd, 0xfe, 0xff, 0xff, 0xff, 0xff, 0xef, 0xef, 0xe0,
    0x68, 0x7f, 0xfe, 0x8f, 0xff, 0xa3, 0xff, 0xa7, 0xf9, 0xf9, 0xfe, 0xff, 0xff, 0xfb, 0xff, 0xef, 0xdf, 0xe0,
    0x7e, 0x7f, 0xff, 0xcf, 0xff, 0xf3, 0xff, 0xe7, 0xfc, 0xfd, 0xfe, 0xff, 0xff, 0xfb, 0xff, 0xff, 0xef, 0xe0,
    0x6e, 0x3f, 0xbe, 0x8f, 0xff, 0xe7, 0xff, 0xef, 0xfe, 0x7d, 0xfe, 0xff, 0xff, 0xfb, 0xff, 0xef, 0xf7, 0xe0,
    0x7f, 0x9f, 0xbf, 0x9f, 0xf7, 0xe7, 0xfb, 0xef, 0xff, 0x39, 0xfe, 0xff, 0xff, 0xff, 0xff, 0xef, 0xff, 0xe0,
    0x3e, 0x87, 0xba, 0x9f, 0xf7, 0xa7, 0xfb, 0x8f, 0xfe, 0xbb, 0xfe, 0xff, 0xff, 0xfb, 0xff, 0xef, 0xff, 0xe0,
    0x7f, 0xe3, 0xff, 0x9f, 0xef, 0xcf, 0xfb, 0xcf, 0xff, 0x3b, 0xfe, 0xff, 0xff, 0xfb, 0xff, 0xff, 0xff, 0xe0,
    0x7f, 0xa1, 0xfe, 0x9f, 0xfe, 0xcf, 0xff, 0xcf, 0xfe, 0x3b, 0xfe, 0xff, 0xff, 0xfb, 0xff, 0xef, 0xff, 0xe0,
    0x7f, 0xdc, 0xff, 0x9f, 0xff, 0xcf, 0xff, 0xcf, 0xfd, 0x7b, 0xfe, 0xff, 0xff, 0xff, 0xff, 0xef, 0xff, 0xe0,
    0x7b, 0xea, 0x7a, 0x9f, 0xff, 0xa7, 0xff, 0x8f, 0xfe, 0x79, 0xfe, 0xff, 0xff, 0xfb, 0xff, 0xef, 0xff, 0xe0,
    0x7d, 0xf7, 0x3f, 0x9f, 0xfb, 0xf3, 0xf7, 0xdf, 0xfe, 0xfe, 0xfe, 0xff, 0xff, 0xfb, 0xff, 0xff, 0xff, 0xe0,
    0x7e, 0xfa, 0x9e, 0x9f, 0xfb, 0xeb, 0xf6, 0x9f, 0xfd, 0xfe, 0x7e, 0xff, 0xff, 0xfb, 0xff, 0xef, 0xff, 0xe0,
    0x7f, 0xfd, 0x47, 0x9f, 0xfe, 0xfc, 0xef, 0x9f, 0xfd, 0xff, 0x7e, 0xff, 0xff, 0xff, 0xff, 0xef, 0xff, 0xe0,
    0x7f, 0xfe, 0xa6, 0x8f, 0xff, 0xfa, 0x7e, 0x9f, 0xf9, 0xfe, 0x7e, 0xff, 0xff, 0xfb, 0xff, 0xef, 0xff, 0xe0,
    0x7f, 0xff, 0x53, 0xcf, 0xff, 0xff, 0x3f, 0x9f, 0xf9, 0xff, 0x7e, 0xff, 0xff, 0xfb, 0xff, 0xff, 0xff, 0xe0,
    0x7f, 0xef, 0xa0, 0xe7, 0xff, 0xfe, 0x8e, 0x9f, 0xf9, 0xfe, 0xfe, 0xff, 0xff, 0xfb, 0xff, 0xff, 0xff, 0xe0,
    0x7f, 0xef, 0x51, 0xe7, 0xff, 0xf7, 0x47, 0x9f, 0xfb, 0xfe, 0xfe, 0xff, 0xff, 0xff, 0xff, 0xff, 0xff, 0xe0,
    0x7f, 0xf7, 0xa8, 0xa3, 0xff, 0xfb, 0xa3, 0x8f, 0xeb, 0xf9, 0xfe, 0xff, 0xff, 0xfb, 0xff, 0xff, 0xff, 0xe0,
    0x00, 0x00, 0x00, 0x00, 0x00, 0x00, 0x00, 0x00, 0x00, 0x00, 0x00, 0x00, 0x00, 0x00, 0x00, 0x00, 0x00, 0x00,
};

static const lv_img_dsc_t waves14 = {
    .header.cf = LV_IMG_CF_INDEXED_1BIT,
    .header.always_zero = 0,
    .header.reserved = 0,
    .header.w = 140,
    .header.h = 68,
    .data_size = 1232,
    .data = waves14_map,
};

static const LV_ATTRIBUTE_MEM_ALIGN LV_ATTRIBUTE_LARGE_CONST uint8_t waves15_map[] = {
#if CONFIG_NICE_VIEW_WIDGET_INVERTED
    0xff, 0xff, 0xff, 0xff, /*Color of index 0*/
    0x00, 0x00, 0x00, 0xff, /*Color of index 1*/
#else
    0x00, 0x00, 0x00, 0xff, /*Color of index 0*/
    0xff, 0xff, 0xff, 0xff, /*Color of index 1*/
#endif
    0x00, 0x00, 0x00, 0x00, 0x00, 0x00, 0x00, 0x00, 0x00, 0x00, 0x00, 0x00, 0x00, 0x00, 0x00, 0x00, 0x00, 0x00,
    0x7f, 0xff, 0x51, 0xe7, 0xff, 0xff, 0xd1, 0xe7, 0xf3, 0xfd, 0xfe, 0xff, 0xff, 0xff, 0xff, 0xff, 0xff, 0xe0,
    0x7f, 0xf7, 0xa8, 0xa3, 0xff, 0xff, 0xa1, 0xe3, 0xe3, 0xf9, 0xfe, 0xff, 0xff, 0xff, 0xff, 0xff, 0xff, 0xe0,
    0x7f, 0xf7, 0xd0, 0x71, 0xff, 0xff, 0xd0, 0xf9, 0xf3, 0xfb, 0xfe, 0xff, 0xff, 0xff, 0xff, 0xff, 0xff, 0xe0,
    0x7f, 0xf7, 0xa8, 0x69, 0xff, 0xf7, 0xa7, 0x69, 0xeb, 0xfb, 0xfe, 0xff, 0xff, 0xff, 0xff, 0xff, 0xff, 0xe0,
    0x7f, 0xff, 0xd0, 0x7c, 0xff, 0xef, 0x4f, 0xb4, 0xf9, 0xfb, 0xfe, 0xff, 0xff, 0xff, 0xff, 0xff, 0xff, 0xe0,
    0x7f, 0xff, 0xa8, 0x2a, 0x7f, 0xde, 0x9f, 0x3a, 0x78, 0xfb, 0xfe, 0xff, 0xff, 0xff, 0xfb, 0xff, 0xff, 0xe0,
    0x7f, 0xff, 0x50, 0x7f, 0x3f, 0xff, 0x3f, 0xfd, 0x7e, 0x7d, 0xfe, 0xff, 0xff, 0xff, 0xfb, 0xff, 0xff, 0xe0,
    0x7f, 0xef, 0xa1, 0xba, 0x9f, 0xfa, 0x7f, 0xfa, 0x7e, 0x7c, 0xfe, 0xff, 0xff, 0xff, 0xfb, 0xff, 0xff, 0xe0,
    0x7f, 0xdf, 0x53, 0xbd, 0xcf, 0xfc, 0xff, 0xfd, 0x3f, 0x3c, 0xfe, 0xff, 0xff, 0xff, 0xff, 0xff, 0xff, 0xe0,
    0x7f, 0xde, 0xa3, 0xde, 0xa6, 0xe8, 0xff, 0xda, 0x1e, 0xbe, 0x7e, 0xff, 0xff, 0xff, 0xfb, 0xff, 0xff, 0xe0,
    0x7f, 0xfd, 0x47, 0xff, 0x41, 0xf9, 0xff, 0xbc, 0x7f, 0x3f, 0x7e, 0xff, 0xff, 0xff, 0xfb, 0xff, 0xff, 0xe0,
    0x7f, 0xfa, 0x8f, 0xff, 0xa1, 0xe9, 0xff, 0xb8, 0xfe, 0x3e, 0x7e, 0xff, 0xff, 0xff, 0xbb, 0xff, 0xff, 0xe0,
    0x7f, 0xfd, 0x9f, 0xff, 0xd1, 0xf9, 0xff, 0xfd, 0xed, 0x7f, 0x7e, 0xff, 0xff, 0xff, 0xff, 0xff, 0xff, 0xe0,
    0x7d, 0xea, 0x3f, 0xfb, 0xa9, 0xa3, 0xff, 0xe9, 0xfa, 0xfe, 0xfe, 0xff, 0xff, 0xff, 0xbb, 0xff, 0xff, 0xe0,
    0x7b, 0xfe, 0x7f, 0xfb, 0xd4, 0xf3, 0xff, 0xf3, 0xfc, 0xfd, 0xfe, 0xff, 0xff, 0xff, 0xbb, 0xff, 0xff, 0xe0,
    0x77, 0xa8, 0xff, 0xfd, 0xe8, 0xe3, 0xfd, 0xe7, 0xfd, 0xfd, 0xfe, 0xff, 0xff, 0xff, 0xbb, 0xfe, 0xff, 0xe0,
    0x7f, 0xf9, 0xff, 0xff, 0xd4, 0x73, 0xfb, 0xe7, 0xf9, 0xfd, 0xfe, 0xff, 0xff, 0xff, 0xff, 0xfe, 0xff, 0xe0,
    0x7e, 0xa3, 0xff, 0xff, 0xe8, 0x23, 0xfb, 0xa7, 0xf9, 0xf9, 0xfe, 0xff, 0xff, 0xff, 0xbb, 0xfd, 0xff, 0xe0,
    0x7f, 0xe3, 0xff, 0xff, 0xd4, 0x67, 0xff, 0xef, 0xf9, 0xf9, 0xfe, 0xff, 0xff, 0xff, 0xbb, 0xfe, 0xff, 0xe0,
    0x3e, 0xe7, 0xff, 0xfd, 0xe8, 0x27, 0xff, 0xef, 0xeb, 0xfb, 0xfe, 0x1f, 0xff, 0xff, 0xbb, 0xfe, 0xff, 0xe0,
    0x7f, 0xcf, 0xff, 0xfb, 0xd4, 0x67, 0xff, 0xcf, 0xfb, 0xfb, 0xfe, 0x17, 0xff, 0xff, 0xff, 0xff, 0xff, 0xe0,
    0x7a, 0x8f, 0xff, 0xfb, 0xe8, 0x8f, 0xfb, 0x8f, 0xeb, 0xfb, 0xfe, 0x11, 0xff, 0xff, 0xbb, 0xff, 0xff, 0xe0,
    0x7f, 0x9f, 0xff, 0xff, 0xd1, 0xcf, 0xf7, 0xcf, 0xf3, 0xfb, 0xfe, 0x11, 0xff, 0xff, 0xbb, 0xff, 0xff, 0xe0,
    0x7e, 0x9f, 0xff, 0xff, 0xa0, 0xcf, 0xf7, 0xcf, 0xe3, 0xfd, 0xfe, 0x11, 0x7f, 0xff, 0xbb, 0xff, 0xff, 0xe0,
    0x7f, 0x1f, 0xff, 0xff, 0x53, 0xe7, 0xff, 0xcf, 0xf3, 0xfc, 0xfe, 0x11, 0x3f, 0xff, 0xff, 0xff, 0xff, 0xe0,
    0x6a, 0x3f, 0xff, 0xee, 0xa7, 0xa7, 0xfe, 0x9f, 0xe3, 0xfe, 0xfe, 0x11, 0x3f, 0xff, 0xbb, 0xff, 0xff, 0xe0,
    0x7f, 0x3f, 0xff, 0xdf, 0x47, 0xf3, 0xff, 0x9f, 0xfb, 0xff, 0x7e, 0x11, 0x1f, 0xff, 0xbb, 0xff, 0xff, 0xe0,
    0x6e, 0x3f, 0xff, 0xbe, 0x8e, 0xec, 0xee, 0x9f, 0xfd, 0xfe, 0x7e, 0x11, 0x1f, 0xff, 0xbb, 0xff, 0xff, 0xe0,
    0x7e, 0x3f, 0xff, 0xfd, 0x9f, 0x7e, 0x6f, 0x9f, 0xfc, 0xff, 0x7e, 0x11, 0x0f, 0xff, 0xff, 0xff, 0xff, 0xe0,
    0x6a, 0x3f, 0xff, 0xfa, 0x1f, 0xba, 0x2e, 0x9f, 0xfe, 0x7e, 0x6e, 0x11, 0x0f, 0xff, 0xbb, 0xff, 0xff, 0xe0,
    0x7e, 0x3f, 0xff, 0xff, 0x3f, 0xfd, 0x5f, 0x9f, 0xff, 0x3e, 0xfa, 0x11, 0x0f, 0xff, 0xbb, 0xff, 0xff, 0xe0,
    0x6e, 0x3f, 0xfe, 0xea, 0x7f, 0xff, 0xa6, 0x9f, 0xfe, 0xbd, 0xfe, 0x11, 0x0f, 0xff, 0xbf, 0xff, 0xff, 0xe0,
    0x7e, 0x7f, 0xfd, 0xfc, 0x7f, 0xff, 0xd3, 0xdf, 0xff, 0x3d, 0xfe, 0x11, 0x0f, 0xff, 0xff, 0xff, 0xff, 0xe0,
    0x6a, 0x7f, 0xfd, 0xe8, 0xff, 0xfb, 0xa3, 0x8f, 0xfe, 0x39, 0xfe, 0x11, 0x07, 0xff, 0xbf, 0xff, 0xff, 0xe0,
    0x7e, 0x7f, 0xff, 0xf8, 0xff, 0xfb, 0xd1, 0xe7, 0xfd, 0x7c, 0xbe, 0x11, 0x0f, 0xff, 0xbf, 0xff, 0xff, 0xe0,
    0x6c, 0x7f, 0xff, 0xe9, 0xff, 0xfb, 0xa1, 0xe3, 0xfe, 0x79, 0xfe, 0x11, 0x0f, 0xff, 0xbf, 0xff, 0xff, 0xe0,
    0x7c, 0x7f, 0xff, 0xf9, 0xff, 0xff, 0xd0, 0xf9, 0xfe, 0xfb, 0xfe, 0x11, 0x0f, 0xff, 0xff, 0xff, 0xff, 0xe0,
    0x28, 0xff, 0xf7, 0xa1, 0xff, 0xff, 0xa7, 0xe9, 0xf9, 0xfb, 0xfe, 0x11, 0x0f, 0xff, 0xbf, 0xff, 0xff, 0xe0,
    0x7c, 0xff, 0xf7, 0xf3, 0xff, 0xff, 0x4f, 0xf4, 0xfd, 0xfb, 0xfe, 0x11, 0x0f, 0xff, 0xbf, 0xff, 0xff, 0xe0,
    0x68, 0xff, 0xf7, 0xe3, 0xff, 0xde, 0x9f, 0x3a, 0x79, 0xfb, 0xfe, 0x11, 0x1f, 0xff, 0xbf, 0xff, 0xff, 0xe0,
    0x79, 0xff, 0xff, 0xf3, 0xff, 0xbd, 0x3f, 0xdd, 0x79, 0xfd, 0xfe, 0x11, 0x1f, 0xff, 0xff, 0xff, 0xff, 0xe0,
    0x29, 0xff, 0xff, 0xa3, 0xff, 0x7a, 0x7f, 0xda, 0x79, 0xfc, 0xfe, 0x11, 0x3f, 0xfb, 0xff, 0xff, 0xff, 0xe0,
    0x71, 0xff, 0xff, 0xf3, 0xff, 0xfc, 0xff, 0xfd, 0x3b, 0xfe, 0xfe, 0x11, 0x3f, 0xfb, 0xff, 0xff, 0xff, 0xe0,
    0x61, 0xff, 0xef, 0xe3, 0xff, 0xec, 0xff, 0xfa, 0x0b, 0xfe, 0x7e, 0x11, 0x7f, 0xfb, 0xff, 0xff, 0xff, 0xe0,
    0x73, 0xff, 0xef, 0xe3, 0xff, 0xf9, 0xff, 0xfc, 0x7b, 0xff, 0x7e, 0x11, 0xff, 0xff, 0xff, 0xff, 0xff, 0xe0,
    0x23, 0xff, 0xef, 0xa3, 0xfd, 0xe9, 0xff, 0xb8, 0xe3, 0xfe, 0x7e, 0x11, 0xff, 0xfb, 0xff, 0xef, 0xff, 0xe0,
    0x73, 0xff, 0xff, 0xe7, 0xfd, 0xf9, 0xff, 0x75, 0xe3, 0xff, 0x7e, 0x17, 0xff, 0xfb, 0xff, 0xff, 0xf7, 0xe0,
    0x63, 0xff, 0xfe, 0xe7, 0xfb, 0xe3, 0xfe, 0xe9, 0xe3, 0xfe, 0xfe, 0x1f, 0xff, 0xfb, 0xff, 0xef, 0xef, 0xe0,
    0x73, 0xff, 0xff, 0xe7, 0xff, 0xf3, 0xff, 0xf3, 0xfb, 0xfd, 0xfe, 0xff, 0xff, 0xff, 0xff, 0xef, 0xdf, 0xe0,
    0x23, 0xff, 0xee, 0xa7, 0xff, 0xa3, 0xff, 0xa7, 0xf9, 0xf9, 0xfe, 0xff, 0xff, 0xfb, 0xff, 0xef, 0xef, 0xe0,
    0x71, 0xff, 0xdf, 0xe7, 0xff, 0xf3, 0xff, 0xe7, 0xfd, 0xfd, 0xfe, 0xff, 0xff, 0xfb, 0xff, 0xff, 0xf7, 0xe0,
    0x69, 0xff, 0xde, 0xc7, 0xfb, 0xe3, 0xfb, 0xe7, 0xfa, 0xfd, 0xfe, 0xff, 0xff, 0xfb, 0xff, 0xef, 0xff, 0xe0,
    0x78, 0xff, 0xff, 0xcf, 0xf7, 0xe7, 0xfb, 0xef, 0xfd, 0x79, 0xfe, 0xff, 0xff, 0xff, 0xff, 0xef, 0xff, 0xe0,
    0x28, 0xff, 0xfe, 0x8f, 0xf7, 0xa7, 0xfb, 0xaf, 0xfe, 0x3b, 0xfe, 0xff, 0xff, 0xfb, 0xff, 0xef, 0xff, 0xe0,
    0x7e, 0x7f, 0xff, 0xcf, 0xff, 0xe7, 0xff, 0xcf, 0xff, 0x3b, 0xfe, 0xff, 0xff, 0xfb, 0xff, 0xff, 0xff, 0xe0,
    0x6e, 0x3f, 0xbe, 0xcf, 0xfe, 0xcf, 0xff, 0xcf, 0xfe, 0xbb, 0xfe, 0xff, 0xff, 0xfb, 0xff, 0xef, 0xff, 0xe0,
    0x7f, 0x9f, 0xbf, 0x9f, 0xff, 0xcf, 0xff, 0xcf, 0xff, 0x3b, 0xfe, 0xff, 0xff, 0xff, 0xff, 0xef, 0xff, 0xe0,
    0x7a, 0x8f, 0xba, 0x9f, 0xee, 0x8f, 0xf7, 0x8f, 0xfe, 0x79, 0xfe, 0xff, 0xff, 0xfb, 0xff, 0xef, 0xff, 0xe0,
    0x7f, 0xe7, 0xff, 0x9f, 0xf7, 0xe7, 0xf7, 0xcf, 0xfe, 0x7c, 0xfe, 0xff, 0xff, 0xfb, 0xff, 0xff, 0xff, 0xe0,
    0x7f, 0xa1, 0xfe, 0x9f, 0xf7, 0xe7, 0xf6, 0xdf, 0xf8, 0xfe, 0xfe, 0xff, 0xff, 0xfb, 0xff, 0xef, 0xff, 0xe0,
    0x7f, 0xf8, 0xff, 0x9f, 0xff, 0xf3, 0xff, 0x9f, 0xfd, 0xff, 0x7e, 0xff, 0xff, 0xff, 0xff, 0xef, 0xff, 0xe0,
    0x7b, 0xea, 0x7a, 0x9f, 0xff, 0xe8, 0xfe, 0x9f, 0xf9, 0xfe, 0x7e, 0xff, 0xff, 0xfb, 0xff, 0xff, 0xff, 0xe0,
    0x7d, 0xf7, 0x3f, 0x9f, 0xff, 0xfe, 0x7f, 0x9f, 0xf9, 0xff, 0x7e, 0xff, 0xff, 0xfb, 0xff, 0xff, 0xff, 0xe0,
    0x7e, 0xfa, 0x9e, 0x9f, 0xff, 0xba, 0x2e, 0x9f, 0xf9, 0xfe, 0x7e, 0xff, 0xff, 0xfb, 0xff, 0xff, 0xff, 0xe0,
    0x7f, 0xfd, 0x4f, 0x9f, 0xff, 0xdd, 0xcf, 0x9f, 0xfb, 0xfc, 0xfe, 0xff, 0xff, 0xff, 0xff, 0xff, 0xff, 0xe0,
    0x7f, 0xfe, 0xa6, 0x8f, 0xff, 0xf7, 0xa6, 0x9f, 0xeb, 0xf9, 0xfe, 0xff, 0xff, 0xff, 0xff, 0xff, 0xff, 0xe0,
    0x00, 0x00, 0x00, 0x00, 0x00, 0x00, 0x00, 0x00, 0x00, 0x00, 0x00, 0x00, 0x00, 0x00, 0x00, 0x00, 0x00, 0x00,
};

static const lv_img_dsc_t waves15 = {
    .header.cf = LV_IMG_CF_INDEXED_1BIT,
    .header.always_zero = 0,
    .header.reserved = 0,
    .header.w = 140,
    .header.h = 68,
    .data_size = 1232,
    .data = waves15_map,
};

static const LV_ATTRIBUTE_MEM_ALIGN LV_ATTRIBUTE_LARGE_CONST uint8_t waves16_map[] = {
#if CONFIG_NICE_VIEW_WIDGET_INVERTED
    0xff, 0xff, 0xff, 0xff, /*Color of index 0*/
    0x00, 0x00, 0x00, 0xff, /*Color of index 1*/
#else
    0x00, 0x00, 0x00, 0xff, /*Color of index 0*/
    0xff, 0xff, 0xff, 0xff, /*Color of index 1*/
#endif
    0x00, 0x00, 0x00, 0x00, 0x00, 0x00, 0x00, 0x00, 0x00, 0x00, 0x00, 0x00, 0x00, 0x00, 0x00, 0x00, 0x00, 0x00,
    0x7f, 0x7d, 0xcf, 0x9f, 0xff, 0xff, 0xd3, 0xcf, 0xf3, 0xfd, 0xfe, 0xff, 0xff, 0xff, 0xff, 0xff, 0xff, 0xe0,
    0x7f, 0xbe, 0xa6, 0x8f, 0xff, 0xff, 0xa3, 0xa7, 0xe3, 0xf9, 0xfe, 0xff, 0xff, 0xff, 0xff, 0xff, 0xff, 0xe0,
    0x7f, 0xff, 0x43, 0xcf, 0xff, 0xfb, 0xd1, 0xf3, 0xf3, 0xf9, 0xfe, 0xff, 0xff, 0xff, 0xff, 0xff, 0xff, 0xe0,
    0x7f, 0xff, 0xa0, 0xc7, 0xff, 0xfb, 0xa0, 0xe9, 0xe3, 0xfb, 0xfe, 0xff, 0xff, 0xff, 0xff, 0xff, 0xff, 0xe0,
    0x7f, 0xff, 0x51, 0xe7, 0xff, 0xf7, 0x47, 0x7d, 0xfb, 0xfb, 0xfe, 0xff, 0xff, 0xff, 0xff, 0xff, 0xff, 0xe0,
    0x7f, 0xf7, 0xa8, 0xa3, 0xff, 0xfe, 0x8f, 0x78, 0xf9, 0xfb, 0xfe, 0xff, 0xff, 0xff, 0xfb, 0xff, 0xff, 0xe0,
    0x7f, 0xf7, 0xd0, 0x73, 0xff, 0xff, 0x1f, 0xfc, 0x7c, 0xfb, 0xfe, 0xff, 0xff, 0xff, 0xfb, 0xff, 0xff, 0xe0,
    0x7f, 0xf7, 0xa8, 0x69, 0xff, 0xfa, 0x3f, 0xfa, 0x7e, 0x7d, 0xfe, 0xff, 0xff, 0xff, 0xfb, 0xff, 0xff, 0xe0,
    0x7f, 0xff, 0xd0, 0x7c, 0xff, 0x7e, 0x7e, 0xdd, 0x7f, 0x3c, 0xfe, 0xff, 0xff, 0xff, 0xff, 0xff, 0xff, 0xe0,
    0x7f, 0xff, 0xa8, 0x6a, 0x7e, 0xe8, 0xff, 0xda, 0x3e, 0xbe, 0x7e, 0xff, 0xff, 0xff, 0xfb, 0xff, 0xff, 0xe0,
    0x7f, 0xff, 0x50, 0x7f, 0x3e, 0xfc, 0xff, 0xdc, 0x3f, 0x3f, 0x7e, 0xff, 0xff, 0xff, 0xbb, 0xff, 0xff, 0xe0,
    0x7f, 0xef, 0xa8, 0x3a, 0x9f, 0xe9, 0xff, 0xfa, 0x7e, 0x3e, 0x7e, 0xff, 0xff, 0xff, 0xbb, 0xff, 0xff, 0xe0,
    0x7f, 0xdf, 0x53, 0xbd, 0x8f, 0xf9, 0xff, 0xf4, 0xed, 0x7f, 0x7e, 0xff, 0xff, 0xff, 0xff, 0xff, 0xff, 0xe0,
    0x7f, 0xde, 0xa3, 0xde, 0x87, 0xe9, 0xff, 0xe9, 0xfe, 0x7e, 0xfe, 0xff, 0xff, 0xff, 0xbb, 0xff, 0xff, 0xe0,
    0x7f, 0xfd, 0x47, 0xbf, 0x43, 0xf3, 0xfe, 0xf9, 0xfe, 0xfe, 0xfe, 0xff, 0xff, 0xff, 0xbb, 0xfe, 0xff, 0xe0,
    0x7f, 0xfa, 0x8f, 0xff, 0xa3, 0xe3, 0xfe, 0xe3, 0xdd, 0xfd, 0xfe, 0xff, 0xff, 0xff, 0xbb, 0xfe, 0xff, 0xe0,
    0x7f, 0xfd, 0x9f, 0xff, 0xd1, 0xf3, 0xfd, 0xf7, 0xfd, 0xfd, 0xfe, 0xff, 0xff, 0xff, 0xff, 0xfd, 0xff, 0xe0,
    0x7d, 0xea, 0x3f, 0xfb, 0xa9, 0xa3, 0xff, 0xa7, 0xf9, 0xf9, 0xfe, 0xff, 0xff, 0xff, 0xbb, 0xfe, 0xff, 0xe0,
    0x7b, 0xf6, 0x7f, 0xfb, 0xd4, 0xf3, 0xff, 0xe7, 0xf9, 0xfd, 0xfe, 0xff, 0xff, 0xff, 0xbb, 0xfe, 0xff, 0xe0,
    0x77, 0xa8, 0xff, 0xfd, 0xe8, 0xe7, 0xff, 0xef, 0xf9, 0xf9, 0xfe, 0x1f, 0xff, 0xff, 0xbb, 0xff, 0xff, 0xe0,
    0x7f, 0xf8, 0xff, 0xff, 0xd4, 0xe7, 0xfb, 0xef, 0xfb, 0xfb, 0xfe, 0x17, 0xff, 0xff, 0xff, 0xff, 0xff, 0xe0,
    0x7f, 0xa1, 0xff, 0xff, 0xe8, 0x27, 0xfb, 0x8f, 0xeb, 0xfb, 0xfe, 0x11, 0xff, 0xff, 0xbb, 0xff, 0xff, 0xe0,
    0x7f, 0xe3, 0xff, 0xff, 0xd4, 0x4f, 0xfb, 0xcf, 0xfb, 0xfb, 0xfe, 0x11, 0xff, 0xff, 0xbb, 0xff, 0xff, 0xe0,
    0x3e, 0xe7, 0xff, 0xfd, 0xe8, 0x4f, 0xff, 0xcf, 0xe3, 0xfb, 0xfe, 0x11, 0x7f, 0xff, 0xbb, 0xff, 0xff, 0xe0,
    0x3f, 0xc7, 0xff, 0xfd, 0xd4, 0x4f, 0xff, 0xcf, 0xf3, 0xfd, 0xfe, 0x11, 0x3f, 0xff, 0xff, 0xff, 0xff, 0xe0,
    0x7a, 0x8f, 0xff, 0xfb, 0xe8, 0x87, 0xff, 0x8f, 0xe3, 0xfe, 0xfe, 0x11, 0x3f, 0xff, 0xbb, 0xff, 0xff, 0xe0,
    0x7f, 0x9f, 0xff, 0xff, 0xd1, 0xe7, 0xf7, 0xdf, 0xfb, 0xff, 0x7e, 0x11, 0x1f, 0xff, 0xbb, 0xff, 0xff, 0xe0,
    0x7e, 0x9f, 0xff, 0xff, 0xa1, 0xe3, 0xf6, 0x9f, 0xf9, 0xfe, 0x7e, 0x11, 0x1f, 0xff, 0xbb, 0xff, 0xff, 0xe0,
    0x7f, 0x1f, 0xff, 0xff, 0x51, 0xbd, 0xef, 0x9f, 0xfd, 0xff, 0x7e, 0x11, 0x0f, 0xff, 0xff, 0xff, 0xff, 0xe0,
    0x6a, 0x3f, 0xff, 0xee, 0xa7, 0xfa, 0x7e, 0x9f, 0xfa, 0xfe, 0x7e, 0x11, 0x0f, 0xff, 0xbb, 0xff, 0xff, 0xe0,
    0x7f, 0x3f, 0xff, 0xdf, 0x47, 0xff, 0x3f, 0x9f, 0xfd, 0x7c, 0xfe, 0x11, 0x0f, 0xff, 0xbf, 0xff, 0xff, 0xe0,
    0x6e, 0x3f, 0xff, 0xde, 0x8f, 0xfe, 0x9e, 0x9f, 0xfe, 0x3e, 0xfe, 0x11, 0x0f, 0xff, 0xbf, 0xff, 0xff, 0xe0,
    0x7e, 0x3f, 0xff, 0xfd, 0x9f, 0xf7, 0x47, 0x9f, 0xff, 0x3d, 0xfe, 0x11, 0x0f, 0xff, 0xff, 0xff, 0xff, 0xe0,
    0x6a, 0x3f, 0xff, 0xfa, 0x9f, 0xfb, 0xa2, 0x9f, 0xfe, 0xb9, 0xfe, 0x11, 0x07, 0xff, 0xbf, 0xff, 0xff, 0xe0,
    0x7e, 0x3f, 0xff, 0xff, 0x3f, 0xfb, 0xd3, 0xcf, 0xff, 0x3d, 0xfe, 0x11, 0x0f, 0xff, 0xbf, 0xff, 0xff, 0xe0,
    0x6e, 0x3f, 0xfe, 0xea, 0x7f, 0xff, 0xa3, 0xe7, 0xfe, 0x7d, 0xfa, 0x11, 0x0f, 0xff, 0xbf, 0xff, 0xff, 0xe0,
    0x7e, 0x7f, 0xfd, 0xfe, 0x7f, 0xff, 0xd1, 0xf3, 0xfc, 0x79, 0xee, 0x11, 0x0f, 0xff, 0xff, 0xff, 0xff, 0xe0,
    0x6a, 0x7f, 0xfd, 0xe8, 0xff, 0xff, 0xa1, 0xe9, 0xf8, 0xfb, 0xbe, 0x11, 0x0f, 0xff, 0xbf, 0xff, 0xff, 0xe0,
    0x7e, 0x7f, 0xff, 0xfc, 0xff, 0xf7, 0x47, 0x75, 0xfd, 0xfb, 0xfe, 0x11, 0x0f, 0xff, 0xbf, 0xff, 0xff, 0xe0,
    0x6c, 0x7f, 0xff, 0xe9, 0xff, 0xee, 0x8f, 0x38, 0xf9, 0xfb, 0xfe, 0x11, 0x1f, 0xff, 0xbf, 0xff, 0xff, 0xe0,
    0x7c, 0x7f, 0xff, 0xf9, 0xff, 0xdd, 0x9f, 0xbc, 0x79, 0xfb, 0xfe, 0x11, 0x1f, 0xff, 0xff, 0xff, 0xff, 0xe0,
    0x28, 0xff, 0xf7, 0xa1, 0xff, 0xfa, 0x3f, 0xfa, 0x79, 0xf9, 0xfe, 0x11, 0x3f, 0xfb, 0xff, 0xff, 0xff, 0xe0,
    0x7c, 0xff, 0xf7, 0xf3, 0xff, 0xfe, 0x7e, 0xfd, 0x79, 0xfe, 0xfe, 0x11, 0x3f, 0xfb, 0xff, 0xff, 0xff, 0xe0,
    0x68, 0xff, 0xf7, 0xe3, 0xff, 0xec, 0xff, 0xfa, 0x2b, 0xfe, 0x7e, 0x11, 0x7f, 0xfb, 0xff, 0xff, 0xff, 0xe0,
    0x78, 0xff, 0xff, 0xf3, 0xfe, 0xfc, 0xff, 0xdc, 0x3b, 0xff, 0x7e, 0x11, 0xff, 0xff, 0xff, 0xef, 0xff, 0xe0,
    0x29, 0xff, 0xff, 0xa3, 0xfd, 0xe9, 0xff, 0xba, 0x6b, 0xfe, 0x7e, 0x11, 0xff, 0xfb, 0xff, 0xef, 0xf7, 0xe0,
    0x71, 0xff, 0xff, 0xf3, 0xfd, 0xf9, 0xff, 0xb4, 0xe3, 0xff, 0x7e, 0x17, 0xff, 0xfb, 0xff, 0xff, 0xef, 0xe0,
    0x61, 0xff, 0xef, 0xe3, 0xff, 0xe9, 0xff, 0xe9, 0xe3, 0xfe, 0xfe, 0x1f, 0xff, 0xfb, 0xff, 0xef, 0xdf, 0xe0,
    0x73, 0xff, 0xef, 0xe3, 0xff, 0xf3, 0xff, 0xf9, 0xf3, 0xfe, 0xfe, 0xff, 0xff, 0xff, 0xff, 0xef, 0xef, 0xe0,
    0x23, 0xff, 0xef, 0xa3, 0xff, 0xa3, 0xff, 0xe3, 0xcb, 0xf9, 0xfe, 0xff, 0xff, 0xfb, 0xff, 0xef, 0xf7, 0xe0,
    0x73, 0xff, 0xff, 0xe7, 0xfb, 0xf3, 0xfd, 0xf7, 0xf9, 0xfd, 0xfe, 0xff, 0xff, 0xfb, 0xff, 0xff, 0xff, 0xe0,
    0x63, 0xff, 0xfe, 0xe7, 0xfb, 0xe3, 0xfb, 0xe7, 0xfc, 0xfd, 0xfe, 0xff, 0xff, 0xfb, 0xff, 0xef, 0xff, 0xe0,
    0x73, 0xff, 0xff, 0xe7, 0xfb, 0xf3, 0xfb, 0xe7, 0xfc, 0xfd, 0xfe, 0xff, 0xff, 0xff, 0xff, 0xef, 0xff, 0xe0,
    0x23, 0xff, 0xee, 0xa7, 0xff, 0xa7, 0xff, 0xaf, 0xfe, 0x79, 0xfe, 0xff, 0xff, 0xfb, 0xff, 0xef, 0xff, 0xe0,
    0x71, 0xff, 0xdf, 0xe7, 0xff, 0xe7, 0xff, 0xef, 0xff, 0x3b, 0xfe, 0xff, 0xff, 0xfb, 0xff, 0xff, 0xff, 0xe0,
    0x69, 0xff, 0xde, 0xe7, 0xff, 0xe7, 0xff, 0xcf, 0xfe, 0xbb, 0xfe, 0xff, 0xff, 0xfb, 0xff, 0xef, 0xff, 0xe0,
    0x78, 0xff, 0xff, 0xcf, 0xef, 0xcf, 0xfb, 0xcf, 0xff, 0x3b, 0xfe, 0xff, 0xff, 0xff, 0xff, 0xef, 0xff, 0xe0,
    0x28, 0xff, 0xfe, 0x8f, 0xee, 0x8f, 0xf7, 0x8f, 0xfe, 0x3b, 0xfe, 0xff, 0xff, 0xfb, 0xff, 0xef, 0xff, 0xe0,
    0x7e, 0x7f, 0xff, 0xcf, 0xef, 0xcf, 0xf7, 0xcf, 0xfd, 0x7d, 0xfe, 0xff, 0xff, 0xfb, 0xff, 0xff, 0xff, 0xe0,
    0x6e, 0x3f, 0xbe, 0xcf, 0xff, 0xe7, 0xff, 0xcf, 0xfa, 0xfe, 0xfe, 0xff, 0xff, 0xfb, 0xff, 0xef, 0xff, 0xe0,
    0x7f, 0x1f, 0xbf, 0x8f, 0xff, 0xe7, 0xff, 0xdf, 0xfc, 0xff, 0x7e, 0xff, 0xff, 0xff, 0xff, 0xff, 0xff, 0xe0,
    0x7a, 0x8f, 0xba, 0x9f, 0xff, 0xa3, 0xfe, 0x9f, 0xf9, 0xfe, 0x7e, 0xff, 0xff, 0xfb, 0xff, 0xff, 0xff, 0xe0,
    0x7f, 0xe7, 0xff, 0x9f, 0xfd, 0xfd, 0xef, 0x9f, 0xf9, 0xff, 0x7e, 0xff, 0xff, 0xfb, 0xff, 0xff, 0xff, 0xe0,
    0x7e, 0xe3, 0xfe, 0x9f, 0xff, 0x7e, 0x6e, 0x9f, 0xf9, 0xfe, 0x7e, 0xff, 0xff, 0xfb, 0xff, 0xff, 0xff, 0xe0,
    0x7f, 0xf9, 0xff, 0x9f, 0xff, 0xbd, 0x2f, 0x9f, 0xf9, 0xfc, 0xfe, 0xff, 0xff, 0xff, 0xff, 0xff, 0xff, 0xe0,
    0x7b, 0xe8, 0x7a, 0x9f, 0xff, 0xfe, 0x9e, 0x9f, 0xeb, 0xfe, 0xfe, 0xff, 0xff, 0xff, 0xff, 0xff, 0xff, 0xe0,
    0x00, 0x00, 0x00, 0x00, 0x00, 0x00, 0x00, 0x00, 0x00, 0x00, 0x00, 0x00, 0x00, 0x00, 0x00, 0x00, 0x00, 0x00,
};

static const lv_img_dsc_t waves16 = {
    .header.cf = LV_IMG_CF_INDEXED_1BIT,
    .header.always_zero = 0,
    .header.reserved = 0,
    .header.w = 140,
    .header.h = 68,
    .data_size = 1232,
    .data = waves16_map,
};

static const LV_ATTRIBUTE_MEM_ALIGN LV_ATTRIBUTE_LARGE_CONST uint8_t waves17_map[] = {
#if CONFIG_NICE_VIEW_WIDGET_INVERTED
    0xff, 0xff, 0xff, 0xff, /*Color of index 0*/
    0x00, 0x00, 0x00, 0xff, /*Color of index 1*/
#else
    0x00, 0x00, 0x00, 0xff, /*Color of index 0*/
    0xff, 0xff, 0xff, 0xff, /*Color of index 1*/
#endif
    0x00, 0x00, 0x00, 0x00, 0x00, 0x00, 0x00, 0x00, 0x00, 0x00, 0x00, 0x00, 0x00, 0x00, 0x00, 0x00, 0x00, 0x00,
    0x7f, 0xf9, 0xff, 0x9f, 0xff, 0xff, 0x57, 0xdf, 0xfb, 0xfd, 0xfe, 0xff, 0xff, 0xff, 0xff, 0xff, 0xff, 0xe0,
    0x7f, 0xa8, 0xfa, 0x9f, 0xff, 0xfb, 0xa3, 0x8f, 0xe3, 0xf9, 0xfe, 0xff, 0xff, 0xff, 0xff, 0xff, 0xff, 0xe0,
    0x7f, 0xf6, 0x3f, 0x9f, 0xff, 0xfb, 0xd3, 0xe7, 0xf3, 0xf9, 0xfe, 0xff, 0xff, 0xff, 0xff, 0xff, 0xff, 0xe0,
    0x7e, 0xfa, 0x1e, 0x9f, 0xff, 0xfb, 0xa1, 0xe3, 0xe3, 0xfb, 0xfe, 0xff, 0xff, 0xff, 0xff, 0xff, 0xff, 0xe0,
    0x7f, 0x7d, 0x8f, 0x9f, 0xff, 0xff, 0xd0, 0xdb, 0xf3, 0xfb, 0xfe, 0xff, 0xff, 0xff, 0xff, 0xff, 0xff, 0xe0,
    0x7f, 0xbe, 0x86, 0x8f, 0xff, 0xff, 0xa7, 0xe9, 0xeb, 0xfb, 0xfe, 0xff, 0xff, 0xff, 0xfb, 0xff, 0xff, 0xe0,
    0x7f, 0xff, 0x43, 0xcf, 0xff, 0xff, 0x4f, 0xf4, 0xfd, 0xfb, 0xfe, 0xff, 0xff, 0xff, 0xfb, 0xff, 0xff, 0xe0,
    0x7f, 0xfe, 0xa2, 0xcf, 0xff, 0xde, 0x9f, 0x3a, 0x7a, 0xfd, 0xfe, 0xff, 0xff, 0xff, 0xfb, 0xff, 0xff, 0xe0,
    0x7f, 0xff, 0x51, 0xe7, 0xff, 0xbd, 0x3f, 0xdd, 0x7d, 0x7c, 0xfe, 0xff, 0xff, 0xff, 0xff, 0xff, 0xff, 0xe0,
    0x7f, 0xf7, 0xa8, 0xa3, 0xff, 0x7a, 0x7f, 0xda, 0x7e, 0x3e, 0xfe, 0xff, 0xff, 0xff, 0xbb, 0xff, 0xff, 0xe0,
    0x7f, 0xf7, 0xd0, 0x73, 0xff, 0xfe, 0xff, 0xfd, 0x3f, 0x3f, 0x7e, 0xff, 0xff, 0xff, 0xbb, 0xff, 0xff, 0xe0,
    0x7f, 0xf7, 0xa8, 0x69, 0xff, 0xec, 0xff, 0xfa, 0x1e, 0xbe, 0x7e, 0xff, 0xff, 0xff, 0xbb, 0xff, 0xff, 0xe0,
    0x7f, 0xff, 0xd0, 0x7c, 0xff, 0xf9, 0xff, 0xfc, 0x7f, 0x3f, 0x7e, 0xff, 0xff, 0xff, 0xff, 0xff, 0xff, 0xe0,
    0x7f, 0xff, 0xa8, 0x2a, 0x7d, 0xe9, 0xff, 0xb8, 0xfe, 0x7e, 0x7e, 0xff, 0xff, 0xff, 0xbb, 0xfe, 0xff, 0xe0,
    0x7f, 0xff, 0xd0, 0x7e, 0x3d, 0xf9, 0xff, 0x75, 0xee, 0x7e, 0xfe, 0xff, 0xff, 0xff, 0xbb, 0xfe, 0xff, 0xe0,
    0x7f, 0xef, 0xa8, 0x7a, 0x1b, 0xe3, 0xfe, 0xe9, 0xf8, 0xfc, 0xfe, 0xff, 0xff, 0xff, 0xbb, 0xfd, 0xff, 0xe0,
    0x7f, 0xef, 0x51, 0xbd, 0x9f, 0xf3, 0xff, 0xf3, 0xfd, 0xfd, 0xfe, 0xff, 0xff, 0xff, 0xff, 0xfe, 0xff, 0xe0,
    0x7f, 0xde, 0xa3, 0xde, 0x8f, 0xa3, 0xff, 0xa7, 0xf9, 0xf9, 0xfe, 0xff, 0xff, 0xff, 0xbb, 0xfe, 0xff, 0xe0,
    0x7f, 0xfd, 0x47, 0xff, 0x47, 0xf3, 0xff, 0xe7, 0xf9, 0xfd, 0xfe, 0xff, 0xff, 0xff, 0xbb, 0xff, 0xff, 0xe0,
    0x7f, 0xfa, 0x8f, 0xff, 0xa3, 0xe3, 0xfb, 0xe7, 0xf9, 0xf9, 0xfe, 0x1f, 0xff, 0xff, 0xbb, 0xff, 0xff, 0xe0,
    0x7f, 0xfd, 0x9f, 0xff, 0xd1, 0xe7, 0xfb, 0xef, 0xf9, 0xfb, 0xfe, 0x17, 0xff, 0xff, 0xff, 0xff, 0xff, 0xe0,
    0x7d, 0xea, 0x3f, 0xfb, 0xa9, 0xa7, 0xfb, 0xaf, 0xeb, 0xfb, 0xfe, 0x11, 0xff, 0xff, 0xbb, 0xff, 0xff, 0xe0,
    0x7d, 0xf6, 0x3f, 0xfb, 0xd0, 0xe7, 0xff, 0xcf, 0xfb, 0xfb, 0xfe, 0x11, 0xff, 0xff, 0xbb, 0xff, 0xff, 0xe0,
    0x7b, 0xe8, 0x7f, 0xfb, 0xe8, 0xcf, 0xff, 0xcf, 0xeb, 0xfb, 0xfe, 0x11, 0x7f, 0xff, 0xbb, 0xff, 0xff, 0xe0,
    0x7f, 0xf8, 0xff, 0xff, 0xd4, 0xcf, 0xff, 0xcf, 0xf3, 0xfd, 0xfe, 0x11, 0x3f, 0xff, 0xff, 0xff, 0xff, 0xe0,
    0x7f, 0xa1, 0xff, 0xff, 0xe8, 0x0f, 0xf7, 0x8f, 0xe3, 0xfc, 0xfe, 0x11, 0x3f, 0xff, 0xbb, 0xff, 0xff, 0xe0,
    0x7f, 0xf3, 0xff, 0xff, 0xd4, 0x67, 0xf7, 0xcf, 0xf3, 0xfe, 0xfe, 0x11, 0x1f, 0xff, 0xbb, 0xff, 0xff, 0xe0,
    0x3e, 0xe7, 0xff, 0xfd, 0xe8, 0x27, 0xf6, 0xdf, 0xeb, 0xfe, 0x7e, 0x11, 0x1f, 0xff, 0xbb, 0xff, 0xff, 0xe0,
    0x3f, 0xc7, 0xff, 0xfd, 0xd4, 0x73, 0xff, 0x9f, 0xf9, 0xff, 0x7a, 0x11, 0x0f, 0xff, 0xff, 0xff, 0xff, 0xe0,
    0x7a, 0x8f, 0xff, 0xfb, 0xe8, 0xe9, 0xfe, 0x9f, 0xf8, 0xfe, 0x7e, 0x11, 0x0f, 0xff, 0xbb, 0xff, 0xff, 0xe0,
    0x7f, 0x8f, 0xff, 0xff, 0xd1, 0xde, 0x7f, 0x9f, 0xfe, 0xff, 0x7e, 0x11, 0x0f, 0xff, 0xbf, 0xff, 0xff, 0xe0,
    0x7e, 0x9f, 0xff, 0xff, 0xa9, 0xba, 0x2e, 0x9f, 0xfe, 0x7e, 0xbe, 0x11, 0x0f, 0xff, 0xbf, 0xff, 0xff, 0xe0,
    0x7f, 0x1f, 0xff, 0xff, 0x53, 0xdd, 0x8f, 0x9f, 0xff, 0x3c, 0xee, 0x11, 0x0f, 0xff, 0xff, 0xff, 0xff, 0xe0,
    0x7a, 0x1f, 0xff, 0xef, 0xa3, 0xf7, 0xa6, 0x9f, 0xfe, 0xb9, 0xfe, 0x11, 0x07, 0xff, 0xbf, 0xff, 0xff, 0xe0,
    0x7f, 0x3f, 0xff, 0xdf, 0x47, 0xff, 0x57, 0xdf, 0xff, 0x3d, 0xfe, 0x11, 0x0f, 0xff, 0xbf, 0xff, 0xff, 0xe0,
    0x6e, 0x3f, 0xff, 0xde, 0x8f, 0xff, 0xa3, 0xcf, 0xfe, 0x3d, 0xfe, 0x11, 0x0f, 0xff, 0xbf, 0xff, 0xff, 0xe0,
    0x7f, 0x3f, 0xff, 0xfd, 0x8f, 0xff, 0xd3, 0xe7, 0xfd, 0x79, 0xfe, 0x11, 0x0f, 0xff, 0xff, 0xff, 0xff, 0xe0,
    0x6a, 0x3f, 0xff, 0xfa, 0x9f, 0xfb, 0xa1, 0xe3, 0xfa, 0xfb, 0xfe, 0x11, 0x0f, 0xff, 0xbf, 0xff, 0xff, 0xe0,
    0x7e, 0x3f, 0xff, 0xff, 0x3f, 0xfb, 0xd0, 0xfb, 0xfc, 0xfb, 0xfe, 0x11, 0x0f, 0xff, 0xbf, 0xff, 0xff, 0xe0,
    0x6e, 0x3f, 0xfe, 0xfa, 0x3f, 0xf7, 0xa7, 0x69, 0xfd, 0xfb, 0xfe, 0x11, 0x1f, 0xfb, 0xbf, 0xff, 0xff, 0xe0,
    0x7e, 0x7f, 0xfd, 0xfe, 0x7f, 0xff, 0x4f, 0xf4, 0xf9, 0xfb, 0xfe, 0x11, 0x1f, 0xff, 0xff, 0xff, 0xff, 0xe0,
    0x6a, 0x7f, 0xfd, 0xe8, 0xff, 0xfe, 0x9f, 0x7a, 0x79, 0xf9, 0xfe, 0x11, 0x3f, 0xfb, 0xff, 0xff, 0xff, 0xe0,
    0x7e, 0x7f, 0xff, 0xfc, 0xff, 0xff, 0x3f, 0xfd, 0x79, 0xfc, 0xfe, 0x11, 0x3f, 0xfb, 0xff, 0xff, 0xff, 0xe0,
    0x6e, 0x7f, 0xff, 0xe9, 0xff, 0x7a, 0x7f, 0xda, 0x6b, 0xfe, 0xfe, 0x11, 0x7f, 0xfb, 0xff, 0xef, 0xff, 0xe0,
    0x7c, 0x7f, 0xff, 0xf9, 0xfe, 0xfe, 0xff, 0xdd, 0x3b, 0xff, 0x7e, 0x11, 0xff, 0xff, 0xff, 0xef, 0xf7, 0xe0,
    0x28, 0xff, 0xf7, 0xa9, 0xfe, 0xe8, 0xff, 0xda, 0x0b, 0xfe, 0x7e, 0x11, 0xff, 0xfb, 0xff, 0xef, 0xef, 0xe0,
    0x7c, 0xff, 0xf7, 0xf3, 0xff, 0xf9, 0xff, 0xfc, 0x73, 0xff, 0x7e, 0x17, 0xff, 0xfb, 0xff, 0xff, 0xdf, 0xe0,
    0x68, 0xff, 0xf7, 0xe3, 0xff, 0xe9, 0xff, 0xf8, 0xe3, 0xfe, 0x7e, 0x1f, 0xff, 0xfb, 0xff, 0xef, 0xef, 0xe0,
    0x78, 0xff, 0xff, 0xf3, 0xff, 0xf9, 0xff, 0xfd, 0xe3, 0xfc, 0xfe, 0xff, 0xff, 0xff, 0xff, 0xef, 0xf7, 0xe0,
    0x29, 0xff, 0xff, 0xa3, 0xfb, 0xa3, 0xfe, 0xe9, 0xe3, 0xfc, 0xfe, 0xff, 0xff, 0xfb, 0xff, 0xef, 0xff, 0xe0,
    0x71, 0xff, 0xff, 0xf3, 0xfb, 0xf3, 0xfe, 0xf3, 0xfb, 0xfd, 0xfe, 0xff, 0xff, 0xfb, 0xff, 0xff, 0xff, 0xe0,
    0x61, 0xff, 0xef, 0xe3, 0xfb, 0xe3, 0xfd, 0xe7, 0xfd, 0xfd, 0xfe, 0xff, 0xff, 0xfb, 0xff, 0xef, 0xff, 0xe0,
    0x73, 0xff, 0xef, 0xe3, 0xff, 0xf3, 0xff, 0xe7, 0xfc, 0xfd, 0xfe, 0xff, 0xff, 0xff, 0xff, 0xef, 0xff, 0xe0,
    0x23, 0xff, 0xef, 0xa3, 0xff, 0xa3, 0xff, 0xa7, 0xfe, 0x79, 0xfe, 0xff, 0xff, 0xfb, 0xff, 0xef, 0xff, 0xe0,
    0x73, 0xff, 0xff, 0xe7, 0xff, 0xe7, 0xff, 0xef, 0xfd, 0x7b, 0xfe, 0xff, 0xff, 0xfb, 0xff, 0xff, 0xff, 0xe0,
    0x63, 0xff, 0xfe, 0xe7, 0xf7, 0xe7, 0xfb, 0xef, 0xfe, 0xbb, 0xfe, 0xff, 0xff, 0xfb, 0xff, 0xef, 0xff, 0xe0,
    0x73, 0xff, 0xff, 0xe7, 0xf7, 0xe7, 0xfb, 0xcf, 0xff, 0x3b, 0xfe, 0xff, 0xff, 0xff, 0xff, 0xef, 0xff, 0xe0,
    0x23, 0xff, 0xee, 0xa7, 0xee, 0x8f, 0xfb, 0x8f, 0xfe, 0x3b, 0xfe, 0xff, 0xff, 0xfb, 0xff, 0xef, 0xff, 0xe0,
    0x71, 0xff, 0xdf, 0xe7, 0xff, 0xcf, 0xff, 0xcf, 0xfd, 0x7d, 0xfe, 0xff, 0xff, 0xfb, 0xff, 0xff, 0xff, 0xe0,
    0x61, 0xff, 0xde, 0xe7, 0xfe, 0xcf, 0xff, 0xcf, 0xfe, 0x7c, 0xfe, 0xff, 0xff, 0xfb, 0xff, 0xef, 0xff, 0xe0,
    0x79, 0xff, 0xff, 0xc7, 0xff, 0xe7, 0xff, 0xcf, 0xfc, 0xfc, 0xfe, 0xff, 0xff, 0xff, 0xff, 0xff, 0xff, 0xe0,
    0x28, 0xff, 0xfe, 0x8f, 0xf7, 0xa7, 0xf6, 0x9f, 0xf8, 0xfe, 0x7e, 0xff, 0xff, 0xfb, 0xff, 0xff, 0xff, 0xe0,
    0x7c, 0x7f, 0xff, 0xcf, 0xfb, 0xf3, 0xf7, 0x9f, 0xfd, 0xff, 0x7e, 0xff, 0xff, 0xfb, 0xff, 0xff, 0xff, 0xe0,
    0x6e, 0x3f, 0xbe, 0xcf, 0xfd, 0xe9, 0xee, 0x9f, 0xf9, 0xfe, 0x7e, 0xff, 0xff, 0xfb, 0xff, 0xff, 0xff, 0xe0,
    0x7f, 0x1f, 0xbf, 0x8f, 0xff, 0xfe, 0x7f, 0x9f, 0xf9, 0xff, 0x7e, 0xff, 0xff, 0xff, 0xff, 0xff, 0xff, 0xe0,
    0x7a, 0x8f, 0xba, 0x9f, 0xff, 0xfa, 0x3e, 0x9f, 0xf9, 0xfe, 0xfe, 0xff, 0xff, 0xff, 0xff, 0xff, 0xff, 0xe0,
    0x00, 0x00, 0x00, 0x00, 0x00, 0x00, 0x00, 0x00, 0x00, 0x00, 0x00, 0x00, 0x00, 0x00, 0x00, 0x00, 0x00, 0x00,
};

static const lv_img_dsc_t waves17 = {
    .header.cf = LV_IMG_CF_INDEXED_1BIT,
    .header.always_zero = 0,
    .header.reserved = 0,
    .header.w = 140,
    .header.h = 68,
    .data_size = 1232,
    .data = waves17_map,
};

static const LV_ATTRIBUTE_MEM_ALIGN LV_ATTRIBUTE_LARGE_CONST uint8_t waves18_map[] = {
#if CONFIG_NICE_VIEW_WIDGET_INVERTED
    0xff, 0xff, 0xff, 0xff, /*Color of index 0*/
    0x00, 0x00, 0x00, 0xff, /*Color of index 1*/
#else
    0x00, 0x00, 0x00, 0xff, /*Color of index 0*/
    0xff, 0xff, 0xff, 0xff, /*Color of index 1*/
#endif
    0x00, 0x00, 0x00, 0x00, 0x00, 0x00, 0x00, 0x00, 0x00, 0x00, 0x00, 0x00, 0x00, 0x00, 0x00, 0x00, 0x00, 0x00,
    0x7f, 0x3f, 0xff, 0x8f, 0xff, 0xef, 0x4f, 0x9f, 0xfb, 0xfd, 0xfe, 0xff, 0xff, 0xff, 0xff, 0xff, 0xff, 0xe0,
    0x7a, 0x9f, 0xba, 0x9f, 0xff, 0xf7, 0xa6, 0x9f, 0xeb, 0xf9, 0xfe, 0xff, 0xff, 0xff, 0xff, 0xff, 0xff, 0xe0,
    0x3f, 0xc7, 0xbf, 0x9f, 0xff, 0xfb, 0xd3, 0xcf, 0xf3, 0xfd, 0xfe, 0xff, 0xff, 0xff, 0xff, 0xff, 0xff, 0xe0,
    0x5e, 0xe3, 0xbe, 0x9f, 0xff, 0xff, 0xa3, 0xe7, 0xe3, 0xf9, 0xfe, 0xff, 0xff, 0xff, 0xfb, 0xff, 0xff, 0xe0,
    0x7f, 0xf1, 0xff, 0x9f, 0xff, 0xff, 0xd1, 0xf3, 0xf3, 0xfb, 0xfe, 0xff, 0xff, 0xff, 0xff, 0xff, 0xff, 0xe0,
    0x7f, 0xa8, 0xfa, 0x9f, 0xff, 0xff, 0xa1, 0xeb, 0xeb, 0xfb, 0xfe, 0xff, 0xff, 0xff, 0xfb, 0xff, 0xff, 0xe0,
    0x7f, 0xf6, 0x7f, 0x9f, 0xff, 0xf7, 0x47, 0x75, 0xf9, 0xfb, 0xfe, 0xff, 0xff, 0xff, 0xfb, 0xff, 0xff, 0xe0,
    0x7d, 0xea, 0x3e, 0x9f, 0xff, 0xee, 0xaf, 0x38, 0xfd, 0xfb, 0xfe, 0xff, 0xff, 0xff, 0xfb, 0xff, 0xff, 0xe0,
    0x7e, 0xfd, 0x9f, 0x9f, 0xff, 0xdd, 0x9f, 0xbc, 0x7c, 0xfd, 0xfe, 0xff, 0xff, 0xff, 0xff, 0xff, 0xff, 0xe0,
    0x7f, 0xbe, 0x82, 0x9f, 0xff, 0xfa, 0x3f, 0xfa, 0x7e, 0x7e, 0xfe, 0xff, 0xff, 0xff, 0xbb, 0xff, 0xff, 0xe0,
    0x7f, 0xfd, 0x47, 0xcf, 0xff, 0xfe, 0x7e, 0xfd, 0x7f, 0x3f, 0x7e, 0xff, 0xff, 0xff, 0xbb, 0xff, 0xff, 0xe0,
    0x7f, 0xfe, 0xa2, 0xcf, 0xff, 0xfe, 0x7f, 0xfa, 0x3e, 0xbe, 0x7e, 0xff, 0xff, 0xff, 0xbb, 0xff, 0x7f, 0xe0,
    0x7f, 0xff, 0x51, 0xe7, 0xfe, 0xfc, 0xff, 0xdc, 0x3f, 0x3f, 0x7e, 0xff, 0xff, 0xff, 0xff, 0xfe, 0xff, 0xe0,
    0x7f, 0xef, 0xa8, 0xa7, 0xfd, 0xe9, 0xff, 0xba, 0x7e, 0x3e, 0x7e, 0xff, 0xff, 0xff, 0xbb, 0xfd, 0xff, 0xe0,
    0x7f, 0xf7, 0xd0, 0xf3, 0xfd, 0xf9, 0xff, 0xb4, 0xed, 0x7e, 0x7e, 0xff, 0xff, 0xff, 0xbb, 0xfe, 0xff, 0xe0,
    0x7f, 0xf7, 0xa8, 0x69, 0xff, 0xe9, 0xff, 0xe9, 0xfa, 0xfe, 0xfe, 0xff, 0xff, 0xff, 0xbb, 0xff, 0x7f, 0xe0,
    0x7f, 0xff, 0xd0, 0x78, 0xff, 0xfb, 0xff, 0xf9, 0xfc, 0xfd, 0xfe, 0xff, 0xff, 0xff, 0xff, 0xff, 0xff, 0xe0,
    0x7f, 0xff, 0xa8, 0x68, 0x7f, 0xa3, 0xff, 0xe3, 0xd9, 0xf9, 0xfe, 0xff, 0xff, 0xff, 0xbb, 0xff, 0xff, 0xe0,
    0x7f, 0xff, 0xd0, 0x7e, 0x7b, 0xf3, 0xfd, 0xf3, 0xf9, 0xfd, 0xfe, 0xff, 0xff, 0xff, 0xbb, 0xff, 0xff, 0xe0,
    0x7f, 0xef, 0xa8, 0x3a, 0x3b, 0xe3, 0xfd, 0xe7, 0xf9, 0xfd, 0xfe, 0x1f, 0xff, 0xff, 0xbb, 0xff, 0xff, 0xe0,
    0x7f, 0xef, 0x51, 0xbd, 0x9b, 0xf3, 0xfb, 0xe7, 0xf9, 0xf9, 0xfe, 0x17, 0xff, 0xff, 0xff, 0xff, 0xff, 0xe0,
    0x7f, 0xde, 0xa3, 0xde, 0x8f, 0xa7, 0xff, 0xaf, 0xeb, 0xfb, 0xfe, 0x11, 0xff, 0xff, 0xbb, 0xff, 0xff, 0xe0,
    0x7f, 0xfd, 0x47, 0xbf, 0x47, 0xe7, 0xff, 0xef, 0xfb, 0xfb, 0xfe, 0x11, 0xff, 0xff, 0xbb, 0xff, 0xff, 0xe0,
    0x7f, 0xfe, 0x87, 0xff, 0xa3, 0xe7, 0xff, 0xcf, 0xeb, 0xfb, 0xfe, 0x11, 0x7f, 0xff, 0xbb, 0xff, 0xff, 0xe0,
    0x7f, 0xfd, 0x8f, 0xff, 0x53, 0xcf, 0xfb, 0xcf, 0xf3, 0xfb, 0xfe, 0x11, 0x3f, 0xff, 0xff, 0xff, 0xff, 0xe0,
    0x7e, 0xfa, 0x1f, 0xfb, 0xa8, 0x8f, 0xf7, 0x8f, 0xe3, 0xf8, 0xfe, 0x11, 0x3f, 0xff, 0xbb, 0xff, 0xff, 0xe0,
    0x7d, 0xf6, 0x3f, 0xfb, 0xd0, 0xcf, 0xf7, 0xcf, 0xf3, 0xfe, 0xbe, 0x11, 0x1f, 0xff, 0xbb, 0xff, 0xff, 0xe0,
    0x7b, 0xe8, 0x7f, 0xfb, 0xe8, 0xe7, 0xff, 0xcf, 0xe3, 0xfe, 0x7e, 0x11, 0x1f, 0xff, 0xbb, 0xff, 0xff, 0xe0,
    0x7f, 0xdc, 0xff, 0xff, 0xd4, 0xe7, 0xff, 0xdf, 0xfb, 0xff, 0x7e, 0x11, 0x0f, 0xff, 0xff, 0xff, 0xff, 0xe0,
    0x7f, 0xa9, 0xff, 0xff, 0xe8, 0x23, 0xfe, 0x9f, 0xf9, 0xfe, 0x7e, 0x11, 0x0f, 0xff, 0xbf, 0xff, 0xff, 0xe0,
    0x7f, 0xf3, 0xff, 0xff, 0xd4, 0x79, 0xef, 0x9f, 0xfc, 0xff, 0x7e, 0x11, 0x0f, 0xff, 0xbf, 0xff, 0xff, 0xe0,
    0x5e, 0xe3, 0xff, 0xfd, 0xe8, 0x7e, 0x6e, 0x9f, 0xfe, 0x7e, 0x7e, 0x11, 0x0f, 0xff, 0xbf, 0xff, 0xff, 0xe0,
    0x3f, 0xc7, 0xff, 0xfd, 0xd4, 0x3d, 0x2f, 0x9f, 0xfd, 0x7e, 0xfe, 0x11, 0x0f, 0xff, 0xff, 0xff, 0xff, 0xe0,
    0x7a, 0x8f, 0xff, 0xfb, 0xe8, 0x5e, 0x9e, 0x9f, 0xfe, 0xb9, 0xfe, 0x11, 0x07, 0xff, 0xbf, 0xff, 0xff, 0xe0,
    0x7f, 0x8f, 0xff, 0xff, 0xd1, 0xff, 0x4f, 0x9f, 0xff, 0x3d, 0xea, 0x11, 0x0f, 0xff, 0xbf, 0xff, 0xff, 0xe0,
    0x7e, 0x9f, 0xff, 0xff, 0xa9, 0xff, 0xa6, 0xdf, 0xfe, 0xbd, 0xfe, 0x11, 0x0f, 0xff, 0xbf, 0xff, 0xff, 0xe0,
    0x7f, 0x1f, 0xff, 0xff, 0x53, 0xbb, 0xd3, 0xcf, 0xfd, 0x7d, 0xfe, 0x11, 0x0f, 0xff, 0xff, 0xff, 0xff, 0xe0,
    0x7a, 0x1f, 0xff, 0xef, 0xa3, 0xfb, 0xa3, 0xa7, 0xfe, 0x79, 0xfe, 0x11, 0x0f, 0xff, 0xbf, 0xff, 0xff, 0xe0,
    0x7f, 0x3f, 0xff, 0xef, 0x47, 0xfb, 0xd1, 0xf3, 0xfe, 0xfb, 0xfe, 0x11, 0x0f, 0xff, 0xbf, 0xff, 0xff, 0xe0,
    0x6e, 0x3f, 0xff, 0xde, 0x8f, 0xff, 0xa1, 0xeb, 0xfc, 0xfb, 0xfe, 0x11, 0x1f, 0xfb, 0xff, 0xff, 0xff, 0xe0,
    0x7f, 0x3f, 0xff, 0xfd, 0xcf, 0xff, 0x47, 0xfd, 0xfd, 0xfb, 0xfe, 0x11, 0x1f, 0xff, 0xff, 0xff, 0xff, 0xe0,
    0x6a, 0x3f, 0xff, 0xfa, 0x9f, 0xfe, 0xaf, 0x78, 0xf9, 0xfb, 0xfe, 0x11, 0x3f, 0xfb, 0xff, 0xff, 0xff, 0xe0,
    0x7e, 0x3f, 0xff, 0xff, 0x3f, 0xdd, 0x1f, 0xbc, 0x79, 0xfd, 0xfe, 0x11, 0x3f, 0xfb, 0xff, 0xff, 0xff, 0xe0,
    0x6e, 0x3f, 0xfe, 0xfa, 0x3f, 0xba, 0x3f, 0xda, 0x79, 0xfe, 0xfe, 0x11, 0x7f, 0xfb, 0xff, 0xef, 0xef, 0xe0,
    0x7e, 0x3f, 0xfe, 0xfe, 0x7f, 0x7e, 0x7e, 0xdd, 0x7b, 0xff, 0x7e, 0x11, 0xff, 0xff, 0xff, 0xef, 0xef, 0xe0,
    0x6a, 0x7f, 0xfd, 0xe8, 0x7f, 0xfa, 0x7f, 0xfa, 0x2b, 0xfe, 0x7e, 0x11, 0xff, 0xfb, 0xff, 0xef, 0xdf, 0xe0,
    0x7e, 0x7f, 0xff, 0xfc, 0xff, 0xfc, 0xff, 0xfc, 0x3b, 0xff, 0x7e, 0x17, 0xff, 0xfb, 0xff, 0xff, 0xef, 0xe0,
    0x6e, 0x7f, 0xff, 0xe8, 0xff, 0xe9, 0xff, 0xfa, 0x63, 0xfe, 0x7e, 0x1f, 0xff, 0xfb, 0xff, 0xef, 0xef, 0xe0,
    0x7c, 0x7f, 0xff, 0xf9, 0xfd, 0xf9, 0xff, 0xb4, 0xe3, 0xfe, 0x7e, 0xff, 0xff, 0xff, 0xff, 0xef, 0xff, 0xe0,
    0x68, 0x7f, 0xf7, 0xa9, 0xfd, 0xe9, 0xff, 0x69, 0xe3, 0xfe, 0xfe, 0xff, 0xff, 0xfb, 0xff, 0xef, 0xff, 0xe0,
    0x7c, 0xff, 0xf7, 0xf1, 0xfb, 0xfb, 0xfe, 0xf9, 0xf3, 0xfd, 0xfe, 0xff, 0xff, 0xfb, 0xff, 0xff, 0xff, 0xe0,
    0x6c, 0xff, 0xf7, 0xe3, 0xff, 0xe3, 0xff, 0xe3, 0xcb, 0xfd, 0xfe, 0xff, 0xff, 0xfb, 0xff, 0xef, 0xff, 0xe0,
    0x78, 0xff, 0xff, 0xf3, 0xff, 0xf3, 0xff, 0xf3, 0xfd, 0xfd, 0xfe, 0xff, 0xff, 0xff, 0xff, 0xef, 0xff, 0xe0,
    0x29, 0xff, 0xff, 0xa3, 0xff, 0xa3, 0xff, 0xa7, 0xfa, 0xf9, 0xfe, 0xff, 0xff, 0xfb, 0xff, 0xef, 0xff, 0xe0,
    0x79, 0xff, 0xff, 0xf3, 0xfb, 0xf3, 0xfb, 0xe7, 0xfd, 0x79, 0xfe, 0xff, 0xff, 0xfb, 0xff, 0xff, 0xff, 0xe0,
    0x61, 0xff, 0xef, 0xe3, 0xf7, 0xe7, 0xfb, 0xef, 0xfe, 0x3b, 0xfe, 0xff, 0xff, 0xfb, 0xff, 0xef, 0xff, 0xe0,
    0x73, 0xff, 0xef, 0xe3, 0xf7, 0xe7, 0xfb, 0xef, 0xff, 0x3b, 0xfe, 0xff, 0xff, 0xff, 0xff, 0xef, 0xff, 0xe0,
    0x23, 0xff, 0xef, 0xa3, 0xff, 0xa7, 0xff, 0x8f, 0xfe, 0xbb, 0xfe, 0xff, 0xff, 0xfb, 0xff, 0xef, 0xff, 0xe0,
    0x73, 0xff, 0xff, 0xe3, 0xff, 0xcf, 0xff, 0xcf, 0xff, 0x3b, 0xfe, 0xff, 0xff, 0xfb, 0xff, 0xff, 0xff, 0xe0,
    0x63, 0xff, 0xfe, 0xe7, 0xfe, 0xcf, 0xff, 0xcf, 0xfe, 0x7d, 0xfe, 0xff, 0xff, 0xfb, 0xff, 0xff, 0xff, 0xe0,
    0x73, 0xff, 0xff, 0xe7, 0xef, 0xcf, 0xf7, 0xcf, 0xfc, 0x7c, 0xfe, 0xff, 0xff, 0xff, 0xff, 0xff, 0xff, 0xe0,
    0x23, 0xff, 0xee, 0xa7, 0xf7, 0xa7, 0xf7, 0x8f, 0xf8, 0xfe, 0x7e, 0xff, 0xff, 0xfb, 0xff, 0xff, 0xff, 0xe0,
    0x73, 0xff, 0xdf, 0xe7, 0xf7, 0xe7, 0xf7, 0xdf, 0xfd, 0xff, 0x7e, 0xff, 0xff, 0xfb, 0xff, 0xff, 0xff, 0xe0,
    0x61, 0xff, 0xde, 0xe7, 0xff, 0xe3, 0xfe, 0x9f, 0xfd, 0xfe, 0x7e, 0xff, 0xff, 0xff, 0xff, 0xff, 0xff, 0xe0,
    0x79, 0xff, 0xff, 0xc7, 0xff, 0xf9, 0xff, 0x9f, 0xf9, 0xff, 0x7e, 0xff, 0xff, 0xff, 0xff, 0xff, 0xff, 0xe0,
    0x28, 0xff, 0xfe, 0x8f, 0xff, 0xfa, 0x7e, 0x9f, 0xf9, 0xfe, 0x7e, 0xff, 0xff, 0xff, 0xff, 0xff, 0xff, 0xe0,
    0x00, 0x00, 0x00, 0x00, 0x00, 0x00, 0x00, 0x00, 0x00, 0x00, 0x00, 0x00, 0x00, 0x00, 0x00, 0x00, 0x00, 0x00,
};

static const lv_img_dsc_t waves18 = {
    .header.cf = LV_IMG_CF_INDEXED_1BIT,
    .header.always_zero = 0,
    .header.reserved = 0,
    .header.w = 140,
    .header.h = 68,
    .data_size = 1232,
    .data = waves18_map,
};

static const LV_ATTRIBUTE_MEM_ALIGN LV_ATTRIBUTE_LARGE_CONST uint8_t waves19_map[] = {
#if CONFIG_NICE_VIEW_WIDGET_INVERTED
    0xff, 0xff, 0xff, 0xff, /*Color of index 0*/
    0x00, 0x00, 0x00, 0xff, /*Color of index 1*/
#else
    0x00, 0x00, 0x00, 0xff, /*Color of index 0*/
    0xff, 0xff, 0xff, 0xff, /*Color of index 1*/
#endif
    0x00, 0x00, 0x00, 0x00, 0x00, 0x00, 0x00, 0x00, 0x00, 0x00, 0x00, 0x00, 0x00, 0x00, 0x00, 0x00, 0x00, 0x00,
    0x79, 0xff, 0xdf, 0xc7, 0xff, 0xdd, 0x8f, 0x9f, 0xfb, 0xfd, 0xfe, 0xff, 0xff, 0xff, 0xff, 0xff, 0xff, 0xe0,
    0x28, 0xff, 0xde, 0x8f, 0xff, 0xee, 0x8e, 0x9f, 0xeb, 0xf9, 0xfe, 0xff, 0xff, 0xff, 0xff, 0xff, 0xff, 0xe0,
    0x7c, 0xff, 0xff, 0xcf, 0xff, 0xff, 0x47, 0xdf, 0xf3, 0xfd, 0xfe, 0xff, 0xff, 0xff, 0xfb, 0xff, 0xff, 0xe0,
    0x6e, 0x7f, 0xfe, 0xcf, 0xff, 0xff, 0xa3, 0xcf, 0xe3, 0xf9, 0xfe, 0xff, 0xff, 0xff, 0xfb, 0xff, 0xff, 0xe0,
    0x7f, 0x3f, 0xff, 0xcf, 0xff, 0xff, 0xd3, 0xe7, 0xf3, 0xfb, 0xfe, 0xff, 0xff, 0xff, 0xff, 0xff, 0xff, 0xe0,
    0x7a, 0x9f, 0xba, 0x9f, 0xff, 0xfb, 0xa1, 0xa7, 0xe3, 0xfb, 0xfe, 0xff, 0xff, 0xff, 0xfb, 0xff, 0xff, 0xe0,
    0x7f, 0xcf, 0xbf, 0x9f, 0xff, 0xfb, 0xd0, 0xfb, 0xfb, 0xfb, 0xfe, 0xff, 0xff, 0xff, 0xfb, 0xff, 0xff, 0xe0,
    0x3e, 0xe7, 0xbe, 0x9f, 0xff, 0xf7, 0xa7, 0x69, 0xf9, 0xfb, 0xfe, 0xff, 0xff, 0xff, 0xfb, 0xff, 0xff, 0xe0,
    0x7f, 0xf1, 0xff, 0x9f, 0xff, 0xff, 0x47, 0xf4, 0xfc, 0xf9, 0xfe, 0xff, 0xff, 0xff, 0xff, 0xff, 0xff, 0xe0,
    0x7f, 0xa8, 0xfa, 0x9f, 0xff, 0xfe, 0x8f, 0x7a, 0x7e, 0x79, 0xfe, 0xff, 0xff, 0xff, 0xbb, 0xff, 0xff, 0xe0,
    0x7f, 0xfe, 0x7f, 0x9f, 0xff, 0xff, 0xbf, 0xfc, 0x7d, 0x7e, 0xfe, 0xff, 0xff, 0xff, 0xbb, 0xff, 0x7f, 0xe0,
    0x7d, 0xea, 0x3e, 0x9f, 0xff, 0x7a, 0x7f, 0xda, 0x7e, 0x3e, 0x7e, 0xff, 0xff, 0xff, 0xbb, 0xfe, 0xff, 0xe0,
    0x7e, 0xfd, 0x9f, 0x9f, 0xff, 0x7e, 0x7f, 0xdd, 0x3f, 0x3f, 0x7e, 0xff, 0xff, 0xff, 0xff, 0xfd, 0xff, 0xe0,
    0x7f, 0x7a, 0x8a, 0x9f, 0xfe, 0xe8, 0xff, 0xda, 0x1e, 0xbe, 0x7e, 0xff, 0xff, 0xff, 0xbb, 0xfe, 0xff, 0xe0,
    0x7f, 0xfd, 0x47, 0xcf, 0xff, 0xf9, 0xff, 0xfc, 0x7f, 0x3f, 0x7e, 0xff, 0xff, 0xff, 0xbb, 0xff, 0x7f, 0xe0,
    0x7f, 0xfe, 0xa2, 0xcf, 0xff, 0xe9, 0xff, 0xf8, 0xfe, 0x7e, 0xfe, 0xff, 0xff, 0xff, 0xbb, 0xff, 0xff, 0xe0,
    0x7f, 0xff, 0x51, 0xc7, 0xff, 0xf9, 0xff, 0xfc, 0xec, 0xfc, 0xfe, 0xff, 0xff, 0xff, 0xff, 0xff, 0xff, 0xe0,
    0x7f, 0xef, 0xa8, 0xa7, 0xfb, 0xab, 0xfe, 0xe9, 0xf8, 0xf9, 0xfe, 0xff, 0xff, 0xff, 0xbb, 0xff, 0xff, 0xe0,
    0x7f, 0xf7, 0xd0, 0xf3, 0xfb, 0xf3, 0xfe, 0xf3, 0xfd, 0xfd, 0xfe, 0xff, 0xff, 0xff, 0xbb, 0xff, 0xff, 0xe0,
    0x7f, 0xf7, 0xa8, 0x61, 0xfb, 0xe3, 0xfd, 0xe3, 0xf9, 0xfd, 0xfe, 0x1f, 0xff, 0xff, 0xbb, 0xff, 0xff, 0xe0,
    0x7f, 0xff, 0xd0, 0x79, 0xff, 0xf3, 0xff, 0xe7, 0xf9, 0xf9, 0xfe, 0x17, 0xff, 0xff, 0xff, 0xff, 0xff, 0xe0,
    0x7f, 0xff, 0xa8, 0x68, 0xff, 0xa3, 0xff, 0xa7, 0xf9, 0xfb, 0xfe, 0x11, 0xff, 0xff, 0xbb, 0xff, 0xff, 0xe0,
    0x7f, 0xff, 0xd0, 0x3e, 0x7f, 0xe7, 0xff, 0xef, 0xfb, 0xfb, 0xfe, 0x11, 0xff, 0xff, 0xbb, 0xff, 0xff, 0xe0,
    0x7f, 0xef, 0xa8, 0x7a, 0x37, 0xe7, 0xfb, 0xef, 0xeb, 0xfb, 0xfe, 0x11, 0x7f, 0xff, 0xbb, 0xff, 0xff, 0xe0,
    0x7f, 0xef, 0x51, 0xbd, 0x97, 0xe7, 0xfb, 0xcf, 0xfb, 0xfb, 0xfe, 0x11, 0x3f, 0xff, 0xff, 0xff, 0xff, 0xe0,
    0x7f, 0xde, 0xa3, 0xbe, 0x8e, 0x8f, 0xfb, 0x8f, 0xe3, 0xf9, 0xfe, 0x11, 0x3f, 0xff, 0xbb, 0xff, 0xff, 0xe0,
    0x7f, 0xff, 0x43, 0xff, 0x47, 0xcf, 0xff, 0xcf, 0xf3, 0xfd, 0xfe, 0x11, 0x1f, 0xff, 0xbb, 0xff, 0xff, 0xe0,
    0x7f, 0xfe, 0x87, 0xff, 0xa2, 0xcf, 0xff, 0xcf, 0xe3, 0xfe, 0xfe, 0x11, 0x1f, 0xff, 0xbb, 0xff, 0xff, 0xe0,
    0x7f, 0xfd, 0x8f, 0xff, 0x53, 0xe7, 0xff, 0xcf, 0xf3, 0xff, 0x7e, 0x11, 0x0f, 0xff, 0xff, 0xff, 0xff, 0xe0,
    0x7e, 0xfa, 0x9f, 0xf7, 0xa9, 0xa7, 0xf6, 0x9f, 0xeb, 0xfe, 0x3e, 0x11, 0x0f, 0xff, 0xbf, 0xff, 0xff, 0xe0,
    0x7d, 0xf7, 0x3f, 0xfb, 0xd1, 0xf3, 0xf7, 0xdf, 0xfd, 0xff, 0x6a, 0x11, 0x0f, 0xff, 0xbf, 0xff, 0xff, 0xe0,
    0x7b, 0xea, 0x7f, 0xfb, 0xe8, 0xe9, 0xee, 0x9f, 0xfa, 0xfe, 0x7e, 0x11, 0x0f, 0xff, 0xbf, 0xff, 0xff, 0xe0,
    0x7f, 0xdc, 0xff, 0xff, 0xd4, 0xfe, 0x7f, 0x9f, 0xfc, 0x7c, 0xfe, 0x11, 0x0f, 0xff, 0xff, 0xff, 0xff, 0xe0,
    0x7f, 0xa9, 0xff, 0xff, 0xe8, 0x7a, 0x3e, 0x9f, 0xfe, 0x3c, 0xfe, 0x11, 0x07, 0xff, 0xbf, 0xff, 0xff, 0xe0,
    0x7f, 0xf3, 0xff, 0xff, 0xd4, 0x7f, 0x1f, 0x9f, 0xff, 0x3d, 0xfe, 0x11, 0x0f, 0xff, 0xbf, 0xff, 0xff, 0xe0,
    0x5e, 0xe3, 0xff, 0xfd, 0xe8, 0x6e, 0x8e, 0x9f, 0xfe, 0xbc, 0xfe, 0x11, 0x0f, 0xff, 0xbf, 0xff, 0xff, 0xe0,
    0x3f, 0xe7, 0xff, 0xfd, 0xd4, 0x37, 0x47, 0xdf, 0xff, 0x3d, 0xfe, 0x11, 0x0f, 0xff, 0xff, 0xff, 0xff, 0xe0,
    0x7a, 0x8f, 0xff, 0xfb, 0xe8, 0x7b, 0xa3, 0x8f, 0xfe, 0x79, 0xfe, 0x11, 0x0f, 0xff, 0xbf, 0xff, 0xff, 0xe0,
    0x7f, 0x8f, 0xff, 0xff, 0xd0, 0xff, 0xd3, 0xe7, 0xfe, 0x7b, 0xfe, 0x11, 0x0f, 0xfb, 0xff, 0xff, 0xff, 0xe0,
    0x7e, 0x9f, 0xff, 0xff, 0xa9, 0xdf, 0xa1, 0xe7, 0xfa, 0xfb, 0xfe, 0x11, 0x1f, 0xfb, 0xff, 0xff, 0xff, 0xe0,
    0x7f, 0x9f, 0xff, 0xff, 0xd1, 0xff, 0xd0, 0xdb, 0xfd, 0xfb, 0xfe, 0x11, 0x1f, 0xff, 0xff, 0xff, 0xff, 0xe0,
    0x7a, 0x1f, 0xff, 0xef, 0xa3, 0xf7, 0xa7, 0x69, 0xf9, 0xfb, 0xfe, 0x11, 0x3f, 0xfb, 0xff, 0xff, 0xff, 0xe0,
    0x7f, 0x3f, 0xff, 0xef, 0x47, 0xf7, 0x47, 0xb4, 0xf9, 0xf9, 0xfe, 0x11, 0x3f, 0xfb, 0xff, 0xff, 0xef, 0xe0,
    0x6e, 0x3f, 0xff, 0xde, 0x87, 0xee, 0x8f, 0x3a, 0x79, 0xfd, 0xfe, 0x11, 0x7f, 0xfb, 0xff, 0xef, 0xef, 0xe0,
    0x7f, 0x3f, 0xff, 0xfd, 0xcf, 0xfd, 0xbf, 0xfc, 0x79, 0xfc, 0xfe, 0x11, 0xff, 0xff, 0xff, 0xef, 0xdf, 0xe0,
    0x6a, 0x3f, 0xff, 0xfa, 0x9f, 0xfa, 0x7f, 0xfa, 0x6b, 0xfe, 0x7e, 0x11, 0xff, 0xfb, 0xff, 0xef, 0xef, 0xe0,
    0x7e, 0x3f, 0xff, 0xff, 0x1f, 0xfe, 0x7f, 0xfd, 0x3b, 0xff, 0x7e, 0x17, 0xff, 0xfb, 0xff, 0xff, 0xef, 0xe0,
    0x6e, 0x3f, 0xfe, 0xfa, 0x3e, 0xec, 0xff, 0xda, 0x0b, 0xfe, 0x7e, 0x1f, 0xff, 0xfb, 0xff, 0xef, 0xff, 0xe0,
    0x7e, 0x3f, 0xfe, 0xfe, 0x7d, 0xf9, 0xff, 0xbc, 0x73, 0xff, 0x7e, 0xff, 0xff, 0xff, 0xff, 0xef, 0xff, 0xe0,
    0x6a, 0x7f, 0xfd, 0xe8, 0x7d, 0xe9, 0xff, 0xb8, 0xe3, 0xfe, 0xfe, 0xff, 0xff, 0xfb, 0xff, 0xef, 0xff, 0xe0,
    0x7e, 0x7f, 0xff, 0xfc, 0xff, 0xf9, 0xff, 0xf4, 0xe3, 0xfc, 0xfe, 0xff, 0xff, 0xfb, 0xff, 0xff, 0xff, 0xe0,
    0x6e, 0x7f, 0xff, 0xe8, 0xff, 0xeb, 0xff, 0xe9, 0xeb, 0xfd, 0xfe, 0xff, 0xff, 0xfb, 0xff, 0xef, 0xff, 0xe0,
    0x7c, 0x7f, 0xff, 0xf9, 0xff, 0xf3, 0xff, 0xf3, 0xf9, 0xfd, 0xfe, 0xff, 0xff, 0xff, 0xff, 0xef, 0xff, 0xe0,
    0x68, 0x7f, 0xf7, 0xa9, 0xfb, 0xa3, 0xfd, 0xe3, 0xf9, 0xf9, 0xfe, 0xff, 0xff, 0xfb, 0xff, 0xef, 0xff, 0xe0,
    0x7c, 0xff, 0xf7, 0xf1, 0xfb, 0xf3, 0xfd, 0xe7, 0xfe, 0xf9, 0xfe, 0xff, 0xff, 0xfb, 0xff, 0xff, 0xff, 0xe0,
    0x6c, 0xff, 0xf7, 0xe3, 0xfb, 0xe3, 0xfb, 0xe7, 0xfe, 0x7b, 0xfe, 0xff, 0xff, 0xfb, 0xff, 0xef, 0xff, 0xe0,
    0x78, 0xff, 0xff, 0xf3, 0xff, 0xe7, 0xff, 0xef, 0xff, 0x3b, 0xfe, 0xff, 0xff, 0xff, 0xff, 0xef, 0xff, 0xe0,
    0x29, 0xff, 0xff, 0xa3, 0xff, 0xa7, 0xff, 0xaf, 0xfe, 0xbb, 0xfe, 0xff, 0xff, 0xfb, 0xff, 0xef, 0xff, 0xe0,
    0x79, 0xff, 0xff, 0xf3, 0xff, 0xe7, 0xff, 0xcf, 0xff, 0x3b, 0xfe, 0xff, 0xff, 0xfb, 0xff, 0xff, 0xff, 0xe0,
    0x61, 0xff, 0xef, 0xe3, 0xee, 0xcf, 0xfb, 0xcf, 0xfe, 0x39, 0xfe, 0xff, 0xff, 0xfb, 0xff, 0xff, 0xff, 0xe0,
    0x71, 0xff, 0xef, 0xf3, 0xef, 0xcf, 0xf7, 0xcf, 0xfd, 0x7d, 0xfe, 0xff, 0xff, 0xff, 0xff, 0xff, 0xff, 0xe0,
    0x23, 0xff, 0xef, 0xa3, 0xee, 0x8f, 0xf7, 0x8f, 0xfa, 0xfe, 0xfe, 0xff, 0xff, 0xfb, 0xff, 0xff, 0xff, 0xe0,
    0x73, 0xff, 0xff, 0xe3, 0xff, 0xe7, 0xff, 0xcf, 0xfc, 0xff, 0x7e, 0xff, 0xff, 0xff, 0xff, 0xff, 0xff, 0xe0,
    0x63, 0xff, 0xfe, 0xe7, 0xff, 0xe7, 0xfe, 0xdf, 0xfd, 0xfe, 0x7e, 0xff, 0xff, 0xff, 0xff, 0xff, 0xff, 0xe0,
    0x73, 0xff, 0xff, 0xe7, 0xff, 0xf3, 0xff, 0xdf, 0xf9, 0xff, 0x7e, 0xff, 0xff, 0xff, 0xff, 0xff, 0xff, 0xe0,
    0x23, 0xff, 0xee, 0xa7, 0xfd, 0xe9, 0xee, 0x9f, 0xf9, 0xfe, 0x7e, 0xff, 0xff, 0xff, 0xff, 0xff, 0xff, 0xe0,
    0x00, 0x00, 0x00, 0x00, 0x00, 0x00, 0x00, 0x00, 0x00, 0x00, 0x00, 0x00, 0x00, 0x00, 0x00, 0x00, 0x00, 0x00,
};

static const lv_img_dsc_t waves19 = {
    .header.cf = LV_IMG_CF_INDEXED_1BIT,
    .header.always_zero = 0,
    .header.reserved = 0,
    .header.w = 140,
    .header.h = 68,
    .data_size = 1232,
    .data = waves19_map,
};

static const LV_ATTRIBUTE_MEM_ALIGN LV_ATTRIBUTE_LARGE_CONST uint8_t waves20_map[] = {
#if CONFIG_NICE_VIEW_WIDGET_INVERTED
    0xff, 0xff, 0xff, 0xff, /*Color of index 0*/
    0x00, 0x00, 0x00, 0xff, /*Color of index 1*/
#else
    0x00, 0x00, 0x00, 0xff, /*Color of index 0*/
    0xff, 0xff, 0xff, 0xff, /*Color of index 1*/
#endif
    0x00, 0x00, 0x00, 0x00, 0x00, 0x00, 0x00, 0x00, 0x00, 0x00, 0x00, 0x00, 0x00, 0x00, 0x00, 0x00, 0x00, 0x00,
    0x73, 0xff, 0xff, 0xe7, 0xff, 0xbf, 0x2f, 0x9f, 0xfb, 0xfd, 0xfe, 0xff, 0xff, 0xff, 0xff, 0xff, 0xff, 0xe0,
    0x23, 0xff, 0xfe, 0xa7, 0xff, 0xfe, 0x9e, 0x9f, 0xeb, 0xf9, 0xfe, 0xff, 0xff, 0xff, 0xfb, 0xff, 0xff, 0xe0,
    0x73, 0xff, 0xff, 0xe7, 0xff, 0xff, 0x4f, 0x9f, 0xfb, 0xfd, 0xfe, 0xff, 0xff, 0xff, 0xfb, 0xff, 0xff, 0xe0,
    0x61, 0xff, 0xde, 0xe7, 0xff, 0xff, 0xa6, 0xdf, 0xe3, 0xfd, 0xfe, 0xff, 0xff, 0xff, 0xfb, 0xff, 0xff, 0xe0,
    0x79, 0xff, 0xdf, 0xe7, 0xff, 0xfb, 0xd3, 0xcf, 0xf3, 0xf9, 0xfe, 0xff, 0xff, 0xff, 0xff, 0xff, 0xff, 0xe0,
    0x28, 0xff, 0xde, 0x8f, 0xff, 0xfb, 0xa3, 0xa7, 0xe3, 0xfb, 0xfe, 0xff, 0xff, 0xff, 0xfb, 0xff, 0xff, 0xe0,
    0x7c, 0xff, 0xff, 0xcf, 0xff, 0xfb, 0xd1, 0xf7, 0xf3, 0xfb, 0xfe, 0xff, 0xff, 0xff, 0xfb, 0xff, 0xff, 0xe0,
    0x6e, 0x7f, 0xfe, 0xcf, 0xff, 0xff, 0xa1, 0xeb, 0xeb, 0xfb, 0xfe, 0xff, 0xff, 0xff, 0xbb, 0xff, 0xff, 0xe0,
    0x7e, 0x3f, 0xff, 0xcf, 0xff, 0xff, 0x47, 0xf9, 0xfd, 0xfb, 0xfe, 0xff, 0xff, 0xff, 0xff, 0xff, 0xff, 0xe0,
    0x7a, 0x1f, 0xbe, 0x8f, 0xff, 0xff, 0xa7, 0x78, 0xfa, 0xf9, 0xfe, 0xff, 0xff, 0xff, 0xbb, 0xff, 0x7f, 0xe0,
    0x7f, 0xcf, 0xbf, 0x9f, 0xff, 0xef, 0x4f, 0xbc, 0x7c, 0x7e, 0xfe, 0xff, 0xff, 0xff, 0xbb, 0xfe, 0xff, 0xe0,
    0x3e, 0xe7, 0xbe, 0x9f, 0xff, 0xde, 0x9f, 0xda, 0x7e, 0x3e, 0x7e, 0xff, 0xff, 0xff, 0xbb, 0xfd, 0xff, 0xe0,
    0x7f, 0xf3, 0xff, 0x9f, 0xff, 0xbf, 0x3e, 0xdd, 0x7f, 0x3f, 0x7e, 0xff, 0xff, 0xff, 0xff, 0xfe, 0xff, 0xe0,
    0x7f, 0xa9, 0xfa, 0x9f, 0xff, 0xfa, 0x7f, 0xfa, 0x3e, 0xbe, 0x7e, 0xff, 0xff, 0xff, 0xbb, 0xff, 0x7f, 0xe0,
    0x7f, 0xfc, 0x7f, 0x9f, 0xff, 0xfc, 0xff, 0xfd, 0x3f, 0x3f, 0x7e, 0xff, 0xff, 0xff, 0xbb, 0xff, 0xff, 0xe0,
    0x7d, 0xea, 0x3e, 0x9f, 0xff, 0xe9, 0xff, 0xfa, 0x7e, 0x7e, 0x7e, 0xff, 0xff, 0xff, 0xbb, 0xff, 0xff, 0xe0,
    0x7e, 0xfd, 0x9f, 0x9f, 0xfd, 0xf9, 0xff, 0xb4, 0xec, 0x7e, 0xfe, 0xff, 0xff, 0xff, 0xff, 0xff, 0xff, 0xe0,
    0x7f, 0x7a, 0x8a, 0x9f, 0xfd, 0xe9, 0xff, 0x78, 0xfa, 0xf9, 0xfe, 0xff, 0xff, 0xff, 0xbb, 0xff, 0xff, 0xe0,
    0x7f, 0xfd, 0x47, 0x8f, 0xfb, 0xfb, 0xfe, 0xf9, 0xfd, 0xfd, 0xfe, 0xff, 0xff, 0xff, 0xbb, 0xff, 0xff, 0xe0,
    0x7f, 0xfe, 0xa2, 0xcf, 0xff, 0xe3, 0xff, 0xeb, 0xdd, 0xfd, 0xfe, 0x1f, 0xff, 0xff, 0xbb, 0xff, 0xff, 0xe0,
    0x7f, 0xff, 0x51, 0xc7, 0xff, 0xf3, 0xff, 0xf3, 0xf9, 0xfd, 0xfe, 0x17, 0xff, 0xff, 0xff, 0xff, 0xff, 0xe0,
    0x7f, 0xef, 0xa8, 0xa7, 0xff, 0xa3, 0xff, 0xa7, 0xf9, 0xf9, 0xfe, 0x11, 0xff, 0xff, 0xbb, 0xff, 0xff, 0xe0,
    0x7f, 0xf7, 0xd0, 0xf3, 0xfb, 0xf3, 0xfb, 0xe7, 0xf9, 0xfb, 0xfe, 0x11, 0xff, 0xff, 0xbb, 0xff, 0xff, 0xe0,
    0x7f, 0xf7, 0xa8, 0x63, 0xf7, 0xe7, 0xfb, 0xef, 0xeb, 0xfb, 0xfe, 0x11, 0x7f, 0xff, 0xbb, 0xff, 0xff, 0xe0,
    0x7f, 0xff, 0xd0, 0x79, 0xf7, 0xe7, 0xfb, 0xef, 0xfb, 0xfb, 0xfe, 0x11, 0x3f, 0xff, 0xff, 0xff, 0xff, 0xe0,
    0x7f, 0xff, 0xa8, 0x68, 0xff, 0xa7, 0xff, 0x8f, 0xeb, 0xfb, 0xfe, 0x11, 0x3f, 0xff, 0xbb, 0xff, 0xff, 0xe0,
    0x7f, 0xff, 0xd0, 0x7e, 0x7f, 0xef, 0xff, 0xcf, 0xf3, 0xfd, 0xfe, 0x11, 0x1f, 0xff, 0xbb, 0xff, 0xff, 0xe0,
    0x7f, 0xef, 0xa8, 0x7a, 0x3e, 0xcf, 0xff, 0xcf, 0xe3, 0xfe, 0xfe, 0x11, 0x1f, 0xff, 0xbf, 0xff, 0xff, 0xe0,
    0x7f, 0xef, 0x50, 0x3d, 0x8f, 0xcf, 0xf7, 0xcf, 0xf3, 0xff, 0x7e, 0x11, 0x0f, 0xff, 0xff, 0xff, 0xff, 0xe0,
    0x7f, 0xde, 0xa3, 0xbe, 0x87, 0xa7, 0xf7, 0x8f, 0xeb, 0xfe, 0x7e, 0x11, 0x0f, 0xff, 0xbf, 0xff, 0xff, 0xe0,
    0x7f, 0xff, 0x43, 0xff, 0x47, 0xe7, 0xf7, 0xdf, 0xf9, 0xff, 0x7e, 0x11, 0x0f, 0xff, 0xbf, 0xff, 0xff, 0xe0,
    0x7f, 0xfe, 0x87, 0xbe, 0xa7, 0xe3, 0xfe, 0xdf, 0xfd, 0xfe, 0x7e, 0x11, 0x0f, 0xff, 0xbf, 0xff, 0xff, 0xe0,
    0x7f, 0xfd, 0x4f, 0xff, 0x53, 0xf9, 0xff, 0x9f, 0xfc, 0xfe, 0x7e, 0x11, 0x0f, 0xff, 0xff, 0xff, 0xff, 0xe0,
    0x7e, 0xfa, 0x9f, 0xf7, 0xa9, 0xe8, 0xfe, 0x9f, 0xfe, 0x7e, 0xfa, 0x11, 0x07, 0xff, 0xbf, 0xff, 0xff, 0xe0,
    0x7d, 0xf7, 0x3f, 0xfb, 0xd1, 0xbf, 0x2f, 0x9f, 0xff, 0x3d, 0xfe, 0x11, 0x0f, 0xff, 0xbf, 0xff, 0xff, 0xe0,
    0x7b, 0xea, 0x7f, 0xfb, 0xe8, 0xde, 0x8e, 0x9f, 0xfe, 0xbd, 0xfe, 0x11, 0x0f, 0xff, 0xbf, 0xff, 0xff, 0xe0,
    0x7f, 0xdc, 0xff, 0xff, 0xd4, 0xef, 0x4f, 0x9f, 0xff, 0x3d, 0xfe, 0x11, 0x0f, 0xff, 0xff, 0xff, 0xff, 0xe0,
    0x7f, 0xa8, 0xff, 0xff, 0xe8, 0xff, 0xa6, 0x9f, 0xfe, 0x39, 0xee, 0x11, 0x0f, 0xfb, 0xff, 0xff, 0xff, 0xe0,
    0x7f, 0xf1, 0xff, 0xff, 0xd4, 0x7f, 0xd3, 0xcf, 0xfd, 0x79, 0xbe, 0x11, 0x0f, 0xfb, 0xff, 0xff, 0xff, 0xe0,
    0x5e, 0xe3, 0xff, 0xfd, 0xe8, 0x7f, 0xa3, 0xe7, 0xfa, 0xfa, 0xfe, 0x11, 0x1f, 0xfb, 0xff, 0xff, 0xff, 0xe0,
    0x3f, 0xe7, 0xff, 0xfd, 0xd4, 0x7b, 0xd1, 0xf7, 0xfc, 0xfb, 0xfe, 0x11, 0x1f, 0xff, 0xff, 0xff, 0xff, 0xe0,
    0x3e, 0x87, 0xff, 0xfd, 0xe8, 0x7b, 0xa0, 0xeb, 0xf9, 0xfb, 0xfe, 0x11, 0x3f, 0xfb, 0xff, 0xef, 0xef, 0xe0,
    0x7f, 0xcf, 0xff, 0xff, 0xd0, 0xd7, 0x47, 0x71, 0xf9, 0xfb, 0xfe, 0x11, 0x3f, 0xfb, 0xff, 0xff, 0xef, 0xe0,
    0x7e, 0x9f, 0xff, 0xff, 0xa9, 0xff, 0xa7, 0x78, 0xf9, 0xfd, 0xfe, 0x11, 0x7f, 0xfb, 0xff, 0xef, 0xdf, 0xe0,
    0x7f, 0x9f, 0xff, 0xff, 0xd1, 0xff, 0xcf, 0xfc, 0x79, 0xfe, 0xfe, 0x11, 0xff, 0xff, 0xff, 0xef, 0xef, 0xe0,
    0x7a, 0x1f, 0xff, 0xf7, 0xa3, 0xbe, 0x9f, 0xfa, 0x6b, 0xfe, 0x7e, 0x11, 0xff, 0xfb, 0xff, 0xef, 0xef, 0xe0,
    0x7f, 0x3f, 0xff, 0xef, 0x47, 0xbf, 0x3e, 0xdd, 0x7b, 0xff, 0x7e, 0x17, 0xff, 0xfb, 0xff, 0xff, 0xff, 0xe0,
    0x6e, 0x3f, 0xff, 0xde, 0xa7, 0x7e, 0x7f, 0xda, 0x2b, 0xfe, 0x7e, 0x1f, 0xff, 0xfb, 0xff, 0xef, 0xff, 0xe0,
    0x7f, 0x3f, 0xff, 0xfd, 0xce, 0xfc, 0xff, 0xdd, 0x33, 0xff, 0x7e, 0xff, 0xff, 0xff, 0xff, 0xef, 0xff, 0xe0,
    0x6a, 0x3f, 0xff, 0xfa, 0x9f, 0xe9, 0xff, 0xfa, 0x63, 0xfe, 0x7e, 0xff, 0xff, 0xfb, 0xff, 0xef, 0xff, 0xe0,
    0x7e, 0x3f, 0xff, 0xff, 0x9f, 0xf9, 0xff, 0xf4, 0xe3, 0xfe, 0xfe, 0xff, 0xff, 0xfb, 0xff, 0xff, 0xff, 0xe0,
    0x6e, 0x3f, 0xff, 0x7a, 0x3f, 0xe9, 0xff, 0xf8, 0xe3, 0xfd, 0xfe, 0xff, 0xff, 0xfb, 0xff, 0xef, 0xff, 0xe0,
    0x7e, 0x3f, 0xfe, 0xfe, 0x7b, 0xfb, 0xfe, 0xf9, 0xfb, 0xfd, 0xfe, 0xff, 0xff, 0xff, 0xff, 0xef, 0xff, 0xe0,
    0x6a, 0x7f, 0xfd, 0xea, 0x7b, 0xa3, 0xfe, 0xeb, 0xd9, 0xf9, 0xfe, 0xff, 0xff, 0xfb, 0xff, 0xef, 0xff, 0xe0,
    0x7e, 0x7f, 0xff, 0xfc, 0xfb, 0xf3, 0xfd, 0xf3, 0xfc, 0xfd, 0xfe, 0xff, 0xff, 0xfb, 0xff, 0xff, 0xff, 0xe0,
    0x6e, 0x7f, 0xff, 0xec, 0xff, 0xe3, 0xff, 0xe7, 0xfe, 0x79, 0xfe, 0xff, 0xff, 0xfb, 0xff, 0xef, 0xff, 0xe0,
    0x7c, 0x7f, 0xff, 0xf9, 0xff, 0xf3, 0xff, 0xe7, 0xfd, 0x7b, 0xfe, 0xff, 0xff, 0xff, 0xff, 0xef, 0xff, 0xe0,
    0x68, 0x7f, 0xfb, 0xa9, 0xff, 0xa7, 0xff, 0xaf, 0xfe, 0x3b, 0xfe, 0xff, 0xff, 0xfb, 0xff, 0xff, 0xff, 0xe0,
    0x7c, 0xff, 0xf7, 0xf1, 0xf7, 0xe7, 0xfb, 0xef, 0xff, 0x3b, 0xfe, 0xff, 0xff, 0xfb, 0xff, 0xff, 0xff, 0xe0,
    0x6c, 0xff, 0xf7, 0xe3, 0xf7, 0xe7, 0xfb, 0xcf, 0xfe, 0xbb, 0xfe, 0xff, 0xff, 0xfb, 0xff, 0xff, 0xff, 0xe0,
    0x78, 0xff, 0xff, 0xf3, 0xef, 0xef, 0xfb, 0xcf, 0xff, 0x3d, 0xfe, 0xff, 0xff, 0xff, 0xff, 0xff, 0xff, 0xe0,
    0x28, 0xff, 0xff, 0xa3, 0xfe, 0x8f, 0xff, 0x8f, 0xfe, 0x7e, 0xfe, 0xff, 0xff, 0xff, 0xff, 0xff, 0xff, 0xe0,
    0x79, 0xff, 0xff, 0xf3, 0xff, 0xcf, 0xff, 0xcf, 0xfe, 0xff, 0x7e, 0xff, 0xff, 0xff, 0xff, 0xff, 0xff, 0xe0,
    0x61, 0xff, 0xef, 0xe3, 0xff, 0xe7, 0xff, 0xcf, 0xfc, 0xfe, 0x7e, 0xff, 0xff, 0xff, 0xff, 0xff, 0xff, 0xe0,
    0x71, 0xff, 0xef, 0xf3, 0xf7, 0xe7, 0xf7, 0xdf, 0xfd, 0xff, 0x7e, 0xff, 0xff, 0xff, 0xff, 0xff, 0xff, 0xe0,
    0x23, 0xff, 0xef, 0xa3, 0xfb, 0xa3, 0xf6, 0x9f, 0xf9, 0xfe, 0x7e, 0xff, 0xff, 0xff, 0xff, 0xff, 0xff, 0xe0,
    0x00, 0x00, 0x00, 0x00, 0x00, 0x00, 0x00, 0x00, 0x00, 0x00, 0x00, 0x00, 0x00, 0x00, 0x00, 0x00, 0x00, 0x00,
};

static const lv_img_dsc_t waves20 = {
    .header.cf = LV_IMG_CF_INDEXED_1BIT,
    .header.always_zero = 0,
    .header.reserved = 0,
    .header.w = 140,
    .header.h = 68,
    .data_size = 1232,
    .data = waves20_map,
};

static const LV_ATTRIBUTE_MEM_ALIGN LV_ATTRIBUTE_LARGE_CONST uint8_t waves21_map[] = {
#if CONFIG_NICE_VIEW_WIDGET_INVERTED
    0xff, 0xff, 0xff, 0xff, /*Color of index 0*/
    0x00, 0x00, 0x00, 0xff, /*Color of index 1*/
#else
    0x00, 0x00, 0x00, 0xff, /*Color of index 0*/
    0xff, 0xff, 0xff, 0xff, /*Color of index 1*/
#endif
    0x00, 0x00, 0x00, 0x00, 0x00, 0x00, 0x00, 0x00, 0x00, 0x00, 0x00, 0x00, 0x00, 0x00, 0x00, 0x00, 0x00, 0x00,
    0x71, 0xff, 0xff, 0xf3, 0xff, 0xfc, 0xff, 0x9f, 0xf9, 0xfc, 0xfe, 0xff, 0xff, 0xff, 0xff, 0xff, 0xff, 0xe0,
    0x23, 0xff, 0xef, 0xa3, 0xff, 0xfa, 0x3e, 0x9f, 0xeb, 0xf9, 0xfe, 0xff, 0xff, 0xff, 0xfb, 0xff, 0xff, 0xe0,
    0x73, 0xff, 0xef, 0xe3, 0xff, 0xff, 0x1f, 0x9f, 0xfb, 0xfd, 0xfe, 0xff, 0xff, 0xff, 0xfb, 0xff, 0xff, 0xe0,
    0x63, 0xff, 0xee, 0xe7, 0xff, 0xee, 0x8e, 0x9f, 0xeb, 0xfd, 0xfe, 0xff, 0xff, 0xff, 0xfb, 0xff, 0xff, 0xe0,
    0x73, 0xff, 0xff, 0xe7, 0xff, 0xf7, 0x47, 0xdf, 0xf3, 0xf9, 0xfe, 0xff, 0xff, 0xff, 0xff, 0xff, 0xff, 0xe0,
    0x23, 0xff, 0xfe, 0xa7, 0xff, 0xfb, 0xa3, 0x8f, 0xe3, 0xfb, 0xfe, 0xff, 0xff, 0xff, 0xfb, 0xff, 0xff, 0xe0,
    0x73, 0xff, 0xff, 0xe7, 0xff, 0xff, 0xd3, 0xe7, 0xf3, 0xfb, 0xfe, 0xff, 0xff, 0xff, 0xfb, 0xff, 0xff, 0xe0,
    0x61, 0xff, 0xde, 0xe7, 0xff, 0xff, 0xa1, 0xe7, 0xeb, 0xfb, 0xfe, 0xff, 0xff, 0xff, 0xbb, 0xff, 0xff, 0xe0,
    0x71, 0xff, 0xdf, 0xe7, 0xff, 0xff, 0xd0, 0xfb, 0xf9, 0xfb, 0xfe, 0xff, 0xff, 0xff, 0xff, 0xff, 0x7f, 0xe0,
    0x29, 0xff, 0xde, 0x87, 0xff, 0xf7, 0xa7, 0x69, 0xf9, 0xf9, 0xfe, 0xff, 0xff, 0xff, 0xbb, 0xfe, 0xff, 0xe0,
    0x7c, 0xff, 0xff, 0xcf, 0xff, 0xf7, 0x47, 0x74, 0xfe, 0xfd, 0xfe, 0xff, 0xff, 0xff, 0xbb, 0xfd, 0xff, 0xe0,
    0x6c, 0x7f, 0xfe, 0xcf, 0xff, 0xee, 0x8f, 0x3a, 0x7e, 0x7e, 0xfe, 0xff, 0xff, 0xff, 0xbb, 0xfe, 0xff, 0xe0,
    0x7e, 0x3f, 0xff, 0xcf, 0xff, 0xfd, 0x9f, 0xfc, 0x7f, 0x3f, 0x7e, 0xff, 0xff, 0xff, 0xff, 0xff, 0x7f, 0xe0,
    0x7a, 0x1f, 0xbe, 0x8f, 0xff, 0xfa, 0x3f, 0xfa, 0x7e, 0xbe, 0x7e, 0xff, 0xff, 0xff, 0xbb, 0xff, 0xff, 0xe0,
    0x7f, 0x8f, 0xbf, 0x9f, 0xff, 0xfe, 0x7f, 0xfd, 0x3f, 0x3f, 0x7e, 0xff, 0xff, 0xff, 0xbb, 0xff, 0xff, 0xe0,
    0x3e, 0xc7, 0xbe, 0x9f, 0xfe, 0xec, 0xff, 0xda, 0x1e, 0x3e, 0x7e, 0xff, 0xff, 0xff, 0xbb, 0xff, 0xff, 0xe0,
    0x7f, 0xf3, 0xff, 0x9f, 0xfd, 0xf9, 0xff, 0xbc, 0x7d, 0x7c, 0xfe, 0xff, 0xff, 0xff, 0xff, 0xff, 0xff, 0xe0,
    0x7f, 0xa9, 0xfa, 0x9f, 0xfd, 0xe9, 0xff, 0xba, 0xfa, 0xfc, 0xfe, 0xff, 0xff, 0xff, 0xbb, 0xff, 0xff, 0xe0,
    0x7f, 0xfc, 0xff, 0x9f, 0xff, 0xf9, 0xff, 0xf4, 0xec, 0xfd, 0xfe, 0xff, 0xff, 0xff, 0xbb, 0xff, 0xff, 0xe0,
    0x7d, 0xea, 0x3e, 0x9f, 0xff, 0xeb, 0xff, 0xe9, 0xfd, 0xfd, 0xfe, 0x1f, 0xff, 0xff, 0xbb, 0xff, 0xff, 0xe0,
    0x7e, 0xfd, 0x1f, 0x9f, 0xff, 0xf3, 0xff, 0xfb, 0xf9, 0xfd, 0xfe, 0x17, 0xff, 0xff, 0xff, 0xff, 0xff, 0xe0,
    0x7f, 0x7a, 0x8a, 0x9f, 0xfb, 0xa3, 0xfd, 0xe3, 0xf9, 0xf9, 0xfe, 0x11, 0xff, 0xff, 0xbb, 0xff, 0xff, 0xe0,
    0x7f, 0xfd, 0x47, 0x8f, 0xfb, 0xf3, 0xfd, 0xe7, 0xf9, 0xfb, 0xfe, 0x11, 0xff, 0xff, 0xbb, 0xff, 0xff, 0xe0,
    0x7f, 0xfe, 0xa2, 0xcf, 0xfb, 0xe3, 0xfb, 0xe7, 0xeb, 0xfb, 0xfe, 0x11, 0x7f, 0xff, 0xbb, 0xff, 0xff, 0xe0,
    0x7f, 0xff, 0x53, 0xcf, 0xff, 0xf7, 0xff, 0xef, 0xfb, 0xfb, 0xfe, 0x11, 0x3f, 0xff, 0xff, 0xff, 0xff, 0xe0,
    0x7f, 0xef, 0xa8, 0xa7, 0xff, 0xa7, 0xff, 0xaf, 0xeb, 0xfb, 0xfe, 0x11, 0x3f, 0xff, 0xbb, 0xff, 0xff, 0xe0,
    0x7f, 0xf7, 0xd0, 0xe3, 0xff, 0xe7, 0xff, 0xcf, 0xf3, 0xf9, 0xfe, 0x11, 0x1f, 0xff, 0xbb, 0xff, 0xff, 0xe0,
    0x7f, 0xf7, 0xa8, 0x63, 0xee, 0xef, 0xfb, 0xcf, 0xe3, 0xfd, 0xfe, 0x11, 0x1f, 0xff, 0xbf, 0xff, 0xff, 0xe0,
    0x7f, 0xff, 0xd0, 0x79, 0xef, 0xcf, 0xf7, 0xcf, 0xf3, 0xfc, 0xee, 0x11, 0x0f, 0xff, 0xff, 0xff, 0xff, 0xe0,
    0x7f, 0xff, 0xa8, 0x68, 0xee, 0x8f, 0xf7, 0x8f, 0xe3, 0xfe, 0x7a, 0x11, 0x0f, 0xff, 0xbf, 0xff, 0xff, 0xe0,
    0x7f, 0xff, 0xd0, 0x3e, 0x7f, 0xe7, 0xff, 0xcf, 0xfb, 0xff, 0x7e, 0x11, 0x0f, 0xff, 0xbf, 0xff, 0xff, 0xe0,
    0x7f, 0xf7, 0xa8, 0x7a, 0x3f, 0xe7, 0xfe, 0xdf, 0xf9, 0xfe, 0x7e, 0x11, 0x0f, 0xff, 0xbf, 0xff, 0xff, 0xe0,
    0x7f, 0xef, 0x50, 0x7d, 0x1f, 0xf3, 0xff, 0xdf, 0xfc, 0xff, 0x7e, 0x11, 0x0f, 0xff, 0xff, 0xff, 0xff, 0xe0,
    0x7f, 0xef, 0xa1, 0xba, 0x9d, 0xe9, 0xf6, 0x9f, 0xfe, 0x7e, 0xbe, 0x11, 0x07, 0xff, 0xbf, 0xff, 0xff, 0xe0,
    0x7f, 0xff, 0x43, 0xff, 0x4e, 0xfc, 0xef, 0x9f, 0xfd, 0x7c, 0xfe, 0x11, 0x0f, 0xff, 0xbf, 0xff, 0xff, 0xe0,
    0x7f, 0xfe, 0xa7, 0xfe, 0xa7, 0xba, 0x2e, 0x9f, 0xfe, 0x3d, 0xfe, 0x11, 0x0f, 0xff, 0xbf, 0xff, 0xff, 0xe0,
    0x7f, 0xfd, 0x4f, 0xff, 0x53, 0xfd, 0x9f, 0x9f, 0xff, 0x3d, 0xfe, 0x11, 0x0f, 0xff, 0xff, 0xff, 0xff, 0xe0,
    0x7e, 0xfa, 0x9f, 0xf7, 0xa1, 0xfe, 0x8e, 0x9f, 0xfe, 0xb9, 0xfe, 0x11, 0x0f, 0xfb, 0xff, 0xff, 0xff, 0xe0,
    0x7d, 0xf7, 0x3f, 0xfb, 0xd1, 0xff, 0x47, 0xdf, 0xff, 0x39, 0xfe, 0x11, 0x0f, 0xfb, 0xff, 0xff, 0xff, 0xe0,
    0x7d, 0xea, 0x3f, 0xfb, 0xe8, 0xfb, 0xa3, 0xcf, 0xfe, 0x7b, 0xfe, 0x11, 0x1f, 0xfb, 0xff, 0xff, 0xff, 0xe0,
    0x7f, 0xdc, 0x7f, 0xff, 0xd4, 0xfb, 0xd3, 0xe7, 0xfc, 0xfb, 0xfe, 0x11, 0x1f, 0xff, 0xff, 0xff, 0xff, 0xe0,
    0x7f, 0xa8, 0xff, 0xff, 0xe8, 0xfb, 0xa1, 0xa7, 0xf8, 0xfb, 0xfe, 0x11, 0x3f, 0xfb, 0xff, 0xef, 0xef, 0xe0,
    0x7f, 0xf1, 0xff, 0xff, 0xd4, 0x7f, 0xd0, 0xfb, 0xfd, 0xfb, 0xfe, 0x11, 0x3f, 0xfb, 0xff, 0xff, 0xef, 0xe0,
    0x5e, 0xe3, 0xff, 0xfd, 0xe8, 0x7f, 0xa7, 0xe9, 0xf9, 0xf9, 0xfe, 0x11, 0x7f, 0xfb, 0xff, 0xef, 0xdf, 0xe0,
    0x3f, 0xe7, 0xff, 0xfd, 0xd4, 0x3f, 0x47, 0xfc, 0xf9, 0xfd, 0xfe, 0x11, 0xff, 0xff, 0xff, 0xef, 0xef, 0xe0,
    0x3e, 0x87, 0xff, 0xfd, 0xe8, 0x6e, 0x8f, 0x3a, 0x79, 0xfe, 0xfe, 0x11, 0xff, 0xfb, 0xff, 0xef, 0xef, 0xe0,
    0x7f, 0xcf, 0xff, 0xff, 0xd4, 0xdf, 0x1f, 0xdc, 0x7b, 0xff, 0x7e, 0x17, 0xff, 0xfb, 0xff, 0xff, 0xff, 0xe0,
    0x7e, 0x8f, 0xff, 0xff, 0xa9, 0x9a, 0x3f, 0xda, 0x6b, 0xfe, 0x7e, 0x1f, 0xff, 0xfb, 0xff, 0xef, 0xff, 0xe0,
    0x7f, 0x9f, 0xff, 0xff, 0xd1, 0xfe, 0x7f, 0xfd, 0x3b, 0xff, 0x7e, 0xff, 0xff, 0xff, 0xff, 0xef, 0xff, 0xe0,
    0x7a, 0x1f, 0xff, 0xf7, 0xa3, 0xe8, 0xff, 0xfa, 0x03, 0xfe, 0x7e, 0xff, 0xff, 0xfb, 0xff, 0xef, 0xff, 0xe0,
    0x7f, 0x1f, 0xff, 0xef, 0x43, 0xf9, 0xff, 0xfc, 0x73, 0xfe, 0xfe, 0xff, 0xff, 0xfb, 0xff, 0xff, 0xff, 0xe0,
    0x6e, 0x3f, 0xff, 0xde, 0xa5, 0xe9, 0xff, 0xba, 0xe3, 0xfc, 0xfe, 0xff, 0xff, 0xfb, 0xff, 0xef, 0xff, 0xe0,
    0x7f, 0x3f, 0xff, 0xfd, 0xcd, 0xf9, 0xff, 0x7c, 0xe3, 0xfd, 0xfe, 0xff, 0xff, 0xff, 0xff, 0xef, 0xff, 0xe0,
    0x6a, 0x3f, 0xff, 0xfe, 0x8b, 0xab, 0xfe, 0xe9, 0xeb, 0xf9, 0xfe, 0xff, 0xff, 0xfb, 0xff, 0xef, 0xff, 0xe0,
    0x7e, 0x3f, 0xff, 0xff, 0x9f, 0xf3, 0xff, 0xfb, 0xfd, 0xfd, 0xfe, 0xff, 0xff, 0xfb, 0xff, 0xff, 0xff, 0xe0,
    0x6e, 0x3f, 0xff, 0x7a, 0x3f, 0xe3, 0xff, 0xe3, 0xfa, 0xf9, 0xfe, 0xff, 0xff, 0xfb, 0xff, 0xef, 0xff, 0xe0,
    0x7e, 0x3f, 0xfe, 0xfe, 0x3f, 0xf3, 0xff, 0xe7, 0xfc, 0x7b, 0xfe, 0xff, 0xff, 0xff, 0xff, 0xef, 0xff, 0xe0,
    0x6a, 0x7f, 0xfd, 0xea, 0x7b, 0xa3, 0xfb, 0xa7, 0xfe, 0x3b, 0xfe, 0xff, 0xff, 0xfb, 0xff, 0xff, 0xff, 0xe0,
    0x7e, 0x7f, 0xff, 0xfc, 0xf7, 0xf7, 0xfb, 0xef, 0xff, 0x3b, 0xfe, 0xff, 0xff, 0xfb, 0xff, 0xff, 0xff, 0xe0,
    0x6e, 0x7f, 0xff, 0xec, 0xf7, 0xe7, 0xfb, 0xef, 0xfe, 0xbb, 0xfe, 0xff, 0xff, 0xfb, 0xff, 0xff, 0xff, 0xe0,
    0x7e, 0x7f, 0xff, 0xf9, 0xff, 0xe7, 0xff, 0xcf, 0xff, 0x39, 0xfe, 0xff, 0xff, 0xff, 0xff, 0xff, 0xff, 0xe0,
    0x68, 0x7f, 0xfb, 0xa9, 0xfe, 0xaf, 0xff, 0x8f, 0xfe, 0x79, 0xfe, 0xff, 0xff, 0xff, 0xff, 0xff, 0xff, 0xe0,
    0x7c, 0xff, 0xf7, 0xf9, 0xff, 0xcf, 0xff, 0xcf, 0xfe, 0x7e, 0xfe, 0xff, 0xff, 0xff, 0xff, 0xff, 0xff, 0xe0,
    0x6c, 0xff, 0xf7, 0xe3, 0xee, 0xcf, 0xf7, 0xcf, 0xfa, 0xfe, 0x7e, 0xff, 0xff, 0xff, 0xff, 0xff, 0xff, 0xe0,
    0x78, 0xff, 0xff, 0xf3, 0xf7, 0xe7, 0xf7, 0xcf, 0xfd, 0xff, 0x7e, 0xff, 0xff, 0xff, 0xff, 0xff, 0xff, 0xe0,
    0x28, 0xff, 0xff, 0xa3, 0xf7, 0xa7, 0xf6, 0x9f, 0xf9, 0xfe, 0x7e, 0xff, 0xff, 0xff, 0xff, 0xff, 0xff, 0xe0,
    0x00, 0x00, 0x00, 0x00, 0x00, 0x00, 0x00, 0x00, 0x00, 0x00, 0x00, 0x00, 0x00, 0x00, 0x00, 0x00, 0x00, 0x00,
};

static const lv_img_dsc_t waves21 = {
    .header.cf = LV_IMG_CF_INDEXED_1BIT,
    .header.always_zero = 0,
    .header.reserved = 0,
    .header.w = 140,
    .header.h = 68,
    .data_size = 1232,
    .data = waves21_map,
};

static const LV_ATTRIBUTE_MEM_ALIGN LV_ATTRIBUTE_LARGE_CONST uint8_t waves22_map[] = {
#if CONFIG_NICE_VIEW_WIDGET_INVERTED
    0xff, 0xff, 0xff, 0xff, /*Color of index 0*/
    0x00, 0x00, 0x00, 0xff, /*Color of index 1*/
#else
    0x00, 0x00, 0x00, 0xff, /*Color of index 0*/
    0xff, 0xff, 0xff, 0xff, /*Color of index 1*/
#endif
    0x00, 0x00, 0x00, 0x00, 0x00, 0x00, 0x00, 0x00, 0x00, 0x00, 0x00, 0x00, 0x00, 0x00, 0x00, 0x00, 0x00, 0x00,
    0x7c, 0xff, 0xf7, 0xf3, 0xff, 0xf9, 0xff, 0x9f, 0xf9, 0xfe, 0xfe, 0xff, 0xff, 0xff, 0xff, 0xff, 0xff, 0xe0,
    0x28, 0xff, 0xf7, 0xa3, 0xff, 0xe8, 0xfe, 0x9f, 0xeb, 0xf9, 0xfe, 0xff, 0xff, 0xff, 0xfb, 0xff, 0xff, 0xe0,
    0x79, 0xff, 0xff, 0xf3, 0xff, 0xbf, 0x2f, 0x9f, 0xfb, 0xfd, 0xfe, 0xff, 0xff, 0xff, 0xfb, 0xff, 0xff, 0xe0,
    0x69, 0xff, 0xff, 0xe3, 0xff, 0xde, 0x8e, 0x9f, 0xeb, 0xfd, 0xfe, 0xff, 0xff, 0xff, 0xfb, 0xff, 0xff, 0xe0,
    0x71, 0xff, 0xff, 0xf3, 0xff, 0xef, 0xcf, 0x9f, 0xf3, 0xfd, 0xfe, 0xff, 0xff, 0xff, 0xff, 0xff, 0xff, 0xe0,
    0x23, 0xff, 0xef, 0xa3, 0xff, 0xff, 0xa6, 0x9f, 0xe3, 0xf9, 0xfe, 0xff, 0xff, 0xff, 0xfb, 0xff, 0xff, 0xe0,
    0x73, 0xff, 0xef, 0xe3, 0xff, 0xff, 0xd3, 0xcf, 0xf3, 0xfb, 0xfe, 0xff, 0xff, 0xff, 0xbb, 0xff, 0xff, 0xe0,
    0x63, 0xff, 0xef, 0xe3, 0xff, 0xff, 0xa3, 0xef, 0xe3, 0xfb, 0xfe, 0xff, 0xff, 0xff, 0xbb, 0xff, 0xff, 0xe0,
    0x73, 0xff, 0xff, 0xe7, 0xff, 0xfb, 0xd1, 0xf7, 0xfb, 0xfb, 0xfe, 0xff, 0xff, 0xff, 0xff, 0xfe, 0xff, 0xe0,
    0x23, 0xff, 0xfe, 0xa7, 0xff, 0xfb, 0xa0, 0xe3, 0xf9, 0xfb, 0xfe, 0xff, 0xff, 0xff, 0xbb, 0xfe, 0xff, 0xe0,
    0x73, 0xff, 0xff, 0xe7, 0xff, 0xfb, 0xd3, 0x71, 0xfc, 0xfd, 0xfe, 0xff, 0xff, 0xff, 0xbb, 0xfd, 0xff, 0xe0,
    0x63, 0xff, 0xde, 0xe7, 0xff, 0xff, 0xa7, 0x78, 0xfe, 0x7e, 0xfe, 0xff, 0xff, 0xff, 0xbb, 0xfe, 0xff, 0xe0,
    0x71, 0xff, 0xdf, 0xe7, 0xff, 0xff, 0xcf, 0xfc, 0x7d, 0x7e, 0x7e, 0xff, 0xff, 0xff, 0xff, 0xfe, 0xff, 0xe0,
    0x29, 0xff, 0xde, 0x87, 0xff, 0xfe, 0x9f, 0xfa, 0x7e, 0x3e, 0x7e, 0xff, 0xff, 0xff, 0xbb, 0xff, 0xff, 0xe0,
    0x78, 0xff, 0xff, 0xcf, 0xff, 0xbf, 0x3e, 0xdd, 0x7f, 0x3f, 0x7e, 0xff, 0xff, 0xff, 0xbb, 0xff, 0xff, 0xe0,
    0x6c, 0x7f, 0xfe, 0xcf, 0xff, 0x7e, 0x7f, 0xda, 0x3e, 0xbe, 0x7e, 0xff, 0xff, 0xff, 0xbb, 0xff, 0xff, 0xe0,
    0x7e, 0x7f, 0xff, 0xcf, 0xfe, 0xfc, 0xff, 0xdd, 0x3f, 0x3e, 0x7e, 0xff, 0xff, 0xff, 0xff, 0xff, 0xff, 0xe0,
    0x6a, 0x3f, 0xbe, 0x8f, 0xff, 0xe9, 0xff, 0xfa, 0x7e, 0x7e, 0xfe, 0xff, 0xff, 0xff, 0xbb, 0xff, 0xff, 0xe0,
    0x7f, 0x9f, 0xbf, 0x9f, 0xff, 0xf9, 0xff, 0xf4, 0xee, 0xfd, 0xfe, 0xff, 0xff, 0xff, 0xbb, 0xff, 0xff, 0xe0,
    0x3e, 0xc7, 0xbe, 0x9f, 0xff, 0xe9, 0xff, 0xf8, 0xfc, 0xfd, 0xfe, 0x1f, 0xff, 0xff, 0xbb, 0xff, 0xff, 0xe0,
    0x7f, 0xe3, 0xff, 0x9f, 0xfb, 0xfb, 0xfe, 0xf9, 0xfd, 0xfd, 0xfe, 0x17, 0xff, 0xff, 0xff, 0xff, 0xff, 0xe0,
    0x7f, 0xa1, 0xfa, 0x9f, 0xfb, 0xa3, 0xfe, 0xeb, 0xd9, 0xf9, 0xfe, 0x11, 0xff, 0xff, 0xbb, 0xff, 0xff, 0xe0,
    0x7f, 0xfc, 0xff, 0x9f, 0xfb, 0xf3, 0xfd, 0xf3, 0xf9, 0xf9, 0xfe, 0x11, 0xff, 0xff, 0xbb, 0xff, 0xff, 0xe0,
    0x7b, 0xea, 0x7e, 0x9f, 0xff, 0xe3, 0xff, 0xe7, 0xf9, 0xfb, 0xfe, 0x11, 0x7f, 0xff, 0xbb, 0xff, 0xff, 0xe0,
    0x7d, 0xfd, 0x3f, 0x9f, 0xff, 0xf3, 0xff, 0xe7, 0xfb, 0xfb, 0xfe, 0x11, 0x3f, 0xff, 0xff, 0xff, 0xff, 0xe0,
    0x7e, 0xfa, 0x9a, 0x9f, 0xff, 0xa7, 0xff, 0xaf, 0xeb, 0xfb, 0xfe, 0x11, 0x3f, 0xff, 0xbb, 0xff, 0xff, 0xe0,
    0x7f, 0xfd, 0x47, 0x9f, 0xf7, 0xe7, 0xfb, 0xef, 0xfb, 0xfa, 0xfe, 0x11, 0x1f, 0xff, 0xbf, 0xff, 0xff, 0xe0,
    0x7f, 0xfe, 0xa6, 0xcf, 0xf7, 0xe7, 0xfb, 0xcf, 0xe3, 0xfd, 0xfe, 0x11, 0x1f, 0xff, 0xbf, 0xff, 0xff, 0xe0,
    0x7f, 0xff, 0x53, 0xcf, 0xef, 0xef, 0xfb, 0xcf, 0xf3, 0xfe, 0xfe, 0x11, 0x0f, 0xff, 0xff, 0xff, 0xff, 0xe0,
    0x7f, 0xef, 0xa0, 0xa7, 0xfe, 0x8f, 0xff, 0x8f, 0xe3, 0xfe, 0x7e, 0x11, 0x0f, 0xff, 0xbf, 0xff, 0xff, 0xe0,
    0x7f, 0xef, 0x51, 0xe7, 0xff, 0xcf, 0xff, 0xcf, 0xf3, 0xff, 0x7e, 0x11, 0x0f, 0xff, 0xbf, 0xff, 0xff, 0xe0,
    0x7f, 0xf7, 0xa8, 0xe3, 0xff, 0xe7, 0xff, 0xcf, 0xeb, 0xfe, 0x7e, 0x11, 0x0f, 0xff, 0xbf, 0xff, 0xff, 0xe0,
    0x7f, 0xff, 0xd0, 0x79, 0xf7, 0xe7, 0xf7, 0xdf, 0xfd, 0xff, 0x7e, 0x11, 0x0f, 0xff, 0xff, 0xff, 0xff, 0xe0,
    0x7f, 0xff, 0xa8, 0x68, 0xfb, 0xa3, 0xf6, 0x9f, 0xf8, 0xfe, 0x7e, 0x11, 0x07, 0xff, 0xbf, 0xff, 0xff, 0xe0,
    0x7f, 0xff, 0xd0, 0x7c, 0x7d, 0xf9, 0xf7, 0x9f, 0xfc, 0x7e, 0xfe, 0x11, 0x0f, 0xff, 0xbf, 0xff, 0xff, 0xe0,
    0x7f, 0xf7, 0xa8, 0x6a, 0x7f, 0xec, 0xfe, 0x9f, 0xfe, 0x3d, 0xea, 0x11, 0x0f, 0xff, 0xbf, 0xff, 0xff, 0xe0,
    0x7f, 0xef, 0x50, 0x3d, 0x3f, 0xff, 0x3f, 0x9f, 0xff, 0x3d, 0xbe, 0x11, 0x0f, 0xff, 0xff, 0xff, 0xff, 0xe0,
    0x7f, 0xef, 0xa1, 0xba, 0x9f, 0xfe, 0x9e, 0x9f, 0xfe, 0xb9, 0xfe, 0x11, 0x0f, 0xfb, 0xff, 0xff, 0xff, 0xe0,
    0x7f, 0xff, 0x53, 0xff, 0x4f, 0xef, 0x4f, 0x9f, 0xff, 0x3d, 0xfe, 0x11, 0x0f, 0xfb, 0xff, 0xff, 0xff, 0xe0,
    0x7f, 0xfe, 0xa7, 0xbe, 0xa7, 0xf7, 0xa6, 0xdf, 0xfe, 0x79, 0xfe, 0x11, 0x1f, 0xfb, 0xff, 0xff, 0xff, 0xe0,
    0x7f, 0xfd, 0x47, 0xff, 0x53, 0xfb, 0xd3, 0xcf, 0xfc, 0x7b, 0xfe, 0x11, 0x1f, 0xff, 0xff, 0xef, 0xff, 0xe0,
    0x7f, 0x7a, 0x8f, 0xf7, 0xa3, 0xff, 0xa3, 0xaf, 0xfa, 0xfb, 0xfe, 0x11, 0x3f, 0xfb, 0xff, 0xef, 0xf7, 0xe0,
    0x7e, 0xf5, 0x1f, 0xfb, 0xd1, 0xff, 0xd1, 0xf7, 0xfd, 0xfb, 0xfe, 0x11, 0x3f, 0xfb, 0xff, 0xff, 0xef, 0xe0,
    0x7d, 0xea, 0x3f, 0xfb, 0xe8, 0xff, 0xa1, 0xe3, 0xfd, 0xfb, 0xfe, 0x11, 0x7f, 0xfb, 0xff, 0xef, 0xdf, 0xe0,
    0x7f, 0xdc, 0x7f, 0xff, 0xd4, 0xfb, 0xd3, 0x79, 0xf9, 0xfd, 0xfe, 0x11, 0xff, 0xff, 0xff, 0xef, 0xef, 0xe0,
    0x7f, 0xa8, 0xff, 0xff, 0xe8, 0xf7, 0xa7, 0x78, 0xf9, 0xfe, 0xfe, 0x11, 0xff, 0xfb, 0xff, 0xef, 0xf7, 0xe0,
    0x7f, 0xf9, 0xff, 0xff, 0xd4, 0x6f, 0x4f, 0xbc, 0x79, 0xfe, 0x7e, 0x17, 0xff, 0xfb, 0xff, 0xff, 0xff, 0xe0,
    0x5e, 0xe3, 0xff, 0xfd, 0xe8, 0x7e, 0x9f, 0xfa, 0x6b, 0xfe, 0x7e, 0x1f, 0xff, 0xfb, 0xff, 0xef, 0xff, 0xe0,
    0x5f, 0xe3, 0xff, 0xfd, 0xd4, 0x7f, 0x3e, 0xfd, 0x7b, 0xff, 0x7e, 0xff, 0xff, 0xff, 0xff, 0xef, 0xff, 0xe0,
    0x3e, 0x87, 0xff, 0xfd, 0xe8, 0x7a, 0x7f, 0xfa, 0x2b, 0xfe, 0x7e, 0xff, 0xff, 0xfb, 0xff, 0xef, 0xff, 0xe0,
    0x7f, 0xcf, 0xff, 0xff, 0xd4, 0x5c, 0xff, 0xdd, 0x33, 0xfe, 0x7e, 0xff, 0xff, 0xfb, 0xff, 0xff, 0xff, 0xe0,
    0x7e, 0x8f, 0xff, 0xff, 0xa9, 0xe9, 0xff, 0xba, 0x63, 0xfe, 0xfe, 0xff, 0xff, 0xfb, 0xff, 0xef, 0xff, 0xe0,
    0x7f, 0x9f, 0xff, 0xff, 0xd1, 0xf9, 0xff, 0xb4, 0xe3, 0xfd, 0xfe, 0xff, 0xff, 0xff, 0xff, 0xef, 0xff, 0xe0,
    0x7a, 0x1f, 0xff, 0xf7, 0xa3, 0xa9, 0xff, 0xf8, 0xeb, 0xf9, 0xfe, 0xff, 0xff, 0xfb, 0xff, 0xef, 0xff, 0xe0,
    0x7f, 0x1f, 0xff, 0xef, 0x53, 0xfb, 0xff, 0xf1, 0xf9, 0xfd, 0xfe, 0xff, 0xff, 0xfb, 0xff, 0xff, 0xff, 0xe0,
    0x6e, 0x3f, 0xff, 0xee, 0xa7, 0xe3, 0xff, 0xeb, 0xdd, 0xfd, 0xfe, 0xff, 0xff, 0xfb, 0xff, 0xef, 0xff, 0xe0,
    0x7f, 0x3f, 0xff, 0xfd, 0xcb, 0xf3, 0xfd, 0xf3, 0xfc, 0xf9, 0xfe, 0xff, 0xff, 0xff, 0xff, 0xff, 0xff, 0xe0,
    0x6a, 0x3f, 0xff, 0xfe, 0x8b, 0xa3, 0xfd, 0xa7, 0xfe, 0x7b, 0xfe, 0xff, 0xff, 0xfb, 0xff, 0xff, 0xff, 0xe0,
    0x7e, 0x3f, 0xff, 0xff, 0x9b, 0xf3, 0xfb, 0xe7, 0xff, 0x3b, 0xfe, 0xff, 0xff, 0xfb, 0xff, 0xff, 0xff, 0xe0,
    0x6e, 0x3f, 0xff, 0x7a, 0x3f, 0xe7, 0xff, 0xef, 0xfe, 0xbb, 0xfe, 0xff, 0xff, 0xfb, 0xff, 0xff, 0xff, 0xe0,
    0x7e, 0x3f, 0xfe, 0xff, 0x3f, 0xe7, 0xff, 0xef, 0xff, 0x3b, 0xfe, 0xff, 0xff, 0xff, 0xff, 0xff, 0xff, 0xe0,
    0x6a, 0x3f, 0xfe, 0xea, 0x7f, 0xa7, 0xff, 0x8f, 0xfe, 0x39, 0xfe, 0xff, 0xff, 0xff, 0xff, 0xff, 0xff, 0xe0,
    0x7e, 0x7f, 0xff, 0xfc, 0x6f, 0xef, 0xfb, 0xcf, 0xfd, 0x7e, 0xfe, 0xff, 0xff, 0xff, 0xff, 0xff, 0xff, 0xe0,
    0x6e, 0x7f, 0xff, 0xec, 0xee, 0xcf, 0xf7, 0xcf, 0xfa, 0xfe, 0x7e, 0xff, 0xff, 0xff, 0xff, 0xff, 0xff, 0xe0,
    0x7e, 0x7f, 0xff, 0xf8, 0xef, 0xcf, 0xf7, 0xcf, 0xfc, 0xff, 0x7e, 0xff, 0xff, 0xff, 0xff, 0xff, 0xff, 0xe0,
    0x68, 0x7f, 0xfb, 0xa9, 0xff, 0xa7, 0xff, 0x8f, 0xf9, 0xfe, 0x7e, 0xff, 0xff, 0xff, 0xff, 0xff, 0xff, 0xe0,
    0x00, 0x00, 0x00, 0x00, 0x00, 0x00, 0x00, 0x00, 0x00, 0x00, 0x00, 0x00, 0x00, 0x00, 0x00, 0x00, 0x00, 0x00,
};

static const lv_img_dsc_t waves22 = {
    .header.cf = LV_IMG_CF_INDEXED_1BIT,
    .header.always_zero = 0,
    .header.reserved = 0,
    .header.w = 140,
    .header.h = 68,
    .data_size = 1232,
    .data = waves22_map,
};

static const LV_ATTRIBUTE_MEM_ALIGN LV_ATTRIBUTE_LARGE_CONST uint8_t waves23_map[] = {
#if CONFIG_NICE_VIEW_WIDGET_INVERTED
    0xff, 0xff, 0xff, 0xff, /*Color of index 0*/
    0x00, 0x00, 0x00, 0xff, /*Color of index 1*/
#else
    0x00, 0x00, 0x00, 0xff, /*Color of index 0*/
    0xff, 0xff, 0xff, 0xff, /*Color of index 1*/
#endif
    0x00, 0x00, 0x00, 0x00, 0x00, 0x00, 0x00, 0x00, 0x00, 0x00, 0x00, 0x00, 0x00, 0x00, 0x00, 0x00, 0x00, 0x00,
    0x7e, 0x7f, 0xff, 0xf8, 0xff, 0xf3, 0xff, 0xdf, 0xf9, 0xfc, 0xfe, 0xff, 0xff, 0xff, 0xff, 0xff, 0xff, 0xe0,
    0x68, 0x7f, 0xff, 0xa9, 0xfd, 0xe9, 0xf6, 0x9f, 0xf9, 0xfc, 0xfe, 0xff, 0xff, 0xff, 0xfb, 0xff, 0xff, 0xe0,
    0x7c, 0x7f, 0xff, 0xf9, 0xfe, 0xfc, 0xef, 0x9f, 0xfb, 0xfd, 0xfe, 0xff, 0xff, 0xff, 0xfb, 0xff, 0xff, 0xe0,
    0x6c, 0xff, 0xf7, 0xe1, 0xff, 0xba, 0x2e, 0x9f, 0xeb, 0xfd, 0xfe, 0xff, 0xff, 0xff, 0xfb, 0xff, 0xff, 0xe0,
    0x7c, 0xff, 0xf7, 0xf3, 0xff, 0xfd, 0x9f, 0x9f, 0xfb, 0xfd, 0xfe, 0xff, 0xff, 0xff, 0xff, 0xff, 0xff, 0xe0,
    0x28, 0xff, 0xf7, 0xa3, 0xff, 0xfe, 0x8e, 0x9f, 0xe3, 0xf9, 0xfe, 0xff, 0xff, 0xff, 0xfb, 0xff, 0xff, 0xe0,
    0x79, 0xff, 0xff, 0xf3, 0xff, 0xff, 0x47, 0xdf, 0xf3, 0xf9, 0xfe, 0xff, 0xff, 0xff, 0xbb, 0xff, 0xff, 0xe0,
    0x69, 0xff, 0xff, 0xe3, 0xff, 0xfb, 0xa3, 0xcf, 0xe3, 0xfb, 0xfe, 0xff, 0xff, 0xff, 0xbb, 0xfe, 0xff, 0xe0,
    0x71, 0xff, 0xff, 0xf3, 0xff, 0xfb, 0xd3, 0xef, 0xf3, 0xfb, 0xfe, 0xff, 0xff, 0xff, 0xff, 0xfe, 0xff, 0xe0,
    0x21, 0xff, 0xef, 0xa3, 0xff, 0xfb, 0xa1, 0xa7, 0xeb, 0xfb, 0xfe, 0xff, 0xff, 0xff, 0xbb, 0xfd, 0xff, 0xe0,
    0x73, 0xff, 0xef, 0xe3, 0xff, 0xff, 0xd0, 0xf3, 0xfd, 0xf9, 0xfe, 0xff, 0xff, 0xff, 0xbb, 0xfe, 0xff, 0xe0,
    0x63, 0xff, 0xef, 0xe3, 0xff, 0xff, 0xa3, 0xe9, 0xf8, 0xfd, 0xfe, 0xff, 0xff, 0xff, 0xbb, 0xfe, 0xff, 0xe0,
    0x73, 0xff, 0xff, 0xe7, 0xff, 0xff, 0x47, 0xfc, 0xfc, 0x7c, 0xfe, 0xff, 0xff, 0xff, 0xff, 0xff, 0xff, 0xe0,
    0x23, 0xff, 0xfe, 0xa7, 0xff, 0xee, 0x8f, 0x3a, 0x7e, 0x3e, 0x7e, 0xff, 0xff, 0xff, 0xbb, 0xff, 0xff, 0xe0,
    0x73, 0xff, 0xff, 0xe7, 0xff, 0xdf, 0x1f, 0xdc, 0x7f, 0x3f, 0x7e, 0xff, 0xff, 0xff, 0xbb, 0xff, 0xff, 0xe0,
    0x63, 0xff, 0xee, 0xe7, 0xff, 0xba, 0x3f, 0xda, 0x7e, 0xbe, 0x7e, 0xff, 0xff, 0xff, 0xbb, 0xff, 0xff, 0xe0,
    0x71, 0xff, 0xdf, 0xe7, 0xff, 0xfe, 0x7f, 0xfd, 0x7f, 0x3f, 0x7e, 0xff, 0xff, 0xff, 0xff, 0xff, 0xff, 0xe0,
    0x29, 0xff, 0xde, 0x87, 0xff, 0xe8, 0xff, 0xfa, 0x3e, 0x7e, 0xfe, 0xff, 0xff, 0xff, 0xbb, 0xff, 0xff, 0xe0,
    0x78, 0xff, 0xff, 0xcf, 0xff, 0xf9, 0xff, 0xfc, 0x5e, 0x7c, 0xfe, 0xff, 0xff, 0xff, 0xbb, 0xff, 0xff, 0xe0,
    0x6c, 0xff, 0xfe, 0xcf, 0xfd, 0xe9, 0xff, 0xba, 0xfa, 0xfd, 0xfe, 0x1f, 0xff, 0xff, 0xbb, 0xff, 0xff, 0xe0,
    0x7e, 0x7f, 0xff, 0xcf, 0xfd, 0xf9, 0xff, 0x7c, 0xfd, 0xfd, 0xfe, 0x17, 0xff, 0xff, 0xff, 0xff, 0xff, 0xe0,
    0x6a, 0x3f, 0xbe, 0x8f, 0xfb, 0xab, 0xff, 0x69, 0xe9, 0xf9, 0xfe, 0x11, 0xff, 0xff, 0xbb, 0xff, 0xff, 0xe0,
    0x7f, 0x9f, 0xbf, 0x9f, 0xff, 0xf3, 0xff, 0xfb, 0xf9, 0xf9, 0xfe, 0x11, 0xff, 0xff, 0xbb, 0xff, 0xff, 0xe0,
    0x7e, 0xcf, 0xbe, 0x9f, 0xff, 0xe3, 0xff, 0xe3, 0xf9, 0xf9, 0xfe, 0x11, 0x7f, 0xff, 0xbb, 0xff, 0xff, 0xe0,
    0x7f, 0xe7, 0xff, 0x9f, 0xff, 0xf3, 0xff, 0xe7, 0xf9, 0xfb, 0xfe, 0x11, 0x3f, 0xff, 0xff, 0xff, 0xff, 0xe0,
    0x7f, 0xa1, 0xfa, 0x9f, 0xfb, 0xa3, 0xfb, 0xa7, 0xeb, 0xfb, 0xfe, 0x11, 0x3f, 0xff, 0xbb, 0xff, 0xff, 0xe0,
    0x7f, 0xf8, 0xff, 0x9f, 0xfb, 0xf3, 0xfb, 0xef, 0xfb, 0xfb, 0xfe, 0x11, 0x1f, 0xff, 0xbf, 0xff, 0xff, 0xe0,
    0x7b, 0xea, 0x7e, 0x9f, 0xf7, 0xe7, 0xfb, 0xef, 0xeb, 0xf9, 0xfe, 0x11, 0x1f, 0xff, 0xbf, 0xff, 0xff, 0xe0,
    0x7d, 0xfd, 0x3f, 0x9f, 0xff, 0xe7, 0xff, 0xcf, 0xf3, 0xfd, 0xfe, 0x11, 0x0f, 0xff, 0xff, 0xff, 0xff, 0xe0,
    0x7e, 0xfa, 0x9a, 0x9f, 0xfe, 0xaf, 0xff, 0x8f, 0xe3, 0xfe, 0xfe, 0x11, 0x0f, 0xff, 0xbf, 0xff, 0xff, 0xe0,
    0x7f, 0xfd, 0x4f, 0x9f, 0xff, 0xcf, 0xff, 0xcf, 0xf3, 0xff, 0x3e, 0x11, 0x0f, 0xff, 0xbf, 0xff, 0xff, 0xe0,
    0x7f, 0xfe, 0xa6, 0xcf, 0xee, 0xcf, 0xf7, 0xcf, 0xeb, 0xfe, 0x6e, 0x11, 0x0f, 0xff, 0xbf, 0xff, 0xff, 0xe0,
    0x7f, 0xff, 0x53, 0xcf, 0xf7, 0xe7, 0xf7, 0xcf, 0xf9, 0xff, 0x7e, 0x11, 0x0f, 0xff, 0xff, 0xff, 0xff, 0xe0,
    0x7f, 0xef, 0xa0, 0x87, 0xf7, 0xa7, 0xf7, 0x8f, 0xf9, 0xfe, 0x7e, 0x11, 0x07, 0xff, 0xbf, 0xff, 0xff, 0xe0,
    0x7f, 0xef, 0x51, 0xe7, 0xff, 0xf3, 0xff, 0xdf, 0xfe, 0xfe, 0xfe, 0x11, 0x0f, 0xff, 0xbf, 0xff, 0xff, 0xe0,
    0x7f, 0xf7, 0xa8, 0xe3, 0xff, 0xe9, 0xfe, 0x9f, 0xfe, 0x7c, 0xfe, 0x11, 0x0f, 0xff, 0xbf, 0xff, 0xff, 0xe0,
    0x7f, 0xff, 0xd0, 0x71, 0xff, 0xfc, 0xff, 0x9f, 0xff, 0x3d, 0xfe, 0x11, 0x0f, 0xff, 0xff, 0xff, 0xff, 0xe0,
    0x7f, 0xff, 0xa8, 0x29, 0xff, 0xba, 0x2e, 0x9f, 0xfe, 0xb9, 0xfa, 0x11, 0x0f, 0xfb, 0xff, 0xff, 0xff, 0xe0,
    0x7f, 0xff, 0xd0, 0x7c, 0xff, 0xdf, 0x0f, 0x9f, 0xff, 0x3d, 0xfe, 0x11, 0x0f, 0xfb, 0xff, 0xff, 0xff, 0xe0,
    0x7f, 0xf7, 0xa8, 0x2a, 0x7f, 0xee, 0x8e, 0x9f, 0xfe, 0x39, 0xfe, 0x11, 0x1f, 0xfb, 0xff, 0xff, 0xff, 0xe0,
    0x7f, 0xef, 0x50, 0x7f, 0x3f, 0xff, 0x47, 0xdf, 0xfd, 0x79, 0xfe, 0x11, 0x1f, 0xff, 0xff, 0xef, 0xff, 0xe0,
    0x7f, 0xef, 0xa1, 0xba, 0x9f, 0xff, 0xa3, 0x8f, 0xfe, 0x7b, 0xfe, 0x11, 0x3f, 0xfb, 0xff, 0xef, 0xf7, 0xe0,
    0x7f, 0xff, 0x53, 0xbf, 0x4f, 0xff, 0xd3, 0xef, 0xfc, 0xfb, 0xfe, 0x11, 0x3f, 0xfb, 0xff, 0xff, 0xef, 0xe0,
    0x7f, 0xfe, 0xa3, 0xfe, 0xa7, 0xfb, 0xa1, 0xe7, 0xfd, 0xfb, 0xfe, 0x11, 0x7f, 0xfb, 0xff, 0xef, 0xdf, 0xe0,
    0x7f, 0xfd, 0x47, 0xff, 0x43, 0xfb, 0xd0, 0xf3, 0xf9, 0xf9, 0xfe, 0x11, 0xff, 0xff, 0xff, 0xef, 0xef, 0xe0,
    0x7f, 0x7a, 0x8f, 0xf7, 0xa3, 0xfb, 0xa3, 0x69, 0xf9, 0xf9, 0xfe, 0x11, 0xff, 0xfb, 0xff, 0xef, 0xf7, 0xe0,
    0x7e, 0xf5, 0x1f, 0xf7, 0xd1, 0xff, 0x47, 0xf4, 0xf9, 0xfe, 0xfe, 0x17, 0xff, 0xfb, 0xff, 0xff, 0xff, 0xe0,
    0x7d, 0xea, 0x3f, 0xfb, 0xa9, 0xfe, 0x8f, 0x7a, 0x6b, 0xfe, 0x7e, 0x1f, 0xff, 0xfb, 0xff, 0xef, 0xff, 0xe0,
    0x7f, 0xdc, 0x7f, 0xff, 0xd4, 0xfd, 0x9f, 0xfc, 0x7b, 0xff, 0x7e, 0xff, 0xff, 0xff, 0xff, 0xef, 0xff, 0xe0,
    0x7f, 0xa8, 0xff, 0xff, 0xe8, 0xba, 0x3f, 0xda, 0x6b, 0xfe, 0x7e, 0xff, 0xff, 0xfb, 0xff, 0xef, 0xff, 0xe0,
    0x7f, 0xf9, 0xff, 0xff, 0xd4, 0x7e, 0x7f, 0xdd, 0x73, 0xff, 0x7e, 0xff, 0xff, 0xfb, 0xff, 0xff, 0xff, 0xe0,
    0x5e, 0xa3, 0xff, 0xfd, 0xe8, 0x6c, 0xff, 0xda, 0x23, 0xfe, 0xfe, 0xff, 0xff, 0xfb, 0xff, 0xef, 0xff, 0xe0,
    0x5f, 0xe3, 0xff, 0xfd, 0xd4, 0x79, 0xff, 0xfc, 0x53, 0xfc, 0xfe, 0xff, 0xff, 0xff, 0xff, 0xef, 0xff, 0xe0,
    0x3e, 0xa7, 0xff, 0xfd, 0xe8, 0x29, 0xff, 0xfa, 0xe3, 0xf9, 0xfe, 0xff, 0xff, 0xfb, 0xff, 0xef, 0xff, 0xe0,
    0x7f, 0xcf, 0xff, 0xff, 0xd4, 0x79, 0xff, 0xf4, 0xfb, 0xfd, 0xfe, 0xff, 0xff, 0xfb, 0xff, 0xff, 0xff, 0xe0,
    0x7e, 0x8f, 0xff, 0xff, 0xe8, 0xeb, 0xff, 0x69, 0xe9, 0xfd, 0xfe, 0xff, 0xff, 0xfb, 0xff, 0xef, 0xff, 0xe0,
    0x7f, 0x9f, 0xff, 0xff, 0xd1, 0xd3, 0xfe, 0xfb, 0xfc, 0xf9, 0xfe, 0xff, 0xff, 0xff, 0xff, 0xff, 0xff, 0xe0,
    0x7a, 0x9f, 0xff, 0xf7, 0xa1, 0xa3, 0xfd, 0xe3, 0xfa, 0xf9, 0xfe, 0xff, 0xff, 0xfb, 0xff, 0xff, 0xff, 0xe0,
    0x7f, 0x1f, 0xff, 0xef, 0x53, 0xf3, 0xff, 0xe7, 0xfd, 0x7b, 0xfe, 0xff, 0xff, 0xfb, 0xff, 0xff, 0xff, 0xe0,
    0x6e, 0x3f, 0xff, 0xee, 0xa7, 0xe3, 0xff, 0xe7, 0xfe, 0x3b, 0xfe, 0xff, 0xff, 0xfb, 0xff, 0xff, 0xff, 0xe0,
    0x7f, 0x3f, 0xff, 0xff, 0xc7, 0xf3, 0xff, 0xef, 0xff, 0x3b, 0xfe, 0xff, 0xff, 0xff, 0xff, 0xff, 0xff, 0xe0,
    0x6a, 0x3f, 0xff, 0xfe, 0x87, 0xa7, 0xfb, 0xaf, 0xfe, 0xb9, 0xfe, 0xff, 0xff, 0xff, 0xff, 0xff, 0xff, 0xe0,
    0x7e, 0x3f, 0xff, 0xff, 0x97, 0xe7, 0xfb, 0xcf, 0xff, 0x3d, 0xfe, 0xff, 0xff, 0xff, 0xff, 0xff, 0xff, 0xe0,
    0x6e, 0x3f, 0xff, 0x7a, 0x0e, 0xef, 0xfb, 0xcf, 0xfe, 0x7e, 0xfe, 0xff, 0xff, 0xff, 0xff, 0xff, 0xff, 0xe0,
    0x7e, 0x3f, 0xfe, 0xff, 0x3f, 0xcf, 0xff, 0xcf, 0xfc, 0xff, 0x7e, 0xff, 0xff, 0xff, 0xff, 0xff, 0xff, 0xe0,
    0x6a, 0x3f, 0xfe, 0xea, 0x7e, 0x8f, 0xff, 0x8f, 0xf8, 0xfe, 0x7e, 0xff, 0xff, 0xff, 0xff, 0xff, 0xff, 0xe0,
    0x00, 0x00, 0x00, 0x00, 0x00, 0x00, 0x00, 0x00, 0x00, 0x00, 0x00, 0x00, 0x00, 0x00, 0x00, 0x00, 0x00, 0x00,
};

static const lv_img_dsc_t waves23 = {
    .header.cf = LV_IMG_CF_INDEXED_1BIT,
    .header.always_zero = 0,
    .header.reserved = 0,
    .header.w = 140,
    .header.h = 68,
    .data_size = 1232,
    .data = waves23_map,
};

static const LV_ATTRIBUTE_MEM_ALIGN LV_ATTRIBUTE_LARGE_CONST uint8_t waves24_map[] = {
#if CONFIG_NICE_VIEW_WIDGET_INVERTED
    0xff, 0xff, 0xff, 0xff, /*Color of index 0*/
    0x00, 0x00, 0x00, 0xff, /*Color of index 1*/
#else
    0x00, 0x00, 0x00, 0xff, /*Color of index 0*/
    0xff, 0xff, 0xff, 0xff, /*Color of index 1*/
#endif
    0x00, 0x00, 0x00, 0x00, 0x00, 0x00, 0x00, 0x00, 0x00, 0x00, 0x00, 0x00, 0x00, 0x00, 0x00, 0x00, 0x00, 0x00,
    0x7e, 0x3f, 0xff, 0xff, 0x37, 0xe7, 0xf7, 0xcf, 0xf9, 0xfe, 0x7e, 0xff, 0xff, 0xff, 0xff, 0xff, 0xff, 0xe0,
    0x6a, 0x3f, 0xfe, 0xea, 0x7b, 0xa3, 0xf6, 0x9f, 0xf9, 0xfe, 0xfe, 0xff, 0xff, 0xff, 0xfb, 0xff, 0xff, 0xe0,
    0x7e, 0x7f, 0xfd, 0xfe, 0x7d, 0xf9, 0xf7, 0x9f, 0xf9, 0xfd, 0xfe, 0xff, 0xff, 0xff, 0xfb, 0xff, 0xff, 0xe0,
    0x6e, 0x7f, 0xfd, 0xec, 0xff, 0xec, 0xfe, 0x9f, 0xeb, 0xfd, 0xfe, 0xff, 0xff, 0xff, 0xfb, 0xff, 0xff, 0xe0,
    0x7e, 0x7f, 0xff, 0xfc, 0xff, 0xfe, 0x7f, 0x9f, 0xfb, 0xfd, 0xfe, 0xff, 0xff, 0xff, 0xff, 0xff, 0xff, 0xe0,
    0x68, 0x7f, 0xff, 0xa9, 0xff, 0xfe, 0x9e, 0x9f, 0xeb, 0xf9, 0xfe, 0xff, 0xff, 0xff, 0xfb, 0xff, 0xff, 0xe0,
    0x7c, 0x7f, 0xff, 0xf9, 0xff, 0xef, 0x4f, 0x9f, 0xf3, 0xf9, 0xfe, 0xff, 0xff, 0xff, 0xbb, 0xff, 0xff, 0xe0,
    0x6c, 0xff, 0xf7, 0xe1, 0xff, 0xf7, 0xa6, 0xdf, 0xe3, 0xfb, 0xfe, 0xff, 0xff, 0xff, 0xbb, 0xfe, 0xff, 0xe0,
    0x7c, 0xff, 0xf7, 0xf3, 0xff, 0xfb, 0xd3, 0xcf, 0xf3, 0xfb, 0xfe, 0xff, 0xff, 0xff, 0xff, 0xfe, 0xff, 0xe0,
    0x28, 0xff, 0xf7, 0xa3, 0xff, 0xff, 0xa3, 0xaf, 0xeb, 0xfb, 0xfe, 0xff, 0xff, 0xff, 0xbb, 0xfd, 0xff, 0xe0,
    0x78, 0xff, 0xff, 0xf3, 0xff, 0xff, 0xd1, 0xf7, 0xf9, 0xfb, 0xfe, 0xff, 0xff, 0xff, 0xbb, 0xfe, 0xff, 0xe0,
    0x69, 0xff, 0xff, 0xe3, 0xff, 0xff, 0xa1, 0xe3, 0xfd, 0xfd, 0xfe, 0xff, 0xff, 0xff, 0xbb, 0xfe, 0xff, 0xe0,
    0x71, 0xff, 0xff, 0xf3, 0xff, 0xfb, 0xd0, 0xf9, 0xfc, 0xfe, 0xfe, 0xff, 0xff, 0xff, 0xff, 0xff, 0xff, 0xe0,
    0x21, 0xff, 0xef, 0xa3, 0xff, 0xf7, 0xa7, 0x78, 0xfe, 0x7e, 0x7e, 0xff, 0xff, 0xff, 0xbb, 0xff, 0xff, 0xe0,
    0x73, 0xff, 0xef, 0xe3, 0xff, 0xef, 0x4f, 0xbc, 0x7f, 0x3f, 0x7e, 0xff, 0xff, 0xff, 0xbb, 0xff, 0xff, 0xe0,
    0x63, 0xff, 0xef, 0xe3, 0xff, 0xfe, 0x9f, 0xfa, 0x7e, 0xbe, 0x7e, 0xff, 0xff, 0xff, 0xbb, 0xff, 0xff, 0xe0,
    0x73, 0xff, 0xff, 0xe7, 0xff, 0xff, 0x3e, 0xfd, 0x7f, 0x3f, 0x7e, 0xff, 0xff, 0xff, 0xff, 0xff, 0xff, 0xe0,
    0x23, 0xff, 0xfe, 0xa7, 0xff, 0xfa, 0x7f, 0xfa, 0x7e, 0x3e, 0x7e, 0xff, 0xff, 0xff, 0xbb, 0xff, 0xff, 0xe0,
    0x73, 0xff, 0xff, 0xe7, 0xfe, 0xfc, 0xff, 0xdd, 0x3d, 0x7e, 0xfe, 0xff, 0xff, 0xff, 0xbb, 0xff, 0xff, 0xe0,
    0x63, 0xff, 0xee, 0xe7, 0xfd, 0xe9, 0xff, 0xba, 0x7e, 0x7d, 0xfe, 0x1f, 0xff, 0xff, 0xbb, 0xff, 0xff, 0xe0,
    0x71, 0xff, 0xdf, 0xe7, 0xfd, 0xf9, 0xff, 0xb4, 0xec, 0xfd, 0xfe, 0x17, 0xff, 0xff, 0xff, 0xff, 0xff, 0xe0,
    0x29, 0xff, 0xde, 0xa7, 0xff, 0xe9, 0xff, 0xf8, 0xf9, 0xf9, 0xfe, 0x11, 0xff, 0xff, 0xbb, 0xff, 0xff, 0xe0,
    0x78, 0xff, 0xff, 0xcf, 0xff, 0xf9, 0xff, 0xf1, 0xf9, 0xfd, 0xfe, 0x11, 0xff, 0xff, 0xbb, 0xff, 0xff, 0xe0,
    0x6c, 0xff, 0xfe, 0xcf, 0xff, 0xe3, 0xff, 0xeb, 0xd9, 0xf9, 0xfe, 0x11, 0x7f, 0xff, 0xbb, 0xff, 0xff, 0xe0,
    0x7e, 0x7f, 0xff, 0xcf, 0xfb, 0xf3, 0xfd, 0xf3, 0xf9, 0xfb, 0xfe, 0x11, 0x3f, 0xff, 0xff, 0xff, 0xff, 0xe0,
    0x6a, 0x3f, 0xbe, 0x8f, 0xfb, 0xa3, 0xfd, 0xa7, 0xf9, 0xfb, 0xfe, 0x11, 0x3f, 0xff, 0xbb, 0xff, 0xff, 0xe0,
    0x7f, 0x1f, 0xbf, 0x8f, 0xfb, 0xf3, 0xfb, 0xe7, 0xfb, 0xfb, 0xfe, 0x11, 0x1f, 0xff, 0xbf, 0xff, 0xff, 0xe0,
    0x7e, 0xcf, 0xbe, 0x9f, 0xff, 0xe3, 0xff, 0xe7, 0xeb, 0xfb, 0xfe, 0x11, 0x1f, 0xff, 0xbf, 0xff, 0xff, 0xe0,
    0x7f, 0xe7, 0xff, 0x9f, 0xff, 0xe7, 0xff, 0xef, 0xfb, 0xfd, 0xfe, 0x11, 0x0f, 0xff, 0xff, 0xff, 0xff, 0xe0,
    0x7e, 0xa3, 0xfa, 0x9f, 0xff, 0xa7, 0xff, 0x8f, 0xe3, 0xfe, 0xfe, 0x11, 0x0f, 0xff, 0xbf, 0xff, 0xff, 0xe0,
    0x7f, 0xf9, 0xff, 0x9f, 0xf7, 0xe7, 0xfb, 0xcf, 0xf3, 0xfe, 0x7e, 0x11, 0x0f, 0xff, 0xbf, 0xff, 0xff, 0xe0,
    0x7b, 0xe8, 0x7e, 0x9f, 0xee, 0xcf, 0xf7, 0xcf, 0xe3, 0xfe, 0x7e, 0x11, 0x0f, 0xff, 0xbf, 0xff, 0xff, 0xe0,
    0x7d, 0xfc, 0x3f, 0x9f, 0xef, 0xcf, 0xf7, 0xcf, 0xfb, 0xff, 0x7e, 0x11, 0x0f, 0xff, 0xff, 0xff, 0xff, 0xe0,
    0x7e, 0xfa, 0x9a, 0x9f, 0xff, 0xa7, 0xff, 0x8f, 0xf9, 0xfe, 0x6a, 0x11, 0x07, 0xff, 0xbf, 0xff, 0xff, 0xe0,
    0x7f, 0xfd, 0x4f, 0x9f, 0xff, 0xe7, 0xff, 0xcf, 0xfc, 0xfe, 0x7e, 0x11, 0x0f, 0xff, 0xbf, 0xff, 0xff, 0xe0,
    0x7f, 0xfe, 0xa6, 0x8f, 0xff, 0xe3, 0xfe, 0xdf, 0xfa, 0xfe, 0xfe, 0x11, 0x0f, 0xff, 0xbf, 0xff, 0xff, 0xe0,
    0x7f, 0xff, 0x43, 0xcf, 0xfd, 0xf9, 0xf7, 0x9f, 0xfd, 0x7d, 0xfe, 0x11, 0x0f, 0xff, 0xff, 0xff, 0xff, 0xe0,
    0x7f, 0xef, 0xa0, 0x87, 0xfe, 0xe8, 0xee, 0x9f, 0xfe, 0x39, 0xfe, 0x11, 0x0f, 0xfb, 0xff, 0xff, 0xff, 0xe0,
    0x7f, 0xef, 0x51, 0xe7, 0xff, 0x7e, 0x6f, 0x9f, 0xff, 0x3d, 0xfe, 0x11, 0x0f, 0xfb, 0xff, 0xff, 0xff, 0xe0,
    0x7f, 0xf7, 0xa8, 0xe3, 0xff, 0xfe, 0x9e, 0x9f, 0xfe, 0xbd, 0xbe, 0x11, 0x1f, 0xfb, 0xff, 0xff, 0xff, 0xe0,
    0x7f, 0xff, 0xd0, 0x73, 0xff, 0xff, 0xcf, 0x9f, 0xff, 0x38, 0xfe, 0x11, 0x1f, 0xff, 0xff, 0xef, 0xff, 0xe0,
    0x7f, 0xff, 0xa8, 0x29, 0xff, 0xff, 0xa6, 0x9f, 0xfe, 0x7b, 0xfe, 0x11, 0x3f, 0xfb, 0xff, 0xef, 0xf7, 0xe0,
    0x7f, 0xff, 0xd0, 0x7c, 0xff, 0xfb, 0xd3, 0xcf, 0xfe, 0xfb, 0xfe, 0x11, 0x3f, 0xfb, 0xff, 0xff, 0xef, 0xe0,
    0x7f, 0xf7, 0xa8, 0x6e, 0x7f, 0xfb, 0xa3, 0xef, 0xfc, 0xfb, 0xfe, 0x11, 0x7f, 0xfb, 0xff, 0xef, 0xdf, 0xe0,
    0x7f, 0xef, 0x50, 0x7f, 0x3f, 0xfb, 0xd1, 0xf7, 0xfd, 0xfb, 0xfe, 0x11, 0xff, 0xff, 0xff, 0xef, 0xef, 0xe0,
    0x7f, 0xef, 0xa8, 0x3a, 0x9f, 0xff, 0xa1, 0xe3, 0xf9, 0xf9, 0xfe, 0x11, 0xff, 0xfb, 0xff, 0xef, 0xf7, 0xe0,
    0x7f, 0xff, 0x53, 0xff, 0x0f, 0xff, 0xd1, 0xf1, 0xf9, 0xfe, 0xfe, 0x17, 0xff, 0xfb, 0xff, 0xff, 0xff, 0xe0,
    0x7f, 0xfe, 0xa3, 0xfe, 0x87, 0xff, 0xa7, 0x78, 0xf9, 0xfe, 0x7e, 0x1f, 0xff, 0xfb, 0xff, 0xef, 0xff, 0xe0,
    0x7f, 0xfd, 0x47, 0xbf, 0xc7, 0xef, 0xcf, 0xbc, 0x7b, 0xff, 0x7e, 0xff, 0xff, 0xff, 0xff, 0xef, 0xff, 0xe0,
    0x7f, 0x7a, 0x8f, 0xf7, 0xa3, 0xde, 0x9f, 0xda, 0x6b, 0xfe, 0x7e, 0xff, 0xff, 0xfb, 0xff, 0xef, 0xff, 0xe0,
    0x7e, 0xf5, 0x1f, 0xf7, 0xd1, 0xbf, 0x3e, 0xdd, 0x7b, 0xff, 0x7e, 0xff, 0xff, 0xfb, 0xff, 0xff, 0xff, 0xe0,
    0x7d, 0xea, 0x3f, 0xfb, 0xa9, 0xfe, 0x7f, 0xfa, 0x63, 0xfe, 0x7e, 0xff, 0xff, 0xfb, 0xff, 0xef, 0xff, 0xe0,
    0x7f, 0xdc, 0x7f, 0xff, 0xd4, 0xfc, 0xff, 0xfd, 0x33, 0xfc, 0xfe, 0xff, 0xff, 0xff, 0xff, 0xef, 0xff, 0xe0,
    0x7f, 0xa8, 0xff, 0xff, 0xe8, 0xe9, 0xff, 0xfa, 0x63, 0xf9, 0xfe, 0xff, 0xff, 0xfb, 0xff, 0xef, 0xff, 0xe0,
    0x7f, 0xf8, 0xff, 0xff, 0xd4, 0xf9, 0xff, 0xb4, 0xe3, 0xfd, 0xfe, 0xff, 0xff, 0xfb, 0xff, 0xff, 0xff, 0xe0,
    0x6f, 0xa1, 0xff, 0xfd, 0xe8, 0x69, 0xff, 0x78, 0xeb, 0xfd, 0xfe, 0xff, 0xff, 0xfb, 0xff, 0xef, 0xff, 0xe0,
    0x5f, 0xe3, 0xff, 0xfd, 0xd4, 0x79, 0xff, 0x79, 0xfd, 0xfd, 0xfe, 0xff, 0xff, 0xff, 0xff, 0xff, 0xff, 0xe0,
    0x3e, 0xa7, 0xff, 0xfd, 0xe8, 0x23, 0xff, 0xeb, 0xd8, 0xf9, 0xfe, 0xff, 0xff, 0xfb, 0xff, 0xff, 0xff, 0xe0,
    0x7f, 0xc7, 0xff, 0xff, 0xd4, 0x73, 0xff, 0xf3, 0xfe, 0x7b, 0xfe, 0xff, 0xff, 0xfb, 0xff, 0xff, 0xff, 0xe0,
    0x7e, 0xcf, 0xff, 0xff, 0xe8, 0xc3, 0xff, 0xe7, 0xfe, 0x7b, 0xfe, 0xff, 0xff, 0xfb, 0xff, 0xff, 0xff, 0xe0,
    0x7f, 0x9f, 0xff, 0xff, 0xd1, 0xf3, 0xfb, 0xe7, 0xff, 0x3b, 0xfe, 0xff, 0xff, 0xff, 0xff, 0xff, 0xff, 0xe0,
    0x7a, 0x9f, 0xff, 0xf7, 0xa1, 0xa3, 0xfb, 0xa7, 0xfe, 0xbb, 0xfe, 0xff, 0xff, 0xff, 0xff, 0xff, 0xff, 0xe0,
    0x7f, 0x1f, 0xff, 0xf7, 0x53, 0xa7, 0xfb, 0xef, 0xff, 0x3d, 0xfe, 0xff, 0xff, 0xff, 0xff, 0xff, 0xff, 0xe0,
    0x6e, 0x3f, 0xff, 0xee, 0xa7, 0xe7, 0xff, 0xcf, 0xfe, 0x7e, 0xfe, 0xff, 0xff, 0xff, 0xff, 0xff, 0xff, 0xe0,
    0x7f, 0x3f, 0xff, 0xff, 0xc7, 0xe7, 0xff, 0xcf, 0xfc, 0x7e, 0x7e, 0xff, 0xff, 0xff, 0xff, 0xff, 0xff, 0xe0,
    0x6a, 0x3f, 0xff, 0xfe, 0x8e, 0x8f, 0xff, 0x8f, 0xfa, 0xfe, 0x7e, 0xff, 0xff, 0xff, 0xff, 0xff, 0xff, 0xe0,
    0x00, 0x00, 0x00, 0x00, 0x00, 0x00, 0x00, 0x00, 0x00, 0x00, 0x00, 0x00, 0x00, 0x00, 0x00, 0x00, 0x00, 0x00,
};

static const lv_img_dsc_t waves24 = {
    .header.cf = LV_IMG_CF_INDEXED_1BIT,
    .header.always_zero = 0,
    .header.reserved = 0,
    .header.w = 140,
    .header.h = 68,
    .data_size = 1232,
    .data = waves24_map,
};

static const LV_ATTRIBUTE_MEM_ALIGN LV_ATTRIBUTE_LARGE_CONST uint8_t waves25_map[] = {
#if CONFIG_NICE_VIEW_WIDGET_INVERTED
    0xff, 0xff, 0xff, 0xff, /*Color of index 0*/
    0x00, 0x00, 0x00, 0xff, /*Color of index 1*/
#else
    0x00, 0x00, 0x00, 0xff, /*Color of index 0*/
    0xff, 0xff, 0xff, 0xff, /*Color of index 1*/
#endif
    0x00, 0x00, 0x00, 0x00, 0x00, 0x00, 0x00, 0x00, 0x00, 0x00, 0x00, 0x00, 0x00, 0x00, 0x00, 0x00, 0x00, 0x00,
    0x7f, 0x3f, 0xff, 0xdf, 0xc7, 0xe7, 0xf7, 0xcf, 0xf9, 0xff, 0x7e, 0xff, 0xff, 0xff, 0xff, 0xff, 0xff, 0xe0,
    0x6a, 0x3f, 0xff, 0xde, 0x87, 0xa7, 0xf7, 0x8f, 0xf9, 0xfe, 0xfe, 0xff, 0xff, 0xff, 0xfb, 0xff, 0xff, 0xe0,
    0x7f, 0x3f, 0xff, 0xff, 0x0f, 0xf3, 0xff, 0xdf, 0xf9, 0xfc, 0xfe, 0xff, 0xff, 0xff, 0xfb, 0xff, 0xff, 0xe0,
    0x6e, 0x3f, 0xff, 0xfa, 0x9f, 0xe9, 0xfe, 0x9f, 0xf9, 0xfd, 0xfe, 0xff, 0xff, 0xff, 0xfb, 0xff, 0xff, 0xe0,
    0x7e, 0x3f, 0xff, 0xfd, 0x3f, 0xfc, 0xff, 0x9f, 0xfb, 0xfd, 0xfe, 0xff, 0xff, 0xff, 0xff, 0xff, 0xff, 0xe0,
    0x6a, 0x3f, 0xfe, 0xfa, 0x3f, 0x7a, 0x6e, 0x9f, 0xeb, 0xf9, 0xfe, 0xff, 0xff, 0xff, 0xbb, 0xff, 0xff, 0xe0,
    0x7e, 0x7f, 0xfd, 0xfe, 0x7f, 0xdf, 0x0f, 0x9f, 0xfb, 0xfd, 0xfe, 0xff, 0xff, 0xff, 0xbb, 0xff, 0xff, 0xe0,
    0x6e, 0x7f, 0xfd, 0xec, 0xff, 0xee, 0x8e, 0x9f, 0xe3, 0xf9, 0xfe, 0xff, 0xff, 0xff, 0xbb, 0xfe, 0xff, 0xe0,
    0x7e, 0x7f, 0xff, 0xfc, 0xff, 0xff, 0x47, 0x9f, 0xf3, 0xfb, 0xfe, 0xff, 0xff, 0xff, 0xff, 0xfe, 0xff, 0xe0,
    0x6a, 0x7f, 0xff, 0xa9, 0xff, 0xff, 0xa3, 0x8f, 0xe3, 0xfb, 0xfe, 0xff, 0xff, 0xff, 0xbb, 0xfd, 0xff, 0xe0,
    0x7c, 0x7f, 0xff, 0xf9, 0xff, 0xff, 0xd3, 0xef, 0xfb, 0xfb, 0xfe, 0xff, 0xff, 0xff, 0xbb, 0xfe, 0xff, 0xe0,
    0x6c, 0xff, 0xf7, 0xe9, 0xff, 0xfb, 0xa1, 0xe7, 0xf9, 0xf9, 0xfe, 0xff, 0xff, 0xff, 0xbb, 0xfe, 0xff, 0xe0,
    0x7c, 0xff, 0xf7, 0xf3, 0xff, 0xfb, 0xd0, 0xf3, 0xfc, 0xfd, 0xfe, 0xff, 0xff, 0xff, 0xff, 0xff, 0xff, 0xe0,
    0x28, 0xff, 0xf7, 0xa3, 0xff, 0xfb, 0xa0, 0xe9, 0xfa, 0xfe, 0xfe, 0xff, 0xff, 0xff, 0xbb, 0xff, 0xff, 0xe0,
    0x78, 0xff, 0xff, 0xf3, 0xff, 0xff, 0x47, 0xf4, 0xfd, 0x7f, 0x7e, 0xff, 0xff, 0xff, 0xbb, 0xff, 0xff, 0xe0,
    0x69, 0xff, 0xff, 0xe3, 0xff, 0xfe, 0x8f, 0xfa, 0xfe, 0x3e, 0x7e, 0xff, 0xff, 0xff, 0xbb, 0xff, 0xff, 0xe0,
    0x71, 0xff, 0xff, 0xf3, 0xff, 0xfd, 0x9f, 0x7c, 0x7f, 0x3f, 0x7e, 0xff, 0xff, 0xff, 0xff, 0xff, 0xff, 0xe0,
    0x21, 0xff, 0xef, 0xa3, 0xff, 0xba, 0x3f, 0xda, 0x7e, 0xbe, 0x7e, 0xff, 0xff, 0xff, 0xbb, 0xff, 0xff, 0xe0,
    0x73, 0xff, 0xef, 0xe3, 0xff, 0x7e, 0x7f, 0xdd, 0x7f, 0x3e, 0xfe, 0xff, 0xff, 0xff, 0xbb, 0xff, 0xff, 0xe0,
    0x63, 0xff, 0xef, 0xe3, 0xfe, 0xec, 0xff, 0xda, 0x3e, 0x7c, 0xfe, 0x1f, 0xff, 0xff, 0xbb, 0xff, 0xff, 0xe0,
    0x73, 0xff, 0xff, 0xe7, 0xff, 0xfd, 0xff, 0xfc, 0x5c, 0xfd, 0xfe, 0x17, 0xff, 0xff, 0xff, 0xff, 0xff, 0xe0,
    0x23, 0xff, 0xfe, 0xa7, 0xff, 0xe9, 0xff, 0xfa, 0xf8, 0xf9, 0xfe, 0x11, 0xff, 0xff, 0xbb, 0xff, 0xff, 0xe0,
    0x73, 0xff, 0xff, 0xe7, 0xff, 0xf9, 0xff, 0xf4, 0xfd, 0xfd, 0xfe, 0x11, 0xff, 0xff, 0xbb, 0xff, 0xff, 0xe0,
    0x63, 0xff, 0xee, 0xe7, 0xfd, 0xe9, 0xff, 0x69, 0xe9, 0xfd, 0xfe, 0x11, 0x7f, 0xff, 0xbb, 0xff, 0xff, 0xe0,
    0x71, 0xff, 0xdf, 0xe7, 0xfb, 0xf3, 0xfe, 0xdb, 0xf9, 0xf9, 0xfe, 0x11, 0x3f, 0xff, 0xff, 0xff, 0xff, 0xe0,
    0x21, 0xff, 0xde, 0xa7, 0xfb, 0xa3, 0xfd, 0xe3, 0xf9, 0xfb, 0xfe, 0x11, 0x3f, 0xff, 0xbb, 0xff, 0xff, 0xe0,
    0x79, 0xff, 0xff, 0xc7, 0xff, 0xf3, 0xff, 0xf7, 0xfb, 0xfb, 0xfe, 0x11, 0x1f, 0xff, 0xbf, 0xff, 0xff, 0xe0,
    0x6c, 0xff, 0xfe, 0xcf, 0xff, 0xe3, 0xff, 0xe7, 0xeb, 0xfb, 0xfe, 0x11, 0x1f, 0xff, 0xbf, 0xff, 0xff, 0xe0,
    0x7c, 0x7f, 0xff, 0xcf, 0xff, 0xf3, 0xff, 0xe7, 0xfb, 0xf9, 0xbe, 0x11, 0x0f, 0xff, 0xff, 0xff, 0xff, 0xe0,
    0x6a, 0x3f, 0xbe, 0x8f, 0xf7, 0xa7, 0xfb, 0xaf, 0xe3, 0xf9, 0xee, 0x11, 0x0f, 0xff, 0xbf, 0xff, 0xff, 0xe0,
    0x7f, 0x1f, 0xbf, 0x8f, 0xf7, 0xe7, 0xfb, 0xcf, 0xf3, 0xfe, 0xfa, 0x11, 0x0f, 0xff, 0xbf, 0xff, 0xff, 0xe0,
    0x7e, 0x8f, 0xbe, 0x9f, 0xf7, 0xe7, 0xfb, 0xcf, 0xe3, 0xfe, 0x7e, 0x11, 0x0f, 0xff, 0xbf, 0xff, 0xff, 0xe0,
    0x7f, 0xc7, 0xff, 0x9f, 0xff, 0xcf, 0xff, 0xcf, 0xf3, 0xff, 0x7e, 0x11, 0x0f, 0xff, 0xff, 0xff, 0xff, 0xe0,
    0x7e, 0xa3, 0xfa, 0x9f, 0xfe, 0x8f, 0xff, 0x8f, 0xeb, 0xfe, 0x7e, 0x11, 0x07, 0xff, 0xbf, 0xff, 0xff, 0xe0,
    0x7f, 0xf9, 0xff, 0x9f, 0xff, 0xe7, 0xff, 0xcf, 0xfd, 0xff, 0x7e, 0x11, 0x0f, 0xff, 0xbf, 0xff, 0xff, 0xe0,
    0x77, 0xa8, 0x7e, 0x9f, 0xf7, 0xe7, 0xf7, 0xcf, 0xf8, 0xfe, 0xfe, 0x11, 0x0f, 0xfb, 0xbf, 0xff, 0xff, 0xe0,
    0x7d, 0xfc, 0x3f, 0x9f, 0xfb, 0xf3, 0xf7, 0xdf, 0xfc, 0x7c, 0xfe, 0x11, 0x0f, 0xff, 0xff, 0xff, 0xff, 0xe0,
    0x7e, 0xfa, 0x1a, 0x9f, 0xfd, 0xe9, 0xf6, 0x9f, 0xfe, 0x79, 0xfe, 0x11, 0x0f, 0xfb, 0xff, 0xff, 0xff, 0xe0,
    0x7f, 0xfd, 0x0f, 0x9f, 0xff, 0xfc, 0xff, 0x9f, 0xff, 0x3d, 0xfe, 0x11, 0x0f, 0xfb, 0xff, 0xff, 0xff, 0xe0,
    0x7f, 0xfe, 0x86, 0x8f, 0xff, 0xfa, 0x7e, 0x9f, 0xfe, 0xbd, 0xfe, 0x11, 0x1f, 0xfb, 0xff, 0xef, 0xff, 0xe0,
    0x7f, 0xff, 0x43, 0xcf, 0xff, 0xfd, 0x9f, 0x9f, 0xff, 0x3d, 0xfe, 0x11, 0x1f, 0xff, 0xff, 0xef, 0xff, 0xe0,
    0x7f, 0xde, 0xa2, 0x8f, 0xff, 0xee, 0x8e, 0x9f, 0xfe, 0x79, 0xfe, 0x11, 0x3f, 0xfb, 0xff, 0xef, 0xf7, 0xe0,
    0x7f, 0xef, 0x51, 0xe7, 0xff, 0xf7, 0x47, 0x9f, 0xfc, 0x7b, 0xfe, 0x11, 0x3f, 0xfb, 0xff, 0xff, 0xef, 0xe0,
    0x7f, 0xf7, 0xa8, 0xe3, 0xff, 0xfb, 0xa3, 0xcf, 0xfa, 0xfb, 0xfe, 0x11, 0x7f, 0xfb, 0xff, 0xef, 0xdf, 0xe0,
    0x7f, 0xff, 0xd0, 0x73, 0xff, 0xff, 0xd3, 0xef, 0xfc, 0xfb, 0xfe, 0x11, 0xff, 0xff, 0xff, 0xef, 0xef, 0xe0,
    0x7f, 0xff, 0xa8, 0x29, 0xff, 0xff, 0xa1, 0xa7, 0xf9, 0xf9, 0xfe, 0x11, 0xff, 0xfb, 0xff, 0xef, 0xf7, 0xe0,
    0x7f, 0xff, 0xd0, 0x7c, 0xff, 0xff, 0xd1, 0xf3, 0xf9, 0xfd, 0xfe, 0x17, 0xff, 0xfb, 0xff, 0xff, 0xff, 0xe0,
    0x7f, 0xf7, 0xa8, 0x2e, 0x7f, 0xfb, 0xa0, 0xe9, 0xf9, 0xfe, 0xfe, 0x1f, 0xff, 0xfb, 0xff, 0xef, 0xff, 0xe0,
    0x7f, 0xf7, 0xd0, 0x7e, 0x3f, 0xf7, 0x47, 0x7c, 0xf9, 0xff, 0x7e, 0xff, 0xff, 0xff, 0xff, 0xef, 0xff, 0xe0,
    0x7f, 0xef, 0xa8, 0x7a, 0x1f, 0xee, 0x8f, 0xba, 0xeb, 0xfe, 0x7e, 0xff, 0xff, 0xfb, 0xff, 0xef, 0xff, 0xe0,
    0x7f, 0xff, 0x51, 0xbf, 0x1f, 0xff, 0x1f, 0x7c, 0x7b, 0xff, 0x7e, 0xff, 0xff, 0xfb, 0xff, 0xff, 0xff, 0xe0,
    0x7f, 0xfe, 0xa3, 0xfe, 0x8f, 0xfa, 0x3f, 0xfa, 0x6b, 0xfe, 0x7e, 0xff, 0xff, 0xfb, 0xff, 0xef, 0xff, 0xe0,
    0x7f, 0xfd, 0x47, 0xff, 0xc7, 0xfe, 0x7f, 0xfd, 0x73, 0xfc, 0xfe, 0xff, 0xff, 0xff, 0xff, 0xef, 0xff, 0xe0,
    0x7f, 0x7a, 0x8f, 0xef, 0xa2, 0xe8, 0xff, 0xda, 0x23, 0xfc, 0xfe, 0xff, 0xff, 0xfb, 0xff, 0xef, 0xff, 0xe0,
    0x7e, 0xf5, 0x1f, 0xf7, 0xd1, 0xfd, 0xff, 0xbc, 0x53, 0xfd, 0xfe, 0xff, 0xff, 0xfb, 0xff, 0xff, 0xff, 0xe0,
    0x7d, 0xea, 0x3f, 0xfb, 0xa9, 0xe9, 0xff, 0xba, 0xe3, 0xfd, 0xfe, 0xff, 0xff, 0xfb, 0xff, 0xef, 0xff, 0xe0,
    0x7f, 0xfc, 0x3f, 0xff, 0xd0, 0xf9, 0xff, 0xfc, 0xfb, 0xfd, 0xfe, 0xff, 0xff, 0xff, 0xff, 0xff, 0xff, 0xe0,
    0x7f, 0xe8, 0x7f, 0xff, 0xe8, 0xe9, 0xff, 0xe9, 0xe9, 0xf9, 0xfe, 0xff, 0xff, 0xfb, 0xff, 0xff, 0xff, 0xe0,
    0x7f, 0xf8, 0xff, 0xff, 0xd4, 0xf3, 0xff, 0xfb, 0xfe, 0xf9, 0xfe, 0xff, 0xff, 0xfb, 0xff, 0xff, 0xff, 0xe0,
    0x6f, 0xa1, 0xff, 0xfd, 0xe8, 0x63, 0xfd, 0xe3, 0xfe, 0x7b, 0xfe, 0xff, 0xff, 0xfb, 0xff, 0xff, 0xff, 0xe0,
    0x5f, 0xf3, 0xff, 0xfd, 0xd4, 0x73, 0xfd, 0xf7, 0xff, 0x3b, 0xfe, 0xff, 0xff, 0xff, 0xff, 0xff, 0xff, 0xe0,
    0x3e, 0xa7, 0xff, 0xfd, 0xe8, 0x23, 0xfb, 0xa7, 0xfe, 0xbb, 0xfe, 0xff, 0xff, 0xff, 0xff, 0xff, 0xff, 0xe0,
    0x7f, 0xc7, 0xff, 0xff, 0xd4, 0x73, 0xff, 0xe7, 0xff, 0x39, 0xfe, 0xff, 0xff, 0xff, 0xff, 0xff, 0xff, 0xe0,
    0x7e, 0xcf, 0xff, 0xff, 0xe8, 0xe7, 0xff, 0xef, 0xfe, 0x3d, 0xfe, 0xff, 0xff, 0xff, 0xff, 0xff, 0xff, 0xe0,
    0x7f, 0x8f, 0xff, 0xff, 0xd1, 0xc7, 0xff, 0xcf, 0xfd, 0x7c, 0xfe, 0xff, 0xff, 0xff, 0xff, 0xff, 0xff, 0xe0,
    0x7a, 0x9f, 0xff, 0xf7, 0xa9, 0xa7, 0xfb, 0x8f, 0xfe, 0x7e, 0x7e, 0xff, 0xff, 0xff, 0xff, 0xff, 0xff, 0xe0,
    0x00, 0x00, 0x00, 0x00, 0x00, 0x00, 0x00, 0x00, 0x00, 0x00, 0x00, 0x00, 0x00, 0x00, 0x00, 0x00, 0x00, 0x00,
};

static const lv_img_dsc_t waves25 = {
    .header.cf = LV_IMG_CF_INDEXED_1BIT,
    .header.always_zero = 0,
    .header.reserved = 0,
    .header.w = 140,
    .header.h = 68,
    .data_size = 1232,
    .data = waves25_map,
};

static const LV_ATTRIBUTE_MEM_ALIGN LV_ATTRIBUTE_LARGE_CONST uint8_t waves26_map[] = {
#if CONFIG_NICE_VIEW_WIDGET_INVERTED
    0xff, 0xff, 0xff, 0xff, /*Color of index 0*/
    0x00, 0x00, 0x00, 0xff, /*Color of index 1*/
#else
    0x00, 0x00, 0x00, 0xff, /*Color of index 0*/
    0xff, 0xff, 0xff, 0xff, /*Color of index 1*/
#endif
    0x00, 0x00, 0x00, 0x00, 0x00, 0x00, 0x00, 0x00, 0x00, 0x00, 0x00, 0x00, 0x00, 0x00, 0x00, 0x00, 0x00, 0x00,
    0x7f, 0x8f, 0xff, 0xff, 0xd1, 0xcf, 0xf7, 0xcf, 0xfd, 0xff, 0x7e, 0xff, 0xff, 0xff, 0xff, 0xff, 0xff, 0xe0,
    0x7a, 0x9f, 0xff, 0xff, 0xa9, 0xa7, 0xff, 0x8f, 0xf9, 0xfe, 0x7e, 0xff, 0xff, 0xff, 0xfb, 0xff, 0xff, 0xe0,
    0x7f, 0x1f, 0xff, 0xff, 0x53, 0xa7, 0xff, 0xcf, 0xf9, 0xfe, 0xfe, 0xff, 0xff, 0xff, 0xfb, 0xff, 0xff, 0xe0,
    0x7e, 0x1f, 0xff, 0xef, 0xa3, 0xe3, 0xfe, 0xdf, 0xf9, 0xfd, 0xfe, 0xff, 0xff, 0xff, 0xfb, 0xff, 0xff, 0xe0,
    0x7f, 0x3f, 0xff, 0xef, 0xc5, 0xf9, 0xf7, 0x9f, 0xfb, 0xfd, 0xfe, 0xff, 0xff, 0xff, 0xff, 0xff, 0xff, 0xe0,
    0x6a, 0x3f, 0xff, 0xde, 0x8e, 0xe8, 0xee, 0x9f, 0xeb, 0xf9, 0xfe, 0xff, 0xff, 0xff, 0xfb, 0xff, 0xff, 0xe0,
    0x7f, 0x3f, 0xff, 0xff, 0x4f, 0x7e, 0x6f, 0x9f, 0xfb, 0xfd, 0xfe, 0xff, 0xff, 0xff, 0xbb, 0xff, 0xff, 0xe0,
    0x6e, 0x3f, 0xff, 0xfa, 0x9f, 0xfe, 0x9e, 0x9f, 0xe3, 0xf9, 0xfe, 0xff, 0xff, 0xff, 0xbb, 0xff, 0x7f, 0xe0,
    0x7e, 0x3f, 0xff, 0xfd, 0x3f, 0xff, 0xcf, 0x9f, 0xf3, 0xfb, 0xfe, 0xff, 0xff, 0xff, 0xff, 0xfe, 0xff, 0xe0,
    0x6a, 0x3f, 0xfe, 0xfa, 0x3f, 0xff, 0xa6, 0x9f, 0xe3, 0xfb, 0xfe, 0xff, 0xff, 0xff, 0xbb, 0xfd, 0xff, 0xe0,
    0x7e, 0x3f, 0xfe, 0xfe, 0x7f, 0xfb, 0xd3, 0xcf, 0xf3, 0xfb, 0xfe, 0xff, 0xff, 0xff, 0xbb, 0xfe, 0xff, 0xe0,
    0x6e, 0x7f, 0xfd, 0xec, 0x7f, 0xfb, 0xa3, 0xef, 0xeb, 0xfb, 0xfe, 0xff, 0xff, 0xff, 0xbb, 0xff, 0x7f, 0xe0,
    0x7e, 0x7f, 0xff, 0xfc, 0xff, 0xfb, 0xd1, 0xe7, 0xf9, 0xfd, 0xfe, 0xff, 0xff, 0xff, 0xff, 0xff, 0xff, 0xe0,
    0x6a, 0x7f, 0xff, 0xe8, 0xff, 0xff, 0xa1, 0xe3, 0xf8, 0xfe, 0xfe, 0xff, 0xff, 0xff, 0xbb, 0xff, 0xff, 0xe0,
    0x7c, 0x7f, 0xff, 0xf9, 0xff, 0xff, 0xd1, 0xf9, 0xfe, 0x7e, 0x7e, 0xff, 0xff, 0xff, 0xbb, 0xff, 0xff, 0xe0,
    0x6c, 0x7f, 0xf7, 0xe9, 0xff, 0xff, 0xa7, 0x78, 0xfe, 0x7e, 0x7e, 0xff, 0xff, 0xff, 0xbb, 0xff, 0xff, 0xe0,
    0x7c, 0xff, 0xf7, 0xf1, 0xff, 0xef, 0xcf, 0xb4, 0xff, 0x3f, 0x7e, 0xff, 0xff, 0xff, 0xff, 0xff, 0xff, 0xe0,
    0x28, 0xff, 0xf7, 0xa3, 0xff, 0xde, 0x9f, 0xda, 0x7e, 0xbe, 0x7e, 0xff, 0xff, 0xff, 0xbb, 0xff, 0xff, 0xe0,
    0x78, 0xff, 0xff, 0xf3, 0xff, 0xbf, 0x3e, 0xdd, 0x7f, 0x3e, 0x7e, 0xff, 0xff, 0xff, 0xbb, 0xff, 0xff, 0xe0,
    0x69, 0xff, 0xff, 0xe3, 0xff, 0xfe, 0x7f, 0xfa, 0x7e, 0x7e, 0xfe, 0x1f, 0xff, 0xff, 0xbb, 0xff, 0xff, 0xe0,
    0x79, 0xff, 0xff, 0xf3, 0xff, 0xfc, 0xff, 0xfd, 0x3c, 0x7d, 0xfe, 0x17, 0xff, 0xff, 0xff, 0xff, 0xff, 0xe0,
    0x21, 0xff, 0xef, 0xa3, 0xff, 0xe9, 0xff, 0xfa, 0x7a, 0xf9, 0xfe, 0x11, 0xff, 0xff, 0xbb, 0xff, 0xff, 0xe0,
    0x73, 0xff, 0xef, 0xe3, 0xfd, 0xf9, 0xff, 0xb4, 0xec, 0xfd, 0xfe, 0x11, 0xff, 0xff, 0xbb, 0xff, 0xff, 0xe0,
    0x63, 0xff, 0xef, 0xe3, 0xfd, 0xe9, 0xff, 0x78, 0xfd, 0xfd, 0xfe, 0x11, 0x7f, 0xff, 0xbb, 0xff, 0xff, 0xe0,
    0x73, 0xff, 0xff, 0xe3, 0xfd, 0xf9, 0xff, 0x79, 0xf9, 0xf9, 0xfe, 0x11, 0x3f, 0xff, 0xff, 0xff, 0xff, 0xe0,
    0x23, 0xff, 0xfe, 0xa7, 0xff, 0xa3, 0xff, 0xeb, 0xd9, 0xfb, 0xfe, 0x11, 0x3f, 0xff, 0xbb, 0xff, 0xff, 0xe0,
    0x73, 0xff, 0xff, 0xe7, 0xff, 0xf3, 0xff, 0xf3, 0xf9, 0xfb, 0xfe, 0x11, 0x1f, 0xff, 0xbf, 0xff, 0xff, 0xe0,
    0x63, 0xff, 0xee, 0xe7, 0xff, 0xe3, 0xff, 0xe7, 0xeb, 0xfb, 0xfe, 0x11, 0x1f, 0xff, 0xbf, 0xff, 0xff, 0xe0,
    0x73, 0xff, 0xdf, 0xe7, 0xfb, 0xf3, 0xfb, 0xe7, 0xfb, 0xfb, 0xfe, 0x11, 0x0f, 0xff, 0xff, 0xff, 0xff, 0xe0,
    0x21, 0xff, 0xde, 0xa7, 0xfb, 0xa3, 0xfb, 0xa7, 0xeb, 0xf9, 0xfe, 0x11, 0x0f, 0xff, 0xbf, 0xff, 0xff, 0xe0,
    0x79, 0xff, 0xff, 0xc7, 0xf7, 0xe7, 0xfb, 0xef, 0xf3, 0xfe, 0xfe, 0x11, 0x0f, 0xff, 0xbf, 0xff, 0xff, 0xe0,
    0x68, 0xff, 0xfe, 0xcf, 0xff, 0xe7, 0xff, 0xcf, 0xe3, 0xfe, 0x7e, 0x11, 0x0f, 0xff, 0xbf, 0xff, 0xff, 0xe0,
    0x7c, 0x7f, 0xff, 0xcf, 0xff, 0xe7, 0xff, 0xcf, 0xf3, 0xff, 0x7a, 0x11, 0x0f, 0xff, 0xff, 0xff, 0xff, 0xe0,
    0x6a, 0x7f, 0xbe, 0x8f, 0xfe, 0x8f, 0xff, 0x8f, 0xe3, 0xfe, 0x7e, 0x11, 0x07, 0xff, 0xbf, 0xff, 0xff, 0xe0,
    0x7f, 0x3f, 0xbf, 0x8f, 0xef, 0xcf, 0xf7, 0xcf, 0xfb, 0xff, 0x7e, 0x11, 0x0f, 0xff, 0xbf, 0xff, 0xff, 0xe0,
    0x7e, 0x9f, 0xbe, 0x9f, 0xf7, 0xe7, 0xf7, 0xcf, 0xfd, 0xfe, 0x7e, 0x11, 0x0f, 0xff, 0xbf, 0xff, 0xff, 0xe0,
    0x7f, 0xc7, 0xff, 0x9f, 0xf7, 0xe7, 0xf7, 0xcf, 0xfc, 0xfc, 0xee, 0x11, 0x0f, 0xff, 0xff, 0xff, 0xff, 0xe0,
    0x7e, 0xa3, 0xfa, 0x9f, 0xff, 0xa3, 0xfe, 0x9f, 0xfe, 0x79, 0xbe, 0x11, 0x0f, 0xfb, 0xff, 0xff, 0xff, 0xe0,
    0x7f, 0xf1, 0xff, 0x9f, 0xff, 0xf9, 0xff, 0x9f, 0xff, 0x3c, 0xfe, 0x11, 0x0f, 0xfb, 0xff, 0xff, 0xff, 0xe0,
    0x77, 0xa8, 0x7e, 0x9f, 0xff, 0xec, 0xfe, 0x9f, 0xfe, 0xbd, 0xfe, 0x11, 0x1f, 0xfb, 0xff, 0xff, 0xff, 0xe0,
    0x7b, 0xdc, 0x7f, 0x9f, 0xff, 0x7e, 0x6f, 0x9f, 0xff, 0x3d, 0xfe, 0x11, 0x1f, 0xff, 0xff, 0xef, 0xff, 0xe0,
    0x7d, 0xea, 0x3a, 0x9f, 0xff, 0xde, 0x8e, 0x9f, 0xfe, 0x39, 0xfe, 0x11, 0x3f, 0xfb, 0xff, 0xef, 0xff, 0xe0,
    0x7f, 0xf5, 0x1f, 0x9f, 0xff, 0xef, 0x4f, 0x9f, 0xfd, 0x7b, 0xfe, 0x11, 0x3f, 0xfb, 0xff, 0xff, 0xef, 0xe0,
    0x7f, 0xfe, 0x86, 0x9f, 0xff, 0xff, 0xa6, 0x9f, 0xfe, 0x7b, 0xfe, 0x11, 0x7f, 0xfb, 0xff, 0xef, 0xef, 0xe0,
    0x7f, 0xfd, 0x47, 0xcf, 0xff, 0xff, 0xd3, 0xcf, 0xfc, 0xfb, 0xfe, 0x11, 0xff, 0xff, 0xff, 0xef, 0xdf, 0xe0,
    0x7f, 0xde, 0xa2, 0x8f, 0xff, 0xff, 0xa3, 0xaf, 0xf9, 0xfb, 0xfe, 0x11, 0xff, 0xfb, 0xff, 0xef, 0xef, 0xe0,
    0x7f, 0xef, 0x51, 0xe7, 0xff, 0xfb, 0xd1, 0xe7, 0xfd, 0xfd, 0xfe, 0x17, 0xff, 0xfb, 0xff, 0xff, 0xef, 0xe0,
    0x7f, 0xef, 0xa8, 0xe7, 0xff, 0xfb, 0xa1, 0xe3, 0xf9, 0xfe, 0xfe, 0x1f, 0xff, 0xfb, 0xff, 0xef, 0xff, 0xe0,
    0x7f, 0xff, 0xd0, 0xf3, 0xff, 0xfb, 0xd0, 0xf9, 0xf9, 0xfe, 0x7e, 0xff, 0xff, 0xff, 0xff, 0xef, 0xff, 0xe0,
    0x7f, 0xff, 0xa8, 0x29, 0xff, 0xff, 0xa7, 0x78, 0xf9, 0xfe, 0x7e, 0xff, 0xff, 0xfb, 0xff, 0xef, 0xff, 0xe0,
    0x7f, 0xff, 0xd0, 0x78, 0xff, 0xff, 0x4f, 0xf4, 0xfb, 0xff, 0x7e, 0xff, 0xff, 0xfb, 0xff, 0xff, 0xff, 0xe0,
    0x7f, 0xf7, 0xa8, 0x6c, 0x7f, 0xfe, 0x9f, 0xfa, 0x6b, 0xfe, 0x7e, 0xff, 0xff, 0xfb, 0xff, 0xef, 0xff, 0xe0,
    0x7f, 0xf7, 0xd0, 0x7e, 0x7f, 0xbd, 0x3e, 0xdd, 0x7b, 0xfe, 0x7e, 0xff, 0xff, 0xff, 0xff, 0xef, 0xff, 0xe0,
    0x7f, 0xef, 0xa8, 0x3a, 0x3f, 0x7a, 0x7f, 0xda, 0x63, 0xfe, 0xfe, 0xff, 0xff, 0xfb, 0xff, 0xef, 0xff, 0xe0,
    0x7f, 0xff, 0x51, 0xff, 0x9e, 0xfc, 0xff, 0xdd, 0x33, 0xfd, 0xfe, 0xff, 0xff, 0xfb, 0xff, 0xff, 0xff, 0xe0,
    0x7f, 0xfe, 0xa3, 0xfe, 0x8f, 0xed, 0xff, 0xfa, 0x63, 0xfd, 0xfe, 0xff, 0xff, 0xfb, 0xff, 0xef, 0xff, 0xe0,
    0x7f, 0xfd, 0x47, 0xbf, 0xc7, 0xf9, 0xff, 0xf4, 0xeb, 0xfd, 0xfe, 0xff, 0xff, 0xff, 0xff, 0xff, 0xff, 0xe0,
    0x7f, 0xbe, 0x87, 0xef, 0xa3, 0xe9, 0xff, 0xf8, 0xf9, 0xf9, 0xfe, 0xff, 0xff, 0xfb, 0xff, 0xff, 0xff, 0xe0,
    0x7f, 0x7d, 0x0f, 0xf7, 0x51, 0xf9, 0xff, 0x71, 0xfd, 0xf9, 0xfe, 0xff, 0xff, 0xfb, 0xff, 0xff, 0xff, 0xe0,
    0x7e, 0xfa, 0x1f, 0xfb, 0xa9, 0xe3, 0xfe, 0xeb, 0xda, 0xfb, 0xfe, 0xff, 0xff, 0xfb, 0xff, 0xff, 0xff, 0xe0,
    0x7f, 0xfc, 0x3f, 0xff, 0xd0, 0xf3, 0xfd, 0xf3, 0xfd, 0x7b, 0xfe, 0xff, 0xff, 0xff, 0xff, 0xff, 0xff, 0xe0,
    0x7f, 0xe8, 0x7f, 0xff, 0xe8, 0xa3, 0xff, 0xa7, 0xfe, 0x3b, 0xfe, 0xff, 0xff, 0xff, 0xff, 0xff, 0xff, 0xe0,
    0x7f, 0xfc, 0xff, 0xff, 0xd4, 0xf3, 0xff, 0xe7, 0xff, 0x3b, 0xfe, 0xff, 0xff, 0xff, 0xff, 0xff, 0xff, 0xe0,
    0x6f, 0xa9, 0xff, 0xfd, 0xe8, 0x63, 0xff, 0xe7, 0xfe, 0xbd, 0xfe, 0xff, 0xff, 0xff, 0xff, 0xff, 0xff, 0xe0,
    0x5f, 0xf3, 0xff, 0xfd, 0xd4, 0x67, 0xfb, 0xef, 0xff, 0x3e, 0xfe, 0xff, 0xff, 0xff, 0xff, 0xff, 0xff, 0xe0,
    0x5e, 0xa3, 0xff, 0xfd, 0xe8, 0x27, 0xfb, 0x8f, 0xfe, 0x7e, 0x7e, 0xff, 0xff, 0xff, 0xff, 0xff, 0xff, 0xe0,
    0x00, 0x00, 0x00, 0x00, 0x00, 0x00, 0x00, 0x00, 0x00, 0x00, 0x00, 0x00, 0x00, 0x00, 0x00, 0x00, 0x00, 0x00,
};

static const lv_img_dsc_t waves26 = {
    .header.cf = LV_IMG_CF_INDEXED_1BIT,
    .header.always_zero = 0,
    .header.reserved = 0,
    .header.w = 140,
    .header.h = 68,
    .data_size = 1232,
    .data = waves26_map,
};

static const LV_ATTRIBUTE_MEM_ALIGN LV_ATTRIBUTE_LARGE_CONST uint8_t waves27_map[] = {
#if CONFIG_NICE_VIEW_WIDGET_INVERTED
    0xff, 0xff, 0xff, 0xff, /*Color of index 0*/
    0x00, 0x00, 0x00, 0xff, /*Color of index 1*/
#else
    0x00, 0x00, 0x00, 0xff, /*Color of index 0*/
    0xff, 0xff, 0xff, 0xff, /*Color of index 1*/
#endif
    0x00, 0x00, 0x00, 0x00, 0x00, 0x00, 0x00, 0x00, 0x00, 0x00, 0x00, 0x00, 0x00, 0x00, 0x00, 0x00, 0x00, 0x00,
    0x7f, 0xf3, 0xff, 0xff, 0xd4, 0x4f, 0xff, 0xcf, 0xfc, 0xff, 0x7e, 0xff, 0xff, 0xff, 0xff, 0xff, 0xff, 0xe0,
    0x5e, 0xa3, 0xff, 0xfd, 0xe8, 0x0f, 0xff, 0x8f, 0xf9, 0xfe, 0x7e, 0xff, 0xff, 0xff, 0xfb, 0xff, 0xff, 0xe0,
    0x3f, 0xe7, 0xff, 0xfd, 0xd4, 0x27, 0xff, 0xcf, 0xf9, 0xfe, 0xfe, 0xff, 0xff, 0xff, 0xfb, 0xff, 0xff, 0xe0,
    0x7e, 0xcf, 0xff, 0xfb, 0xe8, 0x67, 0xf7, 0xcf, 0xf9, 0xfc, 0xfe, 0xff, 0xff, 0xff, 0xfb, 0xff, 0xff, 0xe0,
    0x7f, 0x8f, 0xff, 0xff, 0xd0, 0xf3, 0xf7, 0xdf, 0xf9, 0xfd, 0xfe, 0xff, 0xff, 0xff, 0xff, 0xff, 0xff, 0xe0,
    0x7a, 0x9f, 0xff, 0xff, 0xa9, 0xc9, 0xf6, 0x9f, 0xeb, 0xf9, 0xfe, 0xff, 0xff, 0xff, 0xfb, 0xff, 0xff, 0xe0,
    0x7f, 0x9f, 0xff, 0xff, 0xd1, 0xfc, 0xff, 0x9f, 0xfb, 0xfd, 0xfe, 0xff, 0xff, 0xff, 0xbb, 0xff, 0xff, 0xe0,
    0x7e, 0x1f, 0xff, 0xef, 0xa3, 0xfa, 0x7e, 0x9f, 0xeb, 0xfd, 0xfe, 0xff, 0xff, 0xff, 0xbb, 0xff, 0x7f, 0xe0,
    0x7f, 0x3f, 0xff, 0xef, 0xc7, 0xfd, 0x9f, 0x9f, 0xf3, 0xf9, 0xfe, 0xff, 0xff, 0xff, 0xff, 0xfe, 0xff, 0xe0,
    0x6a, 0x3f, 0xff, 0xde, 0x87, 0xee, 0x8e, 0x9f, 0xe3, 0xfb, 0xfe, 0xff, 0xff, 0xff, 0xbb, 0xfd, 0xff, 0xe0,
    0x7f, 0x3f, 0xff, 0xff, 0x4f, 0xf7, 0x47, 0x9f, 0xf3, 0xfb, 0xfe, 0xff, 0xff, 0xff, 0xbb, 0xfe, 0xff, 0xe0,
    0x6e, 0x3f, 0xff, 0xfa, 0x9f, 0xfb, 0xa3, 0xcf, 0xe3, 0xfb, 0xfe, 0xff, 0xff, 0xff, 0xbb, 0xff, 0x7f, 0xe0,
    0x7e, 0x3f, 0xff, 0xfd, 0x1f, 0xff, 0xd3, 0xef, 0xfb, 0xf9, 0xfe, 0xff, 0xff, 0xff, 0xff, 0xff, 0xff, 0xe0,
    0x6a, 0x3f, 0xfe, 0xfa, 0x3f, 0xff, 0xa1, 0xa7, 0xf9, 0xf9, 0xfe, 0xff, 0xff, 0xff, 0xbb, 0xff, 0xff, 0xe0,
    0x7e, 0x3f, 0xfe, 0xfe, 0x7f, 0xff, 0xd1, 0xf3, 0xfe, 0xfe, 0xfe, 0xff, 0xff, 0xff, 0xbb, 0xff, 0xff, 0xe0,
    0x6e, 0x7f, 0xfd, 0xec, 0x7f, 0xfb, 0xa0, 0xe9, 0xfe, 0x7e, 0x7e, 0xff, 0xff, 0xff, 0xbb, 0xff, 0xff, 0xe0,
    0x7e, 0x7f, 0xff, 0xfc, 0xff, 0xf7, 0x47, 0x7c, 0xff, 0x3f, 0x7e, 0xff, 0xff, 0xff, 0xff, 0xff, 0xff, 0xe0,
    0x6a, 0x7f, 0xff, 0xe8, 0xff, 0xee, 0x8f, 0xba, 0xfe, 0xbe, 0x7e, 0xff, 0xff, 0xff, 0xbb, 0xff, 0xff, 0xe0,
    0x7c, 0x7f, 0xff, 0xf9, 0xff, 0xff, 0x1f, 0x7c, 0x7f, 0x3f, 0x7e, 0xff, 0xff, 0xff, 0xbb, 0xff, 0xff, 0xe0,
    0x6c, 0x7f, 0xf7, 0xe9, 0xff, 0xfa, 0x3f, 0xfa, 0x7e, 0x3e, 0xfe, 0x1f, 0xff, 0xff, 0xbb, 0xff, 0xff, 0xe0,
    0x7c, 0xff, 0xf7, 0xf1, 0xff, 0xfe, 0x7f, 0xfd, 0x7d, 0x7c, 0xfe, 0x17, 0xff, 0xff, 0xff, 0xff, 0xff, 0xe0,
    0x28, 0xff, 0xf7, 0xa3, 0xfe, 0xe8, 0xff, 0xda, 0x3e, 0x79, 0xfe, 0x11, 0xff, 0xff, 0xbb, 0xff, 0xff, 0xe0,
    0x78, 0xff, 0xff, 0xf3, 0xfe, 0xfc, 0xff, 0xdc, 0x5e, 0xfd, 0xfe, 0x11, 0xff, 0xff, 0xbb, 0xff, 0xff, 0xe0,
    0x69, 0xff, 0xff, 0xe3, 0xfd, 0xe9, 0xff, 0xba, 0xfd, 0xfd, 0xfe, 0x11, 0x7f, 0xff, 0xbb, 0xff, 0xff, 0xe0,
    0x79, 0xff, 0xff, 0xf3, 0xff, 0xf9, 0xff, 0xfc, 0xfd, 0xfd, 0xfe, 0x11, 0x3f, 0xff, 0xff, 0xff, 0xff, 0xe0,
    0x21, 0xff, 0xef, 0xa3, 0xff, 0xe9, 0xff, 0xe9, 0xe9, 0xf9, 0xfe, 0x11, 0x3f, 0xff, 0xbb, 0xff, 0xff, 0xe0,
    0x71, 0xff, 0xef, 0xf3, 0xff, 0xf3, 0xff, 0xfb, 0xf9, 0xfb, 0xfe, 0x11, 0x1f, 0xff, 0xbf, 0xff, 0xff, 0xe0,
    0x63, 0xff, 0xef, 0xe3, 0xfb, 0xe3, 0xfd, 0xe3, 0xf9, 0xfb, 0xee, 0x11, 0x1f, 0xff, 0xbf, 0xff, 0xff, 0xe0,
    0x73, 0xff, 0xff, 0xe3, 0xfb, 0xf3, 0xfd, 0xf7, 0xfb, 0xfb, 0xfa, 0x11, 0x0f, 0xff, 0xff, 0xff, 0xff, 0xe0,
    0x23, 0xff, 0xfe, 0xa7, 0xfb, 0xa3, 0xfb, 0xa7, 0xeb, 0xf9, 0xfe, 0x11, 0x0f, 0xff, 0xbf, 0xff, 0xff, 0xe0,
    0x73, 0xff, 0xff, 0xe7, 0xff, 0xf3, 0xff, 0xe7, 0xfb, 0xfd, 0xfe, 0x11, 0x0f, 0xff, 0xbf, 0xff, 0xff, 0xe0,
    0x63, 0xff, 0xee, 0xe7, 0xff, 0xe7, 0xff, 0xef, 0xe3, 0xfe, 0xbe, 0x11, 0x0f, 0xff, 0xbf, 0xff, 0xff, 0xe0,
    0x73, 0xff, 0xef, 0xe7, 0xff, 0xe7, 0xff, 0xcf, 0xf3, 0xff, 0x7e, 0x11, 0x0f, 0xff, 0xff, 0xff, 0xff, 0xe0,
    0x21, 0xff, 0xde, 0xa7, 0xf7, 0xa7, 0xfb, 0x8f, 0xe3, 0xfe, 0x7e, 0x11, 0x07, 0xff, 0xbf, 0xff, 0xff, 0xe0,
    0x79, 0xff, 0xff, 0xc7, 0xef, 0xcf, 0xfb, 0xcf, 0xfb, 0xff, 0x7e, 0x11, 0x0f, 0xff, 0xbf, 0xff, 0xff, 0xe0,
    0x68, 0xff, 0xfe, 0xcf, 0xee, 0xcf, 0xf7, 0xcf, 0xf9, 0xfe, 0x7e, 0x11, 0x0f, 0xff, 0xbf, 0xff, 0xff, 0xe0,
    0x7c, 0xff, 0xff, 0xcf, 0xff, 0xe7, 0xff, 0xcf, 0xfd, 0xfc, 0xfe, 0x11, 0x0f, 0xff, 0xff, 0xff, 0xff, 0xe0,
    0x6a, 0x7f, 0xbe, 0x8f, 0xff, 0xa7, 0xff, 0x8f, 0xfa, 0xfc, 0xfe, 0x11, 0x0f, 0xfb, 0xff, 0xff, 0xff, 0xe0,
    0x7f, 0x3f, 0xbf, 0xcf, 0xff, 0xf3, 0xff, 0xdf, 0xfd, 0x7d, 0xfe, 0x11, 0x0f, 0xfb, 0xff, 0xff, 0xff, 0xe0,
    0x7e, 0x9f, 0xbe, 0x9f, 0xfd, 0xe9, 0xf6, 0x9f, 0xfe, 0x3d, 0xfe, 0x11, 0x1f, 0xfb, 0xff, 0xff, 0xff, 0xe0,
    0x7f, 0xcf, 0xff, 0x9f, 0xfe, 0xfc, 0xef, 0x9f, 0xff, 0x3d, 0xfe, 0x11, 0x1f, 0xff, 0xff, 0xef, 0xff, 0xe0,
    0x7e, 0xa7, 0xfa, 0x9f, 0xff, 0x7a, 0x6e, 0x9f, 0xfe, 0xb9, 0xfe, 0x11, 0x3f, 0xfb, 0xff, 0xef, 0xff, 0xe0,
    0x7f, 0xf1, 0xff, 0x9f, 0xff, 0xff, 0x9f, 0x9f, 0xff, 0x39, 0xfe, 0x11, 0x3f, 0xfb, 0xff, 0xff, 0xff, 0xe0,
    0x77, 0xa8, 0x7e, 0x9f, 0xff, 0xfe, 0x8e, 0x9f, 0xfe, 0x7b, 0xfe, 0x11, 0x7f, 0xfb, 0xff, 0xef, 0xef, 0xe0,
    0x7b, 0xdc, 0x7f, 0x9f, 0xff, 0xff, 0x47, 0x9f, 0xfc, 0xfb, 0xfe, 0x11, 0xff, 0xff, 0xff, 0xef, 0xef, 0xe0,
    0x7d, 0xea, 0x3a, 0x9f, 0xff, 0xfb, 0xa3, 0x8f, 0xf8, 0xfb, 0xfe, 0x11, 0xff, 0xfb, 0xff, 0xef, 0xdf, 0xe0,
    0x7f, 0xf5, 0x1f, 0x9f, 0xff, 0xfb, 0xd3, 0xef, 0xfd, 0xf9, 0xfe, 0x17, 0xff, 0xfb, 0xff, 0xff, 0xef, 0xe0,
    0x7f, 0xfa, 0x8e, 0x9f, 0xff, 0xfb, 0xa1, 0xe7, 0xf9, 0xfd, 0xfe, 0x1f, 0xff, 0xfb, 0xff, 0xef, 0xef, 0xe0,
    0x7f, 0xfd, 0x47, 0xcf, 0xff, 0xff, 0xd1, 0xf3, 0xf9, 0xfc, 0xfe, 0xff, 0xff, 0xff, 0xff, 0xef, 0xff, 0xe0,
    0x7f, 0xde, 0xa2, 0x8f, 0xff, 0xff, 0xa0, 0xe9, 0xf9, 0xfe, 0x7e, 0xff, 0xff, 0xfb, 0xff, 0xef, 0xff, 0xe0,
    0x7f, 0xef, 0x51, 0xc7, 0xff, 0xff, 0x47, 0xf4, 0xfb, 0xff, 0x7e, 0xff, 0xff, 0xfb, 0xff, 0xff, 0xff, 0xe0,
    0x7f, 0xef, 0xa8, 0xe7, 0xff, 0xee, 0x8f, 0xba, 0xeb, 0xfe, 0x7e, 0xff, 0xff, 0xfb, 0xff, 0xef, 0xff, 0xe0,
    0x7f, 0xff, 0xd0, 0xf3, 0xff, 0xdd, 0x9f, 0x3c, 0x7b, 0xff, 0x7e, 0xff, 0xff, 0xff, 0xff, 0xef, 0xff, 0xe0,
    0x7f, 0xff, 0xa8, 0x21, 0xff, 0xba, 0x3f, 0xda, 0x63, 0xfe, 0xfe, 0xff, 0xff, 0xfb, 0xff, 0xef, 0xff, 0xe0,
    0x7f, 0xff, 0xd0, 0x79, 0xff, 0xfe, 0x7f, 0xfd, 0x73, 0xfc, 0xfe, 0xff, 0xff, 0xfb, 0xff, 0xff, 0xff, 0xe0,
    0x7f, 0xf7, 0xa8, 0x6c, 0xff, 0xec, 0xff, 0xfa, 0x23, 0xfd, 0xfe, 0xff, 0xff, 0xfb, 0xff, 0xef, 0xff, 0xe0,
    0x7f, 0xf7, 0xd0, 0x3e, 0x7f, 0xfc, 0xff, 0xfc, 0x53, 0xfd, 0xfe, 0xff, 0xff, 0xff, 0xff, 0xff, 0xff, 0xe0,
    0x7f, 0xef, 0xa8, 0x7a, 0x3d, 0xe9, 0xff, 0xba, 0xeb, 0xf9, 0xfe, 0xff, 0xff, 0xfb, 0xff, 0xff, 0xff, 0xe0,
    0x7f, 0xff, 0x51, 0xff, 0x9d, 0xf9, 0xff, 0x74, 0xf9, 0xfd, 0xfe, 0xff, 0xff, 0xfb, 0xff, 0xff, 0xff, 0xe0,
    0x7f, 0xfe, 0xa3, 0xbe, 0x8d, 0xe9, 0xff, 0x69, 0xe8, 0xf9, 0xfe, 0xff, 0xff, 0xfb, 0xff, 0xff, 0xff, 0xe0,
    0x7f, 0xff, 0x43, 0xff, 0xc7, 0xf3, 0xff, 0xdb, 0xfc, 0x7b, 0xfe, 0xff, 0xff, 0xff, 0xff, 0xff, 0xff, 0xe0,
    0x7f, 0xbe, 0x87, 0xef, 0xa3, 0xa3, 0xff, 0xe3, 0xfe, 0x7b, 0xfe, 0xff, 0xff, 0xff, 0xff, 0xff, 0xff, 0xe0,
    0x7f, 0x7d, 0x0f, 0xf7, 0x53, 0xf3, 0xff, 0xf7, 0xff, 0x3b, 0xfe, 0xff, 0xff, 0xff, 0xff, 0xff, 0xff, 0xe0,
    0x7e, 0xfa, 0x9f, 0xf7, 0xa9, 0xe3, 0xfb, 0xe7, 0xfe, 0xb9, 0xfe, 0xff, 0xff, 0xff, 0xff, 0xff, 0xff, 0xe0,
    0x7f, 0xfd, 0x3f, 0xff, 0xd1, 0xf3, 0xfb, 0xe7, 0xff, 0x3d, 0xfe, 0xff, 0xff, 0xff, 0xff, 0xff, 0xff, 0xe0,
    0x7f, 0xea, 0x7f, 0xff, 0xe8, 0xa7, 0xfb, 0xaf, 0xfe, 0x3e, 0xfe, 0xff, 0xff, 0xff, 0xff, 0xff, 0xff, 0xe0,
    0x00, 0x00, 0x00, 0x00, 0x00, 0x00, 0x00, 0x00, 0x00, 0x00, 0x00, 0x00, 0x00, 0x00, 0x00, 0x00, 0x00, 0x00,
};

static const lv_img_dsc_t waves27 = {
    .header.cf = LV_IMG_CF_INDEXED_1BIT,
    .header.always_zero = 0,
    .header.reserved = 0,
    .header.w = 140,
    .header.h = 68,
    .data_size = 1232,
    .data = waves27_map,
};

static const LV_ATTRIBUTE_MEM_ALIGN LV_ATTRIBUTE_LARGE_CONST uint8_t waves28_map[] = {
#if CONFIG_NICE_VIEW_WIDGET_INVERTED
    0xff, 0xff, 0xff, 0xff, /*Color of index 0*/
    0x00, 0x00, 0x00, 0xff, /*Color of index 1*/
#else
    0x00, 0x00, 0x00, 0xff, /*Color of index 0*/
    0xff, 0xff, 0xff, 0xff, /*Color of index 1*/
#endif
    0x00, 0x00, 0x00, 0x00, 0x00, 0x00, 0x00, 0x00, 0x00, 0x00, 0x00, 0x00, 0x00, 0x00, 0x00, 0x00, 0x00, 0x00,
    0x7d, 0xfd, 0x3f, 0xfb, 0xd1, 0xe7, 0xff, 0xcf, 0xfe, 0xff, 0x7e, 0xff, 0xff, 0xff, 0xff, 0xff, 0xff, 0xe0,
    0x7b, 0xea, 0x7f, 0xfb, 0xe8, 0x8f, 0xff, 0x8f, 0xf9, 0xfe, 0x7e, 0xff, 0xff, 0xff, 0xfb, 0xff, 0xff, 0xe0,
    0x7f, 0xfc, 0xff, 0xff, 0xd4, 0xcf, 0xf7, 0xcf, 0xfd, 0xff, 0x7e, 0xff, 0xff, 0xff, 0xfb, 0xff, 0xff, 0xe0,
    0x7f, 0xa8, 0xff, 0xff, 0xe8, 0xef, 0xf7, 0xcf, 0xf9, 0xfe, 0xfe, 0xff, 0xff, 0xff, 0xfb, 0xff, 0xff, 0xe0,
    0x7f, 0xf1, 0xff, 0xff, 0xd4, 0x67, 0xf7, 0xcf, 0xf9, 0xfd, 0xfe, 0xff, 0xff, 0xff, 0xff, 0xff, 0xff, 0xe0,
    0x5e, 0xa3, 0xff, 0xfd, 0xe8, 0x23, 0xfe, 0x9f, 0xf9, 0xf9, 0xfe, 0xff, 0xff, 0xff, 0xfb, 0xff, 0xff, 0xe0,
    0x3f, 0xe7, 0xff, 0xfd, 0xd4, 0x79, 0xff, 0x9f, 0xfb, 0xfd, 0xfe, 0xff, 0xff, 0xff, 0xbb, 0xff, 0xff, 0xe0,
    0x3e, 0xc7, 0xff, 0xfd, 0xe8, 0x6c, 0xfe, 0x9f, 0xeb, 0xfd, 0xfe, 0xff, 0xff, 0xff, 0xbb, 0xff, 0xff, 0xe0,
    0x7f, 0xcf, 0xff, 0xff, 0xd0, 0x5e, 0x6f, 0x9f, 0xfb, 0xf9, 0xfe, 0xff, 0xff, 0xff, 0xff, 0xff, 0x7f, 0xe0,
    0x7a, 0x9f, 0xff, 0xff, 0xa9, 0xba, 0x2e, 0x9f, 0xe3, 0xfb, 0xfe, 0xff, 0xff, 0xff, 0xbb, 0xfe, 0xff, 0xe0,
    0x7f, 0x9f, 0xff, 0xff, 0xd1, 0xef, 0x4f, 0x9f, 0xf3, 0xfb, 0xfe, 0xff, 0xff, 0xff, 0xbb, 0xfd, 0xff, 0xe0,
    0x7e, 0x1f, 0xff, 0xf7, 0xa3, 0xbf, 0xa6, 0x9f, 0xe3, 0xfb, 0xfe, 0xff, 0xff, 0xff, 0xbb, 0xfe, 0xff, 0xe0,
    0x7f, 0x3f, 0xff, 0xef, 0x47, 0xff, 0xd3, 0xcf, 0xfb, 0xfb, 0xfe, 0xff, 0xff, 0xff, 0xff, 0xff, 0x7f, 0xe0,
    0x6a, 0x3f, 0xff, 0xde, 0xa7, 0xff, 0xa3, 0xaf, 0xf9, 0xf9, 0xfe, 0xff, 0xff, 0xff, 0xbb, 0xff, 0xff, 0xe0,
    0x7f, 0x3f, 0xff, 0xff, 0x4f, 0xfb, 0xd1, 0xe7, 0xfd, 0xfc, 0xfe, 0xff, 0xff, 0xff, 0xbb, 0xff, 0xff, 0xe0,
    0x6e, 0x3f, 0xff, 0xfa, 0x9f, 0xfb, 0xa1, 0xe3, 0xfa, 0xfe, 0x7e, 0xff, 0xff, 0xff, 0xbb, 0xff, 0xff, 0xe0,
    0x7e, 0x3f, 0xff, 0xfd, 0x9f, 0xfb, 0xd0, 0xf9, 0xfd, 0x7f, 0x7e, 0xff, 0xff, 0xff, 0xff, 0xff, 0xff, 0xe0,
    0x6a, 0x3f, 0xff, 0x7a, 0x3f, 0xff, 0xa7, 0x78, 0xfe, 0x3e, 0x7e, 0xff, 0xff, 0xff, 0xbb, 0xff, 0xff, 0xe0,
    0x7e, 0x3f, 0xfe, 0xfe, 0x7f, 0xff, 0x4f, 0xf4, 0xff, 0x3f, 0x7e, 0xff, 0xff, 0xff, 0xbb, 0xff, 0xff, 0xe0,
    0x6e, 0x7f, 0xfd, 0xee, 0x7f, 0xfe, 0x9f, 0xfa, 0x7e, 0xbe, 0x7e, 0x1f, 0xff, 0xff, 0xbb, 0xff, 0xff, 0xe0,
    0x7e, 0x7f, 0xff, 0xfc, 0xff, 0xbd, 0x3e, 0xdd, 0x7f, 0x3c, 0xfe, 0x17, 0xff, 0xff, 0xff, 0xff, 0xff, 0xe0,
    0x6a, 0x7f, 0xff, 0xe8, 0xff, 0x7a, 0x7f, 0xda, 0x7e, 0x79, 0xfe, 0x11, 0xff, 0xff, 0xbb, 0xff, 0xff, 0xe0,
    0x7c, 0x7f, 0xff, 0xf9, 0xfe, 0xfc, 0xff, 0xdd, 0x3e, 0xfd, 0xfe, 0x11, 0xff, 0xff, 0xbb, 0xff, 0xff, 0xe0,
    0x6c, 0x7f, 0xfb, 0xe9, 0xff, 0xec, 0xff, 0xfa, 0x78, 0xfd, 0xfe, 0x11, 0x7f, 0xff, 0xbb, 0xff, 0xff, 0xe0,
    0x7c, 0xff, 0xf7, 0xf1, 0xff, 0xf9, 0xff, 0xfc, 0x6d, 0xfd, 0xfe, 0x11, 0x3f, 0xff, 0xff, 0xff, 0xff, 0xe0,
    0x28, 0xff, 0xf7, 0xa3, 0xff, 0xe9, 0xff, 0xf8, 0xf9, 0xf8, 0xfe, 0x11, 0x3f, 0xff, 0xbb, 0xff, 0xff, 0xe0,
    0x78, 0xff, 0xff, 0xf3, 0xfd, 0xf9, 0xff, 0x75, 0xf9, 0xfb, 0xfe, 0x11, 0x1f, 0xff, 0xbf, 0xff, 0xff, 0xe0,
    0x68, 0xff, 0xff, 0xe3, 0xfb, 0xe3, 0xfe, 0xe9, 0xd9, 0xfb, 0xfe, 0x11, 0x1f, 0xff, 0xbf, 0xff, 0xff, 0xe0,
    0x79, 0xff, 0xff, 0xf3, 0xfb, 0xf3, 0xfd, 0xf3, 0xfb, 0xfb, 0xfe, 0x11, 0x0f, 0xff, 0xff, 0xff, 0xff, 0xe0,
    0x21, 0xff, 0xef, 0xa3, 0xff, 0xa3, 0xff, 0xa7, 0xeb, 0xfb, 0xfe, 0x11, 0x0f, 0xff, 0xbf, 0xff, 0xff, 0xe0,
    0x71, 0xff, 0xef, 0xf3, 0xff, 0xf3, 0xff, 0xe7, 0xfb, 0xfd, 0xfe, 0x11, 0x0f, 0xff, 0xbf, 0xff, 0xff, 0xe0,
    0x63, 0xff, 0xef, 0xe3, 0xff, 0xe3, 0xff, 0xe7, 0xe3, 0xfc, 0xfe, 0x11, 0x0f, 0xff, 0xbf, 0xff, 0xff, 0xe0,
    0x73, 0xff, 0xff, 0xe3, 0xf7, 0xe7, 0xfb, 0xef, 0xf3, 0xfe, 0x7e, 0x11, 0x0f, 0xff, 0xff, 0xff, 0xff, 0xe0,
    0x23, 0xff, 0xfe, 0xa7, 0xf7, 0xa7, 0xfb, 0xaf, 0xe3, 0xfe, 0x7e, 0x11, 0x07, 0xff, 0xbf, 0xff, 0xff, 0xe0,
    0x73, 0xff, 0xff, 0xe7, 0xf7, 0xe7, 0xfb, 0xcf, 0xf3, 0xff, 0x6a, 0x11, 0x0f, 0xff, 0xbf, 0xff, 0xff, 0xe0,
    0x63, 0xff, 0xee, 0xe7, 0xfe, 0xcf, 0xff, 0xcf, 0xeb, 0xfe, 0x3e, 0x11, 0x0f, 0xff, 0xbf, 0xff, 0xff, 0xe0,
    0x73, 0xff, 0xef, 0xe7, 0xff, 0xcf, 0xff, 0xcf, 0xf9, 0xff, 0x7e, 0x11, 0x0f, 0xff, 0xff, 0xff, 0xff, 0xe0,
    0x21, 0xff, 0xde, 0xa7, 0xfe, 0xaf, 0xff, 0x8f, 0xf8, 0xfe, 0xfe, 0x11, 0x0f, 0xfb, 0xff, 0xff, 0xff, 0xe0,
    0x79, 0xff, 0xff, 0xe7, 0xf7, 0xe7, 0xf7, 0xcf, 0xfe, 0x7d, 0xfe, 0x11, 0x0f, 0xfb, 0xff, 0xff, 0xff, 0xe0,
    0x68, 0xff, 0xfe, 0xcf, 0xfb, 0xe3, 0xf6, 0xdf, 0xfe, 0x7d, 0xfe, 0x11, 0x1f, 0xfb, 0xff, 0xff, 0xff, 0xe0,
    0x7c, 0xff, 0xff, 0xcf, 0xfd, 0xf9, 0xf7, 0x9f, 0xff, 0x3d, 0xfe, 0x11, 0x1f, 0xff, 0xff, 0xef, 0xff, 0xe0,
    0x6a, 0x7f, 0xde, 0x8f, 0xff, 0xe8, 0xfe, 0x9f, 0xfe, 0xb9, 0xfe, 0x11, 0x3f, 0xfb, 0xff, 0xef, 0xff, 0xe0,
    0x7e, 0x3f, 0xbf, 0xcf, 0xff, 0xfe, 0x7f, 0x9f, 0xff, 0x39, 0xfe, 0x11, 0x3f, 0xfb, 0xff, 0xff, 0xff, 0xe0,
    0x7e, 0x1f, 0xbe, 0x8f, 0xff, 0xfa, 0x3e, 0x9f, 0xfe, 0x3b, 0xfe, 0x11, 0x7f, 0xfb, 0xff, 0xef, 0xff, 0xe0,
    0x7f, 0xcf, 0xff, 0x9f, 0xff, 0xef, 0xcf, 0x9f, 0xfc, 0x7b, 0xfe, 0x11, 0xff, 0xff, 0xff, 0xef, 0xef, 0xe0,
    0x7e, 0xa7, 0xfa, 0x9f, 0xff, 0xf7, 0xa6, 0x9f, 0xfa, 0xfb, 0xfe, 0x11, 0xff, 0xfb, 0xff, 0xef, 0xef, 0xe0,
    0x7f, 0xf3, 0xff, 0x9f, 0xff, 0xfb, 0xd3, 0xcf, 0xfc, 0xfb, 0xfe, 0x17, 0xff, 0xfb, 0xff, 0xff, 0xdf, 0xe0,
    0x6f, 0xa9, 0x7e, 0x9f, 0xff, 0xff, 0xa3, 0xef, 0xfd, 0xfd, 0xfe, 0x1f, 0xff, 0xfb, 0xff, 0xef, 0xef, 0xe0,
    0x7b, 0xdc, 0x7f, 0x9f, 0xff, 0xff, 0xd1, 0xe7, 0xf9, 0xfc, 0xfe, 0xff, 0xff, 0xff, 0xff, 0xef, 0xef, 0xe0,
    0x7d, 0xea, 0x3a, 0x9f, 0xff, 0xff, 0xa1, 0xe3, 0xf9, 0xfe, 0x7e, 0xff, 0xff, 0xfb, 0xff, 0xef, 0xff, 0xe0,
    0x7f, 0xf5, 0x1f, 0x9f, 0xff, 0xfb, 0xd0, 0xf9, 0xf9, 0xff, 0x7e, 0xff, 0xff, 0xfb, 0xff, 0xff, 0xff, 0xe0,
    0x7f, 0xfa, 0x8e, 0x9f, 0xff, 0xf7, 0xa7, 0x78, 0xeb, 0xfe, 0x7e, 0xff, 0xff, 0xfb, 0xff, 0xef, 0xff, 0xe0,
    0x7f, 0xfd, 0x47, 0x8f, 0xff, 0xef, 0xcf, 0xb4, 0xfb, 0xff, 0x7e, 0xff, 0xff, 0xff, 0xff, 0xef, 0xff, 0xe0,
    0x7f, 0xde, 0xa2, 0x8f, 0xff, 0xfe, 0x9f, 0xfa, 0x6b, 0xfe, 0x7e, 0xff, 0xff, 0xfb, 0xff, 0xef, 0xff, 0xe0,
    0x7f, 0xef, 0x51, 0xc7, 0xff, 0xff, 0x3e, 0xfd, 0x73, 0xfe, 0xfe, 0xff, 0xff, 0xfb, 0xff, 0xff, 0xff, 0xe0,
    0x7f, 0xef, 0xa8, 0xe7, 0xff, 0xfa, 0x7f, 0xfa, 0x63, 0xfd, 0xfe, 0xff, 0xff, 0xfb, 0xff, 0xef, 0xff, 0xe0,
    0x7f, 0xff, 0xd0, 0xf3, 0xfe, 0xfc, 0xff, 0xdd, 0x33, 0xfd, 0xfe, 0xff, 0xff, 0xff, 0xff, 0xff, 0xff, 0xe0,
    0x7f, 0xff, 0xa8, 0x23, 0xfe, 0xe8, 0xff, 0xda, 0x63, 0xf9, 0xfe, 0xff, 0xff, 0xfb, 0xff, 0xff, 0xff, 0xe0,
    0x7f, 0xff, 0xd0, 0x79, 0xfd, 0xf9, 0xff, 0xbc, 0x6b, 0xfd, 0xfe, 0xff, 0xff, 0xfb, 0xff, 0xff, 0xff, 0xe0,
    0x7f, 0xf7, 0xa8, 0x6c, 0xff, 0xe9, 0xff, 0xf8, 0xfd, 0xf9, 0xfe, 0xff, 0xff, 0xfb, 0xff, 0xff, 0xff, 0xe0,
    0x7f, 0xf7, 0xd0, 0x7e, 0x7f, 0xf9, 0xff, 0xfd, 0xfe, 0xfb, 0xfe, 0xff, 0xff, 0xff, 0xff, 0xff, 0xff, 0xe0,
    0x7f, 0xef, 0xa8, 0x7a, 0x3f, 0xa3, 0xff, 0xe9, 0xde, 0x7b, 0xfe, 0xff, 0xff, 0xff, 0xff, 0xff, 0xff, 0xe0,
    0x7f, 0xff, 0x50, 0x3f, 0x9b, 0xf3, 0xfd, 0xf3, 0xff, 0x3b, 0xfe, 0xff, 0xff, 0xff, 0xff, 0xff, 0xff, 0xe0,
    0x7f, 0xfe, 0xa3, 0xfe, 0x8b, 0xe3, 0xfd, 0xe7, 0xfe, 0xbb, 0xfe, 0xff, 0xff, 0xff, 0xff, 0xff, 0xff, 0xe0,
    0x7f, 0xff, 0x43, 0xff, 0xc3, 0xf3, 0xfb, 0xe7, 0xff, 0x3d, 0xfe, 0xff, 0xff, 0xff, 0xff, 0xff, 0xff, 0xe0,
    0x7f, 0xbe, 0x87, 0xae, 0xa7, 0xa3, 0xff, 0xa7, 0xfe, 0x3c, 0xfe, 0xff, 0xff, 0xff, 0xff, 0xff, 0xff, 0xe0,
    0x00, 0x00, 0x00, 0x00, 0x00, 0x00, 0x00, 0x00, 0x00, 0x00, 0x00, 0x00, 0x00, 0x00, 0x00, 0x00, 0x00, 0x00,
};

static const lv_img_dsc_t waves28 = {
    .header.cf = LV_IMG_CF_INDEXED_1BIT,
    .header.always_zero = 0,
    .header.reserved = 0,
    .header.w = 140,
    .header.h = 68,
    .data_size = 1232,
    .data = waves28_map,
};

static const LV_ATTRIBUTE_MEM_ALIGN LV_ATTRIBUTE_LARGE_CONST uint8_t waves29_map[] = {
#if CONFIG_NICE_VIEW_WIDGET_INVERTED
    0xff, 0xff, 0xff, 0xff, /*Color of index 0*/
    0x00, 0x00, 0x00, 0xff, /*Color of index 1*/
#else
    0x00, 0x00, 0x00, 0xff, /*Color of index 0*/
    0xff, 0xff, 0xff, 0xff, /*Color of index 1*/
#endif
    0x00, 0x00, 0x00, 0x00, 0x00, 0x00, 0x00, 0x00, 0x00, 0x00, 0x00, 0x00, 0x00, 0x00, 0x00, 0x00, 0x00, 0x00,
    0x7f, 0xff, 0x43, 0xfd, 0xcf, 0xe7, 0xff, 0xef, 0xfc, 0xff, 0x7e, 0xff, 0xff, 0xff, 0xff, 0xff, 0xff, 0xe0,
    0x7f, 0xfe, 0xa7, 0xfe, 0xa7, 0xa7, 0xfb, 0x8f, 0xf8, 0xfe, 0x7e, 0xff, 0xff, 0xff, 0xfb, 0xff, 0xff, 0xe0,
    0x7f, 0xfd, 0x4f, 0xff, 0x53, 0xcf, 0xfb, 0xcf, 0xfd, 0xff, 0x7e, 0xff, 0xff, 0xff, 0xfb, 0xff, 0xff, 0xe0,
    0x7e, 0xfa, 0x9f, 0xf7, 0xa0, 0xcf, 0xf7, 0xcf, 0xf9, 0xfe, 0xfe, 0xff, 0xff, 0xff, 0xfb, 0xff, 0xff, 0xe0,
    0x7d, 0xfd, 0x3f, 0xfb, 0xd1, 0xef, 0xff, 0xcf, 0xf9, 0xfe, 0xfe, 0xff, 0xff, 0xff, 0xff, 0xff, 0xff, 0xe0,
    0x7d, 0xea, 0x3f, 0xfb, 0xe8, 0xa7, 0xff, 0x8f, 0xf9, 0xf9, 0xfe, 0xff, 0xff, 0xff, 0xfb, 0xff, 0xff, 0xe0,
    0x7f, 0xfc, 0x7f, 0xff, 0xd4, 0xf3, 0xff, 0xdf, 0xfb, 0xfd, 0xfe, 0xff, 0xff, 0xff, 0xfb, 0xff, 0xff, 0xe0,
    0x7f, 0xa8, 0xff, 0xff, 0xe8, 0xe9, 0xf6, 0x9f, 0xeb, 0xfd, 0xfe, 0xff, 0xff, 0xff, 0xbb, 0xff, 0xff, 0xe0,
    0x7f, 0xf1, 0xff, 0xff, 0xd4, 0x7c, 0xef, 0x9f, 0xfb, 0xfd, 0xfe, 0xff, 0xff, 0xff, 0xff, 0xff, 0x7f, 0xe0,
    0x5e, 0xa3, 0xff, 0xfd, 0xe8, 0x7a, 0x6e, 0x9f, 0xe3, 0xf9, 0xfe, 0xff, 0xff, 0xff, 0xbb, 0xfe, 0xff, 0xe0,
    0x3f, 0xe7, 0xff, 0xfd, 0xd4, 0x3f, 0x3f, 0x9f, 0xf3, 0xfb, 0xfe, 0xff, 0xff, 0xff, 0xbb, 0xfd, 0xff, 0xe0,
    0x3e, 0xc7, 0xff, 0xfd, 0xe8, 0x7e, 0x8e, 0x9f, 0xe3, 0xfb, 0xfe, 0xff, 0xff, 0xff, 0xbb, 0xfe, 0xff, 0xe0,
    0x7f, 0xcf, 0xff, 0xff, 0xd4, 0xff, 0x47, 0x9f, 0xf3, 0xfb, 0xfe, 0xff, 0xff, 0xff, 0xff, 0xff, 0x7f, 0xe0,
    0x7a, 0x8f, 0xff, 0xff, 0xa9, 0xdb, 0xa3, 0x8f, 0xeb, 0xfb, 0xfe, 0xff, 0xff, 0xff, 0xbb, 0xff, 0xff, 0xe0,
    0x7f, 0x9f, 0xff, 0xff, 0xd1, 0xfb, 0xd3, 0xcf, 0xf9, 0xfd, 0xfe, 0xff, 0xff, 0xff, 0xbb, 0xff, 0xff, 0xe0,
    0x7e, 0x1f, 0xff, 0xf7, 0xa3, 0xfb, 0xa1, 0xe7, 0xfc, 0xfe, 0xfe, 0xff, 0xff, 0xff, 0xbb, 0xff, 0xff, 0xe0,
    0x7f, 0x1f, 0xff, 0xef, 0x43, 0xff, 0xd1, 0xf3, 0xfc, 0x7f, 0x7e, 0xff, 0xff, 0xff, 0xff, 0xff, 0xff, 0xe0,
    0x6a, 0x3f, 0xff, 0xde, 0xa7, 0xff, 0xa0, 0xe9, 0xfe, 0x7e, 0x7e, 0xff, 0xff, 0xff, 0xbb, 0xff, 0xff, 0xe0,
    0x7f, 0x3f, 0xff, 0xff, 0x4f, 0xff, 0x47, 0xf4, 0xff, 0x3f, 0x7e, 0xff, 0xff, 0xff, 0xbb, 0xff, 0xff, 0xe0,
    0x6e, 0x3f, 0xff, 0xfe, 0x8f, 0xee, 0x8f, 0xba, 0xfe, 0xbe, 0x7e, 0x1f, 0xff, 0xff, 0xbb, 0xff, 0xff, 0xe0,
    0x7e, 0x3f, 0xff, 0xfd, 0x9f, 0xdd, 0x9f, 0x3c, 0x7f, 0x3c, 0xfe, 0x17, 0xff, 0xff, 0xff, 0xff, 0xff, 0xe0,
    0x6a, 0x3f, 0xff, 0x7a, 0x3f, 0xba, 0x3f, 0xda, 0x7e, 0x3e, 0xfe, 0x11, 0xff, 0xff, 0xbb, 0xff, 0xff, 0xe0,
    0x7e, 0x3f, 0xfe, 0xfe, 0x3f, 0xfe, 0x7f, 0xfd, 0x7c, 0x7d, 0xfe, 0x11, 0xff, 0xff, 0xbb, 0xff, 0xff, 0xe0,
    0x6e, 0x7f, 0xfd, 0xee, 0x7f, 0xec, 0xff, 0xfa, 0x3a, 0xfd, 0xfe, 0x11, 0x7f, 0xff, 0xbb, 0xff, 0xff, 0xe0,
    0x7e, 0x7f, 0xff, 0xfc, 0xff, 0xfc, 0xff, 0xfc, 0x5c, 0xfd, 0xfe, 0x11, 0x3f, 0xff, 0xff, 0xff, 0xff, 0xe0,
    0x6a, 0x7f, 0xff, 0xe8, 0xfd, 0xe9, 0xff, 0xba, 0x79, 0xf9, 0xfe, 0x11, 0x3f, 0xff, 0xbb, 0xff, 0xff, 0xe0,
    0x7e, 0x7f, 0xff, 0xf9, 0xfd, 0xf9, 0xff, 0x74, 0xf9, 0xf9, 0xfe, 0x11, 0x1f, 0xff, 0xbb, 0xff, 0xff, 0xe0,
    0x6c, 0x7f, 0xfb, 0xe9, 0xfd, 0xe9, 0xff, 0x69, 0xe9, 0xfb, 0xfe, 0x11, 0x1f, 0xff, 0xbf, 0xff, 0xff, 0xe0,
    0x7c, 0xff, 0xf7, 0xf9, 0xff, 0xf3, 0xff, 0xf9, 0xf9, 0xfb, 0xfe, 0x11, 0x0f, 0xff, 0xff, 0xff, 0xff, 0xe0,
    0x28, 0xff, 0xf7, 0xa3, 0xff, 0xa3, 0xff, 0xe3, 0xeb, 0xfa, 0xbe, 0x11, 0x0f, 0xff, 0xbf, 0xff, 0xff, 0xe0,
    0x78, 0xff, 0xff, 0xf3, 0xff, 0xf3, 0xff, 0xf7, 0xfb, 0xfb, 0xee, 0x11, 0x0f, 0xff, 0xbf, 0xff, 0xff, 0xe0,
    0x68, 0xff, 0xff, 0xe3, 0xfb, 0xe3, 0xfb, 0xe7, 0xeb, 0xfd, 0xfe, 0x11, 0x0f, 0xff, 0xbf, 0xff, 0xff, 0xe0,
    0x79, 0xff, 0xff, 0xf3, 0xfb, 0xf3, 0xfb, 0xe7, 0xf3, 0xfc, 0xfe, 0x11, 0x0f, 0xff, 0xff, 0xff, 0xff, 0xe0,
    0x21, 0xff, 0xef, 0xa3, 0xf7, 0xa7, 0xfb, 0xaf, 0xe3, 0xfe, 0x7e, 0x11, 0x07, 0xff, 0xbf, 0xff, 0xff, 0xe0,
    0x71, 0xff, 0xef, 0xf3, 0xff, 0xe7, 0xff, 0xef, 0xf3, 0xff, 0x7e, 0x11, 0x0f, 0xff, 0xbf, 0xff, 0xff, 0xe0,
    0x63, 0xff, 0xef, 0xe3, 0xff, 0xe7, 0xff, 0xcf, 0xe3, 0xfe, 0x7e, 0x11, 0x0f, 0xff, 0xbf, 0xff, 0xff, 0xe0,
    0x73, 0xff, 0xff, 0xe3, 0xff, 0xcf, 0xff, 0xcf, 0xfb, 0xff, 0x7a, 0x11, 0x0f, 0xff, 0xff, 0xff, 0xff, 0xe0,
    0x23, 0xff, 0xfe, 0xa7, 0xee, 0x8f, 0xf7, 0x8f, 0xf9, 0xfe, 0xfe, 0x11, 0x0f, 0xfb, 0xff, 0xff, 0xff, 0xe0,
    0x73, 0xff, 0xff, 0xe7, 0xef, 0xef, 0xf7, 0xcf, 0xfe, 0xfe, 0xfe, 0x11, 0x0f, 0xfb, 0xff, 0xff, 0xff, 0xe0,
    0x63, 0xff, 0xee, 0xe7, 0xf7, 0xe7, 0xf7, 0xcf, 0xfe, 0x7d, 0xfe, 0x11, 0x1f, 0xfb, 0xff, 0xff, 0xff, 0xe0,
    0x73, 0xff, 0xef, 0xe7, 0xff, 0xf3, 0xff, 0xdf, 0xff, 0x3d, 0xfe, 0x11, 0x1f, 0xff, 0xff, 0xff, 0xff, 0xe0,
    0x21, 0xff, 0xde, 0xa7, 0xff, 0xe9, 0xfe, 0x9f, 0xfe, 0xb9, 0xfe, 0x11, 0x3f, 0xfb, 0xff, 0xef, 0xff, 0xe0,
    0x71, 0xff, 0xff, 0xe7, 0xff, 0xfc, 0xff, 0x9f, 0xff, 0x3d, 0xfe, 0x11, 0x3f, 0xfb, 0xff, 0xff, 0xff, 0xe0,
    0x69, 0xff, 0xfe, 0xc7, 0xff, 0x7a, 0x6e, 0x9f, 0xfe, 0x39, 0xfe, 0x11, 0x7f, 0xfb, 0xff, 0xef, 0xff, 0xe0,
    0x7c, 0xff, 0xff, 0xcf, 0xff, 0xbd, 0x2f, 0x9f, 0xfd, 0x7b, 0xfe, 0x11, 0xff, 0xff, 0xff, 0xef, 0xff, 0xe0,
    0x68, 0x7f, 0xde, 0x8f, 0xff, 0xee, 0x8e, 0x9f, 0xfe, 0x7b, 0xfe, 0x11, 0xff, 0xfb, 0xff, 0xef, 0xef, 0xe0,
    0x7e, 0x3f, 0xbf, 0xcf, 0xff, 0xff, 0x47, 0x9f, 0xfe, 0xfb, 0xfe, 0x17, 0xff, 0xfb, 0xff, 0xff, 0xef, 0xe0,
    0x7e, 0x1f, 0xbe, 0x8f, 0xff, 0xff, 0xa3, 0xcf, 0xfd, 0xfb, 0xfe, 0x1f, 0xff, 0xfb, 0xff, 0xef, 0xdf, 0xe0,
    0x7f, 0x8f, 0xff, 0x9f, 0xff, 0xff, 0xd3, 0xcf, 0xfd, 0xfd, 0xfe, 0xff, 0xff, 0xff, 0xff, 0xef, 0xef, 0xe0,
    0x7e, 0x87, 0xfa, 0x9f, 0xff, 0xfb, 0xa1, 0xa7, 0xf9, 0xfe, 0xfe, 0xff, 0xff, 0xfb, 0xff, 0xef, 0xef, 0xe0,
    0x7f, 0xf3, 0xff, 0x9f, 0xff, 0xfb, 0xd1, 0xf3, 0xf9, 0xff, 0x7e, 0xff, 0xff, 0xfb, 0xff, 0xff, 0xff, 0xe0,
    0x6f, 0xa9, 0x7e, 0x9f, 0xff, 0xfb, 0xa0, 0xe9, 0xf9, 0xfe, 0x7e, 0xff, 0xff, 0xfb, 0xff, 0xef, 0xff, 0xe0,
    0x77, 0xdc, 0x7f, 0x9f, 0xff, 0xff, 0x47, 0xfc, 0xfb, 0xff, 0x7e, 0xff, 0xff, 0xff, 0xff, 0xef, 0xff, 0xe0,
    0x7d, 0xea, 0x3a, 0x9f, 0xff, 0xfe, 0x8f, 0xfa, 0xeb, 0xfe, 0x7e, 0xff, 0xff, 0xfb, 0xff, 0xef, 0xff, 0xe0,
    0x7f, 0xf5, 0x1f, 0x9f, 0xff, 0xff, 0x1f, 0x7c, 0x7b, 0xfe, 0xfe, 0xff, 0xff, 0xfb, 0xff, 0xff, 0xff, 0xe0,
    0x7f, 0xfa, 0x8e, 0x9f, 0xff, 0xba, 0x3f, 0xda, 0x63, 0xfe, 0xfe, 0xff, 0xff, 0xfb, 0xff, 0xef, 0xff, 0xe0,
    0x7f, 0xfd, 0x47, 0x8f, 0xff, 0x7e, 0x7f, 0xdd, 0x73, 0xfd, 0xfe, 0xff, 0xff, 0xff, 0xff, 0xef, 0xff, 0xe0,
    0x7f, 0xde, 0xa2, 0x8f, 0xfe, 0xe8, 0xff, 0xda, 0x23, 0xf9, 0xfe, 0xff, 0xff, 0xfb, 0xff, 0xff, 0xff, 0xe0,
    0x7f, 0xdf, 0x53, 0xcf, 0xff, 0xfc, 0xff, 0xfc, 0x5b, 0xfd, 0xfe, 0xff, 0xff, 0xfb, 0xff, 0xff, 0xff, 0xe0,
    0x7f, 0xef, 0xa8, 0xe7, 0xff, 0xe9, 0xff, 0xfa, 0x79, 0xfd, 0xfe, 0xff, 0xff, 0xfb, 0xff, 0xff, 0xff, 0xe0,
    0x7f, 0xff, 0xd0, 0xe3, 0xff, 0xf9, 0xff, 0xfc, 0xfd, 0xf9, 0xfe, 0xff, 0xff, 0xff, 0xff, 0xff, 0xff, 0xe0,
    0x7f, 0xff, 0xa8, 0x23, 0xfd, 0xe9, 0xff, 0x69, 0xea, 0xfb, 0xfe, 0xff, 0xff, 0xff, 0xff, 0xff, 0xff, 0xe0,
    0x7f, 0xff, 0xd0, 0x79, 0xfb, 0xf3, 0xfe, 0xf9, 0xfd, 0x7b, 0xfe, 0xff, 0xff, 0xff, 0xff, 0xff, 0xff, 0xe0,
    0x7f, 0xf7, 0xa8, 0x6c, 0xfb, 0xe3, 0xfd, 0xe3, 0xfe, 0x3b, 0xfe, 0xff, 0xff, 0xff, 0xff, 0xff, 0xff, 0xe0,
    0x7f, 0xf7, 0xd0, 0x3e, 0x7f, 0xf3, 0xff, 0xf7, 0xff, 0x3b, 0xfe, 0xff, 0xff, 0xff, 0xff, 0xff, 0xff, 0xe0,
    0x7f, 0xf7, 0xa8, 0x7a, 0x3f, 0xa3, 0xff, 0xa7, 0xfe, 0xb9, 0xfe, 0xff, 0xff, 0xff, 0xff, 0xff, 0xff, 0xe0,
    0x00, 0x00, 0x00, 0x00, 0x00, 0x00, 0x00, 0x00, 0x00, 0x00, 0x00, 0x00, 0x00, 0x00, 0x00, 0x00, 0x00, 0x00,
};

static const lv_img_dsc_t waves29 = {
    .header.cf = LV_IMG_CF_INDEXED_1BIT,
    .header.always_zero = 0,
    .header.reserved = 0,
    .header.w = 140,
    .header.h = 68,
    .data_size = 1232,
    .data = waves29_map,
};

static const LV_ATTRIBUTE_MEM_ALIGN LV_ATTRIBUTE_LARGE_CONST uint8_t waves30_map[] = {
#if CONFIG_NICE_VIEW_WIDGET_INVERTED
    0xff, 0xff, 0xff, 0xff, /*Color of index 0*/
    0x00, 0x00, 0x00, 0xff, /*Color of index 1*/
#else
    0x00, 0x00, 0x00, 0xff, /*Color of index 0*/
    0xff, 0xff, 0xff, 0xff, /*Color of index 1*/
#endif
    0x00, 0x00, 0x00, 0x00, 0x00, 0x00, 0x00, 0x00, 0x00, 0x00, 0x00, 0x00, 0x00, 0x00, 0x00, 0x00, 0x00, 0x00,
    0x7f, 0xff, 0xd0, 0x7c, 0x77, 0xe7, 0xfb, 0xef, 0xfd, 0x7f, 0x7e, 0xff, 0xff, 0xff, 0xff, 0xff, 0xff, 0xe0,
    0x7f, 0xf7, 0xa8, 0x6a, 0x77, 0xa7, 0xfb, 0xaf, 0xfa, 0xfe, 0x7e, 0xff, 0xff, 0xff, 0xfb, 0xff, 0xff, 0xe0,
    0x7f, 0xef, 0x50, 0x3f, 0x37, 0xe7, 0xfb, 0xcf, 0xfc, 0xff, 0x7e, 0xff, 0xff, 0xff, 0xfb, 0xff, 0xff, 0xe0,
    0x7f, 0xef, 0xa1, 0xba, 0x9e, 0xcf, 0xff, 0xcf, 0xfd, 0xfe, 0x7e, 0xff, 0xff, 0xff, 0xfb, 0xff, 0xff, 0xe0,
    0x7f, 0xff, 0x53, 0xfd, 0xcf, 0xcf, 0xff, 0xcf, 0xf9, 0xfc, 0xfe, 0xff, 0xff, 0xff, 0xff, 0xff, 0xff, 0xe0,
    0x7f, 0xfe, 0xa7, 0xbe, 0xa6, 0x8f, 0xff, 0x8f, 0xf9, 0xf9, 0xfe, 0xff, 0xff, 0xff, 0xfb, 0xff, 0xff, 0xe0,
    0x7f, 0xfd, 0x47, 0xff, 0x53, 0xe7, 0xf7, 0xcf, 0xf9, 0xfd, 0xfe, 0xff, 0xff, 0xff, 0xfb, 0xff, 0xff, 0xe0,
    0x7f, 0x7a, 0x8f, 0xf7, 0xa3, 0xe3, 0xf6, 0xdf, 0xeb, 0xfd, 0xfe, 0xff, 0xff, 0xff, 0xbb, 0xff, 0xff, 0xe0,
    0x7e, 0xfd, 0x1f, 0xfb, 0xd1, 0xfb, 0xf7, 0x9f, 0xfb, 0xfd, 0xfe, 0xff, 0xff, 0xff, 0xff, 0xff, 0xff, 0xe0,
    0x7d, 0xea, 0x3f, 0xfb, 0xe8, 0xe8, 0xfe, 0x9f, 0xeb, 0xf9, 0xfe, 0xff, 0xff, 0xff, 0xbb, 0xfe, 0xff, 0xe0,
    0x7f, 0xfc, 0x7f, 0xff, 0xd4, 0xfe, 0x7f, 0x9f, 0xf3, 0xfb, 0xfe, 0xff, 0xff, 0xff, 0xbb, 0xfe, 0xff, 0xe0,
    0x7f, 0xa8, 0xff, 0xff, 0xe8, 0xfa, 0x3e, 0x9f, 0xe3, 0xfb, 0xfe, 0xff, 0xff, 0xff, 0xbb, 0xfd, 0xff, 0xe0,
    0x7f, 0xf9, 0xff, 0xff, 0xd4, 0x6f, 0xcf, 0x9f, 0xf3, 0xfb, 0xfe, 0xff, 0xff, 0xff, 0xff, 0xfe, 0xff, 0xe0,
    0x5e, 0xa3, 0xff, 0xfd, 0xe8, 0x77, 0xa6, 0x9f, 0xe3, 0xfb, 0xfe, 0xff, 0xff, 0xff, 0xbb, 0xfe, 0xff, 0xe0,
    0x5f, 0xe3, 0xff, 0xfd, 0xd4, 0x7b, 0xd3, 0xcf, 0xfb, 0xfd, 0xfe, 0xff, 0xff, 0xff, 0xbb, 0xff, 0xff, 0xe0,
    0x3e, 0xc7, 0xff, 0xfd, 0xe8, 0x7f, 0xa3, 0xcf, 0xfd, 0xfc, 0xfe, 0xff, 0xff, 0xff, 0xbb, 0xff, 0xff, 0xe0,
    0x7f, 0xcf, 0xff, 0xff, 0xd4, 0x5f, 0xd1, 0xe7, 0xfc, 0xfc, 0xfe, 0xff, 0xff, 0xff, 0xff, 0xff, 0xff, 0xe0,
    0x7a, 0x8f, 0xff, 0xff, 0xa9, 0xff, 0xa1, 0xe3, 0xfe, 0x7e, 0x7e, 0xff, 0xff, 0xff, 0xbb, 0xff, 0xff, 0xe0,
    0x7f, 0x9f, 0xff, 0xff, 0xd1, 0xfb, 0xd0, 0xf9, 0xff, 0x3f, 0x7e, 0xff, 0xff, 0xff, 0xbb, 0xff, 0xff, 0xe0,
    0x7e, 0x1f, 0xff, 0xf7, 0xa3, 0xb7, 0xa7, 0x78, 0xfe, 0xbe, 0x7e, 0x1f, 0xff, 0xff, 0xbb, 0xff, 0xff, 0xe0,
    0x7f, 0x1f, 0xff, 0xef, 0x53, 0xef, 0x4f, 0xb4, 0xff, 0x3f, 0x7e, 0x17, 0xff, 0xff, 0xff, 0xff, 0xff, 0xe0,
    0x6a, 0x3f, 0xff, 0xee, 0xa7, 0xfe, 0x9f, 0xfa, 0x7e, 0x3e, 0xfe, 0x11, 0xff, 0xff, 0xbb, 0xff, 0xff, 0xe0,
    0x7f, 0x3f, 0xff, 0xfd, 0x4f, 0xff, 0x3e, 0xfd, 0x7d, 0x7d, 0xfe, 0x11, 0xff, 0xff, 0xbb, 0xff, 0xff, 0xe0,
    0x6e, 0x3f, 0xff, 0xfe, 0x8f, 0xfa, 0x7f, 0xfa, 0x7e, 0x7d, 0xfe, 0x11, 0x7f, 0xff, 0xbb, 0xff, 0xff, 0xe0,
    0x7e, 0x3f, 0xff, 0xfd, 0x9e, 0xfc, 0xff, 0xdd, 0x3e, 0xfd, 0xfe, 0x11, 0x3f, 0xff, 0xff, 0xff, 0xff, 0xe0,
    0x6a, 0x3f, 0xff, 0x7a, 0x3e, 0xe8, 0xff, 0xda, 0x79, 0xf9, 0xfe, 0x11, 0x3f, 0xff, 0xbb, 0xff, 0xff, 0xe0,
    0x7e, 0x3f, 0xfe, 0xff, 0x3d, 0xf9, 0xff, 0xbc, 0x6d, 0xf9, 0xfe, 0x11, 0x1f, 0xff, 0xbb, 0xff, 0xff, 0xe0,
    0x6e, 0x3f, 0xfe, 0xee, 0x7f, 0xe9, 0xff, 0xf8, 0xf9, 0xfb, 0xfe, 0x11, 0x1f, 0xff, 0xbf, 0xff, 0xff, 0xe0,
    0x7e, 0x7f, 0xff, 0xfc, 0x7f, 0xf9, 0xff, 0xfd, 0xf9, 0xfb, 0xfe, 0x11, 0x0f, 0xff, 0xff, 0xff, 0xff, 0xe0,
    0x6a, 0x7f, 0xff, 0xe8, 0xff, 0xa3, 0xff, 0xe9, 0xd9, 0xfb, 0xfe, 0x11, 0x0f, 0xff, 0xbf, 0xff, 0xff, 0xe0,
    0x7e, 0x7f, 0xff, 0xf8, 0xfb, 0xf3, 0xfd, 0xf3, 0xfb, 0xfb, 0xfe, 0x11, 0x0f, 0xff, 0xbf, 0xff, 0xff, 0xe0,
    0x6c, 0x7f, 0xfb, 0xe9, 0xfb, 0xe3, 0xfd, 0xe7, 0xeb, 0xfd, 0xfe, 0x11, 0x0f, 0xff, 0xbf, 0xff, 0xff, 0xe0,
    0x7c, 0x7f, 0xf7, 0xf9, 0xfb, 0xf3, 0xfb, 0xe7, 0xfb, 0xfc, 0xfe, 0x11, 0x0f, 0xff, 0xff, 0xff, 0xff, 0xe0,
    0x28, 0xff, 0xf7, 0xa1, 0xff, 0xa3, 0xff, 0xa7, 0xe3, 0xfe, 0xea, 0x11, 0x07, 0xff, 0xbf, 0xff, 0xff, 0xe0,
    0x7c, 0xff, 0xff, 0xf3, 0xff, 0xe7, 0xff, 0xef, 0xf3, 0xff, 0x7e, 0x11, 0x0f, 0xff, 0xbf, 0xff, 0xff, 0xe0,
    0x68, 0xff, 0xff, 0xe3, 0xff, 0xe7, 0xff, 0xef, 0xe3, 0xfe, 0x7e, 0x11, 0x0f, 0xff, 0xbf, 0xff, 0xff, 0xe0,
    0x79, 0xff, 0xff, 0xf3, 0xf7, 0xe7, 0xfb, 0xcf, 0xfb, 0xff, 0x7e, 0x11, 0x0f, 0xff, 0xff, 0xff, 0xff, 0xe0,
    0x29, 0xff, 0xef, 0xa3, 0xee, 0x8f, 0xfb, 0x8f, 0xf9, 0xfe, 0x7e, 0x11, 0x0f, 0xfb, 0xff, 0xff, 0xff, 0xe0,
    0x71, 0xff, 0xef, 0xf3, 0xef, 0xcf, 0xf7, 0xcf, 0xfd, 0xfe, 0xbe, 0x11, 0x0f, 0xfb, 0xff, 0xff, 0xff, 0xe0,
    0x63, 0xff, 0xef, 0xe3, 0xfe, 0xcf, 0xff, 0xcf, 0xfa, 0xfc, 0xfe, 0x11, 0x1f, 0xfb, 0xff, 0xff, 0xff, 0xe0,
    0x73, 0xff, 0xff, 0xe3, 0xff, 0xe7, 0xff, 0xcf, 0xfd, 0x7d, 0xfe, 0x11, 0x1f, 0xff, 0xff, 0xff, 0xff, 0xe0,
    0x23, 0xff, 0xff, 0xa3, 0xff, 0xa3, 0xfe, 0x9f, 0xfe, 0x39, 0xfe, 0x11, 0x3f, 0xfb, 0xff, 0xef, 0xff, 0xe0,
    0x73, 0xff, 0xff, 0xe7, 0xfb, 0xfb, 0xf7, 0x9f, 0xff, 0x3d, 0xfe, 0x11, 0x3f, 0xfb, 0xff, 0xff, 0xff, 0xe0,
    0x63, 0xff, 0xee, 0xe7, 0xfe, 0xec, 0xee, 0x9f, 0xfe, 0xb9, 0xfe, 0x11, 0x7f, 0xfb, 0xff, 0xef, 0xff, 0xe0,
    0x73, 0xff, 0xef, 0xe7, 0xff, 0x7e, 0x6f, 0x9f, 0xff, 0x3b, 0xfe, 0x11, 0xff, 0xff, 0xff, 0xef, 0xff, 0xe0,
    0x23, 0xff, 0xde, 0xa7, 0xff, 0xfa, 0x3e, 0x9f, 0xfe, 0x7b, 0xfe, 0x11, 0xff, 0xfb, 0xff, 0xef, 0xff, 0xe0,
    0x71, 0xff, 0xff, 0xe7, 0xff, 0xff, 0x4f, 0x9f, 0xfe, 0xfb, 0xfe, 0x17, 0xff, 0xfb, 0xff, 0xff, 0xf7, 0xe0,
    0x69, 0xff, 0xfe, 0xc7, 0xff, 0xff, 0xa6, 0x9f, 0xf8, 0xfb, 0xfe, 0x1f, 0xff, 0xfb, 0xff, 0xef, 0xef, 0xe0,
    0x78, 0xff, 0xff, 0xcf, 0xff, 0xfb, 0xd3, 0xcf, 0xfd, 0xfd, 0xfe, 0xff, 0xff, 0xff, 0xff, 0xef, 0xdf, 0xe0,
    0x68, 0x7f, 0xde, 0x8f, 0xff, 0xfb, 0xa3, 0x8f, 0xf9, 0xfc, 0xfe, 0xff, 0xff, 0xfb, 0xff, 0xef, 0xef, 0xe0,
    0x7e, 0x7f, 0xbf, 0xcf, 0xff, 0xfb, 0xd1, 0xe7, 0xf9, 0xfc, 0xfe, 0xff, 0xff, 0xfb, 0xff, 0xff, 0xf7, 0xe0,
    0x6e, 0x3f, 0xbe, 0x8f, 0xff, 0xff, 0xa1, 0xe3, 0xf9, 0xfe, 0x7e, 0xff, 0xff, 0xfb, 0xff, 0xef, 0xff, 0xe0,
    0x7f, 0x9f, 0xff, 0x9f, 0xff, 0xff, 0xd1, 0xf9, 0xfb, 0xff, 0x7e, 0xff, 0xff, 0xff, 0xff, 0xef, 0xff, 0xe0,
    0x7e, 0x87, 0xfa, 0x9f, 0xff, 0xff, 0xa7, 0x78, 0xeb, 0xfe, 0x7e, 0xff, 0xff, 0xfb, 0xff, 0xef, 0xff, 0xe0,
    0x7f, 0xe3, 0xff, 0x9f, 0xff, 0xef, 0x4f, 0xb4, 0xfb, 0xff, 0x7e, 0xff, 0xff, 0xfb, 0xff, 0xff, 0xff, 0xe0,
    0x6f, 0xa1, 0x7e, 0x9f, 0xff, 0xde, 0x9f, 0xba, 0x63, 0xfe, 0xfe, 0xff, 0xff, 0xfb, 0xff, 0xef, 0xff, 0xe0,
    0x77, 0xdc, 0x7f, 0x9f, 0xff, 0xbd, 0x3e, 0xdd, 0x73, 0xfd, 0xfe, 0xff, 0xff, 0xff, 0xff, 0xef, 0xff, 0xe0,
    0x7b, 0xea, 0x7a, 0x9f, 0xff, 0xfa, 0x7f, 0xfa, 0x63, 0xf9, 0xfe, 0xff, 0xff, 0xfb, 0xff, 0xff, 0xff, 0xe0,
    0x7f, 0xf7, 0x3f, 0x9f, 0xff, 0xfc, 0xff, 0xfd, 0x33, 0xfd, 0xfe, 0xff, 0xff, 0xfb, 0xff, 0xff, 0xff, 0xe0,
    0x7f, 0xfa, 0x9e, 0x9f, 0xff, 0xec, 0xff, 0xfa, 0x6b, 0xfd, 0xfe, 0xff, 0xff, 0xfb, 0xff, 0xff, 0xff, 0xe0,
    0x7f, 0xfd, 0x47, 0x9f, 0xfd, 0xf9, 0xff, 0xbc, 0x69, 0xf9, 0xfe, 0xff, 0xff, 0xff, 0xff, 0xff, 0xff, 0xe0,
    0x7f, 0xbe, 0xa6, 0x8f, 0xfd, 0xe9, 0xff, 0x78, 0xf8, 0xfb, 0xfe, 0xff, 0xff, 0xff, 0xff, 0xff, 0xff, 0xe0,
    0x7f, 0xdf, 0x53, 0xcf, 0xfd, 0xf9, 0xff, 0x75, 0xfe, 0x7b, 0xfe, 0xff, 0xff, 0xff, 0xff, 0xff, 0xff, 0xe0,
    0x7f, 0xef, 0xa0, 0xe7, 0xff, 0xe3, 0xff, 0xe9, 0xde, 0x7b, 0xfe, 0xff, 0xff, 0xff, 0xff, 0xff, 0xff, 0xe0,
    0x7f, 0xff, 0x51, 0xe7, 0xff, 0xf3, 0xff, 0xf3, 0xff, 0x3b, 0xfe, 0xff, 0xff, 0xff, 0xff, 0xff, 0xff, 0xe0,
    0x7f, 0xff, 0xa8, 0xa3, 0xff, 0xa3, 0xff, 0xa7, 0xfe, 0xb9, 0xfe, 0xff, 0xff, 0xff, 0xff, 0xff, 0xff, 0xe0,
    0x00, 0x00, 0x00, 0x00, 0x00, 0x00, 0x00, 0x00, 0x00, 0x00, 0x00, 0x00, 0x00, 0x00, 0x00, 0x00, 0x00, 0x00,
};

static const lv_img_dsc_t waves30 = {
    .header.cf = LV_IMG_CF_INDEXED_1BIT,
    .header.always_zero = 0,
    .header.reserved = 0,
    .header.w = 140,
    .header.h = 68,
    .data_size = 1232,
    .data = waves30_map,
};

static const LV_ATTRIBUTE_MEM_ALIGN LV_ATTRIBUTE_LARGE_CONST uint8_t waves31_map[] = {
#if CONFIG_NICE_VIEW_WIDGET_INVERTED
    0xff, 0xff, 0xff, 0xff, /*Color of index 0*/
    0x00, 0x00, 0x00, 0xff, /*Color of index 1*/
#else
    0x00, 0x00, 0x00, 0xff, /*Color of index 0*/
    0xff, 0xff, 0xff, 0xff, /*Color of index 1*/
#endif
    0x00, 0x00, 0x00, 0x00, 0x00, 0x00, 0x00, 0x00, 0x00, 0x00, 0x00, 0x00, 0x00, 0x00, 0x00, 0x00, 0x00, 0x00,
    0x7f, 0xef, 0x51, 0xe7, 0xfb, 0xf3, 0xfb, 0xe7, 0xfd, 0x7f, 0x7e, 0xff, 0xff, 0xff, 0xff, 0xff, 0xff, 0xe0,
    0x7f, 0xf7, 0xa8, 0xa3, 0xf7, 0xa7, 0xfb, 0xaf, 0xfe, 0x7e, 0x7e, 0xff, 0xff, 0xff, 0xff, 0xff, 0xff, 0xe0,
    0x7f, 0xff, 0xd0, 0x71, 0xff, 0xe7, 0xff, 0xef, 0xfe, 0xff, 0x7e, 0xff, 0xff, 0xff, 0xfb, 0xff, 0xff, 0xe0,
    0x7f, 0xff, 0xa8, 0x69, 0xff, 0xe7, 0xff, 0xcf, 0xfd, 0xfe, 0x7e, 0xff, 0xff, 0xff, 0xfb, 0xff, 0xff, 0xe0,
    0x7f, 0xff, 0xd0, 0x7c, 0xff, 0xcf, 0xff, 0xcf, 0xfd, 0xfc, 0xfe, 0xff, 0xff, 0xff, 0xff, 0xff, 0xff, 0xe0,
    0x7f, 0xf7, 0xa8, 0x2a, 0x6e, 0x8f, 0xf7, 0x8f, 0xf9, 0xfe, 0xfe, 0xff, 0xff, 0xff, 0xfb, 0xff, 0xff, 0xe0,
    0x7f, 0xef, 0x50, 0x7f, 0x2f, 0xcf, 0xf7, 0xcf, 0xf9, 0xfd, 0xfe, 0xff, 0xff, 0xff, 0xfb, 0xff, 0xff, 0xe0,
    0x7f, 0xef, 0xa1, 0xba, 0x97, 0xe7, 0xf7, 0xcf, 0xf9, 0xfd, 0xfe, 0xff, 0xff, 0xff, 0xfb, 0xff, 0xff, 0xe0,
    0x7f, 0xff, 0x53, 0xbd, 0xcf, 0xf7, 0xff, 0xdf, 0xfb, 0xfd, 0xfe, 0xff, 0xff, 0xff, 0xff, 0xff, 0xff, 0xe0,
    0x7f, 0xfe, 0xa3, 0xfe, 0xa7, 0xa3, 0xfe, 0x9f, 0xeb, 0xf9, 0xfe, 0xff, 0xff, 0xff, 0xbb, 0xff, 0xff, 0xe0,
    0x7f, 0xfd, 0x47, 0xff, 0x43, 0xfc, 0xff, 0x9f, 0xfb, 0xf9, 0xfe, 0xff, 0xff, 0xff, 0xbb, 0xfe, 0xff, 0xe0,
    0x7f, 0x7a, 0x8f, 0xf7, 0xa3, 0x7e, 0x6e, 0x9f, 0xe3, 0xfb, 0xfe, 0xff, 0xff, 0xff, 0xbb, 0xfe, 0xff, 0xe0,
    0x7e, 0xfd, 0x9f, 0xf7, 0xd1, 0xbd, 0x2f, 0x9f, 0xf3, 0xfb, 0xfe, 0xff, 0xff, 0xff, 0xff, 0xfd, 0xff, 0xe0,
    0x7d, 0xea, 0x3f, 0xfb, 0xa9, 0xde, 0x8e, 0x9f, 0xe3, 0xfb, 0xfe, 0xff, 0xff, 0xff, 0xbb, 0xfe, 0xff, 0xe0,
    0x7f, 0xfe, 0x7f, 0xff, 0xd4, 0xff, 0x47, 0x9f, 0xfb, 0xfb, 0xfe, 0xff, 0xff, 0xff, 0xbb, 0xfe, 0xff, 0xe0,
    0x7f, 0xa8, 0xff, 0xff, 0xe8, 0xff, 0xa2, 0xdf, 0xf9, 0xfd, 0xfe, 0xff, 0xff, 0xff, 0xbb, 0xff, 0xff, 0xe0,
    0x7f, 0xf9, 0xff, 0xff, 0xd4, 0x7f, 0xd3, 0xcf, 0xfd, 0xfc, 0xfe, 0xff, 0xff, 0xff, 0xff, 0xff, 0xff, 0xe0,
    0x5e, 0xa3, 0xff, 0xfd, 0xe8, 0x7b, 0xa1, 0xa7, 0xfa, 0xfe, 0x7e, 0xff, 0xff, 0xff, 0xbb, 0xff, 0xff, 0xe0,
    0x5f, 0xe3, 0xff, 0xfd, 0xd4, 0x7b, 0xd1, 0xf3, 0xfd, 0x7f, 0x7e, 0xff, 0xff, 0xff, 0xbb, 0xff, 0xff, 0xe0,
    0x3e, 0xe7, 0xff, 0xfd, 0xe8, 0x3b, 0xa0, 0xe9, 0xfe, 0x3e, 0x7e, 0x1f, 0xff, 0xff, 0xbb, 0xff, 0xff, 0xe0,
    0x7f, 0xcf, 0xff, 0xff, 0xd4, 0x7f, 0x47, 0xfd, 0xff, 0x3f, 0x7e, 0x17, 0xff, 0xff, 0xff, 0xff, 0xff, 0xe0,
    0x7a, 0x8f, 0xff, 0xff, 0xe8, 0xfe, 0x8f, 0xfa, 0xfe, 0xbe, 0xfe, 0x11, 0xff, 0xff, 0xbb, 0xff, 0xff, 0xe0,
    0x7f, 0x9f, 0xff, 0xff, 0xd1, 0xdf, 0x1f, 0x7c, 0x7f, 0x3e, 0xfe, 0x11, 0xff, 0xff, 0xbb, 0xff, 0xff, 0xe0,
    0x7e, 0x9f, 0xff, 0xf7, 0xa1, 0xba, 0x3f, 0xda, 0x7e, 0x7d, 0xfe, 0x11, 0x7f, 0xff, 0xbb, 0xff, 0xff, 0xe0,
    0x7f, 0x1f, 0xff, 0xef, 0x53, 0x7e, 0x7f, 0xdd, 0x7c, 0x7d, 0xfe, 0x11, 0x3f, 0xff, 0xff, 0xff, 0xff, 0xe0,
    0x6a, 0x3f, 0xff, 0xee, 0xa6, 0xe8, 0xff, 0xda, 0x38, 0xf9, 0xfe, 0x11, 0x3f, 0xff, 0xbb, 0xff, 0xff, 0xe0,
    0x7f, 0x3f, 0xff, 0xff, 0x47, 0xfc, 0xff, 0xfc, 0x1d, 0xfd, 0xfe, 0x11, 0x1f, 0xff, 0xbb, 0xff, 0xff, 0xe0,
    0x6e, 0x3f, 0xff, 0xfe, 0x8f, 0xe9, 0xff, 0xfa, 0x79, 0xf9, 0xbe, 0x11, 0x1f, 0xff, 0xbb, 0xff, 0xff, 0xe0,
    0x7e, 0x3f, 0xff, 0xfd, 0x9f, 0xf9, 0xff, 0xf4, 0xf9, 0xfb, 0xee, 0x11, 0x0f, 0xff, 0xff, 0xff, 0xff, 0xe0,
    0x6a, 0x3f, 0xff, 0x7a, 0x1d, 0xe9, 0xff, 0x69, 0xe9, 0xfb, 0xfa, 0x11, 0x0f, 0xff, 0xbf, 0xff, 0xff, 0xe0,
    0x7e, 0x3f, 0xfe, 0xff, 0x3b, 0xf3, 0xfe, 0xf9, 0xfb, 0xfb, 0xfe, 0x11, 0x0f, 0xff, 0xbf, 0xff, 0xff, 0xe0,
    0x6e, 0x3f, 0xfe, 0xea, 0x7b, 0xe3, 0xfe, 0xe3, 0xeb, 0xfb, 0xfe, 0x11, 0x0f, 0xff, 0xbf, 0xff, 0xff, 0xe0,
    0x7e, 0x7f, 0xff, 0xfc, 0x7f, 0xf3, 0xff, 0xf7, 0xfb, 0xfd, 0xfe, 0x11, 0x0f, 0xff, 0xff, 0xff, 0xff, 0xe0,
    0x6a, 0x7f, 0xff, 0xe8, 0xff, 0xa3, 0xff, 0xa7, 0xe3, 0xfe, 0xfe, 0x11, 0x07, 0xff, 0xbf, 0xff, 0xff, 0xe0,
    0x7e, 0x7f, 0xff, 0xf8, 0xff, 0xf3, 0xff, 0xe7, 0xf3, 0xff, 0x7e, 0x11, 0x0f, 0xff, 0xbf, 0xff, 0xff, 0xe0,
    0x6c, 0x7f, 0xfb, 0xe9, 0xf7, 0xe7, 0xfb, 0xef, 0xe3, 0xfe, 0x7e, 0x11, 0x0f, 0xff, 0xbf, 0xff, 0xff, 0xe0,
    0x7c, 0x7f, 0xf7, 0xf9, 0xf7, 0xe7, 0xfb, 0xef, 0xf3, 0xff, 0x7e, 0x11, 0x0f, 0xff, 0xff, 0xff, 0xff, 0xe0,
    0x28, 0xff, 0xf7, 0xa1, 0xf7, 0xa7, 0xfb, 0x8f, 0xeb, 0xfe, 0x7e, 0x11, 0x0f, 0xff, 0xbf, 0xff, 0xff, 0xe0,
    0x7c, 0xff, 0xff, 0xf3, 0xff, 0xcf, 0xff, 0xcf, 0xf9, 0xfe, 0xfe, 0x11, 0x0f, 0xfb, 0xff, 0xff, 0xff, 0xe0,
    0x68, 0xff, 0xff, 0xe3, 0xfe, 0xcf, 0xff, 0xcf, 0xfc, 0xfe, 0xfe, 0x11, 0x1f, 0xfb, 0xff, 0xff, 0xff, 0xe0,
    0x79, 0xff, 0xff, 0xf3, 0xff, 0xcf, 0xff, 0xcf, 0xfc, 0xfd, 0xfe, 0x11, 0x1f, 0xff, 0xff, 0xff, 0xff, 0xe0,
    0x29, 0xff, 0xef, 0xa3, 0xf7, 0xa7, 0xf7, 0x8f, 0xfe, 0x79, 0xfe, 0x11, 0x3f, 0xfb, 0xff, 0xff, 0xff, 0xe0,
    0x71, 0xff, 0xef, 0xf3, 0xf7, 0xf7, 0xf7, 0xdf, 0xff, 0x3d, 0xfe, 0x11, 0x3f, 0xfb, 0xff, 0xff, 0xff, 0xe0,
    0x61, 0xff, 0xef, 0xe3, 0xfb, 0xe3, 0xf6, 0x9f, 0xfe, 0xbd, 0xfe, 0x11, 0x7f, 0xfb, 0xff, 0xef, 0xff, 0xe0,
    0x73, 0xff, 0xff, 0xe3, 0xff, 0xfc, 0xff, 0x9f, 0xff, 0x39, 0xfe, 0x11, 0xff, 0xff, 0xff, 0xef, 0xff, 0xe0,
    0x23, 0xff, 0xff, 0xa3, 0xff, 0xfa, 0x7e, 0x9f, 0xfe, 0x3b, 0xfe, 0x11, 0xff, 0xfb, 0xff, 0xef, 0xff, 0xe0,
    0x73, 0xff, 0xff, 0xe7, 0xff, 0xff, 0x3f, 0x9f, 0xfd, 0x7b, 0xfe, 0x17, 0xff, 0xfb, 0xff, 0xff, 0xff, 0xe0,
    0x63, 0xff, 0xee, 0xe7, 0xff, 0xde, 0x8e, 0x9f, 0xfa, 0xfb, 0xfe, 0x1f, 0xff, 0xfb, 0xff, 0xef, 0xf7, 0xe0,
    0x73, 0xff, 0xef, 0xe7, 0xff, 0xf7, 0x47, 0x9f, 0xfc, 0xfb, 0xfe, 0xff, 0xff, 0xff, 0xff, 0xef, 0xef, 0xe0,
    0x23, 0xff, 0xee, 0xa7, 0xff, 0xfb, 0xa2, 0x9f, 0xf9, 0xf9, 0xfe, 0xff, 0xff, 0xfb, 0xff, 0xef, 0xdf, 0xe0,
    0x71, 0xff, 0xff, 0xe7, 0xff, 0xff, 0xd3, 0xcf, 0xf9, 0xfe, 0xfe, 0xff, 0xff, 0xfb, 0xff, 0xff, 0xef, 0xe0,
    0x69, 0xff, 0xfe, 0xc7, 0xff, 0xff, 0xa1, 0xe7, 0xf9, 0xfe, 0x7e, 0xff, 0xff, 0xfb, 0xff, 0xef, 0xf7, 0xe0,
    0x78, 0xff, 0xff, 0xcf, 0xff, 0xff, 0xd1, 0xf3, 0xf9, 0xff, 0x7e, 0xff, 0xff, 0xff, 0xff, 0xef, 0xff, 0xe0,
    0x28, 0xff, 0xde, 0x8f, 0xff, 0xfb, 0xa0, 0xe9, 0xeb, 0xfe, 0x7e, 0xff, 0xff, 0xfb, 0xff, 0xef, 0xff, 0xe0,
    0x7e, 0x7f, 0xbf, 0xcf, 0xff, 0xf7, 0x47, 0x75, 0xfb, 0xff, 0x7e, 0xff, 0xff, 0xfb, 0xff, 0xff, 0xff, 0xe0,
    0x6e, 0x3f, 0xbe, 0xcf, 0xff, 0xee, 0x8f, 0xba, 0xeb, 0xfe, 0xfe, 0xff, 0xff, 0xfb, 0xff, 0xef, 0xff, 0xe0,
    0x7f, 0x9f, 0xff, 0x9f, 0xff, 0xfd, 0x9f, 0x7c, 0x73, 0xfe, 0xfe, 0xff, 0xff, 0xff, 0xff, 0xef, 0xff, 0xe0,
    0x7a, 0x8f, 0xfa, 0x9f, 0xff, 0xfa, 0x3f, 0xfa, 0x63, 0xf9, 0xfe, 0xff, 0xff, 0xfb, 0xff, 0xef, 0xff, 0xe0,
    0x7f, 0xe7, 0xff, 0x9f, 0xff, 0xfe, 0x7f, 0xfd, 0x73, 0xfd, 0xfe, 0xff, 0xff, 0xfb, 0xff, 0xff, 0xff, 0xe0,
    0x6f, 0xa1, 0x7e, 0x9f, 0xfe, 0xec, 0xff, 0xda, 0x23, 0xfd, 0xfe, 0xff, 0xff, 0xfb, 0xff, 0xff, 0xff, 0xe0,
    0x77, 0xf8, 0x7f, 0x9f, 0xfe, 0xfc, 0xff, 0xdc, 0x1b, 0xfd, 0xfe, 0xff, 0xff, 0xff, 0xff, 0xff, 0xff, 0xe0,
    0x7b, 0xea, 0x7a, 0x9f, 0xfd, 0xe9, 0xff, 0xba, 0x79, 0xf9, 0xfe, 0xff, 0xff, 0xfb, 0xff, 0xff, 0xff, 0xe0,
    0x7f, 0xf7, 0x3f, 0x9f, 0xff, 0xf9, 0xff, 0xf4, 0xfc, 0xfb, 0xfe, 0xff, 0xff, 0xff, 0xff, 0xff, 0xff, 0xe0,
    0x7f, 0xfa, 0x9e, 0x9f, 0xff, 0xe9, 0xff, 0xe9, 0xee, 0x7b, 0xfe, 0xff, 0xff, 0xff, 0xff, 0xff, 0xff, 0xe0,
    0x7f, 0xfd, 0x4f, 0x9f, 0xff, 0xf3, 0xff, 0xf9, 0xff, 0x3b, 0xfe, 0xff, 0xff, 0xff, 0xff, 0xff, 0xff, 0xe0,
    0x7f, 0xbe, 0xa6, 0x8f, 0xfb, 0xa3, 0xfe, 0xe3, 0xfe, 0xbb, 0xfe, 0xff, 0xff, 0xff, 0xff, 0xff, 0xff, 0xe0,
    0x00, 0x00, 0x00, 0x00, 0x00, 0x00, 0x00, 0x00, 0x00, 0x00, 0x00, 0x00, 0x00, 0x00, 0x00, 0x00, 0x00, 0x00,
};

static const lv_img_dsc_t waves31 = {
    .header.cf = LV_IMG_CF_INDEXED_1BIT,
    .header.always_zero = 0,
    .header.reserved = 0,
    .header.w = 140,
    .header.h = 68,
    .data_size = 1232,
    .data = waves31_map,
};

static const LV_ATTRIBUTE_MEM_ALIGN LV_ATTRIBUTE_LARGE_CONST uint8_t waves32_map[] = {
#if CONFIG_NICE_VIEW_WIDGET_INVERTED
    0xff, 0xff, 0xff, 0xff, /*Color of index 0*/
    0x00, 0x00, 0x00, 0xff, /*Color of index 1*/
#else
    0x00, 0x00, 0x00, 0xff, /*Color of index 0*/
    0xff, 0xff, 0xff, 0xff, /*Color of index 1*/
#endif
    0x00, 0x00, 0x00, 0x00, 0x00, 0x00, 0x00, 0x00, 0x00, 0x00, 0x00, 0x00, 0x00, 0x00, 0x00, 0x00, 0x00, 0x00,
    0x7f, 0xfd, 0xcf, 0x9f, 0xfb, 0xf3, 0xfb, 0xe7, 0xff, 0x3c, 0xfe, 0xff, 0xff, 0xff, 0xff, 0xff, 0xff, 0xe0,
    0x7f, 0xfe, 0xa6, 0x8f, 0xff, 0xa3, 0xff, 0xa7, 0xfe, 0x7e, 0x7e, 0xff, 0xff, 0xff, 0xff, 0xff, 0xff, 0xe0,
    0x7f, 0xff, 0x43, 0xcf, 0xff, 0xe7, 0xff, 0xef, 0xfe, 0x7f, 0x7e, 0xff, 0xff, 0xff, 0xff, 0xff, 0xff, 0xe0,
    0x7f, 0xef, 0xa0, 0xc7, 0xff, 0xe7, 0xff, 0xef, 0xf8, 0xfe, 0x7e, 0xff, 0xff, 0xff, 0xfb, 0xff, 0xff, 0xe0,
    0x7f, 0xef, 0x51, 0xe7, 0xf7, 0xe7, 0xfb, 0xcf, 0xfd, 0xff, 0x7e, 0xff, 0xff, 0xff, 0xff, 0xff, 0xff, 0xe0,
    0x7f, 0xf7, 0xa8, 0xa3, 0xee, 0x8f, 0xfb, 0x8f, 0xf9, 0xfe, 0xfe, 0xff, 0xff, 0xff, 0xfb, 0xff, 0xff, 0xe0,
    0x7f, 0xff, 0xd0, 0x73, 0xef, 0xcf, 0xf7, 0xcf, 0xf9, 0xfc, 0xfe, 0xff, 0xff, 0xff, 0xfb, 0xff, 0xff, 0xe0,
    0x7f, 0xff, 0xa8, 0x69, 0xfe, 0xcf, 0xff, 0xcf, 0xf9, 0xfd, 0xfe, 0xff, 0xff, 0xff, 0xfb, 0xff, 0xff, 0xe0,
    0x7f, 0xff, 0xd0, 0x7c, 0xff, 0xe7, 0xff, 0xcf, 0xfb, 0xfd, 0xfe, 0xff, 0xff, 0xff, 0xff, 0xff, 0xff, 0xe0,
    0x7f, 0xf7, 0xa8, 0x6a, 0x7f, 0xa7, 0xfe, 0x9f, 0xeb, 0xf9, 0xfe, 0xff, 0xff, 0xff, 0xbb, 0xff, 0xff, 0xe0,
    0x7f, 0xef, 0x50, 0x7f, 0x3b, 0xf3, 0xf7, 0x9f, 0xfb, 0xf9, 0xfe, 0xff, 0xff, 0xff, 0xbb, 0xff, 0xff, 0xe0,
    0x7f, 0xef, 0xa8, 0x3a, 0x9d, 0xed, 0xee, 0x9f, 0xeb, 0xfb, 0xfe, 0xff, 0xff, 0xff, 0xbb, 0xfe, 0xff, 0xe0,
    0x7f, 0xff, 0x53, 0xfd, 0x8f, 0x7e, 0x6f, 0x9f, 0xf3, 0xfb, 0xfe, 0xff, 0xff, 0xff, 0xff, 0xfe, 0xff, 0xe0,
    0x7f, 0xfe, 0xa3, 0xfe, 0x87, 0xfa, 0x3e, 0x9f, 0xe3, 0xfb, 0xfe, 0xff, 0xff, 0xff, 0xbb, 0xfd, 0xff, 0xe0,
    0x7f, 0xfd, 0x47, 0xbf, 0x47, 0xfd, 0x1f, 0x9f, 0xf3, 0xfb, 0xfe, 0xff, 0xff, 0xff, 0xbb, 0xfe, 0xff, 0xe0,
    0x7f, 0x7a, 0x8f, 0xf7, 0xa3, 0xff, 0xa6, 0x9f, 0xeb, 0xfd, 0xfe, 0xff, 0xff, 0xff, 0xbb, 0xfe, 0xff, 0xe0,
    0x7e, 0xfd, 0x9f, 0xf7, 0xd1, 0xfb, 0xd3, 0xdf, 0xf9, 0xfc, 0xfe, 0xff, 0xff, 0xff, 0xff, 0xff, 0xff, 0xe0,
    0x7d, 0xea, 0x3f, 0xfb, 0xa9, 0xfb, 0xa3, 0x8f, 0xf8, 0xfe, 0xfe, 0xff, 0xff, 0xff, 0xbb, 0xff, 0xff, 0xe0,
    0x7f, 0xf6, 0x7f, 0xff, 0xd4, 0xfb, 0xd3, 0xe7, 0xfe, 0xff, 0x7e, 0xff, 0xff, 0xff, 0xbb, 0xff, 0xff, 0xe0,
    0x7f, 0xa8, 0xff, 0xff, 0xe8, 0xff, 0xa1, 0xe3, 0xfe, 0x7e, 0x7e, 0x1f, 0xff, 0xff, 0xbb, 0xff, 0xff, 0xe0,
    0x7f, 0xf8, 0xff, 0xff, 0xd4, 0xff, 0xd1, 0xf9, 0xff, 0x3f, 0x7e, 0x17, 0xff, 0xff, 0xff, 0xff, 0xff, 0xe0,
    0x6f, 0xa1, 0xff, 0xfd, 0xe8, 0x7f, 0xa7, 0xe9, 0xfe, 0xbe, 0x7e, 0x11, 0xff, 0xff, 0xbb, 0xff, 0xff, 0xe0,
    0x5f, 0xe3, 0xff, 0xfd, 0xd4, 0x6f, 0x4f, 0x34, 0xff, 0x3e, 0xfe, 0x11, 0xff, 0xff, 0xbb, 0xff, 0xff, 0xe0,
    0x3e, 0xe7, 0xff, 0xfd, 0xe8, 0x5e, 0x9f, 0xba, 0x7e, 0x3c, 0xfe, 0x11, 0x7f, 0xff, 0xbb, 0xff, 0xff, 0xe0,
    0x7f, 0xc7, 0xff, 0xff, 0xd4, 0x3d, 0x3f, 0xdd, 0x7d, 0x7d, 0xfe, 0x11, 0x3f, 0xff, 0xff, 0xff, 0xff, 0xe0,
    0x7a, 0x8f, 0xff, 0xff, 0xe8, 0xda, 0x7e, 0xfa, 0x7a, 0xf9, 0xfe, 0x11, 0x3f, 0xff, 0xbb, 0xff, 0xff, 0xe0,
    0x7f, 0x9f, 0xff, 0xff, 0xd1, 0xfc, 0xff, 0xfd, 0x3c, 0xfd, 0xfe, 0x11, 0x1f, 0xff, 0xbb, 0xff, 0xff, 0xe0,
    0x7e, 0x9f, 0xff, 0xf7, 0xa1, 0xec, 0xff, 0xfa, 0x3d, 0xf9, 0xfe, 0x11, 0x1f, 0xff, 0xbb, 0xff, 0xff, 0xe0,
    0x7f, 0x1f, 0xff, 0xf7, 0x51, 0xb9, 0xff, 0xbc, 0x79, 0xfb, 0xfe, 0x11, 0x0f, 0xff, 0xff, 0xff, 0xff, 0xe0,
    0x6a, 0x3f, 0xff, 0xee, 0xa5, 0xe9, 0xff, 0xb8, 0xe9, 0xfb, 0xfe, 0x11, 0x0f, 0xff, 0xbf, 0xff, 0xff, 0xe0,
    0x7f, 0x3f, 0xff, 0xff, 0x45, 0xf9, 0xff, 0x75, 0xf9, 0xfb, 0xfe, 0x11, 0x0f, 0xff, 0xbf, 0xff, 0xff, 0xe0,
    0x6e, 0x3f, 0xff, 0xfe, 0x8f, 0xe3, 0xff, 0xe9, 0xeb, 0xfb, 0xfa, 0x11, 0x0f, 0xff, 0xbf, 0xff, 0xff, 0xe0,
    0x7e, 0x3f, 0xff, 0xfd, 0x9f, 0xf3, 0xff, 0xf3, 0xdb, 0xfd, 0xfe, 0x11, 0x0f, 0xff, 0xff, 0xff, 0xff, 0xe0,
    0x6a, 0x3f, 0xff, 0x7a, 0x9f, 0xa3, 0xff, 0xa7, 0xeb, 0xfc, 0xfe, 0x11, 0x07, 0xff, 0xbf, 0xff, 0xff, 0xe0,
    0x7e, 0x3f, 0xff, 0x7f, 0x3b, 0xf3, 0xfb, 0xe7, 0xf3, 0xfe, 0xfe, 0x11, 0x0f, 0xff, 0xbf, 0xff, 0xff, 0xe0,
    0x6e, 0x3f, 0xfe, 0xea, 0x7b, 0xe3, 0xfb, 0xe7, 0xe3, 0xfe, 0x6e, 0x11, 0x0f, 0xff, 0xbf, 0xff, 0xff, 0xe0,
    0x7e, 0x7f, 0xff, 0xfe, 0x77, 0xe7, 0xfb, 0xef, 0xf3, 0xff, 0x3e, 0x11, 0x0f, 0xff, 0xff, 0xff, 0xff, 0xe0,
    0x6a, 0x7f, 0xff, 0xe8, 0xff, 0xa7, 0xff, 0xaf, 0xe3, 0xfe, 0x7e, 0x11, 0x0f, 0xff, 0xbf, 0xff, 0xff, 0xe0,
    0x7e, 0x7f, 0xff, 0xfc, 0xff, 0xe7, 0xff, 0xcf, 0xfb, 0xff, 0x7e, 0x11, 0x0f, 0xff, 0xbf, 0xff, 0xff, 0xe0,
    0x6c, 0x7f, 0xfb, 0xe9, 0xfe, 0xcf, 0xff, 0xcf, 0xfd, 0xfe, 0xfe, 0x11, 0x1f, 0xfb, 0xff, 0xff, 0xff, 0xe0,
    0x7c, 0x7f, 0xfb, 0xf9, 0xef, 0xcf, 0xf7, 0xcf, 0xfc, 0xfc, 0xfe, 0x11, 0x1f, 0xff, 0xff, 0xff, 0xff, 0xe0,
    0x28, 0xff, 0xf7, 0xa1, 0xee, 0x8f, 0xf7, 0x8f, 0xfe, 0x79, 0xfe, 0x11, 0x3f, 0xfb, 0xff, 0xff, 0xff, 0xe0,
    0x7c, 0xff, 0xff, 0xf3, 0xf7, 0xe7, 0xf7, 0xcf, 0xfd, 0x7d, 0xfe, 0x11, 0x3f, 0xfb, 0xff, 0xff, 0xff, 0xe0,
    0x68, 0xff, 0xff, 0xe3, 0xff, 0xe7, 0xfe, 0xdf, 0xfe, 0xbd, 0xfe, 0x11, 0x7f, 0xfb, 0xff, 0xef, 0xff, 0xe0,
    0x78, 0xff, 0xff, 0xf3, 0xff, 0xf3, 0xff, 0x9f, 0xff, 0x39, 0xfe, 0x11, 0xff, 0xff, 0xff, 0xef, 0xff, 0xe0,
    0x29, 0xff, 0xef, 0xa3, 0xff, 0xe9, 0xfe, 0x9f, 0xfe, 0x3b, 0xfe, 0x11, 0xff, 0xfb, 0xff, 0xef, 0xff, 0xe0,
    0x71, 0xff, 0xef, 0xf3, 0xff, 0x7e, 0x6f, 0x9f, 0xfd, 0x7b, 0xfe, 0x17, 0xff, 0xfb, 0xff, 0xff, 0xff, 0xe0,
    0x61, 0xff, 0xef, 0xe3, 0xff, 0xba, 0x2e, 0x9f, 0xfe, 0x7b, 0xfe, 0x1f, 0xff, 0xfb, 0xff, 0xef, 0xff, 0xe0,
    0x73, 0xff, 0xff, 0xe3, 0xff, 0xdd, 0x8f, 0x9f, 0xfc, 0xfb, 0xfe, 0xff, 0xff, 0xff, 0xff, 0xef, 0xf7, 0xe0,
    0x23, 0xff, 0xff, 0xa3, 0xff, 0xff, 0xa6, 0x9f, 0xf9, 0xf9, 0xfe, 0xff, 0xff, 0xfb, 0xff, 0xef, 0xef, 0xe0,
    0x73, 0xff, 0xff, 0xe7, 0xff, 0xff, 0xd3, 0xdf, 0xfd, 0xfc, 0xfe, 0xff, 0xff, 0xfb, 0xff, 0xff, 0xdf, 0xe0,
    0x63, 0xff, 0xee, 0xe7, 0xff, 0xff, 0xa3, 0xcf, 0xf9, 0xfe, 0xfe, 0xff, 0xff, 0xfb, 0xff, 0xef, 0xef, 0xe0,
    0x73, 0xff, 0xef, 0xe7, 0xff, 0xfb, 0xd3, 0xe7, 0xf9, 0xff, 0x7e, 0xff, 0xff, 0xff, 0xff, 0xef, 0xf7, 0xe0,
    0x23, 0xff, 0xee, 0xa7, 0xff, 0xfb, 0xa1, 0xe3, 0xf9, 0xfe, 0x7e, 0xff, 0xff, 0xfb, 0xff, 0xef, 0xff, 0xe0,
    0x71, 0xff, 0xff, 0xe7, 0xff, 0xfb, 0xd0, 0xf9, 0xfb, 0xff, 0x7e, 0xff, 0xff, 0xfb, 0xff, 0xff, 0xff, 0xe0,
    0x69, 0xff, 0xfe, 0xe7, 0xff, 0xff, 0xa7, 0xe9, 0xeb, 0xfe, 0x7e, 0xff, 0xff, 0xfb, 0xff, 0xef, 0xff, 0xe0,
    0x78, 0xff, 0xff, 0xcf, 0xff, 0xff, 0x4f, 0x74, 0xfb, 0xfc, 0xfe, 0xff, 0xff, 0xff, 0xff, 0xef, 0xff, 0xe0,
    0x28, 0xff, 0xde, 0x8f, 0xff, 0xfe, 0x9f, 0xfa, 0x63, 0xfc, 0xfe, 0xff, 0xff, 0xfb, 0xff, 0xef, 0xff, 0xe0,
    0x7e, 0x7f, 0xdf, 0xcf, 0xff, 0xbf, 0x3f, 0xdd, 0x73, 0xfd, 0xfe, 0xff, 0xff, 0xfb, 0xff, 0xff, 0xff, 0xe0,
    0x6e, 0x3f, 0xbe, 0xcf, 0xff, 0x7a, 0x7e, 0xda, 0x63, 0xfd, 0xfe, 0xff, 0xff, 0xfb, 0xff, 0xff, 0xff, 0xe0,
    0x7f, 0x1f, 0xff, 0x8f, 0xfe, 0xfc, 0xff, 0xdd, 0x3b, 0xfd, 0xfe, 0xff, 0xff, 0xff, 0xff, 0xff, 0xff, 0xe0,
    0x7a, 0x8f, 0xfa, 0x9f, 0xff, 0xe8, 0xff, 0xfa, 0x39, 0xf9, 0xfe, 0xff, 0xff, 0xfb, 0xff, 0xff, 0xff, 0xe0,
    0x7f, 0xe7, 0xff, 0x9f, 0xff, 0xf9, 0xff, 0xfc, 0x7d, 0xfb, 0xfe, 0xff, 0xff, 0xfb, 0xff, 0xff, 0xff, 0xe0,
    0x5e, 0xe3, 0xbe, 0x9f, 0xff, 0xe9, 0xff, 0xf8, 0xea, 0xfb, 0xfe, 0xff, 0xff, 0xff, 0xff, 0xff, 0xff, 0xe0,
    0x6f, 0xf9, 0x7f, 0x9f, 0xfd, 0xf9, 0xff, 0x7d, 0xfd, 0x7b, 0xfe, 0xff, 0xff, 0xff, 0xff, 0xff, 0xff, 0xe0,
    0x7b, 0xe8, 0x7a, 0x9f, 0xfb, 0xa3, 0xfe, 0xe9, 0xfe, 0x3b, 0xfe, 0xff, 0xff, 0xff, 0xff, 0xff, 0xff, 0xe0,
    0x00, 0x00, 0x00, 0x00, 0x00, 0x00, 0x00, 0x00, 0x00, 0x00, 0x00, 0x00, 0x00, 0x00, 0x00, 0x00, 0x00, 0x00,
};

static const lv_img_dsc_t waves32 = {
    .header.cf = LV_IMG_CF_INDEXED_1BIT,
    .header.always_zero = 0,
    .header.reserved = 0,
    .header.w = 140,
    .header.h = 68,
    .data_size = 1232,
    .data = waves32_map,
};

/* Pointer table lives in flash too (const pointers to const descriptors). */
const lv_img_dsc_t *const waves_imgs[WAVES_FRAME_COUNT] = {
    &waves1,
    &waves2,
    &waves3,
    &waves4,
    &waves5,
    &waves6,
    &waves7,
    &waves8,
    &waves9,
    &waves10,
    &waves11,
    &waves12,
    &waves13,
    &waves14,
    &waves15,
    &waves16,
    &waves17,
    &waves18,
    &waves19,
    &waves20,
    &waves21,
    &waves22,
    &waves23,
    &waves24,
    &waves25,
    &waves26,
    &waves27,
    &waves28,
    &waves29,
    &waves30,
    &waves31,
    &waves32,
};
